year,ff201a,ff201b,ff202a,ff202b,ff203a,ff203b,ff204a,ff204b,ff205a,ff205b,ff207a,ff207b,ff208a,ff208b,ff209a,ff209b,ff210a,ff210b,ff211a,ff211b,ff212a,ff212b,ff213a,ff213b,ff214a,ff214b,ff216a,ff216b,ff217a,ff217b,ff218a,ff218b,ff220a,ff220b,ff221a,ff221b,ff222a,ff222b,ff223a,ff223b,ff224a,ff224b,ff225a,ff225b,ff228a,ff228b,ff229a,ff229b,ff230a,ff230b,ff251a,ff252a,ff252b,ff253a,ff253c,ff254a,ff254b,ff255a,ff255b,ff256a,ff256b,ff257b,ff257c,ff258a,ff258b,ff259a,ff259b,ff260b,ff260c,ff263a,ff263b
877,,,,,,,,,,,,,,,,,,,,,,,,,,,,,,,,,,,,,,,,,,,,,,,,,,,,,,,,,,,,,,,,,,0.7344143740672712,,,,,
878,,,,,,,,,,,,,,,,,,,,,,,,,,,,,,,,,,,,,,,,,,,,,,,,,,,,,,,,,,,,,,,,,,0.8093839066558961,,,,,
879,,,,,,,,,,,,,,,,,,,,,,,,,,,,,,,,,,,,,,,,,,,,,,,,,,,,,,,,,,,,,,,,,,0.7755854189665604,,,,,
880,,,,,,,,,,,,,,,,,,,,,,,,,,,,,,,,,,,,,,,,,,,,,,,,,,,,,,,,,,,,,,,,,,0.8052809712501585,,,,,
881,,,,,,,,,,,,,,,,,,,,,,,,,,,,,,,,,,,,,,,,,,,,,,,,,,,,,,,,,,,,,,,,,,0.7939608427815127,,,,,
882,,,,,,,,,,,,,,,,,,,,,,,,,,,,,,,,,,,,,,,,,,,,,,,,,,,,,,,,,,,,,,,,,,1.0481587163023245,,,,,
883,,,,,,,,,,,,,,,,,,,,,,,,,,,,,,,,,,,,,,,,,,,,,,,,,,,,,,,,,,,,,,,,,,0.5812975484768244,,,,,
884,,,,,,,,,,,,,,,,,,,,,,,,,,,,,,,,,,,,,,,,,,,,,,,,,,,,,,,,,,,,,,,,,,0.8246863651765256,,,,,
885,,,,,,,,,,,,,,,,,,,,,,,,,,,,,,,,,,,,,,,,,,,,,,,,,,,,,,,,,,,,,,,,,,0.5646222195057156,,,,,
886,,,,,,,,,,,,,,,,,,,,,,,,,,,,,,,,,,,,,,,,,,,,,,,,,,,,,,,,,,,,,,,,,,0.5623511721998541,,,,,
887,,,,,,,,,,,,,,,,,,,,,,,,,,,,,,,,,,,,,,,,,,,,,,,,,,,,,,,,,,,,,,,,,,0.7210694484350555,,,,,
888,,,,,,,,,,,,,,,,,,,,,,,,,,,,,,,,,,,,,,,,,,,,,,,,,,,,,,,,,,,,,,,,,,0.7764741511193832,,,,,
889,,,,,,,,,,,,,,,,,,,,,,,,,,,,,,,,,,,,,,,,,,,,,,,,,,,,,,,,,,,,,,,,,,0.670969092463221,,,,,
890,,,,,,,,,,,,,,,,,,,,,,,,,,,,,,,,,,,,,,,,,,,,,,,,,,,,,,,,,,,,,,,,,,0.7014525603174342,,,,,
891,,,,,,,,,,,,,,,,,,,,,,,,,,,,,,,,,,,,,,,,,,,,,,,,,,,,,,,,,,,,,,,,,,0.8026626848928936,,,,,
892,,,,,,,,,,,,,,,,,,,,,,,,,,,,,,,,,,,,,,,,,,,,,,,,,,,,,,,,,,,,,,,,,,0.3649612763537963,,,,,
893,,,,,,,,,,,,,,,,,,,,,,,,,,,,,,,,,,,,,,,,,,,,,,,,,,,,,,,,,,,,,,,,,,0.4493045181155168,,,,,
894,,,,,,,,,,,,,,,,,,,,,,,,,,,,,,,,,,,,,,,,,,,,,,,,,,,,,,,,,,,,,,,,,,0.5009824331126894,,,,,
895,,,,,,,,,,,,,,,,,,,,,,,,,,,,,,,,,,,,,,,,,,,,,,,,,,,,,,,,,,,,,,,,,,0.5911941196098052,,,,,
896,,,,,,,,,,,,,,,,,,,,,,,,,,,,,,,,,,,,,,,,,,,,,,,,,,,,,,,,,,,,,,,,,,0.33103148399911847,,,,,
897,,,,,,,,,,,,,,,,,,,,,,,,,,,,,,,,,,,,,,,,,,,,,,,,,,,,,,,,,,,,,,,,,,0.3736539651413203,,,,,
898,,,,,,,,,,,,,,,,,,,,,,,,,,,,,,,,,,,,,,,,,,,,,,,,,,,,,,,,,,,,,,,,,,0.5647432785654657,,,,,
899,,,,,,,,,,,,,,,,,,,,,,,,,,,,,,,,,,,,,,,,,,,,,,,,,,,,,,,,,,,,,,,,,,0.733262712684205,,,,,
900,,,,,,,,,,,,,,,,,,,,,,,,,,,,,,,,,,,,,,,,,,,,,,,,,,,,,,,,,,,,,,,,,,0.6116957058335464,,,,,
901,,,,,,,,,,,,,,,,,,,,,,,,,,,,,,,,,,,,,,,,,,,,,,,,,,,,,,,,,,,,,,,,,,0.5665340444871226,,,,,
902,,,,,,,,,,,,,,,,,,,,,,,,,,,,,,,,,,,,,,,,,,,,,,,,,,,,,,,,,,,,,,,,,,0.6897246522840895,,,,,
903,,,,,,,,,,,,,,,,,,,,,,,,,,,,,,,,,,,,,,,,,,,,,,,,,,,,,,,,,,,,,,,,,,0.740254610103205,,,,,
904,,,,,,,,,,,,,,,,,,,,,,,,,,,,,,,,,,,,,,,,,,,,,,,,,,,,,,,,,,,,,,,,,,0.9715303463405864,,,,,
905,,,,,,,,,,,,,,,,,,,,,,,,,,,,,,,,,,,,,,,,,,,,,,,,,,,,,,,,,,,,,,,,,,0.8705514565076731,,,,,
906,,,,,,,,,,,,,,,,,,,,,,,,,,,,,,,,,,,,,,,,,,,,,,,,,,,,,,,,,,,,,,,,,,0.8330020327104958,,,,,
907,,,,,,,,,,,,,,,,,,,,,,,,,,,,,,,,,,,,,,,,,,,,,,,,,,,,,,,,,,,,,,,,,,0.40267290378591464,,,,,
908,,,,,,,,,,,,,,,,,,,,,,,,,,,,,,,,,,,,,,,,,,,,,,,,,,,,,,,,,,,,,,,,,,0.6219079126729872,,,,,
909,,,,,,,,,,,,,,,,,,,,,,,,,,,,,,,,,,,,,,,,,,,,,,,,,,,,,,,,,,,,,,,,,,0.6084169522563276,,,,,
910,,,,,,,,,,,,,,,,,,,,,,,,,,,,,,,,,,,,,,,,,,,,,,,,,,,,,,,,,,,,,,,,,,0.4027926883992524,,,,,
911,,,,,,,,,,,,,,,,,,,,,,,,,,,,,,,,,,,,,,,,,,,,,,,,,,,,,,,,,,,,,,,,,,0.4899118680726242,,,,,
912,,,,,,,,,,,,,,,,,,,,,,,,,,,,,,,,,,,,,,,,,,,,,,,,,,,,,,,,,,,,,,,,,,0.839682289793574,,,,,
913,,,,,,,,,,,,,,,,,,,,,,,,,,,,,,,,,,,,,,,,,,,,,,,,,,,,,,,,,,,,,,,,,,0.45308769197800536,,,,,
914,,,,,,,,,,,,,,,,,,,,,,,,,,,,,,,,,,,,,,,,,,,,,,,,,,,,,,,,,,,,,,,,,,0.3871000752980893,,,,,
915,,,,,,,,,,,,,,,,,,,,,,,,,,,,,,,,,,,,,,,,,,,,,,,,,,,,,,,,,,,,,,,,,,0.5642395473186802,,,,,
916,,,,,,,,,,,,,,,,,,,,,,,,,,,,,,,,,,,,,,,,,,,,,,,,,,,,,,,,,,,,,,,,,,0.7218963551902109,,,,,
917,,,,,,,,,,,,,,,,,,,,,,,,,,,,,,,,,,,,,,,,,,,,,,,,,,,,,,,,,,,,,,,,,,0.7230215051984722,,,,,
918,,,,,,,,,,,,,,,,,,,,,,,,,,,,,,,,,,,,,,,,,,,,,,,,,,,,,,,,,,,,,,,,,,0.9749651085977279,,,,,
919,,,,,,,,,,,,,,,,,,,,,,,,,,,,,,,,,,,,,,,,,,,,,,,,,,,,,,,,,,,,,,,,,,0.9644589637798308,,,,,
920,,,,,,,,,,,,,,,,,,,,,,,,,,,,,,,,,,,,,,,,,,,,,,,,,,,,,,,,,,,,,,,,,,0.8234214873977735,,,,,
921,,,,,,,,,,,,,,,,,,,,,,,,,,,,,,,,,,,,,,,,,,,,,,,,,,,,,,,,,,,,,,,,,,0.7525759537621101,,,,,
922,,,,,,,,,,,,,,,,,,,,,,,,,,,,,,,,,,,,,,,,,,,,,,,,,,,,,,,,,,,,,,,,,,0.870537585808867,,,,,
923,,,,,,,,,,,,,,,,,,,,,,,,,,,,,,,,,,,,,,,,,,,,,,,,,,,,,,,,,,,,,,,,,,0.8293796105707273,,,,,
924,,,,,,,,,,,,,,,,,,,,,,,,,,,,,,,,,,,,,,,,,,,,,,,,,,,,,,,,,,,,,,,,,,0.6979668702668089,,,,,
925,,,,,,,,,,,,,,,,,,,,,,,,,,,,,,,,,,,,,,,,,,,,,,,,,,,,,,,,,,,,,,,,,,0.5805863901013821,,,,,
926,,,,,,,,,,,,,,,,,,,,,,,,,,,,,,,,,,,,,,,,,,,,,,,,,,,,,,,,,,,,,,,,,,0.9574821449423183,,,,,
927,,,,,,,,,,,,,,,,,,,,,,,,,,,,,,,,,,,,,,,,,,,,,,,,,,,,,,,,,,,,,,,,,,0.8648972504253599,,,,,
928,,,,,,,,,,,,,,,,,,,,,,,,,,,,,,,,,,,,,,,,,,,,,,,,,,,,,,,,,,,,,,,,,,1.0837702601509365,,,,,
929,,,,,,,,,,,,,,,,,,,,,,,,,,,,,,,,,,,,,,,,,,,,,,,,,,,,,,,,,,,,,,,,,,0.9568435195030183,,,,,
930,,,,,,,,,,,,,,,,,,,,,,,,,,,,,,,,,,,,,,,,,,,,,,,,,,,,,,,,,,,,,,,,,,0.6220905622728647,,,,,
931,,,,,,,,,,,,,,,,,,,,,,,,,,,,,,,,,,,,,,,,,,,,,,,,,,,,,,,,,,,,,,,,,,0.6770388069016248,,,,,
932,,,,,,,,,,,,,,,,,,,,,,,,,,,,,,,,,,,,,,,,,,,,,,,,,,,,,,,,,,,,,,,,,,0.9694863828233472,,,,,
933,,,,,,,,,,,,,,,,,,,,,,,,,,,,,,,,,,,,,,,,,,,,,,,,,,,,,,,,,,,,,,,,,,0.8872858499823488,,,,,
934,,,,,,,,,,,,,,,,,,,,,,,,,,,,,,,,,,,,,,,,,,,,,,,,,,,,,,,,,,,,,,,,,,0.9470095105677517,,,,,
935,,,,,,,,,,,,,,,,,,,,,,,,,,,,,,,,,,,,,,,,,,,,,,,,,,,,,,,,,,,,,,,,,,0.8763820253470147,,,,,
936,,,,,,,,,,,,,,,,,,,,,,,,,,,,,,,,,,,,,,,,,,,,,,,,,,,,,,,,,,,,,,,,,,0.7686496249664899,,,,,
937,,,,,,,,,,,,,,,,,,,,,,,,,,,,,,,,,,,,,,,,,,,,,,,,,,,,,,,,,,,,,,,,,,1.0308240920454177,,,,,
938,,,,,,,,,,,,,,,,,,,,,,,,,,,,,,,,,,,,,,,,,,,,,,,,,,,,,,,,,,,,,,,,,,1.0742925806690722,,,,,
939,,,,,,,,,,,,,,,,,,,,,,,,,,,,,,,,,,,,,,,,,,,,,,,,,,,,,,,,,,,,,,,,,,1.2305203380252718,,,,,
940,,,,,,,,,,,,,,,,,,,,,,,,,,,,,,,,,,,,,,,,,,,,,,,,,,,,,,,,,,,,,,,,,,0.9069002836980626,,,,,
941,,,,,,,,,,,,,,,,,,,,,,,,,,,,,,,,,,,,,,,,,,,,,,,,,,,,,,,,,,,,,,,,,,0.7710366653601588,,,,,
942,,,,,,,,,,,,,,,,,,,,,,,,,,,,,,,,,,,,,,,,,,,,,,,,,,,,,,,,,,,,,,,,,,0.712603995812224,,,,,
943,,,,,,,,,,,,,,,,,,,,,,,,,,,,,,,,,,,,,,,,,,,,,,,,,,,,,,,,,,,,,,,,,,1.0963952541596516,,,,,
944,,,,,,,,,,,,,,,,,,,,,,,,,,,,,,,,,,,,,,,,,,,,,,,,,,,,,,,,,,,,,,,,,,0.6214086620566515,,,,,
945,,,,,,,,,,,,,,,,,,,,,,,,,,,,,,,,,,,,,,,,,,,,,,,,,,,,,,,,,,,,,,,,,,0.5356036060368529,0.5956370759575694,,,,
946,,,,,,,,,,,,,,,,,,,,,,,,,,,,,,,,,,,,,,,,,,,,,,,,,,,,,,,,,,,,,,,,,,0.6521861620109919,0.6128718807606861,,,,
947,,,,,,,,,,,,,,,,,,,,,,,,,,,,,,,,,,,,,,,,,,,,,,,,,,,,,,,,,,,,,,,,,,0.6798451544497777,0.7128994342323375,,,,
948,,,,,,,,,,,,,,,,,,,,,,,,,,,,,,,,,,,,,,,,,,,,,,,,,,,,,,,,,,,,,,,,,,0.6570283000106741,0.531116610045906,,,,
949,,,,,,,,,,,,,,,,,,,,,,,,,,,,,,,,,,,,,,,,,,,,,,,,,,,,,,,,,,,,,,,,,,0.6746433031391303,0.600702157019191,,,,
950,,,,,,,,,,,,,,,,,,,,,,,,,,,,,,,,,,,,,,,,,,,,,,,,,,,,,,,,,,,,,,,,,,0.4258832703024811,0.9051158797245955,,,,
951,,,,,,,,,,,,,,,,,,,,,,,,,,,,,,,,,,,,,,,,,,,,,,,,,,,,,,,,,,,,,,,,,,0.7125738536360234,0.882436830490296,,,,
952,,,,,,,,,,,,,,,,,,,,,,,,,,,,,,,,,,,,,,,,,,,,,,,,,,,,,,,,,,,,,,,,,,0.4224006521748544,0.9481424078676223,,,,
953,,,,,,,,,,,,,,,,,,,,,,,,,,,,,,,,,,,,,,,,,,,,,,,,,,,,,,,,,,,,,,,,,,0.7076007009473974,1.5873808890489636,,,,
954,,,,,,,,,,,,,,,,,,,,,,,,,,,,,,,,,,,,,,,,,,,,,,,,,,,,,,,,,,,,,,,,,,0.6211880767976415,1.6398805705872121,,,,
955,,,,,,,,,,,,,,,,,,,,,,,,,,,,,,,,,,,,,,,,,,,,,,,,,,,,,,,,,,,,,,,,,,0.4449015642687884,1.1669120434950726,,,,
956,,,,,,,,,,,,,,,,,,,,,,,,,,,,,,,,,,,,,,,,,,,,,,,,,,,,,,,,,,,,,,,,,,0.5830843129118815,1.217851567134105,,,,
957,,,,,,,,,,,,,,,,,,,,,,,,,,,,,,,,,,,,,,,,,,,,,,,,,,,,,,,,,,,,,,,,,,1.10191490436179,1.0717914529421861,,,,
958,,,,,,,,,,,,,,,,,,,,,,,,,,,,,,,,,,,,,,,,,,,,,,,,,,,,,,,,,,,,,,,,,,0.8780462954604612,1.1240903439619312,,,,
959,,,,,,,,,,,,,,,,,,,,,,,,,,,,,,,,,,,,,,,,,,,,,,,,,,,,,,,,,,,,,,,,,,0.9781593357797508,0.8077348029648866,,,,
960,,,,,,,,,,,,,,,,,,,,,,,,,,,,,,,,,,,,,,,,,,,,,,,,,,,,,,,,,,,,,,,,,,0.9788800043625884,0.3470960390497644,,,,
961,,,,,,,,,,,,,,,,,,,,,,,,,,,,,,,,,,,,,,,,,,,,,,,,,,,,,,,,,,,,,,,,,,0.409139649189031,0.5494352392955463,,,,
962,,,,,,,,,,,,,,,,,,,,,,,,,,,,,,,,,,,,,,,,,,,,,,,,,,,,,,,,,,,,,,,,,,0.553127597891131,0.601695396470395,,,,
963,,,,,,,,,,,,,,,,,,,,,,,,,,,,,,,,,,,,,,,,,,,,,,,,,,,,,,,,,,,,,,,,,,0.7081909328750697,0.6912423552360799,,,,
964,,,,,,,,,,,,,,,,,,,,,,,,,,,,,,,,,,,,,,,,,,,,,,,,,,,,,,,,,,,,,,,,,,0.9259390614499896,0.7418768831126488,,,,
965,,,,,,,,,,,,,,,,,,,,,,,,,,,,,,,,,,,,,,,,,,,,,,,,,,,,,,,,,,,,,,,,,,0.7023611714357536,0.45917335857155206,,,,
966,,,,,,,,,,,,,,,,,,,,,,,,,,,,,,,,,,,,,,,,,,,,,,,,,,,,,,,,,,,,,,,,,,0.9191164452770668,0.556807775822157,,,,
967,,,,,,,,,,,,,,,,,,,,,,,,,,,,,,,,,,,,,,,,,,,,,,,,,,,,,,,,,,,,,,,,,,0.6114572432322656,0.3260424040065884,,,,
968,,,,,,,,,,,,,,,,,,,,,,,,,,,,,,,,,,,,,,,,,,,,,,,,,,,,,,,,,,,,,,,,,,0.44005134257874445,0.48319945252934404,,,,
969,,,,,,,,,,,,,,,,,,,,,,,,,,,,,,,,,,,,,,,,,,,,,,,,,,,,,,,,,,,,,,,,,,0.9919652760239654,0.5759538504524667,,,,
970,,,,,,,,,,,,,,,,,,,,,,,,,,,,,,,,,,,,,,,,,,,,,,,,,,,,,,,,,,,,,,,,,,0.6162737959469603,0.6802578433311707,,,,
971,,,,,,,,,,,,,,,,,,,,,,,,,,,,,,,,,,,,,,,,,,,,,,,,,,,,,,,,,,,,,,,,,,0.46832392107026183,1.0750020992307574,,,,
972,,,,,,,,,,,,,,,,,,,,,,,,,,,,,,,,,,,,,,,,,,,,,,,,,,,,,,,,,,,,,,,,,,0.6599303241628515,0.9496367047329112,,,,
973,,,,,,,,,,,,,,,,,,,,,,,,,,,,,,,,,,,,,,,,,,,,,,,,,,,,,,,,,,,,,,,,,,0.6574995165292474,0.708268562561535,,,,
974,,,,,,,,,,,,,,,,,,,,,,,,,,,,,,,,,,,,,,,,,,,,,,,,,,,,,,,,,,,,,,,,,,0.41036469663331876,0.6323620082204262,,,,
975,,,,,,,,,,,,,,,,,,,,,,,,,,,,,,,,,,,,,,,,,,,,,,,,,,,,,,,,,,,,,,,,,,0.41774244078949535,0.7510058655384361,,,,
976,,,,,,,,,,,,,,,,,,,,,,,,,,,,,,,,,,,,,,,,,,,,,,,,,,,,,,,,,,,,,,,,,,0.5297148332445443,0.5783883973392115,,,,
977,,,,,,,,,,,,,,,,,,,,,,,,,,,,,,,,,,,,,,,,,,,,,,,,,,,,,,,,,,,,,,,,,,0.8684616706049342,0.8673478877514624,,,,
978,,,,,,,,,,,,,,,,,,,,,,,,,,,,,,,,,,,,,,,,,,,,,,,,,,,,,,,,,,,,,,,,,,0.7492597700054866,0.7355965763319682,,,,
979,,,,,,,,,,,,,,,,,,,,,,,,,,,,,,,,,,,,,,,,,,,,,,,,,,,,,,,,,,,,,,,,,,0.520133817281384,0.5158483787352925,,,,
980,,,,,,,,,,,,,,,,,,,,,,,,,,,,,,,,,,,,,,,,,,,,,,,,,,,,,,,,,,,,,,,,,,0.7657256485864539,0.6246771360056,,,,
981,,,,,,,,,,,,,,,,,,,,,,,,,,,,,,,,,,,,,,,,,,,,,,,,,,,,,,,,,,,,,,,,,,0.7154670732218025,0.5923864969550621,,,,
982,,,,,,,,,,,,,,,,,,,,,,,,,,,,,,,,,,,,,,,,,,,,,,,,,,,,,,,,,,,,,,,,,,0.9625789180121721,0.8584165791915644,,,,
983,,,,,,,,,,,,,,,,,,,,,,,,,,,,,,,,,,,,,,,,,,,,,,,,,,,,,,,,,,,,,,,,,,0.8690700026383225,0.8232835611272563,,,,
984,,,,,,,,,,,,,,,,,,,,,,,,,,,,,,,,,,,,,,,,,,,,,,,,,,,,,,,,,,,,,,,,,,0.4241997836806633,0.4292356706536389,,,,
985,,,,,,,,,,,,,,,,,,,,,,,,,,,,,,,,,,,,,,,,,,,,,,,,,,,,,,,,,,,,,,,,,,0.4401601774114205,0.28739348532993664,,,,
986,,,,,,,,,,,,,,,,,,,,,,,,,,,,,,,,,,,,,,,,,,,,,,,,,,,,,,,,,,,,,,,,,,0.6076660322043119,0.6596248312856503,,,,
987,,,,,,,,,,,,,,,,,,,,,,,,,,,,,,,,,,,,,,,,,,,,,,,,,,,,,,,,,,,,,,,,,,0.7930096335533323,0.6654613517972123,,,,
988,,,,,,,,,,,,,,,,,,,,,,,,,,,,,,,,,,,,,,,,,,,,,,,,,,,,,,,,,,,,,,,,,,0.5308377848112873,0.5227338655952158,,,,
989,,,,,,,,,,,,,,,,,,,,,,,,,,,,,,,,,,,,,,,,,,,,,,,,,,,,,,,,,,,,,,,,,,0.8510777014130629,0.7355423416399224,,,,
990,,,,,,,,,,,,,,,,,,,,,,,,,,,,,,,,,,,,,,,,,,,,,,,,,,,,,,,,,,,,,,,,,,1.266512699314794,1.2000982432936522,,,,
991,,,,,,,,,,,,,,,,,,,,,,,,,,,,,,,,,,,,,,,,,,,,,,,,,,,,,,,,,,,,,,,,,,0.853920804620763,1.2151738927006135,,,,
992,,,,,,,,,,,,,,,,,,,,,,,,,,,,,,,,,,,,,,,,,,,,,,,,,,,,,,,,,,,,,,,,,,0.7710486947890499,1.1396981552780099,,,,
993,,,,,,,,,,,,,,,,,,,,,,,,,,,,,,,,,,,,,,,,,,,,,,,,,,,,,,,,,,,,,,,,,,0.49084131135783704,0.5157252402535438,,,,
994,,,,,,,,,,,,,,,,,,,,,,,,,,,,,,,,,,,,,,,,,,,,,,,,,,,,,,,,,,,,,,,,,,0.803191302935744,1.1547043807776132,,,,
995,,,,,,,,,,,,,,,,,,,,,,,,,,,,,,,,,,,,,,,,,,,,,,,,,,,,,,,,,,,,,,,,,,0.4958369130290925,0.8569037453382493,,,,
996,,,,,,,,,,,,,,,,,,,,,,,,,,,,,,,,,,,,,,,,,,,,,,,,,,,,,,,,,,,,,,,,,,0.7596061795648004,0.9261894211378922,,,,
997,,,,,,,,,,,,,,,,,,,,,,,,,,,,,,,,,,,,,,,,,,,,,,,,,,,,,,,,,,,,,,,,,,0.7823618602961208,1.1592215904638936,,,,
998,,,,,,,,,,,,,,,,,,,,,,,,,,,,,,,,,,,,,,,,,,,,,,,,,,,,,,,,,,,,,,,,,,0.8892660140879352,1.3207210628358463,,,,
999,,,,,,,,,,,,,,,,,,,,,,,,,,,,,,,,,,,,,,,,,,,,,,,,,,,,,,,,,,,,,,,,,,0.9220438158107788,1.232767997070271,,,,
1000,,,,,,,,,,,,,,,,,,,,,,,,,,,,,,,,,,,,,,,,,,,,,,,,,,,,,,,,,,,,,,,,,,1.1506310620995044,1.3972495398101392,,,,
1001,,,,,,,,,,,,,,,,,,,,,,,,,,,,,,,,,,,,,,,,,,,,,,,,,,,,,,,,,,,,,,,,,,0.9093515900411145,1.0966454325624535,,,,
1002,,,,,,,,,,,,,,,,,,,,,,,,,,,,,,,,,,,,,,,,,,,,,,,,,,,,,,,,,,,,,,,,,,0.8773375185210335,0.9436690890137208,,,,
1003,,,,,,,,,,,,,,,,,,,,,,,,,,,,,,,,,,,,,,,,,,,,,,,,,,,,,,,,,,,,,,,,,,0.7534387155450765,0.9369381729717605,,,,
1004,,,,,,,,,,,,,,,,,,,,,,,,,,,,,,,,,,,,,,,,,,,,,,,,,,,,,,,,,,,,,,,,,,0.7168171255468153,1.0085358815494383,,,,
1005,,,,,,,,,,,,,,,,,,,,,,,,,,,,,,,,,,,,,,,,,,,,,,,,,,,,,,,,,,,,,,,,,,0.577836074816088,1.0427116845401754,,,,
1006,,,,,,,,,,,,,,,,,,,,,,,,,,,,,,,,,,,,,,,,,,,,,,,,,,,,,,,,,,,,,,,,,,0.594565951318127,0.8440870276685567,,,,
1007,,,,,,,,,,,,,,,,,,,,,,,,,,,,,,,,,,,,,,,,,,,,,,,,,,,,,,,,,,,,,,,,,,0.5029457709041502,0.8933680340044395,,,,
1008,,,,,,,,,,,,,,,,,,,,,,,,,,,,,,,,,,,,,,,,,,,,,,,,,,,,,,,,,,,,,,,,,,0.5800217548367814,0.9292292679557801,,,,
1009,,,,,,,,,,,,,,,,,,,,,,,,,,,,,,,,,,,,,,,,,,,,,,,,,,,,,,,,,,,,,,,,,,0.4309192792910514,0.888330833692353,,,,
1010,,,,,,,,,,,,,,,,,,,,,,,,,,,,,,,,,,,,,,,,,,,,,,,,,,,,,,,,,,,,,,,,,,0.5404627157730381,0.8994031015105741,,,,
1011,,,,,,,,,,,,,,,,,,,,,,,,,,,,,,,,,,,,,,,,,,,,,,,,,,,,,,,,,,,,,,,,,,0.5251762653533218,0.517886541854243,,,,
1012,,,,,,,,,,,,,,,,,,,,,,,,,,,,,,,,,,,,,,,,,,,,,,,,,,,,,,,,,,,,,,,,,,0.4962006295088846,0.5259408508468307,,,,
1013,,,,,,,,,,,,,,,,,,,,,,,,,,,,,,,,,,,,,,,,,,,,,,,,,,,,,,,,,,,,,,,,,,0.618173649247078,0.6208132706336248,,,,
1014,,,,,,,,,,,,,,,,,,,,,,,,,,,,,,,,,,,,,,,,,,,,,,,,,,,,,,,,,,,,,,,,,,0.7728369005388521,1.4246954394732096,,,,
1015,,,,,,,,,,,,,,,,,,,,,,,,,,,,,,,,,,,,,,,,,,,,,,,,,,,,,,,,,,,,,,,,,,0.717742033544948,0.8388834810691344,,,,
1016,,,,,,,,,,,,,,,,,,,,,,,,,,,,,,,,,,,,,,,,,,,,,,,,,,,,,,,,,,,,,,,,,,0.7064043779350975,0.9233437709483341,,,,
1017,,,,,,,,,,,,,,,,,,,,,,,,,,,,,,,,,,,,,,,,,,,,,,,,,,,,,,,,,,,,,,,,,,0.46404423991315374,0.5551752182082427,,,,
1018,,,,,,,,,,,,,,,,,,,,,,,,,,,,,,,,,,,,,,,,,,,,,,,,,,,,,,,,,,,,,,,,,,0.7240855980152529,1.3146066236196419,,,,
1019,,,,,,,,,,,,,,,,,,,,,,,,,,,,,,,,,,,,,,,,,,,,,,,,,,,,,,,,,,,,,,,,,,0.8082877120598376,1.3634148239124904,,,,
1020,,,,,,,,,,,,,,,,,,,,,,,,,,,,,,,,,,,,,,,,,,,,,,,,,,,,,,,,,,,,,,,,,,0.775204434273116,1.5976995379333405,,,,
1021,,,,,,,,,,,,,,,,,,,,,,,,,,,,,,,,,,,,,,,,,,,,,,,,,,,,,,,,,,,,,,,,,,0.512579976373486,0.8547958342271816,,,,
1022,,,,,,,,,,,,,,,,,,,,,,,,,,,,,,,,,,,,,,,,,,,,,,,,,,,,,,,,,,,,,,,,,,0.37881967462023414,0.6069488085615926,,,,
1023,,,,,,,,,,,,,,,,,,,,,,,,,,,,,,,,,,,,,,,,,,,,,,,,,,,,,,,,,,,,,,,,,,0.6367786368947065,0.9291117004810039,,,,
1024,,,,,,,,,,,,,,,,,,,,,,,,,,,,,,,,,,,,,,,,,,,,,,,,,,,,,,,,,,,,,,,,,,0.8191910922449039,0.9634346954882472,,,,
1025,,,,,,,,,,,,,,,,,,,,,,,,,,,,,,,,,,,,,,,,,,,,,,,,,,,,,,,,,,,,,,,,,,0.9228472437519972,1.2439235135699163,,,,
1026,,,,,,,,,,,,,,,,,,,,,,,,,,,,,,,,,,,,,,,,,,,,,,,,,,,,,,,,,,,,,,,,,,0.964224897879648,1.4664092844267946,,,,
1027,,,,,,,,,,,,,,,,,,,,,,,,,,,,,,,,,,,,,,,,,,,,,,,,,,,,,,,,,,,,,,,,,,0.904673037130692,1.6014431850979713,,,,
1028,,,,,,,,,,,,,,,,,,,,,,,,,,,,,,,,,,,,,,,,,,,,,,,,,,,,,,,,,,,,,,,,,,0.6700967440429519,1.4430352831839632,,,,
1029,,,,,,,,,,,,,,,,,,,,,,,,,,,,,,,,,,,,,,,,,,,,,,,,,,,,,,,,,,,,,,,,,,0.4019619294865511,0.9359522063306595,,,,
1030,,,,,,,,,,,,,,,,,,,,,,,,,,,,,,,,,,,,,,,,,,,,,,,,,,,,,,,,,,,,,,,,,,0.5094938001242879,0.6039065249106447,,,,
1031,,,,,,,,,,,,,,,,,,,,,,,,,,,,,,,,,,,,,,,,,,,,,,,,,,,,,,,,,,,,,,,,,,0.5234017578175818,0.8044322647786049,,,,
1032,,,,,,,,,,,,,,,,,,,,,,,,,,,,,,,,,,,,,,,,,,,,,,,,,,,,,,,,,,,,,,,,,,0.6830983862285771,1.0114383461025427,,,,
1033,,,,,,,,,,,,,,,,,,,,,,,,,,,,,,,,,,,,,,,,,,,,,,,,,,,,,,,,,,,,,,,,,,1.0407886087588945,1.6017483338197185,,,,
1034,,,,,,,,,,,,,,,,,,,,,,,,,,,,,,,,,,,,,,,,,,,,,,,,,,,,,,,,,,,,,,,,,,0.7770897419741564,1.4207855807470198,,,,
1035,,,,,,,,,,,,,,,,,,,,,,,,,,,,,,,,,,,,,,,,,,,,,,,,,,,,,,,,,,,,,,,,,,0.5636015174965682,0.9768626228215175,,,,
1036,,,,,,,,,,,,,,,,,,,,,,,,,,,,,,,,,,,,,,,,,,,,,,,,,,,,,,,,,,,,,,,,,,0.6818587634944877,1.1305084700558539,,,,
1037,,,,,,,,,,,,,,,,,,,,,,,,,,,,,,,,,,,,,,,,,,,,,,,,,,,,,,,,,,,,,,,,,,0.4723904778221217,1.239494786242236,,,,
1038,,,,,,,,,,,,,,,,,,,,,,,,,,,,,,,,,,,,,,,,,,,,,,,,,,,,,,,,,,,,,,,,,,0.29777259687181223,0.6756736798936552,,,,
1039,,,,,,,,,,,,,,,,,,,,,,,,,,,,,,,,,,,,,,,,,,,,,,,,,,,,,,,,,,,,,,,,,,0.32310312884418524,0.34144732093967295,,,,
1040,,,,,,,,,,,,,,,,,,,,,,,,,,,,,,,,,,,,,,,,,,,,,,,,,,,,,,,,,,,,,,,,,,0.4657957134162808,0.44620288963283705,,,,
1041,,,,,,,,,,,,,,,,,,,,,,,,,,,,,,,,,,,,,,,,,,,,,,,,,,,,,,,,,,,,,,,,,,0.477551916529228,0.38809427050150425,,,,
1042,,,,,,,,,,,,,,,,,,,,,,,,,,,,,,,,,,,,,,,,,,,,,,,,,,,,,,,,,,,,,,,,,,0.21816605948750453,0.40658253353070756,,,,
1043,,,,,,,,,,,,,,,,,,,,,,,,,,,,,,,,,,,,,,,,,,,,,,,,,,,,,,,,,,,,,,,,,,0.5609091729130444,1.0158736628290002,,,,
1044,,,,,,,,,,,,,,,,,,,,,,,,,,,,,,,,,,,,,,,,,,,,,,,,,,,,,,,,,,,,,,,,,,0.61810885336582,1.0518078703272966,,,,
1045,,,,,,,,,,,,,,,,,,,,,,,,,,,,,,,,,,,,,,,,,,,,,,,,,,,,,,,,,,,,,,,,,,0.5512628490511048,1.1400950565650678,,,,
1046,,,,,,,,,,,,,,,,,,,,,,,,,,,,,,,,,,,,,,,,,,,,,,,,,,,,,,,,,,,,,,,,,,0.5918426387345721,0.9567470909300829,,,,
1047,,,,,,,,,,,,,,,,,,,,,,,,,,,,,,,,,,,,,,,,,,,,,,,,,,,,,,,,,,,,,,,,,,0.46987529363777863,0.6222341591921742,,,,
1048,,,,,,,,,,,,,,,,,,,,,,,,,,,,,,,,,,,,,,,,,,,,,,,,,,,,,,,,,,,,,,,,,,0.573617275151139,0.8795236668902342,,,,
1049,,,,,,,,,,,,,,,,,,,,,,,,,,,,,,,,,,,,,,,,,,,,,,,,,,,,,,,,,,,,,,,,,,0.43259466147012976,0.7657431378265778,,,,
1050,,,,,,,,,,,,,,,,,,,,,,,,,,,,,,,,,,,,,,,,,,,,,,,,,,,,,,,,,,,,,,,,,,0.468868385284326,0.4919417407949532,,,,
1051,,,,,,,,,,,,,,,,,,,,,,,,,,,,,,,,,,,,,,,,,,,,,,,,,,,,,,,,,,,,,,,,,,0.5250200838229381,0.8013251249270946,,,,
1052,,,,,,,,,,,,,,,,,,,,,,,,,,,,,,,,,,,,,,,,,,,,,,,,,,,,,,,,,,,,,,,,,,0.44608275206094705,0.7786680960713546,,,,
1053,,,,,,,,,,,,,,,,,,,,,,,,,,,,,,,,,,,,,,,,,,,,,,,,,,,,,,,,,,,,,,,,,,0.42007787742722225,0.5758923907100963,,,,
1054,,,,,,,,,,,,,,,,,,,,,,,,,,,,,,,,,,,,,,,,,,,,,,,,,,,,,,,,,,,,,,,,,,0.5430976942286475,0.9260597359790951,,,,
1055,,,,,,,,,,,,,,,,,,,,,,,,,,,,,,,,,,,,,,,,,,,,,,,,,,,,,,,,,,,,,,,,,,0.46910786288924067,0.8513191654322538,,,,
1056,,,,,,,,,,,,,,,,,,,,,,,,,,,,,,,,,,,,,,,,,,,,,,,,,,,,,,,,,,,,,,,,,,0.472783241678326,0.797228907592043,,,,
1057,,,,,,,,,,,,,,,,,,,,,,,,,,,,,,,,,,,,,,,,,,,,,,,,,,,,,,,,,,,,,,,,,,0.43333878958895794,0.9075565420102685,,,,
1058,,,,,,,,,,,,,,,,,,,,,,,,,,,,,,,,,,,,,,,,,,,,,,,,,,,,,,,,,,,,,,,,,,0.4330333482451592,0.9640327788312915,,,,
1059,,,,,,,,,,,,,,,,,,,,,,,,,,,,,,,,,,,,,,,,,,,,,,,,,,,,,,,,,,,,,,,,,,0.40422701921471876,0.36540775849904505,,,,
1060,,,,,,,,,,,,,,,,,,,,,,,,,,,,,,,,,,,,,,,,,,,,,,,,,,,,,,,,,,,,,,,,,,0.28791665502991876,0.5714371037522907,,,,
1061,,,,,,,,,,,,,,,,,,,,,,,,,,,,,,,,,,,,,,,,,,,,,,,,,,,,,,,,,,,,,,,,,,0.5861689683466309,0.9463420482979098,,,,
1062,,,,,,,,,,,,,,,,,,,,,,,,,,,,,,,,,,,,,,,,,,,,,,,,,,,,,,,,,,,,,,,,,,0.5480397526816397,0.8642180931097835,,,,
1063,,,,,,,,,,,,,,,,,,,,,,,,,,,,,,,,,,,,,,,,,,,,,,,,,,,,,,,,,,,,,,,,,,0.3757471530378681,0.7506694300838851,,,,
1064,,,,,,,,,,,,,,,,,,,,,,,,,,,,,,,,,,,,,,,,,,,,,,,,,,,,,,,,,,,,,,,,,,0.33868997580502713,0.7635727914685331,,,,
1065,,,,,,,,,,,,,,,,,,,,,,,,,,,,,,,,,,,,,,,,,,,,,,,,,,,,,,,,,,,,,,,,,,0.3172880762236975,0.9336583014729787,,,,
1066,,,,,,,,,,,,,,,,,,,,,,,,,,,,,,,,,,,,,,,,,,,,,,,,,,,,,,,,,,,,,,,,,,0.3446629792815634,0.5575398155742335,,,,
1067,,,,,,,,,,,,,,,,,,,,,,,,,,,,,,,,,,,,,,,,,,,,,,,,,,,,,,,,,,,,,,,,,,0.4119949193341522,0.7356306095707734,,,,
1068,,,,,,,,,,,,,,,,,,,,,,,,,,,,,,,,,,,,,,,,,,,,,,,,,,,,,,,,,,,,,,,,,,0.3190014193045092,0.5361579294599786,,,,
1069,,,,,,,,,,,,,,,,,,,,,,,,,,,,,,,,,,,,,,,,,,,,,,,,,,,,,,,,,,,,,,,,,,0.6256036383226756,0.9777541432742957,,,,
1070,,,,,,,,,,,,,,,,,,,,,,,,,,,,,,,,,,,,,,,,,,,,,,,,,,,,,,,,,,,,,,,,,,0.6353090131581659,1.388446990319984,,,,
1071,,,,,,,,,,,,,,,,,,,,,,,,,,,,,,,,,,,,,,,,,,,,,,,,,,,,,,,,,,,,,,,,,,0.3075101076867819,1.329597733314841,,,,
1072,,,,,,,,,,,,,,,,,,,,,,,,,,,,,,,,,,,,,,,,,,,,,,,,,,,,,,,,,,,,,,,,,,0.3827691593800255,1.1267153691693605,,,,
1073,,,,,,,,,,,,,,,,,,,,,,,,,,,,,,,,,,,,,,,,,,,,,,,,,,,,,,,,,,,,,,,,,,0.25685591674228914,0.8465500536641289,,,,
1074,,,,,,,,,,,,,,,,,,,,,,,,,,,,,,,,,,,,,,,,,,,,,,,,,,,,,,,,,,,,,,,,,,0.20305029997110807,0.33772963901403813,,,,
1075,,,,,,,,,,,,,,,,,,,,,,,,,,,,,,,,,,,,,,,,,,,,,,,,,,,,,,,,,,,,,,,,,,0.21257555786799565,0.4403300323578503,,,,
1076,,,,,,,,,,,,,,,,,,,,,,,,,,,,,,,,,,,,,,,,,,,,,,,,,,,,,,,,,,,,,,,,,,0.23562342027088568,0.5072664127666625,,,,
1077,,,,,,,,,,,,,,,,,,,,,,,,,,,,,,,,,,,,,,,,,,,,,,,,,,,,,,,,,,,,,,,,,,0.2898294103808156,0.35404166138936144,,,,
1078,,,,,,,,,,,,,,,,,,,,,,,,,,,,,,,,,,,,,,,,,,,,,,,,,,,,,,,,,,,,,,,,,,,0.4007925757418035,,,,
1079,,,,,,,,,,,,,,,,,,,,,,,,,,,,,,,,,,,,,,,,,,,,,,,,,,,,,,,,,,,,,,,,,,,0.933197825358595,,,,
1080,,,,,,,,,,,,,,,,,,,,,,,,,,,,,,,,,,,,,,,,,,,,,,,,,,,,,,,,,,,,,,,,,,,0.6353788548589376,,,,
1081,,,,,,,,,,,,,,,,,,,,,,,,,,,,,,,,,,,,,,,,,,,,,,,,,,,,,,,,,,,,,,,,,,,0.2848447207314967,,,,
1082,,,,,,,,,,,,,,,,,,,,,,,,,,,,,,,,,,,,,,,,,,,,,,,,,,,,,,,,,,,,,,,,,,,0.46532064692129843,,,,
1083,,,,,,,,,,,,,,,,,,,,,,,,,,,,,,,,,,,,,,,,,,,,,,,,,,,,,,,,,,,,,,,,,,,0.42255798594618066,,,,
1084,,,,,,,,,,,,,,,,,,,,,,,,,,,,,,,,,,,,,,,,,,,,,,,,,,,,,,,,,,,,,,,,,,,0.9837035176975857,,,,
1085,,,,,,,,,,,,,,,,,,,,,,,,,,,,,,,,,,,,,,,,,,,,,,,,,,,,,,,,,,,,,,,,,,,0.670736434110279,,,,
1086,,,,,,,,,,,,,,,,,,,,,,,,,,,,,,,,,,,,,,,,,,,,,,,,,,,,,,,,,,,,,,,,,,,0.8863456760018642,,,,
1087,,,,,,,,,,,,,,,,,,,,,,,,,,,,,,,,,,,,,,,,,,,,,,,,,,,,,,,,,,,,,,,,,,,0.710805776937043,,,,
1088,,,,,,,,,,,,,,,,,,,,,,,,,,,,,,,,,,,,,,,,,,,,,,,,,,,,,,,,,,,,,,,,,,,0.4850101041656406,,,,
1089,,,,,,,,,,,,,,,,,,,,,,,,,,,,,,,,,,,,,,,,,,,,,,,,,,,,,,,,,,,,,,,,,,,0.4700338123266749,,,,
1090,,,,,,,,,,,,,,,,,,,,,,,,,,,,,,,,,,,,,,,,,,,,,,,,,,,,,,,,,,,,,,,,,,,0.47200526302948964,,,,
1091,,,,,,,,,,,,,,,,,,,,,,,,,,,,,,,,,,,,,,,,,,,,,,,,,,,,,,,,,,,,,,,,,,,0.4319549352183837,,,,
1092,,,,,,,,,,,,,,,,,,,,,,,,,,,,,,,,,,,,,,,,,,,,,,,,,,,,,,,,,,,,,,,,,,,0.6975290488421954,,,,
1093,,,,,,,,,,,,,,,,,,,,,,,,,,,,,,,,,,,,,,,,,,,,,,,,,,,,,,,,,,,,,,,,,,,0.6875719024877518,,,,
1094,,,,,,,,,,,,,,,,,,,,,,,,,,,,,,,,,,,,,,,,,,,,,,,,,,,,,,,,,,,,,,,,,,,0.7348408695419634,,,,
1095,,,,,,,,,,,,,,,,,,,,,,,,,,,,,,,,,,,,,,,,,,,,,,,,,,,,,,,,,,,,,,,,,,,0.6729141017758631,,,,
1096,,,,,,,,,,,,,,,,,,,,,,,,,,,,,,,,,,,,,,,,,,,,,,,,,,,,,,,,,,,,,,,,,,,0.8330382015609948,,,,
1097,,,,,,,,,,,,,,,,,,,,,,,,,,,,,,,,,,,,,,,,,,,,,,,,,,,,,,,,,,,,,,,,,,,1.1161074894880378,,,,
1098,,,,,,,,,,,,,,,,,,,,,,,,,,,,,,,,,,,,,,,,,,,,,,,,,,,,,,,,,,,,,,,,,,,0.8041408170636352,,,,
1099,,,,,,,,,,,,,,,,,,,,,,,,,,,,,,,,,,,,,,,,,,,,,,,,,,,,,,,,,,,,,,,,,,,0.9790691705058294,,,,
1100,,,,,,,,,,,,,,,,,,,,,,,,,,,,,,,,,,,,,,,,,,,,,,,,,,,,,,,,,,,,,,,,,,,1.1192937412901987,,,,
1101,,,,,,,,,,,,,,,,,,,,,,,,,,,,,,,,,,,,,,,,,,,,,,,,,,,,,,,,,,,,,,,,,,,1.2118489147529306,,,,
1102,,,,,,,,,,,,,,,,,,,,,,,,,,,,,,,,,,,,,,,,,,,,,,,,,,,,,,,,,,,,,,,,,,,0.9238274326128935,,,,
1103,,,,,,,,,,,,,,,,,,,,,,,,,,,,,,,,,,,,,,,,,,,,,,,,,,,,,,,,,,,,,,,,,,,0.849546405049974,,,,
1104,,,,,,,,,,,,,,,,,,,,,,,,,,,,,,,,,,,,,,,,,,,,,,,,,,,,,,,,,,,,,,,,,,,1.1329665430015117,,,,
1105,,,,,,,,,,,,,,,,,,,,,,,,,,,,,,,,,,,,,,,,,,,,,,,,,,,,,,,,,,,,,,,,,,,1.0009683693059053,,,,
1106,,,,,,,,,,,,,,,,,,,,,,,,,,,,,,,,,,,,,,,,,,,,,,,,,,,,,,,,,,,,,,,,,,,0.660097295163388,,,,
1107,,,,,,,,,,,,,,,,,,,,,,,,,,,,,,,,,,,,,,,,,,,,,,,,,,,,,,,,,,,,,,,,,,,0.8900970065578522,,,,
1108,,,,,,,,,,,,,,,,,,,,,,,,,,,,,,,,,,,,,,,,,,,,,,,,,,,,,,,,,,,,,,,,,,,1.0652727078130189,,,,
1109,,,,,,,,,,,,,,,,,,,,,,,,,,,,,,,,,,,,,,,,,,,,,,,,,,,,,,,,,,,,,,,,,,,1.2692827255118955,,,,
1110,,,,,,,,,,,,,,,,,,,,,,,,,,,,,,,,,,,,,,,,,,,,,,,,,,,,,,,,,,,,,,,,,,,0.47828713041491383,,,,
1111,,,,,,,,,,,,,,,,,,,,,,,,,,,,,,,,,,,,,,,,,,,,,,,,,,,,,,,,,,,,,,,,,,,0.9327478381025907,,,,
1112,,,,,,,,,,,,,,,,,,,,,,,,,,,,,,,,,,,,,,,,,,,,,,,,,,,,,,,,,,,,,,,,,,,1.3392358489592768,,,,
1113,,,,,,,,,,,,,,,,,,,,,,,,,,,,,,,,,,,,,,,,,,,,,,,,,,,,,,,,,,,,,,,,,,,1.4560072196311622,,,,
1114,,,,,,,,,,,,,,,,,,,,,,,,,,,,,,,,,,,,,,,,,,,,,,,,,,,,,,,,,,,,,,,,,,,1.4195798523384398,,,,
1115,,,,,,,,,,,,,,,,,,,,,,,,,,,,,,,,,,,,,,,,,,,,,,,,,,,,,,,,,,,,,,,,,,,0.821754997841855,,,,
1116,,,,,,,,,,,,,,,,,,,,,,,,,,,,,,,,,,,,,,,,,,,,,,,,,,,,,,,,,,,,,,,,,,,0.904712540587642,,,,
1117,,,,,,,,,,,,,,,,,,,,,,,,,,,,,,,,,,,,,,,,,,,,,,,,,,,,,,,,,,,,,,,,,,,1.2682409343587706,,,,
1118,,,,,,,,,,,,,,,,,,,,,,,,,,,,,,,,,,,,,,,,,,,,,,,,,,,,,,,,,,,,,,,,,,,1.127818548386622,,,,
1119,,,,,,,,,,,,,,,,,,,,,,,,,,,,,,,,,,,,,,,,,,,,,,,,,,,,,,,,,,,,,,,,,,,0.7367217305257356,,,,
1120,,,,,,,,,,,,,,,,,,,,,,,,,,,,,,,,,,,,,,,,,,,,,,,,,,,,,,,,,,,,,,,,,,,0.7222292176224858,,,,
1121,,,,,,,,,,,,,,,,,,,,,,,,,,,,,,,,,,,,,,,,,,,,,,,,,,,,,,,,,,,,,,,,,,,0.6375801286839565,,,,
1122,,,,,,,,,,,,,,,,,,,,,,,,,,,,,,,,,,,,,,,,,,,,,,,,,,,,,,,,,,,,,,,,,,,1.0156354518055415,,,,
1123,,,,,,,,,,,,,,,,,,,,,,,,,,,,,,,,,,,,,,,,,,,,,,,,,,,,,,,,,,,,,,,,,,,0.7925566633288541,,,,
1124,,,,,,,,,,,,,,,,,,,,,,,,,,,,,,,,,,,,,,,,,,,,,,,,,,,,,,,,,,,,,,,,,,,0.5501477721347794,,,,
1125,,,,,,,,,,,,,,,,,,,,,,,,,,,,,,,,,,,,,,,,,,,,,,,,,,,,,,,,,,,,,,,,,,,0.6273710834347599,,,,
1126,,,,,,,,,,,,,,,,,,,,,,,,,,,,,,,,,,,,,,,,,,,,,,,,,,,,,,,,,,,,,,,,,,,0.9245261985034149,,,,
1127,,,,,,,,,,,,,,,,,,,,,,,,,,,,,,,,,,,,,,,,,,,,,,,,,,,,,,,,,,,,,,,,,,,0.9931814396834757,,,,
1128,,,,,,,,,,,,,,,,,,,,,,,,,,,,,,,,,,,,,,,,,,,,,,,,,,,,,,,,,,,,,,,,,,,0.7132480772332078,,,,
1129,,,,,,,,,,,,,,,,,,,,,,,,,,,,,,,,,,,,,,,,,,,,,,,,,,,,,,,,,,,,,,,,,,,0.9470565794555641,,,,
1130,,,,,,,,,,,,,,,,,,,,,,,,,,,,,,,,,,,,,,,,,,,,,,,,,,,,,,,,,,,,,,,,,,,0.8297629990400729,,,,
1131,,,,,,,,,,,,,,,,,,,,,,,,,,,,,,,,,,,,,,,,,,,,,,,,,,,,,,,,,,,,,,,,,,,1.1405031233384701,,,,
1132,,,,,,,,,,,,,,,,,,,,,,,,,,,,,,,,,,,,,,,,,,,,,,,,,,,,,,,,,,,,,,,,,,,1.3724691830007636,,,,
1133,,,,,,,,,,,,,,,,,,,,,,,,,,,,,,,,,,,,,,,,,,,,,,,,,,,,,,,,,,,,,,,,,,,1.26471470942313,,,,
1134,,,,,,,,,,,,,,,,,,,,,,,,,,,,,,,,,,,,,,,,,,,,,,,,,,,,,,,,,,,,,,,,,,,1.1785250259305073,,,,
1135,,,,,,,,,,,,,,,,,,,,,,,,,,,,,,,,,,,,,,,,,,,,,,,,,,,,,,,,,,,,,,,,,,,2.048839598850919,,,,
1136,,,,,,,,,,,,,,,,,,,,,,,,,,,,,,,,,,,,,,,,,,,,,,,,,,,,,,,,,,,,,,,,,,,1.465621905475962,,,,
1137,,,,,,,,,,,,,,,,,,,,,,,,,,,,,,,,,,,,,,,,,,,,,,,,,,,,,,,,,,,,,,,,,,,1.383030900434772,,,,
1138,,,,,,,,,,,,,,,,,,,,,,,,,,,,,,,,,,,,,,,,,,,,,,,,,,,,,,,,,,,,,,,,,,,1.76946982185954,,,,
1139,,,,,,,,,,,,,,,,,,,,,,,,,,,,,,,,,,,,,,,,,,,,,,,,,,,,,,,,,,,,,,,,,,,0.9427317169959737,,,,
1140,,,,,,,,,,,,,,,,,,,,,,,,,,,,,,,,,,,,,,,,,,,,,,,,,,,,,,,,,,,,,,,,,,,1.2834024755683204,,,,
1141,,,,,,,,,,,,,,,,,,,,,,,,,,,,,,,,,,,,,,,,,,,,,,,,,,,,,,,,,,,,,,,,,,,1.3924294433924094,,,,
1142,,,,,,,,,,,,,,,,,,,,,,,,,,,,,,,,,,,,,,,,,,,,,,,,,,,,,,,,,,,,,,,,,,,1.2927535764827214,,,,
1143,,,,,,,,,,,,,,,,,,,,,,,,,,,,,,,,,,,,,,,,,,,,,,,,,,,,,,,,,,,,,,,,,,,1.273191905102995,,,,
1144,,,,,,,,,,,,,,,,,,,,,,,,,,,,,,,,,,,,,,,,,,,,,,,,,,,,,,,,,,,0.49124707295469644,,,,,,,,0.4984341582653351,,,,
1145,,,,,,,,,,,,,,,,,,,,,,,,,,,,,,,,,,,,,,,,,,,,,,,,,,,,,,,,,,,0.5735694755816442,,,,,,,,0.8309952625762448,,,,
1146,,,,,,,,,,,,,,,,,,,,,,,,,,,,,,,,,,,,,,,,,,,,,,,,,,,,,,,,,,,0.6035062451863409,,,,,,,,0.6696528017949562,,,,
1147,,,,,,,,,,,,,,,,,,,,,,,,,,,,,,,,,,,,,,,,,,,,,,,,,,,,,,,,,,,0.6602074527653972,,,,,,,,1.0626204613702617,,,,
1148,,,,,,,,,,,,,,,,,,,,,,,,,,,,,,,,,,,,,,,,,,,,,,,,,,,,,,,,,,,0.5502333282532345,,,,,,,,0.71676474859376,,,,
1149,,,,,,,,,,,,,,,,,,,,,,,,,,,,,,,,,,,,,,,,,,,,,,,,,,,,,,,,,,,0.7361773572146914,,,,,,,,1.447269125443473,,,,
1150,,,,,,,,,,,,,,,,,,,,,,,,,,,,,,,,,,,,,,,,,,,,,,,,,,,,,,,,,,,0.5652532424679099,,,,,,,,0.6182928718541533,,,,
1151,,,,,,,,,,,,,,,,,,,,,,,,,,,,,,0.9824941459093929,,,,,,,,,,,,,,,,,,,,,,,,,,,,,0.6530824658359013,,,,,,,,0.6146741445983455,,,,
1152,,,,,,,,,,,,,,,,,,,,,,,,,,,,,,1.1176621472790067,,,,,,,,,,,,,,,,,,,,,,,,,,,,,0.6451056499177146,,,,,,,,0.7445275121928292,,,,
1153,,,,,,,,,,,,,,,,,,,,,,,,,,,,,,1.0078923035698566,,,,,,,,,,,,,,,,,,,,,,,,,,,,,0.5400060925097936,,,,,,,,0.7489620158694911,,,,
1154,,,,,,,,,,,,,,,,,,,,,,,,,,,,,,0.9466661799429344,,,,,,,,,,,,,,,,,,,,,,,,,,,,,0.50437500279136,,,,,,,,0.8398579422760344,,,,
1155,,,,,,,,,,,,,,,,,,,,,,,,,,,,,,1.181709161349228,,,,,,,,,,,,,,,,,,,,,,,,,,,,,0.6051747007114033,,,,,,,,0.6028667349468851,,,,
1156,,,,,,,,,,,,,,,,,,,,,,,,,,,,,,0.9495084841797528,,,,,,,,,,,,,,,,,,,,,,,,,,,,,0.8154661816641019,,,,,,,,0.74255136562079,,,,
1157,,,,,,,,,,,,,,,,,,,,,,,,,,,,,,0.8515823958577681,,,,,,,,,,,,,,,,,,,,,,,,,,,,,1.2477276657445004,,,,,,,,0.9022659568404516,,,,
1158,,,,,,,,,,,,,,,,,,,,,,,,,,,,,,0.8271554860303476,,,,,,,,,,,,,,,,,,,,,,,,,,,,,0.764621799352946,,,,,,,,0.85542688373625,,,,
1159,,,,,,,,,,,,,,,,,,,,,,,,,,,,,,0.9286549662922954,,,,,,,,,,,,,,,,,,,,,,,,,,,,,0.5908289194119151,,,,,,,,1.2435063920145972,,,,
1160,,,,,,,,,,,,,,,,,,,,,,,,,,,,,,1.1048400513418766,,,,,,,,,,,,,,,,,,,,,,,,,,,,,0.7920596790779254,,,,,,,,0.7591031283274661,,,,
1161,,,,,,,,,,,,,,,,,,,,,,,,,,,,,,1.2453703772626175,,,,,,,,,,,,,,,,,,,,,,,,,,,,,0.7889182129686938,,,,,,,,0.9749786551431062,,,,
1162,,,,,,,,,,,,,,,,,,,,,,,,,,,,,,1.450418704184355,,,,,,,,,,,,,,,,,,,,,,,,,,,,,1.0823400035933355,,,,,,,,1.5266281116588414,,,,
1163,,,,,,,,,,,,,,,,,,,,,,,,,,,,,,1.331886213503772,,,,,,,,,,,,,,,,,,,,,,,,,,,,,0.8622519682032375,,,,,,,,0.8212716545598338,,,,
1164,,,,,,,,,,,,,,,,,,,,,,,,,,,,,,0.4667939699954148,,,,,,,,,,,,,,,,,,,,,,,,,,,,,0.36444418431037234,,,,,,,,0.4676231524677114,,,,
1165,,,,,,,,,,,,,,,,,,,,,,,,,,,,,,0.6720556445390737,,,,,,,,,,,,,,,,,,,,,,,,,,,,,0.3716460451449552,,,,,,,,0.8057399371204645,,,,
1166,,,,,,,,,,,,,,,,,,,,,,,,,,,,,,1.186762192339268,,,,,,,,,,,,,,,,,,,,,,,,,,,,,0.8091174760653296,,,,,,,,0.9448252148224375,,,,
1167,,,,,,,,,,,,,,,,,,,,,,,,,,,,,,1.193866290992659,,,,,,,,,,,,,,,,,,,,,,,,,,,,,0.7334994459448215,,,,,,,,0.869406752234238,,,,
1168,,,,,,,,,,,,,,,,,,,,,,,,,,,,,,0.8909223681643187,,,,,,,,,,,,,,,,,,,,,,,,,,,,,0.7912637010889028,,,,,,,,1.069924429989995,,,,
1169,,,,,,,,,,,,,,,,,,,,,,,,,,,,,,0.7406168091815141,,,,,,,,,,,,,,,,,,,,,,,,,,,,,0.7018962637949853,,,,,,,,0.6625409978840768,,,,
1170,,,,,,,,,,,,,,,,,,,,,,,,,,,,,,1.033655621973532,,,,,,,,,,,,,,,,,,,,,,,,,,,,,0.7565837559143052,,,,,,,,0.9598470213815705,,,,
1171,,,,,,,,,,,,,,,,,,,,,,,,,,,,,,0.9736054021287924,,,,,,,,,,,,,,,,,,,,,,,,,,,,,0.9646885833381879,,,,,,,,0.9865140586388618,,,,
1172,,,,,,,,,,,,,,,,,,,,,,,,,,,,,,1.296132114740413,,,,,,,,,,,,,,,,,,,,,,,,,,,,,0.8444211600248204,,,,,,,,1.1640429326920094,,,,
1173,,,,,,,,,,,,,,,,,,,,,,,,,,,,,,1.5703266805215277,,,,,,,,,,,,,,,,,,,,,,,,,,,,,0.6960133263345173,,,,,,,,0.7567553520802782,,,,
1174,,,,,,,,,,,,,,,,,,,,,,,,,,,,,,1.3920427441288583,,,,,,,,,,,,,,,,,,,,,,,,,,,,,0.8109191349598697,,,,,,,,0.7313965242522504,,,,
1175,,,,,,,,,,,,,,,,,,,,,,,,,,,,,0.8105576703752492,0.9823511935287399,,,,,,,,,,,,,,,,,,,,,,,,,,,,,0.6205040573396395,,,,,,,,0.5353996373751605,,,,
1176,,,,,,,,,,,,,,,,,,,,,,,,,,,,,0.49128006473802494,0.6356286011245531,,,,,,,,,,,,,,,,,,,,,,,,,,,,,0.7102914186806429,,,,,,,,0.4221433996123573,,,,
1177,,,,,,,,,,,,,,,,,,,,,,,,,,,,,0.4793634126734684,0.5579124818792538,,,,,,,,,,,,,,,,,,,,,,,,,,,,,0.8384372627317772,,,,,,,,0.5279167606951182,,,,
1178,,,,,,,,,,,,,,,,,,,,,,,,,,,,,0.6024239326909583,0.5610245661966766,,,,,,,,,,,,,,,,,,,,,,,,,,,,,0.9005732868982063,,,,,,,,0.5219789473422636,,,,
1179,,,,,,,,,,,,,,,,,,,,,,,,,,,,,0.6277829919667776,0.7564033192404743,,,,,,,,,,,,,,,,,,,,,,,,,,,,,0.7089359124900764,,,,,,,,0.7608164670132208,,,,
1180,,,,,,,,,,,,,,,,,,,,,,,,,,,,,0.850858252057181,1.0931422023941721,,,,,,,,,,,,,,,,,,,,,,,,,,,,,1.0205470343582255,,,,,,,,0.9750128705589473,,,,
1181,,,,,,,,,,,,,,,,,,,,,,,,,,,,,0.7898735265927125,0.8917323820864547,,,,,,,,,,,,,,,,,,,,,,,,,,,,,0.7638577821721839,,,,,,,,0.6712472185666429,,,,
1182,,,,,,,,,,,,,,,,,,,,,,,,,,,,,0.7530818604156896,0.8001975400081324,,,,,,,,,,,,,,,,,,,,,,,,,,,,,0.5255318211173986,,,,,,,,0.5944606019487942,,,,
1183,,,,,,,,,,,,,,,,,,,,,,,,,,,,,0.8915087676406035,0.8206554239736512,,,,,,,,,,,,,,,,,,,,,,,,,,,,,0.8149474446326083,,,,,,,,0.9406839941921484,,,,
1184,,,,,,,,,,,,,,,,,,,,,,,,,,,,,0.9931146528915745,0.8855725773316898,,,,,,,,,,,,,,,,,,,,,,,,,,,,,0.9726000582481541,,,,,,,,0.8001699715193356,,,,
1185,,,,,,,,,,,,,,,,,,,,,,,,,,,,,1.0461111169005985,1.1383246346393328,,,,,,,,,,,,,,,,,,,,,,,,,,,,,0.9612546617580723,,,,,,,,0.8081301656922786,,,,
1186,,,,,,,,,,,,,,,,,,,,,,,,,,,,,0.8877562758369759,1.1331352699636468,,,,,,,,,,,,,,,,,,,,,,,,,,,,,0.8494598822480545,,,,,,,,0.5695510366761121,,,,
1187,,,,,,,,,,,,,,,,,,,,,,,,,,,,,0.8292876423702731,0.7184885730395554,,,,,,,,,,,,,,,,,,,,,,,,,,,,,0.9251926824694084,,,,,,,,0.6234569266355373,,,,
1188,,,,,,,,,,,,,,,,,,,,,,,,,,,,,1.0597484724220227,0.7978398498510239,,,,,,,,,,,,,,,,,,,,,,,,,,,,,0.8811022997749807,,,,,,,,0.4442232246256122,,,,
1189,,,,,,,,,,,,,,,,,,,,,,,,,,,,,0.900300957778759,0.6997165890231654,,,,,,,,,,,,,,,,,,,,,,,,,,,,,0.6420214695340393,,,,,,,,0.22296132489396134,,,,
1190,,,,,,,,,,,,,,,,,,,,,,,,,,,,,1.008109819298948,0.9155026541913278,,,,,,,,,,,,,,,,,,,,,,,,,,,,,0.42484228639404487,,,,,,,,0.40450836036408006,,,,
1191,,,,,,,,,,,,,,,,,,,,,,,,,,,,,1.1168426593157132,0.9983142121987274,,,,,,,,,,,,,,,,,,,,,,,,,,,,,0.5030391857778803,,,,,,,,0.699010509965406,,,,
1192,,,,,,,,,,,,,,,,,,,,,,,,,,,,,1.2911918379193026,1.0206665980632463,,,,,,,,,,,,,,,,,,,,,,,,,,,,,0.6407016021554762,,,,,,,,0.6653441063639972,,,,
1193,,,,,,,,,,,,,,,,,,,,,,,,,,,,,1.0654487430330555,1.0273251283505351,,,,,,,,,,,,,,,,,,,,,,,,,,,,,0.758669407205126,,,,,,,,0.9403139055170441,,,,
1194,,,,,,,,,,,,,,,,,,,,,,,,,,,,,0.837391896282355,0.878933048345938,,,,,,,,,,,,,,,,,,,,,,,,,,,,,0.6506713140907975,,,,,,,,0.7841387284698078,,,,
1195,,,,,,,,,,,,,,,,,,,,,,,,,,,,,0.7236256367173458,0.8052253003215993,,,,,,,,,,,,,,,,,,,,,,,,,,,,,0.664090678697829,,,,,,,,0.13492301871199308,,,,
1196,,,,,,,,,,,,,,,,,,,,,,,,,,,,,0.7670985985198362,0.9793547840349752,,,,,,,,,,,,,,,,,,,,,,,,,,,,,1.0102713302366895,,,,,,,,0.8245038190247685,,,,
1197,,,,,,,,,,,,,,,,,,,,,,,,,,,,,0.9448575789578684,0.8746752955171512,,,,,,,,,,,,,,,,,,,,,,,,,,,,,0.6334901275501161,,,,,,,,0.46457383724805096,,,,
1198,,,,,,,,,,,,,,,,,,,,,,,,,,,,,0.8834117414663909,0.8174386768890555,,,,,,,,,,,,,,,,,,,,,,,,,,,,,0.5786796581992095,,,,,,,,0.43835666378909427,,,,
1199,,,,,,,,,,,,,,,,,,,,,,,,,,,,,1.4533414917959442,1.5028803013523515,,,,,,,,,,,,,,,,,,,,,,,,,,,,0.6889740198189618,0.9265449076045961,,,,,,,,0.8673228887280047,,,,
1200,,,,,,,,,,,,,,,,,,,,,,,,,,,,,1.2036371382996858,1.145161369366228,,,,,,,,,,,,,,,,,,,,,,,,,,,,0.49987746587094034,0.7261122030754427,,,,,,,,0.7991679394957032,,,,
1201,,,,,,,,,,,,,,,,,,,,,,,,,,,,,0.7756344260272552,0.8153375188852745,,,,,,,,,,,,,,,,,,,,,,,,,,,,0.6698796407872828,0.8651691824939955,,,,,,,,1.498709571362038,,,,
1202,,,,,,,,,,,,,,,,,,,,,,,,,,,,,0.6294421962206617,0.562788710760872,,,,,,,,,,,,,,,,,,,,,,,,,,,,0.3245712616947204,0.4070718812552352,,,,,,,,0.5459813264451914,,,,
1203,,,,,,,,,,,,,,,,,,,,,,,,,,,,,0.6463810182600416,0.647609827074801,,,,,,,,,,,,,,,,,,,,,,,,,,,,0.34835801318940784,0.5017339310220824,,,,,,,,0.8902830496444817,,,,
1204,,,,,,,,,,,,,,,,,,,,,,,,,,,,,1.2038401469404174,0.9933906884461975,,,,,,,,,,,,,,,,,,,,,,,,,,,,0.5832694974247052,0.7540130096674884,,,,,,,,1.1832139725938722,,,,
1205,,,,,,,,,,,,,,,,,,,,,,,,,,,,,1.3515318915997827,0.9999846784745549,,,,,,,,,,,,,,,,,,,,,,,,,,,,0.6615190785213968,0.694027111638591,,,,,,,,1.2134353484265927,,,,
1206,,,,,,,,,,,,,,,,,,,,,,,,,,,,,1.530202313348885,1.0900528324759953,,,,,,,,,,,,,,,,,,,,,,,,,,,,0.8641922988376765,0.830045012437075,,,,,,,,0.874384117786014,,,,
1207,,,,,,,,,,,,,,,,,,,,,,,,,,,,,1.2309831359604768,0.9138711938020446,,,,,,,,,,,,,,,,,,,,,,,,,,,,0.6636787492435605,0.6939161261629115,,,,,,,,0.6473520834256338,,,,
1208,,,,,,,,,,,,,,,,,,,,,,,,,,,,,1.1141074359979324,0.9854243584391068,,,,,,,,,,,,,,,,,,,,,,,,,,,,0.7336634498236506,0.9970004308236505,,,,,,,,0.605100522177576,,,,
1209,,,,,,,,,,,,,,,,,,,,,,,,,,,,,1.2391888427719318,1.2447652567308845,,,,,,,,,,,,,,,,,,,,,,,,,,,,0.9327824125697005,1.1242538768882175,,,,,,,,1.217962013855159,,,,
1210,,,,,,,,,,,,,,,,,,,,,,,,,,,,,1.4817922761063071,1.5035124532311561,,,,,,,,,,,,,,,,,,,,,,,,,,,,0.7877273996863309,1.2990465096678336,,,,,,,,1.0999744982165514,,,,
1211,,,,,,,,,,,,,,,,,,,,,,,,,,,,,1.6422595955189838,1.392546549385902,,,,,,,,,,,,,,,,,,,,,,,,,,,,0.8468785923599456,1.4372245033042108,,,,,,,,0.9210028635809285,,,,
1212,,,,,,,,,,,,,,,,,,,,,,,,,,,,,1.6400041358048825,0.7844041065202749,,,,,,,,,,,,,,,,,,,,,,,,,,,,0.55510634269725,0.77384287235844,,,,,,,,0.7084441203144825,,,,
1213,,,,,,,,,,,,,,,,,,,,,,,,,,,,,1.8907235490625958,0.7872591870537207,,,,,,,,,,,,,,,,,,,,,,,,,,,,0.864796131274808,1.0462879604454416,,,,,,,,1.118823547741341,,,,
1214,,,,,,,,,,,,,,,,,,,,,,,,,,,,,2.2662442751293526,0.9446877955188153,,,,,,,,,,,,,,,,,,,,,,,,,,,,0.7988313251660017,0.8930613725548493,,,,,,,,0.8966767835272679,,,,
1215,,,,,,,,,,,,,,,,,,,,,,,,,,,,,2.0420063431337607,0.9832011169022159,,,,,,,,,,,,,,,,,,,,,,,,,,,,0.5584213296578566,0.5448954701421858,,,,,,,,0.6679028859314343,,,,
1216,,,,,,,,,,,,,,,,,,,,,,,,,,,,,1.9803978768391348,1.435585719718801,,,,,,,,,,,,,,,,,,,,,,,,,,,,0.8354011191337888,0.9856117006798233,,,,,,,,0.9817115157180976,,,,
1217,,,,,,,,,,,,,,,,,,,,,,,,,,,,,1.9166513588629388,1.6108176719881138,,,,,,,,,,,,,,,,,,,,,,,,,,,,0.8926381542240356,1.0418301488391273,,,,,,,,1.327110620524361,,,,
1218,,,,,,,,,,,,,,,,,,,,,,,,,,,,,1.8195456088565032,1.8572828726274222,,,,,,,,,,,,,,,,,,,,,,,,,,,,0.6345860464014721,0.9083552837191883,,,,,,,,1.0177549686692071,,,,
1219,,,,,,,,,,,,,,,,,,,,,,,,,,,,,1.7188463141480295,1.582465199654338,,,,,,,,,,,,,,,,,,,,,,,,,,,,0.8315116407370228,1.3538029270541359,,,,,,,,1.288053392392657,,,,
1220,,,,,,,,,,,,,,,,,,,,,,,,,,,,,1.4612595190363122,1.1334786238158951,,,,,,,,,,,,,,,,,,,,,,,,,,,,0.808098696026931,1.092436169883701,,,,,,,,1.1865471208874026,,,,
1221,,,,,,,,,,,,,,,,,,,,,,,,,,,,,1.4994433637436875,1.4156158743041642,,,,,,,,,,,,,,,,,,,,,,,,,,,,0.9315497257331097,0.7884994785712185,,,,,,,,1.51229528905445,,,,
1222,,,,,,,,,,,,,,,,,,,,,,,,,,,,,1.0217983461113194,0.9811622613492735,,,,,,,,,,,,,,,,,,,,,,,,,,,,0.6464967744367678,0.5378127343168887,,,,,,,,0.6951215354683449,,,,
1223,,,,,,,,,,,,,,,,,,,,,,,,,,,,,1.2339438263735099,1.1771120132896284,,,,,,,,,,,,,,,,,,,,,,,,,,,,0.8666221488116556,0.638701585835784,,,,,,,,0.8226198938638678,,,,
1224,,,,,,,,,,,,,,,,,,,,,,,,,,,,,1.4791667687647112,1.2494922393171966,,,,,,,,,,,,,,,,,,,,,,,,,,,,0.9656145131977253,0.9778820684711482,,,,,,,,0.7860259879979122,,,,
1225,,,,,,,,,,,,,,,,,,,,,,,,,,,,,1.4548179258541174,1.4110373339327196,,,,,,,,,,,,,,,,,,,,,,,,,,,,1.0477868562122572,0.9644115048500148,,,,,,,,0.7513469851512494,,,,
1226,,,,,,,,,,,,,,,,,,,,,,,,,,,,,1.222055486223608,1.131114717120949,,,,,,,,,,,,,,,,,,,,,,,,,,,,0.8743773117065278,0.8682740328652667,,,,,,,,0.6574608430347029,,,,
1227,,,,,,,,,,,,,,,,,,,,,,,,,,,,,1.7647367787788326,1.454216979390641,,,,,,,,,,,,,,,,,,,,,,,,,,,,1.0974724522798154,1.0258373477452953,,,,,,,,0.8250567504805391,,,,
1228,,,,,,,,,,,,,,,,,,,,,,,,,,,,,1.4005180197766063,1.1035432882938045,,,,,,,,,,,,,,,,,,,,,,,,,,,,0.881432383449478,0.8635381091290609,,,,,,,,0.6653127720519689,,,,
1229,,,,,,,,,,,,,,,,,,,,,,,,,,,,,1.03277106137536,0.9112441677794461,,,,,,,,,,,,,,,,,,,,,,,,,,,,0.9558256470489186,0.7308538424594289,,,,,,,,0.5467112295386527,,,,
1230,,,,,,,,,,,,,,,,,,,,,,,,,,,,,1.1065687844832073,0.7535243428399698,,,,,,,,,,,,,,,,,,,,,,,,,,,,0.7889666973413517,0.6718734491378867,,,,,,,,0.6094914442417726,,,,
1231,,,,,,,,,,,,,,,,,,,,,,,,,,,,,0.8640236741401149,0.7729582526518266,,,,,,,,,,,,,,,,,,,,,,,,,,,,0.8800821960545018,0.7312917538367305,,,,,,,,0.6997899189434448,,,,
1232,,,,,,,,,,,,,,,,,,,,,,,,,,,,,0.9687222506689523,0.9356231017201636,,,,,,,,,,,,,,,,,,,,,,,,,,,,0.721313147665328,0.7315502071317849,,,,,,,,0.7589668676294951,,,,
1233,,,,,,,,,,,,,,,,,,,,,,,,,,,,,1.4802613863826735,1.3690627904099641,,,,,,,,,,,,,,,,,,,,,,,,,,,,0.8616685209042036,0.8861600787133473,,,,,,,,1.351696309262793,,,,
1234,,,,,,,,,,,,,,,,,,,,,,,,,,,,,1.4021520631256847,1.3545387514242457,,,,,,,,,,,,,,,,,,,,,,,,,,,,1.0241799555440652,1.1311040895828095,,,,,,,,1.1109503179119142,,,,
1235,,,,,,,,,,,,,,,,,,,,,,,,,,,,,1.35858199940088,1.4301784197315686,,,,,,,,,,,,,,,,,,,,,,,,,,,,0.8739167133297449,0.8580080570782215,,,,,,,,0.9609692507737924,,,,
1236,,,,,,,,,,,,,,,,,,,,,,,,,,,,,1.3130242652621993,1.3420144998014325,,,,,,,,,,,,,,,,,,,,,,,,,,,,0.970705150652079,0.8645060506130648,,,,,,,,0.8538802486511313,,,,
1237,,,,,,,,,,,,,,,,,,,,,,,,,,,,,1.66009002487415,1.743239219384787,,,,,,,,,,,,,,,,,,,,,,,,,,,,1.0138446747335652,0.980098085120467,,,,,,,,1.2417849715115092,,,,
1238,,,,,,,,,,,,,,,,,,,,,,,,,,,,,1.2023299215694012,1.2915849383683546,,,,,,,,,,,,,,,,,,,,,,,,,,,,0.6153378495384334,0.43287310632789144,,,,,,,,0.7130636142428284,,,,
1239,,,,,,,,,,,,,,,,,,,,,,,0.957931792261658,,,,,,1.259187395330908,1.4776949321115855,,,,,,,,,,,,,,,,,,,,,,,,,,,,0.5929381381543957,0.5380681904395976,,,,,,,,1.040571396978976,,,,
1240,,,,,,,,,,,,,,,,,,,,,,,0.9088681197653461,,,,,,1.1069576633976297,1.2267091998717825,,,,,,,,,,,,,,,,,,,,,,,,,,,,0.6916158739115132,0.39374612880977855,,,,,,,,0.8595197192967003,,,,
1241,,,,,,,,,,,,,,,,,,,,,,,0.6145684777864979,,,,,,0.848710386316318,1.120086841957003,,,,,,,,,,,,,,,,,,,,,,,,,,,,0.5872619763556044,0.3195927821706492,,,,,0.8338919063405973,,,0.7227934850413004,,,,
1242,,,,,,,,,,,,,,,,,,,,,,,0.8728999841032252,,,,,,0.9546781120982077,1.012670453633094,,,,,,,,,,,,,,,,,,,,,,,,,,,,0.5165659143787531,0.047470731907897204,,,,,0.7799071027716146,,,0.7257736093853786,,,,
1243,,,,,,,,,,,,,,,,,,,,,,,0.5539261693824508,,,,,,0.8868761009051784,1.1268134420383964,,,,,,,,,,,,,,,,,,,,,,,,,,,,0.6565683218006886,,,,,,0.6870875581653048,,,0.7177972688082677,,,,
1244,,,,,,,,,,,,,,,,,,,,,,,0.43159476553625126,,,,,,1.2904218178827114,1.3179349250672945,,,,,,,,,,,,,,,,,,,,,,,,,,,,0.8270107065184236,0.353888566215667,,,,,0.9687960386948472,0.9161757910605088,,0.8802772895998447,,,,
1245,,,,,,,,,,,,,,,,,,,,,,,0.5430380495324898,0.9947753227332603,,,,,0.9786973945806569,1.1381577364655766,,,,,,,,,,,,,,,,,,,,,,,,,,,,0.7231690389722161,0.30930980248944445,,,,,1.354041747379324,1.2257437615213722,,1.082962193041858,,,,
1246,,,,,,,,,,,,,,,,,,,,,,,0.4814785664952769,1.2773281683188649,,,,,1.243973581353543,1.19987331665973,,,,,,,,,,,,,,,,,,,,,,,,,,,,0.5360511323445537,0.15218730209344197,,,,,0.968005402702735,1.6261481922230734,,1.0348993935166673,,,,
1247,,,,,,,,,,,,,,,,,,,,,,,0.6067212446442997,1.474964346687595,,,,,1.4406445535783512,1.2999274109030967,,,,,,,,,,,,,,,,,,,,,,,,,,,,0.8542688028739683,0.49762523258263247,,,,,1.2687343520895444,1.9252977114164096,,1.1878020778441833,,,,
1248,,,,,,,,,,,,,,,,,,,,,,,0.32276226218976173,1.3032027931681955,,,,,1.7246512599026091,1.607419318609774,,,,,,,,,,,,,,,,,,,,,,,,,,,,0.7888889433411792,0.5704399637849505,,,,,1.3580164696020633,1.8513443527804576,,1.058634209434057,,,,
1249,,,,,,,,,,,,,,,,,,,,,,,0.5728703735408041,1.6002311559937465,,,,,2.1694699009215563,1.4810868355263926,,,,,,,,,,,,,,,,,,,,,,,,,,,,0.807344013798164,0.8696135496729684,,,,,1.2543033078054602,1.4933178887554295,,0.7562422332262155,,,,
1250,,,,,,,,,,,,,,,,,,,,,,,0.7502165711298389,2.1209799906352917,,,,,2.2975767691519278,1.695849645998721,,,,,,,,,,,,,,,,,,,,,,,,,,,,1.0033718728993832,0.9542349917610088,,,,,1.3916019073643187,2.0808230716176768,,1.0535645836733258,,,,
1251,,,,,,,,,,,,,,,,,,,,,,,1.206236570720397,2.3943041274841597,,,,,2.429606416786803,1.8937820570460018,,,,,,,,,,,,,,,,,,,,,,,,,,,,1.427979668699936,0.9878625099412707,,,,,1.7983148247672196,2.4061582720494736,,1.3201668930803747,,,,
1252,,,,,,,,,,,,,,,,,,,,,,,1.0975966321513806,1.9259142659811077,,,,,2.2248856618826705,1.8059081636029677,,,,,,,,,,,,,,,,,,,,,,,,,,,,0.9657060299157297,0.684478161349037,,,,,1.464172674655069,2.0640904384123417,,0.8162678856266519,,,,
1253,,,,,,,,,,,,,,,,,,,,,,,0.9890630240386368,1.9687485285396664,,,,,2.3406467839040674,1.868628899122009,,,,,,,,,,,,,,,,,,,,,,,,,,,,1.4639119965209466,1.1454407635800128,,,,,1.5542860812303452,3.060034524222164,,1.4913682784692666,,,,
1254,,,,,,,,,,,,,,,,,,,,,,,0.4849135839665826,1.2413933161144681,,,,,1.9196929686637327,1.4851605778628953,,,,,,,,,,,,,,,,,,,,,,,,,,,,1.0190342388449833,0.8163334463049009,,,,,1.3839810407701891,2.557990754897416,,1.0386449207926127,,0.9935472050508736,,
1255,,,,,,,,,,,,,,,,,,,,,,,0.6675381412001964,1.0585648206732248,,,,,1.6537711452085595,1.4115971985186913,,,,,,,,,,,,,,,,,,,,,,,,,,,,0.6530025075712792,0.5366711670619607,,,,,1.000475289700621,1.351640188985593,,0.6036327086586658,,0.9027271189561208,,
1256,,,,,,,,,,,,,,,,,,,,,,,0.45191714327175586,0.8752526663181454,,,,,1.3674491486679314,1.2782738146640515,,,,,,,,,,,,,,,,,,,,,,,,,,,,0.6530524138130352,0.5472604899246469,,,,,0.5385092958786785,0.7526413602724145,,0.38676519084276545,,0.8026264319891663,,
1257,,,,,,,,,,,,,,,,,,,,,,,0.896536137430254,1.4324059277304715,,,,,1.6212585675907472,1.4516759509548816,,,,,,,,,,,,,,,,,,,,,,,,,,,,1.0832821963982293,0.8645071275754294,,,,,1.2323781068311317,1.2893606414467944,,0.6460859834024966,,1.004449700017373,,
1258,,,,,,,,,,,,,,,,,,,,,,,0.6672966673500016,1.021900312692665,,,,,1.2281151346246495,1.0266022162134774,,,,,,,,,,,,,,,,,,,,,,,,,,,,0.913932850784332,0.7093209429687345,,,,,1.164655037803211,0.8926927806707695,,0.5714344804328686,,0.8665867183227673,,
1259,,,,,,,,,,,,,,,,,,,,,,,0.7104688069588486,0.9637024336786717,,,,,1.1043149823243756,0.9889061254617817,,,,,,,,,,,,,,,,,,,,,,,,,,,,0.7421254171727307,0.6047057022584174,,,,,0.9783937847608424,0.8511509486992384,,0.559657062537476,,0.7682386826545272,,
1260,,,,,,,,,,,,,,,,,,,,,,,0.5422593541260912,0.9698271679331651,,,,,1.1606611890174552,0.8542270101274672,,,,,,,,,,,,,,,,,,,,,,,,,,,,0.8116877276166322,0.7028847578644226,,,,,0.8321581969305902,0.7573990448232998,,0.6844860600375372,,0.7701266884278947,,
1261,,,,,,,,,,,,,,,,,,,,,,,0.5589298354398659,0.7188872289848269,,,,,1.1984769633270411,0.9329525100627439,,,,,,,,,,,,,,,,,,,,,,,,,,,,0.8899451679737711,0.9094960342066515,,,,,0.8394057385921211,0.883175217136803,,0.5739022079462758,,0.7456744978542237,,
1262,,,,,,,,,,,,,,,,,,,,,,,0.8834117414663909,0.8392746946475467,,,,,1.1278629039272958,1.0305641976189825,,,,,,,,,,,,,,,,,,,,,,,,,,,,0.42253308672296097,0.5195422634527942,,,,,0.5911949543764945,0.589894791874399,,0.4841469971374303,,0.6785372287042372,,
1263,,,,,,,,,,,,,,,,,,,,,,,1.0092649248582946,0.9355159694924389,,,,,1.1310751332212134,1.1101013496692125,,,,,,,,,,,,,,,,,,,,,,,,,,,,0.38465587555998976,0.4541770629773872,,,,,0.5003752812509275,0.4828087652002953,,0.220713999392394,,0.5114540462391608,,
1264,,,,,,,,,,,,,,,,,,,,,,,1.2712572022491062,1.2299193476647088,,,,,1.2999455700133813,1.0342861797177825,,,,,,,,,,,,,,,,,,,,,,,,,,,,0.9651287127748084,0.8878712205905086,,,,,0.9302593338168812,1.168326482554551,,0.5694987235068002,,0.774620374657348,,
1265,,,,,,,,,,,,,,,,,,,,,,,1.3471545294157592,1.3814671246422054,,,,,1.413880111978512,1.0161071359331735,,,,,,,,,,,,,,,,,,,,,,,,,,,,0.9699547272186492,0.7973418867889576,,,,,1.252834193390763,1.6889395005341912,,1.0468382816505037,,0.7127057425733468,,
1266,,,,,,,,,,,,,,,,,,,,,,,0.8073280342830225,1.0183895187246104,,,,,2.20946280792675,1.4873020508621269,,,,,,,,,,,,,,,,,,,,,,,,,,,,1.1855366373874108,1.0062304250804586,,,,,1.2563807881802338,1.7273593485736807,,0.8202763152784442,,0.8657260387774517,,
1267,,,,,,,,,,,,,,,,,,,,,,,1.237750886029867,0.9581654321826271,,,,,1.6994563388120079,1.1583854948044954,,,,,,,,,,,,,,,,,,,,,,,,,,,,0.4747395598963014,0.39157601589773716,,,,,0.7715521395744801,1.026631523795033,,0.6239314250953693,,0.7910265383435813,,
1268,,,,,,,,,,,,,,,,,,,,,,,0.9962815009162075,0.9771069261673716,,,,,1.44787217120069,1.1221054967484658,,,,,,,,,,,,,,,,,,,,,,,,,,,,0.8963200194482617,0.5492322656664254,,,,,1.0125809243549775,1.2339945814600748,,1.0399291501902606,,0.7291169728489949,,
1269,,,,,,,,,,,,,,,,,,,,,,,1.1146654776080684,1.0227217905230717,,,,,1.959123972604681,1.5210933188541882,,,,,,,,,,,,,,,,,,,,,,,,,,,,1.2792973086304298,0.931668052924859,,,,,1.0149557265444908,1.3753921007312138,,0.7624230054856513,,0.7809660878619697,,
1270,,,,,,,,,,,,,,,,,,,,,,,1.1371228200115566,0.9061088569222353,,,,,1.8373060161352115,1.4874794638997397,,,,,,,,,,,,,,,,,,,,,,,,,,,,1.2667505624205797,0.8199186022108185,,,,,1.152642347587779,1.45601550148976,,0.7822693582883348,,0.7676688623802258,,
1271,,,,,,,,,,,,,,,,,,,,,,,1.5422662278125516,1.0886097207400074,,,,,1.9969899355902647,1.5129644117685797,,,,,,,,,,,,,,,,,,,,,,,,,,,,1.2421167065608467,1.1812338547743295,,,,,1.3375985731296818,1.9526391608845308,,0.76563330429848,,0.7902094048066132,,
1272,,,,,,,,,,,,,,,,,,,,,,,1.2426582939976938,1.0125809243549775,,,,,1.834349104766448,,,,,,,,,,,,,,,,,,,,,,,,,,,,,1.3744414632489161,1.3698351703682088,,,,,1.3041816046799213,1.864878001618333,,0.8513648283566856,,0.7782973135082929,,
1273,,,,,,,,,,,,,,,,,,,,,,,1.5417814671697292,1.3065148241426372,,,,,2.2216302532895886,,,,,,,,,,,,,,,,,,,,,,,,,,,,,1.1552868171574142,1.4237225500951067,,,,,1.4248276067956323,1.8140625662515946,,0.9584680999267623,,0.8046812753338255,,
1274,,,,,,,,,,,,,,,,,,,,,,,1.002388892660149,0.8994207994382429,,,,,1.733958626807681,,,,,,,,,,,,,,,,,,,,,,,,,,,,,0.9137286074242666,1.1149641186308872,,,,,1.1569577219978529,1.6928981941172538,,0.7589476305144259,,0.7709902238479356,,
1275,,,,,,,,,,,,,,,,,,,,,,,1.0997274077136052,0.9474656559668581,,,,,1.5877162700486682,,,,,,,,,,,,,,,,,,,,,,,,,,,,,0.9665222606925603,0.9276306113940164,,,,,1.2002840767779293,1.7365690473509823,,1.0174888840094836,,0.8252922853040997,,
1276,,,,,,,,,,,,,,,,,,,,,,,1.3001834590164831,0.8984674133424645,,,,,1.5753666959089718,,,,,,,,,,,,,,,,,,,,,,,,,,,,,0.8561360026924516,0.592766895926188,,,,,1.0895531441958142,1.7346957755029249,,0.6857186160484595,,0.8596873183194127,,
1277,,,,,,,,,,,,,,,,,,,,,,,1.0719062640354873,0.9479985070040454,,,,,1.3870235127503572,,,,,,,,,,,,,,,,,,,,,,,,,,,,,1.0059420910977022,0.908868012667019,0.9554755568968846,,,,0.9721590284188271,1.6982996684635148,,1.004028358967877,,0.744207467053505,,
1278,,,,,,,,,,,,,,,,,,,,,,,1.5758652244276954,0.6427542899988071,,,,,1.3694337795878646,,,,,,,,,,,,,,,,,,,,,,,,,,,,,0.8611706775313941,0.6605101491174471,0.7700815014768541,,,,1.1686876319114072,1.8357285880133036,,0.8032857605470543,,0.8181774324184573,,
1279,,,,,,,,,,,,,,,,,,,,,,,1.3159596433528677,0.4610935228918816,,,,,1.2569016151193828,,,,,,,,,,,,,,,,,,,,,,,,,,,,,0.8880032018837264,0.6918569752908432,0.6834001472985858,,,,0.8307273546275028,1.3365185235468653,,0.5985066335366588,,0.7789831366973246,,
1280,,,,,,,,,,,,,,,,,,,,,,,0.7769253209138144,0.27602012986293956,,,,,1.1620671042400468,,,,,,,,,,,,,,,,,,,,,,,,,,,,,0.831265140374453,0.5535280388682986,0.6356187208188274,,,,0.932011718447237,1.450173874971674,,0.669783620392355,,0.6436404973875294,,
1281,,,,,,,,,,,,,,,,,,,,,,,0.7359941218033684,0.41056489887974595,,,,,1.0258510053414496,,,,,,,,,,,,,,,,,,,,,,,,,,,,,0.9187131883014233,0.5563616430580742,0.5539261693824508,,,,0.8863820126491729,1.07856127850231,,0.44428269959664674,,0.6513358378283368,,
1282,,,,,,,,,,,,,,,,,,,,,,,0.956032438551722,0.4432443610283465,,,,,1.1040816287578905,,,,,,,,,,,,,,,,,,,,,,,,0.9800379105446194,,,,,1.1233641378478412,0.6227170319206873,0.6103983112584125,,,,0.79063576775347,1.0510636422347972,,0.6155373207018299,,0.7110191200860458,,
1283,,,,,,,,,,,,,,,,,,,,,,,1.0529869311897837,0.5806158930192223,,,,,1.337931816801234,,,,,,,,,,,,,,,,,,,,,,,,0.983788329637895,,,,,1.127849563914895,0.7084284592472324,0.6948418679245267,,,,0.7666605435451755,0.9410166625868238,,0.7841709464866451,,0.6807923589594085,,
1284,,,,,,,,,,,,,,,,,,,,,,,1.3524423208102039,0.6903790507016571,,,,,1.3395832658817097,,,,,,,,,,,,,,,,,,,,,,,,1.15293046432747,,,,,1.0953739971352232,1.159097402752506,0.922216638902492,,,,1.0778494750768608,1.4596563860178362,,0.7996326274169103,,0.6590459636357703,,
1285,,,,,,,,,,,,,,,,,,,,,,,2.5927874831401265,0.8319285101656062,,,,,1.652103403236109,,,,,,,,,,,,,,,,,,,,,,,,1.4605706776262415,,,,,1.6615248809761252,1.4501994470053385,1.1948693899627534,,,,1.4494055405788788,1.9758277278925829,,0.5792459278848074,,0.939179218009545,,
1286,,,,,,,,,,,,,,,,,,,,,,,1.9335568703337274,0.7159900016264563,,,,,1.302788702650412,,,,,,,,,,,,,,,,,,,,,,,,1.1878638965645887,,,,,1.1296820376433074,1.5637727092614948,0.9856662929948877,,,,1.0337633831480295,1.2036570533659257,,0.8387080737671364,,0.9310194292666595,,
1287,,,,,,,,,,,,,,,,,,,,,,,1.5661594719356084,0.5213291696107194,,,,,0.8958712646453294,,,,,,,,,,,,,,,,,,,,,,,,0.9532078678843492,,,,,1.023440564092098,1.0227828138053676,0.706125003907904,,,,0.5263670974808571,0.8249634752018893,,0.5881522883110137,,0.7355965763319682,,
1288,,,,,,,,,,,,,,,,,,,,,,,1.3201165785749571,0.6167951216462724,,,,,0.780593343183232,,,,,,,,,,,,,,,,,,,,,,,,1.1872786446596708,,,,,1.1534728297301835,0.9967958433824312,0.8152353406277583,,,,0.6303709796779062,1.0839571350483066,,0.8549923726214059,,1.0144057503621395,,
1289,,,,,,,,,,,,,,,,,,,,,,,1.5187659665510016,0.5729487713826764,,,,,1.0161071359331735,,,,,,,,,,,,,,,,,,,,,,,,0.9530806495752662,,,,,1.0117505736365717,0.7313042916465482,0.8895994709062929,,,,0.8811624503718526,1.2374069969711752,,0.7182298544634182,,0.8716425153566513,,
1290,,,,,,,,,,,,,,,,,,,,,,,0.8522229048664635,0.6062672472597466,,,,,0.802360316912463,,,,,,,,,,,,,,,,,,,,,,,,0.7701645187117436,,,,,1.169174069194572,0.6023033603749293,0.7885033276949573,,,,0.858871027024671,1.272964939011568,,0.6436856519377131,,0.6935614184647136,,
1291,,,,,,,,,,,,,,,,,,,,,,,0.7447513011360211,0.5935296648152096,,,,,0.7460787932639124,,,,,,,,,,,,,,,,,,,,,,,,0.7460773829847953,,,,,1.2007028480737012,0.6610304358213829,0.7620857403169495,,,,0.8361206321117619,1.746489173122578,,0.8959373752632428,,0.788974962630457,,
1292,,,,,,,,,,,,,,,,,,,,,,,1.38423292652339,0.7702787532223792,,,,,1.1024194354020018,,,,,,,,,,,,,,,,,,,,,,,,0.9688981535103164,,,,,1.3327848960539683,0.673374252583875,1.0642577079687627,,,,0.9374451953531097,1.9964578319017556,,1.1512239931563324,,0.8515699764281927,,
1293,,,,,,,,,,,,,,,,,,,,,,,0.9671982955737497,0.6169719131867549,,,,,1.1062496864394098,,,,,,,,,,,,,,,,,,,,,,,,0.9140138558265204,,,,,0.7463329419446404,0.35118085754353495,0.9473906696264326,,,,0.7107517852145939,1.8258961833783744,,0.5092283328687068,,0.6483559780502518,,
1294,,,,,,,,,,,,,,,,,,,,,,,1.0570209284615713,0.779345931929794,,,,,1.110651333045139,,,,,,,,,,,,,,,,,,,,,,,,1.1861326278750572,,,,,1.0217671212180515,0.6159908544957297,1.1065514050968424,,,,1.0878442293148525,2.273352846774236,,1.231578600737799,,0.8001639670501921,,
1295,,,,,,,,,,,,,,,,,,,,,,,1.5286572696325111,0.7833634985368324,,,,,1.5129644117685797,,,,,,,,,,,,,,,,,,,,,,,,1.0383011819087198,,,,,0.941976384712389,0.6375084525393433,1.1590003399822995,,,,1.1114583803372922,2.1643245848118107,,1.1747626746354332,,1.1135929599764673,,
1296,,,,,,,,,,,,,,,,,,,,,,,1.185849651680959,0.6271074205621145,,,,,1.3988454154192236,,,,,,,,,,,,,,,,,,,,,,,,1.252813163782273,,,,,0.7942542515483589,0.5447910414868484,0.9525332820211787,,,,1.208967686927922,1.9055919161676016,,,,1.0687247977019745,,
1297,,,,,,,,,,,,,,,,,,,,,,,1.12701719190499,0.6314195813979309,,,,,1.2227102774882064,,,,,,,,,,,,,,,,,,,,,,,,1.4866429613712333,,,,,1.1108151266447943,0.5463246772417063,0.7012590261279006,,,,1.018550985092097,2.102405538990231,,,0.5526529570740335,1.023879901932812,,
1298,,,,,,,,,,,,,,,,,,,,,,,1.1994312829147424,0.928250315433332,,,,,1.4056574929662358,,,,,,,,,,,,,,,,,,,,,,,,1.274741104253452,,,,,1.0479969722464006,0.857968371638232,0.9112602316899434,,,,0.9386584566826747,1.5196488474523153,,,0.6951612916043052,1.3719800309325711,,
1299,,,,,,,,,,,,,,,,,,,,,,,0.815149199640528,0.7213004238177116,,,,,1.287577472624587,,,,,,,,,,,,,,,,,,,,,,,,1.0084208254149754,,,,,0.8378550919052008,0.5863946990215194,0.9102571605734958,,,,1.1572952657173627,1.5112096086599025,,,0.6969206538098885,1.2980337216971496,,
1300,,,,,,,,,,,,,,,,,,,,,,,0.7161950537793814,0.5780583202524217,,,,,1.0262434276278143,,,,,,,,,,,,,,,,,,,,,,,,0.8419643725431951,,,,,0.724284444338637,0.34830351461436276,0.5246930343254927,,,,0.805815101338496,1.2860660072777865,,,0.5052984415020079,1.1730020480953223,,
1301,,,,,,,,,,,,,,,,,,,,,,,0.9412881584337964,0.8640236741401149,,,,,1.107998111095701,,,,,,,,,,,,,,,,,,,,,,,,0.9224395107485316,,,,,1.0460468991992278,0.4650138083621947,0.619015820579754,,,,0.7896757871517616,0.9703924614459678,,,0.6351686742252102,1.2465939822558096,,
1302,,,,,,,,,,,,,,,,,,,,,,,1.0992730711491667,0.801701172967409,,,,,1.272097997449278,,,,,,,,,,,,,,,,,,,,,,,,0.8591409832298669,,,,,0.6442125103976716,0.4102687517070607,0.6383334036825299,,,,0.7912250117943643,0.9554414403015438,,,0.5536744277879337,1.0409423560945763,,
1303,,,,,,,,,,,,,,,,,,,,,,,1.1384433985183553,0.8746999101352162,,,,,1.2728556892801939,,,,,,,,,,,,,,,,,,,,,,,,0.7485824254521161,,,,,0.5375671523125976,0.34092938174724385,0.5238934281061286,,,,0.6332302156736448,0.8142618005139519,,,0.566487419853211,1.0497312552523757,,
1304,,,,,,,,,,,,,,,,,,,,,,,1.7988062030211482,1.3007916730202136,,,,,1.5167498758115483,,,,,,,,,,,,,,,,,,,,,,,,1.5104413410101136,,,,,0.949021468462705,0.7158692703559905,0.9250063579242768,,,,1.058050330981073,1.4570791943574437,,,0.7271560914505593,1.4084555963488763,,
1305,,,,,,,,,,,,,,,,,,,,,,,1.4722527109568782,0.883078299610572,,,,,1.4139037736261248,,,,,,,,,,,,,,,,,,,,,,,,1.3625956860799786,,,,,0.6871266167853105,0.6413563624931341,0.8733020140321839,,,,0.8348584922467939,1.4153378443735394,,,0.5014736817978396,0.995332034174228,,
1306,,,,,,,,,,,,,,,,,,,,,,,2.2391541174667053,1.1083971070395189,,,,,1.4955264758857778,,,,,,,,,,,,,,,,,,,,,,,,1.7736148946176429,,,,,0.6624489772547345,0.7796165818562921,0.9672232904728181,,,,0.7696815003311643,1.418777969712031,,,0.625662231321692,1.1041747551625356,,
1307,,,,,,,,,,,,,,,,,,,,,,,1.7215830194041697,0.8728308378204294,,,,,1.4970904538750143,,,,,,,,,,,,,,,,,,,,,,,,1.6756251846666412,,,,,0.9869670938432291,0.9086149566640455,1.044998885257564,,,,0.9716867892315396,1.6403215358553973,,,0.6949166705125406,1.161127148954326,,
1308,,,,,,,,,,,,,,,,,,,,,,,2.197204716935427,1.3740913389364586,,,,,1.4979116467117906,,,,,,,,,,,,,,,,,,,,,,,,1.8138959471830371,,,,,0.7241515335853301,0.6472085184540852,1.1132572793446476,,,,0.86094607927402,1.6145197288078494,,,0.8452440034729518,1.201620933314506,,
1309,,,,,,,,,,,,,,,,,,,,,,,1.572906527004627,1.2936856801344947,,,,,1.171547053480487,,,,,,,,,,,,,,,,,,,,,,,,1.3765627160825775,,,,,0.8046715399291166,0.6020544141626327,1.1319385158257258,,,,0.652114780077337,1.3491046522658612,,,0.5930663139375286,0.8406619571670934,,
1310,,,,,,,,,,,,,,,,,,,,,,,1.576867920025618,0.951291741982338,,,,,0.9883671075583473,,,,,,,,,,,,,,,,,,,,,,,,1.0795938283704951,,,,,0.7991733683422676,0.7205687127684428,0.7984436624651848,,,,0.5684831251753566,1.6645115943877173,,,0.6068321609940391,1.2262489836834707,,
1311,,,,,,,,,,,,,,,,,,,,,,,1.6866082578478259,1.316367129796738,,,,,1.3535174673056938,,,,,,,,,,,,,,,,,,,,,,,,1.5165618402835606,,,,,1.1451571817640296,0.8283499599528337,1.0172875848802136,,,,0.8196590679613,2.397109950559318,,,0.7126325891150178,1.7136362572178367,,
1312,,,,,,,,,,,,,,,,,,,,,,,0.703939289756167,0.5554490834025936,,,,,0.991335291267114,,,,,,,,,,,,,,,,,,,,,,,,1.3473518960587525,,,,,1.0830732636667344,0.7322117231671162,0.7641399384626643,,,,0.7954422618795896,1.4520422436388705,,,0.7579964970425,1.4264336996051217,,
1313,,,,,,,,,,,,,,,,,,,,,,,0.6173288335955648,0.4173534592494957,,,,,0.828941503530785,,,,,,,,,,,,,,,,,,,,,,,,0.8689864513421649,,,,,0.7112749951532213,0.6276480652772329,0.6671679606795872,,,,0.6359918638967843,1.2067187810470759,,,0.5776772375770931,1.2889662941745754,,
1314,,,,,,,,,,,,,,,,,,,,,,,0.51253635619543,0.5231439802227208,,,,,0.9108365904607275,,,,,,,,,,,,,,,,,,,,,,,,1.034308818835757,,,,,0.7514789309619166,0.8175408696477943,0.7446505265276222,,,,0.6018680927415229,1.401634482953012,,,0.5565036821432194,1.3500908619046246,,
1315,,,,,,,,,,,,,,,,,,,,,,,1.170467324875394,1.0311276121474775,,,,,1.357684020706607,,,,,,,,,,,,,,,,,,,,,,,,1.4497680096639758,,,,,0.7735659066999513,0.7802882051688287,0.8262610785273549,,,,0.8695517570360384,1.7363067874948748,,,0.8406650448077889,1.7990137660410652,,
1316,,,,,,,,,,,,,,,,,,,,,,,1.4061277383098478,0.9811622613492735,,,,,1.419775682382849,,,,,,,,,,,,,,,,,,,,,,,,1.3126756229828254,,,,,0.8405948194940263,0.9896921767292236,1.0130562157035186,,,,1.1010694824474239,1.665525654624728,,,0.8936541643138257,1.9784165657263064,,
1317,,,,,,,,,,,,,,,,,,,,,,,0.8040389715700995,0.5973404246544384,,,,,1.0357455606796913,,,,,,,,,,,,,,,,,,,,,,,,1.0866476691446252,,,,,0.7743747805075868,1.218635397788541,0.7260466997808925,,,,0.8512489635457411,1.157980131648895,,,0.6157396326976687,1.2229412916534481,,
1318,,,,,,,,,,,,,,,,,,,,,,,1.255873904733283,0.8271286654634963,,,,,1.0755454192794542,,,,,,,,,,,,,,,,,,,,,,,,1.1745088714381304,,,,,0.8131554402651909,1.344305456562765,0.697709405840249,,,,0.9362318865202278,1.6844258173821838,,,0.5740013650993258,1.3350836218987985,,
1319,,,,,,,,,,,,,,,,,,,,,,,1.276279905541388,0.8995363003821087,,,,,0.9117035152888091,,,,,,,,,,,,,,,,,,,,,,,,1.093336090536588,,,,,0.7345840367665867,0.9388979829092314,0.6685279939713931,,,,0.8701488425658632,1.3608723940361418,,,0.6015149657590937,1.2072757016430398,,
1320,,,,,,,,,,,,,,,,,,,,,,,1.3314636447556174,0.8836833727507414,,,,,0.9926290939246777,,,,,,,,,,,,,,,,,,,,,,,,1.1493217164380503,,,,,1.0431390097840498,1.2943516324788014,0.763283963037262,,,,0.7822300320910163,1.4932325568864875,,,0.6478352770753533,1.1587494866237076,,
1321,,,,,,,,,,,,,,,,,,,,,,,1.2970068540725976,1.0463268510249732,,,,,,,,,,,,,,,,,,,,,,,,,,,,,1.4708075427991822,,,,,0.9841815512241138,1.308566097905245,0.6844415052733593,,,,0.6812818087326565,1.4292665491934278,,,0.6351640593774867,1.2393457673420367,,
1322,,,,,,,,,,,,,,,,,,,,,,,1.1378125511963664,0.925552435343191,,,,,,,,,,,,,,,,,,,,,,,,,,,,,1.4097406754078998,,,,,0.6245135433035706,0.8503918793015003,0.6700030347921815,,,,0.6243484928786476,1.2578743021896668,,,0.5274364988054803,1.0851189940486887,,
1323,,,,,,,,,,,,,,,,,,,,,,,1.1767290795259742,0.9291117004810039,,,,,,,,,,,,,,,,,,,,,,,,,,,,,1.2522208113552067,0.29597636145520456,,,,1.0200027790947899,1.0745073674507408,0.7294167196544814,,,,0.816033479020676,1.5536954307128903,,,0.6177860165199542,1.1840492085707581,,
1324,,,,,,,,,,,,,,,,,,,,,,,0.7435485742143072,0.5741137850209295,,,,,,,,,,,,,,,,,,,,,,,,,,,,,1.0717914398761552,0.24072723172163224,,,,0.6539786548608622,0.789064661639595,0.6649549237001354,,,,0.5941909989581025,1.3140290295081052,,,0.5664979765985955,1.0975392210654509,,
1325,,,,,,,,,,,,,,,,,,,,,,,1.0532070283783088,0.8089097992867954,,,,,,,,,,,,,,,,,,,,,,,,,,,,,1.154948865282645,0.294992869337519,,,,0.7856713878678606,0.8141026947008994,0.5695125352493122,,,,0.6589682845345455,1.3764455246460099,,,0.45384199154428456,0.961889431215627,,
1326,,,,,,,,,,,,,,,,,,,,,,,0.945949532326119,0.6657318223778087,,,,,,,,,,,,,,,,,,,,,,,,,,,,,1.0901511758200113,0.28399985398288036,,,,0.8319117062684167,0.8323599374152543,0.5805331941926016,,,,0.6347365877439207,1.5996417866895372,,,0.5714781387199913,1.0435888595433422,,
1327,,,,,,,,,,,,,,,,,,,,,,,1.5689106686616832,1.4591327108316725,,,,,,,,,,,,,,,,,,,,,,,,,,,,,1.5809584370850314,0.3348175957156147,,,,1.0485906392641597,0.9509974363109437,0.9448323012964651,,,,1.018705418827985,2.2467282756956823,,,0.6102793489904174,1.5134694729757592,,
1328,,,,,,,,,,,,,,,,,,,,,,,1.3731819401549803,1.0836310011393966,,,,,,,,,,,,,,,,,,,,,,,,,,,,,1.2714030188410017,0.3243126381029545,,,,0.5541192879631524,0.5752329801312087,0.7830802918301276,,,,0.711281282960601,1.5225063936636065,,,0.6921006793403672,1.2487680405304566,,
1329,,,,,,,,,,,,,,,,,,,,,,,1.8362079376344311,1.4663854683323678,,,,,,,,,,,,,,,,,,,,,,,,,,,,,1.3016138932002652,0.5356329852206831,,,,0.7715874878931138,0.8649784048348771,1.0280806004812464,,,,1.1310751332212134,2.1762397294077283,,,0.8956463506471056,1.5552827360413048,,
1330,,,,,,,,,,,,,,,,,,,,,,,2.0805774774643564,1.5415031416638076,,,,,,,,,,,,,,,,,,,,,,,,,,,,,1.5028803013523515,0.35061516124271447,,,,0.9983649717399653,0.7780176345254679,1.1448420557011096,,,,1.473881949099679,2.2099188854075895,,,0.9398496062649224,1.4311623199612773,,
1331,,,,,,,,,,,,,,,,,,,,,,,1.9765416114444005,1.5434930588302802,,,,,,,,,,,,,,,,,,,,,,,,,,,,,1.3916891641603464,0.39994073881654857,,,,1.1410256972777135,0.7681400104859112,1.2622757416809955,,,,1.349612834161307,1.797304111419626,,,0.998555660512731,1.6659943836177438,,
1332,,,,,,,,,,,,,,,,,,,,,,,1.4849970986673742,1.1642455782475312,,,,,,,,,,,,,,,,,,,,,,,,,,,,,1.2469867935892434,0.3972458611566298,,,,0.7226411592920395,0.8897378920678511,1.0900528324759953,,,,1.0476536147586006,1.7714096038029006,,,0.7191050751692373,1.4401231357455562,,
1333,,,,,,,,,,,,,,,,,,,,,,,0.6343830006529444,0.5472944193005872,,,,,,,,,,,,,,,,,,,,,,,,,,,,,1.3362211961208132,0.4520694469463301,,,,0.6766694188206263,0.86054563214171,0.8241456584105711,,,,1.0270627438907352,1.5617655932695975,,,0.5982517097962012,1.211021265278523,,
1334,,,,,,,,,,,,,,,,,,,,,,,1.4998416458246626,1.0985455521239842,,,,,,,,,,,,,,,,,,,,,,,,,,,,,1.6659762801499252,0.7652209025524357,,,,1.044845227990253,1.3139297427413503,1.2142432348902215,,,,1.5054158087740506,2.6698463413204627,,,1.0829937221125934,1.941383518288309,,
1335,,,,,,,,,,,,,,,,,,,,,,,1.5260017432340702,1.2486213975914133,,,,,,,,,,,,,,,,,,,,,,,,,,,,,1.5780255362366646,0.4862641175716601,,,,0.8383727595997953,0.8722346499864553,1.4012019714281443,,,,1.3956426014364776,2.248128407065469,,,0.9423842571311993,1.6661288311401374,,
1336,,,,,,,,,,,,,,,,,,,,,,,1.5128652410444934,1.2152045443597128,,,,,,,,,,,,,,,,,,,,,,,,,,,,,1.2393252736504319,0.5576295533458738,,,,0.9043405616253061,0.6814611060300573,1.2061886422551071,,,,1.3311094606693878,2.105848072006183,,,0.9455191346566172,1.5365928423943414,,
1337,,,,,,,,,,,,,,,,,,,,,,,1.0253678092105796,0.9790346299677871,,,,,,,,,,,,,,,,,,,,,,,,,,,,,1.2353932101394614,0.5059437776813026,,,,0.657087777189037,0.6263609988883327,0.6487229047139202,,,,1.3093471747502206,2.247914358107738,,,0.6700806000061155,1.5477862799607716,,
1338,,,,,,,,,,,,,,,,,,,,,,,0.9717790106284805,1.039497969067162,,,,,,,,,,,,,,,,,,,,,,,,,,,,,1.3990537185114937,0.48618967234544197,,,,0.7549823294263364,0.5835958248070313,0.8986542698612715,,,,1.257569231618235,2.1494388728005642,,,0.821103427397149,1.6347482443260841,,
1339,,,,,,,,,,,,,,,,,,,,,,,1.0712302544906678,0.9329161774308005,,,,,,,,,,,,,,,,,,,,,,,,,,,,,1.6668703554614044,0.45443942689397987,,,,0.8774286283074042,0.8465953172169974,1.0987399958445405,,,,1.6234990312500843,2.4353678724077956,,,0.8985261570349456,1.8697526341828066,,
1340,,,,,,,,,,,,,,,,,,,,,,,1.0950719715464803,1.3311094606693878,,,,,,,,,,,,,,,,,,,,,,,,,,,,,1.5054931145596508,0.4945264739230929,,,,0.8113003899330565,0.7367709190765662,1.0820969294124612,,,,1.2575963666956806,1.9781504078960168,,,0.8018336581401541,1.7141852323950406,,
1341,,,,,,,,,,,,,,,,,,,,,,,0.9632107727433037,1.092692606266371,,,,,,,,,,,,,,,,,,,,,,,,,,,,,0.9983998425388912,0.37420638779697557,,,,0.4853788019655808,0.3339049377302666,0.7417131232771103,,,,1.004278363585001,1.705755559277666,,,0.6070159956270518,1.4807748448335785,,
1342,,,,,,,,,,,,,,,,,,,,,,,0.983677785337762,0.7186109894961342,,,,,,,,,,,,,,,,,,,,,,,,,,,,,0.8100545171427747,0.4958930135797071,,0.47650966076605555,0.49124707295469644,0.5905353151138134,0.6806940735985817,0.6347710351045782,,,,1.1853673797266289,1.7051486901316675,,,0.6482395951469597,1.45397884060856,,
1343,,,,,,,,,,,,,,,,,,,,,,,0.8121518128463704,0.8734614671053085,,,,,,,,,,,,,,,,,,,,,,,,,,,,,0.7963406907499313,0.40259899061001414,,0.3217884424034063,0.3831984504956594,0.3626553983037707,0.4599187914902865,0.5611880921765041,,,,1.1173244963822322,1.6291589295830409,,,0.6950544759020219,1.334732845830641,,
1344,,,,,,,,,,,,,,,,,,,,,,,0.4841946267666862,0.7812341065836803,,,,,,,,,,,,,,,,,,,,,,,,,,,,,0.8351793114830774,0.30816202319848596,,0.33555438887142786,0.3392417997381469,0.6158351929655143,0.42795123876542307,0.645709559455515,,,,0.7637968686152034,1.2567826378578013,,,0.6429469593223531,1.1347765054580785,,
1345,,,,,,,,,,,,,,,,,,,,,,,0.7935828531886685,0.9373264726793342,,,,,,,,,,,,,,,,,,,,,,,,,,,,,1.0168275908129794,0.32205004803916076,,0.28277041738555186,0.2741643612042524,0.6915334878378819,0.5339123689986813,0.5982066249242771,,,,0.8624278774511457,1.4447265308823742,,,0.7704239018511528,1.259393800518248,,
1346,,,,,,,,,,,,,,,,,,,,,,,0.7166845660358238,1.0374366046229815,,,,,,,,,,,,,,,,,,,,,,,,,,,,,0.9935506023432918,0.20612940634215784,,0.17356353307316788,0.1846420564608169,0.5373406916952959,0.4838314441132681,0.779484530531854,,,,0.9664524750263056,1.7800135080296253,,,0.7491263957937407,1.230258610487823,,
1347,,,,,,,,,,,,,,,,,,,,,,,0.8531739121631058,0.9054181263787054,,,,,,,,,,,,,,,,,,,,,,,,,,,,,0.7869777138217523,0.4333110744058278,,0.1812698015252255,0.2034661037528042,0.53342598924566,0.3753405308093507,0.8074253505290419,,,,1.2310212064097397,2.2219545268805914,,,0.6698557262998628,1.5332595043740638,,
1348,,,,,,,,,,,,,,,,,,,,,,,0.8153985096671277,1.0415411844752773,,,,,,,,,,,,,,,,,,,,,,,,,,,,,0.7898202778780429,0.23261301998600664,,0.16167723747444585,0.2036392685746837,0.4100493249930293,0.33694234326730854,0.5326309418753198,,,,0.98398853931405,1.6107677621453012,,,0.6238914850720525,1.1493527305947462,,
1349,,,,,,,,,,,,,,,,,,,,,,,1.4383017863467302,1.5856297298429134,,,,,,,,,,,,,,,,,,,,,,,,,,,,,0.959885447255107,0.47218446637097816,,0.5271573022909827,0.5962926861979968,0.4025286771952293,0.6137632537453317,0.6764001867410552,,,,1.2681266785333436,1.9464623996020782,,,0.6395147042363659,1.8241824017342458,,
1350,,,,,,,,,,,,,,,,,,,,,,,1.5361239926773513,1.9367785070667447,,,,,,,,,,,,,,,,,,,,,,,,,,,,,0.8990489101332887,0.5747080922014737,,0.33431578786522637,0.4643274831461477,0.5234494322767131,0.5284836741380609,1.015432425473271,,,,1.2153320644086238,2.0439597389444732,,,0.7670278922264901,1.7388884061790701,,
1351,,,,,,,,,,,,,,,,,,,,,,,1.4801351328922834,1.8000781791840532,,,,,,,,,,,,,,,,,,,,,,,,,,,,,1.3967944271946646,0.671136035980639,,0.3041413624480447,0.38731471462771405,0.7325093029729535,0.8105559459958629,1.1905627505057321,,,,1.6482161011108476,2.1423057568530304,,,0.8016270619246841,2.0083286074865647,,
1352,,,,,,,,,,,,,,,,,,,,,,,1.7173053550031103,1.7820264885215078,,,,,,,,,,,,,,,,,,,,,,,,,,,,,1.3684286784940254,0.4926058532307915,,0.3200601869564927,0.3773472243105731,0.6179402716366865,0.8380154262929976,0.9720517100258157,,,,1.5614019824302698,2.274484088562098,,,0.95957681161902,2.198844301973798,,
1353,,,,,,,,,,,,,,,,,,,,,,,1.0747287014677798,1.2409802358736084,,,,,,,,,,,,,,,,,,,,,,,,,,,,,0.8234754693467116,0.38037959423375334,,0.16754836755233068,0.11503320757324197,0.6137142179900272,0.9725875353332823,0.7537100198061248,,,,1.3710725441528517,1.9006550975336145,,,0.7659902188049865,1.688227849836929,,
1354,,,,,,,,,,,,,,,,,,,,,,,1.0176277190109289,1.5143115179532374,,,,,,,,,,,,,,,,,,,,,,,,,,,,,0.9258776582143795,0.44081057467114665,,0.2651207462729206,0.1733965070410571,0.8147800028509534,1.029228760422629,1.057265666526645,,,,1.4050680177298174,2.5248027303573006,,,0.7916799083053163,2.0276858388573356,,
1355,,,,,,,,,,,,,,,,,,,,,,,0.9620489702613606,1.2633731907099657,,,,,,,,,,,,,,,,,,,,,,,,,,,,,0.9485581929464352,0.5334260255828733,,0.1551774548903676,0.22456574772752386,0.8285089519229221,1.0276175245588022,0.6593119566874815,,,,1.2134664065663474,2.1836294225021082,,,0.6980778128963744,1.8116717002953175,,
1356,,,,,,,,,,,,,,,,,,,,,,,1.2402218648272518,1.7889038902065357,,,,,,,,,,,,,,,,,,,,,,,,,,,,,1.1711609871641573,0.5941906325322305,,0.36138841262950183,0.3296876746795456,1.1532342447382429,1.0311610935319446,1.006493229364817,,,,1.53035553128182,2.5668659278316177,,,0.9206902101246968,2.2057526695821656,,
1357,,,,,,,,,,,,,,,,,,,,,,,0.711160512711049,1.0711504251194157,,,,,,,,,,,,,,,,,,,,,,,,,,,,,1.233621988360035,0.5706032345787035,,0.3522003925652021,0.3802743369001095,1.060896974111187,0.9983823198323348,1.1073076363570353,0.901438378871868,,,1.4705605688280798,2.1524861438277623,,,0.5740008947468719,2.220025746909341,,
1358,,,,,,,,,,,,,,,,,,,,,,,0.6941570831532118,1.151375181195267,,,,,,,,,,,,,,,,,,,,,,,,,,,,,0.7874052912798105,0.3501097436682549,,0.16560080810543334,0.2285034406416057,1.008236281386666,0.9129833175571856,1.011192659936023,0.749202098725488,,,1.2717195629815947,1.631633574046538,,,0.5252097061048797,1.7964024622244716,0.9444224977554039,
1359,,,,,,,,,,,,,,,,,,,,,,,0.9356490441200426,0.977026092243436,,,,,,,,,,,,,,,,,,,,,,,,,,,,,0.6425469791517152,0.31085628058037906,,0.17560208995702517,0.17689328179494446,0.7075452090727814,0.8539910193683994,0.6521062238531671,0.4461767148729975,0.6717803722655474,,1.1990956422655743,1.2407230266402478,,,0.5356785337995968,1.5532963626675294,1.0181779341695567,
1360,,,,,,,,,,,,,,,,,,,,,,,1.0391423085971376,1.2328951211093946,,,,,,,,,,,,,,,,,,,,,,,,,,,,,0.6092828651231199,0.42994703019749614,,0.2390763033147344,0.24947092519798372,0.7246493965831514,0.659271281096767,0.6574028073579006,0.3848136549638162,0.5846232770382497,,0.7715060152759984,1.1937260692222598,,,0.5599422206166068,1.312315059663213,0.883749471056984,
1361,,,,,,,,,,,,,,,,,,,,,,,1.503332308387139,1.4136229767105708,,,,,,,,,,,,,,,,,,,,,,,,,,,,,0.8970527890952023,0.4391838165145399,,0.2446754446950006,0.2054226995567652,0.7837856544865397,1.0161982544782515,0.6662096942547053,0.4419099884628885,0.6133393408309249,,0.9416212720612344,1.5827593322557312,,,0.6899656960717305,1.5767060452788122,0.8483112521566555,
1362,,,,,,,,,,,,,,,,,,,,,,,1.1446068157010778,0.6693260857797868,,,,,,,,,,,,,,,,,,,,,,,,,,,,,0.8682298512344936,0.42023072651405213,,0.28681888873523886,0.3105011823005338,0.5180149637992719,1.1488443942703088,0.5096028033029765,0.46118983517302276,0.6319304110268419,,1.131066435896115,1.582332140782084,,,0.484293977736463,1.330175690327024,1.2420255664597617,
1363,,,,,,,,,,,,,,,,,,,,,,,0.5431967462634977,0.4345980911011966,,,,,,,,,,,,,,,,,,,,,,,,,,,,,0.5613738610320981,0.3645359471816565,,0.3253556124756547,0.3306459476378605,0.4754573905795384,0.6438630340510197,0.5483940044314642,0.3171835880223861,0.535461963736369,,0.9160304865772302,1.3684811067877605,,,0.5161544798413525,1.0871980128895038,1.1172138787881247,
1364,,,,,,,,,,,,,,,,,,,,,,,0.5231829238886897,0.5751587260412326,,,,,,,,,,,,,,,,,,,,,,,,,,,,,0.6430992318109963,0.426547235011506,,0.6241383162411834,0.5083599931857827,0.7509947047742945,0.6573141592298527,0.5766653879757302,0.33826955697360483,0.5746376021139803,,1.2972210577945549,2.1081964632406915,,,0.6561242297693136,1.5860192671066646,1.3773419619960425,
1365,,,,,,,,,,,,,,,,,,,,,,,1.0878526908939607,1.333797573532827,,,,,,,,,,,,,,,,,,,,,,,,,,,,,0.7711840624775372,0.19933174132174564,,0.4430443733717809,0.3332871570077747,0.6428397262598936,0.6141363896345844,0.6731721357397222,0.4618510699027016,0.893544426958006,,1.3760984238675273,2.46396628173129,,,0.5895117611899127,1.6158468834365556,1.2641898771568296,
1366,,,,,,,,,,,,,,,,,,,,,,,1.1913298706271016,1.4787794391574651,,,,,,,,,,,,,,,,,,,,,,,,,,,,,0.955866083061099,0.3700770729877634,,0.6270899399786203,0.535583253458135,0.8998319361924183,0.7556968772826211,0.8129237085717483,0.4692466734912689,0.9395004848792455,,1.0081332494932058,1.9964253055381207,,,0.6434670956739466,1.6417814697739406,1.4177465818729043,
1367,,,,,,,,,,,,,,,,,,,,,,,0.7071420496001076,1.2227102774882064,,,,,,,,,,,,,,,,,,,,,,,,,,,,,0.6782613823320753,0.4242917928617658,,0.41789199520741893,0.37055795044282464,0.9026403139042899,1.0176170134127065,0.813440116372053,0.5554351882591274,0.900176213992665,,0.9951837579659567,1.4658999569505031,,,0.48061032769585826,1.3094453331898717,1.0241494857944362,
1368,,,,,,,,,,,,,,,,,,,,,,,0.9707199205193909,1.5261424209347705,,,,,,,,,,,,,,,,,,,,,,,,,,,,,0.6664258265773092,0.41195082185598164,,0.46538065561635317,0.3184183433164522,0.7898255854998737,0.9771288098290339,0.830389771979137,0.6576898606904921,0.973252359833743,,0.7955660491984374,1.7080519910285534,,,0.6903177338778816,1.6062308956482088,1.4359120449837979,
1369,,,,,,,,,,,,,,,,,,,,,,,0.9695340162007713,1.0863934925269954,,,,,,,,,,,,,,,,,,,,,,,,,,,,,0.9495877997581426,0.3623654795713912,,0.5391309245890015,0.4734499997659759,0.800684356871551,1.1747381455714743,1.014132097834557,0.7777712888290894,1.2179722289628399,,0.8990806059201369,1.7063812286831108,,,0.6131523770717616,1.8180310595406788,1.7667600250107707,
1370,,,,,,,,,,,,,,,,,,,,,,,0.6669239689760902,0.7847743858330345,,,,,,,,,,,,,,,,,,,,,,,,,,,,,0.7169556892837693,0.3238314758445104,,0.27505575245108155,0.3424444118015965,0.6621905308730061,0.8694700177834036,0.7963296941603794,0.6825284804527552,0.889006636788859,,0.7806206027510103,1.573357317755895,,,0.4821984134829745,1.3272349059115915,1.3130387670862655,
1371,,,,,,,,,,,,,,,,,,,,,,,1.0924714122871726,0.9468347494817806,,,,,,,,,,,,,,,,,,,,,,,,,,,,,1.0198164542217656,0.5663485767201494,,0.29473327735437804,0.4178847406620759,0.6837105869088881,1.2382925847773023,0.9235870156564924,0.8686002198288028,0.7111769781539008,,1.2280764205209769,2.499773525146359,,,0.5309027968921857,1.4488941150997736,1.4167827792022993,
1372,,,,,,,,,,,,,,,,,,,,,,,1.7003321395106812,1.3124820608603662,,,,,,,,,,,,,,,,,,,,,,,,,,,,,1.362466289724748,0.7825269357335891,,0.5907727031322761,0.4040662356329247,1.003209382928175,1.234832542759565,1.2036229207742917,0.8792248930341456,1.2098795060151426,,1.5561559276108772,2.6770377592004078,,,0.7882455684936613,1.7304905809302193,2.3636070215487424,
1373,,,,,,,,,,,,,,,,,,,,,,,1.3533388376412525,0.8889785766401354,,,,,,,,,,,,,,,,,,,,,,,,,,,,,0.7364876026422502,0.5323674388015617,,0.38325250600389504,0.36640624200372385,0.9251361960912257,0.6976026254419154,0.7874922576195571,0.5404491489332359,0.8267552457348605,,1.0884252218712942,1.6239335337022311,,,0.5941008391412985,1.3506313532209637,1.810769409601528,
1374,,,,,,,,,,,,,,,,,,,,,,,1.2909284670149843,0.849379930454467,,,,,,,,,,,,,,,,,,,,,,,,,,,,,0.4821283743803631,0.6817783238931707,,0.8206554239736512,0.5504051033202592,0.8772960790531958,0.6880248733689844,0.7375218050091904,0.601695396470395,1.0119380844355264,,1.1335547596737876,1.74718109169514,,,0.5126136564977672,1.5368533235333466,1.8678230681659342,
1375,,,,,,,,,,,,,,,,,,,,,,,0.9090788959515853,0.9089381401882232,,,,,,,,,,,,,,,,,,,,,,,,,,,,,0.6274112741869656,0.5715156723935118,,0.3870809168659483,0.3285188593327236,0.7292722542137564,0.4949267443731086,0.575345270723714,0.42488016947781604,0.7586827720179155,,0.7493861324849322,1.3075751755379708,,,0.38593870635364774,0.9951785955411049,1.2124291358062251,0.9603880276264315
1376,,,,,,,,,,,,,,,,,,,,,,,0.971103958792275,0.7881828724262884,,,,,,,,,,,,,,,,,,,,,,,,,,,,,0.5429572152647258,0.7051445378642681,,0.42074783963884194,0.45100710207862166,0.7462247845897557,0.5108871877694692,0.6230818362264964,0.4893508893900012,0.5913658617670406,,0.6373959305886485,1.213857124763525,,,0.4162324941401738,0.7596839265049676,1.195381516573672,1.140997950354063
1377,,,,,,,,,,,,,,,,,,,,,,,0.7885053326268443,0.48554284990541,,,,,,,,,,,,,,,,,,,,,,,,,,,,,0.5699398254133717,0.5245821264128813,,0.23389074162070142,0.2934529801700726,0.7368634923922319,0.45612179043459483,0.656128530875534,0.38154806299641864,0.6743510946757998,,0.5212052336789089,1.188208292729488,,,0.40805005430689456,0.5341498473271696,1.1762739293091204,1.1062232600156963
1378,,,,,,,,,,,,,,,,,,,,,,,0.850114151096679,0.9513763161547859,,,,,,,,,,,,,,,,,,,,,,,,,,,,,0.6669192803763714,0.44262751379328297,,0.637841896473891,0.554262613487657,0.9111822475982283,0.4427902910912957,0.7415750544156867,0.5792917002615315,1.1095442625741203,,0.8901786288929187,1.444234729721635,,,0.5577753106408667,0.7564517651669448,1.4380414926037435,1.5490901126338927
1379,,,,,,,,,,,,,,,,,,,,,,,1.2563643176688004,1.232144314867409,,,,,,,,,,,,,,,,,,,,,,,,,,,,,1.2254208452460396,0.3240088778025431,,0.8140921430887299,0.7224883084762048,0.8796130654343026,0.5648689174522868,1.1462208195645314,0.8570257476744609,1.0564934296073247,,1.2919356603809065,2.085656304521084,,,0.5602349050230248,0.7807499018031215,1.4111969045183885,1.6962450253533712
1380,,,,,,,,,,,,,,,,,,,,,,,1.1358205459062791,1.1093916513410023,,,,,,,,,,,,,,,,,,,,,,,,,,,,,1.3766512253290188,0.4309143804699823,,0.8277498372274043,0.5017116819166101,0.9396823656919955,0.6491181893831272,1.1129060434115463,0.8619956992490238,0.8689375503922974,,1.2245691938416448,1.951489363309403,,,0.5887728439524055,0.9971982999861306,1.590288460358666,1.8077655036461266
1381,,,,,,,,,,,,,,,,,,,,,,,0.5280271485818034,0.8282718829781109,,,,,,,,,,,,,,,,,,,,,,,,,,,,,1.2442582234125448,0.3683832313838699,,0.5538040645845901,0.34819117339735745,0.9649290136093286,0.8978575066778469,0.9997202077180322,0.7576215369269597,0.6693850172053631,,1.3353936860382896,1.7945191905182247,,,0.4887951561107893,0.7370091572523595,1.5258930079874022,1.4205381704815814
1382,,,,,,,,,,,,,,,,,,,,,,,0.3855728861567854,0.4450893144464593,,,,,,,,,,,,,,,,,,,,,,,,,,,,,1.0693173433219345,0.2010314403758512,,0.2752927070002551,0.29193127720356726,0.6652619680615546,0.608969112029654,0.6798092559804274,0.4341208105552799,0.3935197757441195,,0.8640349152787051,1.0594276776832472,,,0.3355036249503581,0.5879381040960895,1.026758850222505,0.8407356507263682
1383,,,,,,,,,,,,,,,,,,,,,,,0.5470221091732854,0.9098138453386665,,,,,,,,,,,,,,,,,,,,,,,,,,,,,1.11620493941843,0.23435539489665183,,0.27725570275747885,0.24831142609598383,0.7852039538673152,0.5549166365954525,0.6348662825509349,0.39598178591917765,0.5974848355161103,,0.8326581958405361,1.2448100069629942,,,0.49754952719940804,0.8230895992737335,0.9169280671541427,1.0289497026518633
1384,,,,,,,,,,,,,,,,,,,,,,,0.36463925899273875,0.7893917117326306,,,,,,,,,,,,,,,,,,,,,,,,,,,,,0.770568618194643,0.21997419508938143,,0.2606645848053597,0.19779842023465527,0.618470564271248,0.4784328895049379,0.7031256688405514,0.4529247107587805,0.4746928489249322,,0.8218790468078848,1.2381267711219952,,,0.4584216964349654,0.7513888625555978,1.0056032295335817,0.9409761336147668
1385,,,,,,,,,,,,,,,,,,,,,,,0.14195702096378807,0.7092379212646454,,,,,,,,,,,,,,,,,,,,,,,,,,,,,0.7310076091039446,0.22248629199344278,,0.3346113534931027,0.27447382913259116,0.5481487879611252,0.46011764971650976,0.73295395181285,0.5349834385173536,0.43544388829600295,,0.6706085856902129,1.0202102403408186,,,0.3083091895393308,0.6224623710443508,0.9975290457497007,0.9713888942648417
1386,,,,,,,,,,,,,,,,,,,,,,,0.6285872242473273,1.0749730166612999,,,,,,,,,,,,,,,,,,,,,,,,,,,,,0.7657431378265778,0.4276859292439727,,0.6379861994855748,0.33447820167204895,0.737148770869765,0.4414075040579604,0.9435325611862478,0.7250715367779067,0.6636510112326541,,1.0311187934850223,1.5597109619647116,,,0.4302636745818938,0.7364066556898718,1.5705683464956754,1.3416373013705285
1387,,,,,,,,,,,,,,,,,,,,,,,1.0952472782990736,1.3606853444223397,,,,,,,,,,,,,,,,,,,,,,,,,,,,,1.1736877752824473,0.5053998723725426,,0.533204271307931,0.25805221293619984,1.0184281607459942,0.7262301031800739,1.103993803574247,0.8833723910043941,0.9283131645224003,,1.5392196987359306,1.9522164025411977,,,0.5012847669741998,1.060683382266187,1.7088995189326617,1.5655945490808487
1388,,,,,,,,,,,,,,,,,,,,,,,0.7104815037007933,1.1973052780658073,,,,,,,,,,,,,,,,,,,,,,,,,,,,,0.8090673966655206,0.6053674721705786,,0.4342138074174429,0.1811827397856956,0.8538747357685185,0.49101595145187,1.036397579869656,0.752466458674314,0.7167691909369382,,1.0320996681996437,1.4506215932150828,,,0.4013857434400263,0.7534259499107271,1.6928981941172538,1.2691749562578034
1389,,,,,,,,,,,,,,,,,,,,,,,0.7522000533446204,1.1345643745816292,,,,,,,,,,,,,,,,,,,,,,,,,,,,,0.7457393457399788,0.37585745679722654,,0.36313141223340734,0.12890379135558183,0.701504862650043,0.40199588607610437,0.8432875165031035,0.5730438736367738,0.49741946938260045,,0.837661344328736,1.0473249827735884,,,0.4008500277415279,0.7100106568582414,1.3827975033473867,1.0676808541545284
1390,,,,,,,,,,,,,,,,,,,,,,,0.814707287590215,1.600361192245909,,,,,,,,,,,,,,,,,,,,,,,,,,,,,1.0082964416473068,0.4513023802646073,,0.37809304423496004,0.25311668233302764,0.8276190668669434,0.39476492828981563,0.6986310421489925,0.6256141755988389,0.6008500826727732,,0.8606975930546753,1.2634174865777137,,,0.3638242891735067,1.0161481881414387,1.8818477825602693,1.2403579042513637
1391,,,,,,,,,,,,,,,,,,,,,,,0.673337242287116,1.5006885073314737,,,,,,,,,,,,,,,,,,,,,,,,,,,,,0.865875560265569,0.37561811332454614,,0.22744177197134802,0.19404123203149973,0.6434780279890376,0.44356273757599807,0.7816208737947489,0.6974039533739709,0.5645543347680808,,0.8416508704991157,1.7559888264457593,,,0.39182479452093616,0.8881554956454348,2.438181273395475,1.4724350922242795
1392,,,,,,,,,,,,,,,,,,,,,,,0.9003103295368943,1.3585594846635782,,,,,,,,,,,,,,,,,,,,,,,,,,,,,0.8007842378038552,0.36620078615590457,,0.4716168001395215,0.2334103485436276,0.7851882521778741,0.5232391893602907,0.7397370726656367,0.7074831749644819,0.7327398905986401,,1.075413619619084,1.4157085189865803,,,0.3787100155707273,0.8228760778951939,1.9870249002122022,1.2602032338092393
1393,,,,,,,,,,,,,,,,,,,,,,,0.9031246017244549,1.358917919371073,,,,,,,,,,,,,,,,,,,,,,,,,,,,,0.9488968461095537,0.34079641418433587,,0.5290213881152197,0.2830023231254671,0.9786453062148679,0.700395757468178,0.777492637190814,0.6964940248852832,0.6858766153016739,,1.1854816296024677,1.5894486211363463,,,0.4088177509651768,0.9351255662063469,2.142787850251768,1.337008239732944
1394,,,,,,,,,,,,,,,,,,,,,,,0.5966823253201426,1.1976688205241943,,,,,,,,,,,,,,,,,,,,,,,,,,,,,1.0769930638018852,0.49233320614133186,,0.20723514466393628,0.16514050590407423,1.083011562716425,0.8655438936241067,0.6988551777994831,0.7535154137481892,0.5752840601353899,,1.0783262356044165,1.3722568540746454,,,0.4500774092107367,0.9118773273402584,1.7214399688743633,1.266555243127062
1395,,,,,,,,,,,,,,,,,,,,,,,0.7007289643129191,1.1994541391170972,,,,,,,,,,,,,,,,,,,,,,,,,,,,0.9051227319190281,1.001110962632495,0.3952988104330842,,0.30615975316046745,0.14005180197766062,1.0274236669691565,0.9419254155422278,0.551149397351063,0.7012053477232146,0.5308017621231,,0.9954896178099104,1.4257377532828763,,,0.3835635138158094,0.9390802013475129,1.5454453387855016,1.1512226038685045
1396,,,,,,,,,,,,,,,,,,,,,,,0.9300276167243894,1.303531660144344,,,,,,,,,,,,,,,,,,,,,,,,,,,,0.9297475225167122,1.0786368058367535,0.3994855469366248,,0.39179727566462064,0.35245361618365456,1.1438500231705755,1.126784058297759,0.676307329586415,0.8134466206093438,0.5880375189642731,,1.2592054589514734,2.144477095890178,,,0.45730776970752024,1.0844865282410887,1.741847679057667,1.4231001586333516
1397,,,,,,,,,,,,,,,,,,,,,,,0.7666638289475376,1.1834412137167492,,,,,,,,,,,,,,,,,,,,,,,,,,,,0.7952516102557283,0.8649835611592895,0.5220838135551062,,0.41455039538102245,0.29068075532693205,0.7892432946375583,0.6652707015152136,0.6629173014722856,0.6836939756270072,0.5612620299185815,,0.9294963614856662,1.207234305515381,,,0.3978855230965337,0.9761082012705988,1.2231715789605444,1.1271751681370628
1398,,,,,,,,,,,,,,,,,,,,,,,0.3741907848445359,0.6752327471526707,,,,,,,,,,,,,,,,,,,,,,,,,,,,0.4819391461527666,0.6282768785380315,0.47542165453989893,,0.21268275055756675,0.2492375983096485,0.4349970835770197,0.556640062914988,0.34771300326134985,0.4570148946551849,0.4292356706536389,,0.7130211728220317,1.0796444102433256,,,0.2900980135149448,0.9927438277589253,0.8062143562150329,0.8901042546593181
1399,,,,,,,,,,,,,,,,,,,,,,,0.8115959751128963,1.0673290747652648,,,,,,,,,,,,,,,,,,,,,,,,,,,,0.9121317589164355,1.1201368906138194,0.6951866535623552,,0.32235067996397904,0.26389330276843875,0.7132520646090384,0.6772169876895408,0.6414217849118461,0.6547281041875799,0.7199963106160517,,1.0194556860599688,1.7921045012201526,,,0.4372976908254599,1.3937322788166902,1.0770317684040525,1.0752035666157032
1400,,,,,,,,,,,,,,,,,,,,,,,0.770460565332661,0.5966823253201426,,,,,,,,,,,,,,,,,,,,,,,,,,,,0.5339443813634194,0.5630020725629138,0.40225932766838685,,0.21531074711020706,0.17325786681524474,0.4999772607996126,0.37143062167204755,0.4759154654757113,0.45797037782235717,0.4920527032454158,,0.5051575595401234,1.034605706132604,,,0.3838272142788522,1.0302023807086333,1.126990999011408,0.9412712901759339
1401,,,,,,,,,,,,,,,,,,,,,,,0.5002887156297061,0.7007289643129191,,,,,,,,,,,,,,,,,,,,,,,,,,,,0.9947469725526974,1.1959334889753908,0.44847507080909993,,0.3902375019060641,0.3648974043796963,0.6579203282100983,0.584979992619848,0.484853392035196,0.5311389961736703,0.8203267815933378,,0.8906745573033835,1.4859774587218575,,,0.3732030949508321,1.0706259819438348,1.3153155969106756,1.2587049896056335
1402,,,,,,,,,,,,,,,,,,,,,,,1.2950374094981796,1.3227059437857982,,,,,,,,,,,,,,,,,,,,,,,,,,,,0.8765379031067861,1.353705000003466,0.7445538149490178,0.5489686040268733,0.4330480123090305,0.48739129228506567,0.9519178522333532,0.6195537012145808,0.8089212900125126,0.7648294503892187,0.9591164141599534,,1.0015987349324593,1.9539567316149402,,,0.462890063188952,1.4278779331899034,1.419983846913282,1.5708687853506946
1403,,,,,,,,,,,,,,,,,,,,,,,1.4661681647827174,1.2639592855621564,,,,,,,,,,,,,,,,,,,,,,,,,,,,0.9757068179177717,1.3648734553304713,0.8232904179407828,0.3954804521141101,0.6258180588976976,0.5405567429715807,0.7959980189939101,0.5759697972318188,0.48147554282158633,0.659130311978996,0.8687142182315716,,1.0255918670408977,1.9873688350632017,,,0.5167966385399378,1.3722442757192466,1.2047618375033426,1.6200783819368703
1404,,,,,,,,,,,,,,,,,,,,,,,1.4264703889567607,1.4136096316349136,,,,,,,,,,,,,,,,,,,,,,,,,,,,0.912424087344134,1.33295464676993,0.6765274735515029,0.39086555187221267,0.5699071941062803,0.5134299046002525,0.8357145410775917,0.8237761524878808,0.7087403128645977,0.6020750254779005,1.0026727550834271,,1.240729389099869,1.7355667775491164,,,0.5404189024972834,1.3661579347232025,1.2370407750885424,1.5871317799317919
1405,,,,,,,,,,,,,,,,,,,,,,,1.3655092224474865,1.8521036355140452,,,,,,,,,,,,,,,,,,,,,,,,,,,,0.7409953744712573,1.277140236466466,0.4791719766434875,0.3221123885000634,0.46032059854371365,0.3314995355184206,1.2338846297472321,0.829879536940618,0.6384482504960972,0.5726764937784751,0.8481226526175234,,0.9194968919137329,1.1994196908962507,,,0.5720143274729913,1.2383550771371268,0.7938587150557173,0.898699041321505
1406,,,,,,,,,,,,,,,,,,,,,,,1.0722296435937695,1.249395511350261,,,,,,,,,,,,,,,,,,,,,,,,,,,,0.7264597130440607,1.2775182736197073,0.7910506308317595,0.38405547743849916,0.8521076346485872,0.6123445552636608,1.0678391535732012,0.9828219890065291,0.6006329508213731,0.7411738862842531,0.9149025191335197,,1.5313579175565222,2.1220579687960037,,,0.5474818564907857,1.2385324426311497,0.8178832797885955,0.8198515146749988
1407,,,,,,,,,,,,,,,,,,,,,,,0.9047443705800575,0.854659889200748,,,,,,,0.49124707295469644,,,,,,,,,,,,,,,,,,,,,0.7526413602724145,1.1831983047944212,0.6698303991147853,0.35760709144432246,0.42202760917034626,0.3718685900476412,0.9270688367165042,0.9365903734574653,0.46658824529662124,0.6059076856029786,0.7482761921470129,,,1.2887710994522208,,,0.40816672315245045,1.047633838006568,0.7268593691671753,0.6635989549028317
1408,,,,,,,,,,,,,,,,,,,,,,,1.1373488431198182,1.4412513105705547,,,,,,,0.6018180793040805,,,,,,,,,,,,,,,,,,,,,0.8225666714513796,1.353772237556929,0.8396658289298152,0.4159177788464752,0.48670942562221503,0.42608725517104945,1.041240773121514,1.062084012081939,0.6224623710443508,0.5434930978204993,0.6409722664647082,,,1.4200885938895464,,,0.5055597950583688,0.9811217264188395,0.912858280948023,0.7598784050652564
1409,,,,,,,,,,,,,,,,,,,,,,,1.2431678172479343,1.5708944622671972,,,,,,,0.5531116300078481,,,,,,,,,,,,,,,,,,,,,1.0423202637945632,1.867762932762829,0.9170164643638724,0.45802191838396855,0.7515920409791343,0.3454198987409879,0.9008616989890716,1.2033455956393118,0.5968130863420664,0.762560571380578,0.8680946524602041,,,1.653027450732246,,,0.40508961531788806,1.1625017717444157,0.9310133243729853,0.9221870457837632
1410,,,,,,,,,,,,,,,,,,,,,,,1.2442433541881321,,,,,,,,0.6761901285306675,,,,,,,,,,,,,,,,,,,,,0.9902445819949159,1.8506917640962819,1.0350870844106954,0.5237614009888546,0.566905115480565,0.4938682601119032,0.8115189847186961,1.7199131285315323,0.801585151483607,0.6970019912376599,0.8650866468267119,,,1.504160928111385,,,0.4742104559838134,1.3890921233732574,1.413408447590753,1.1956029835642066
1411,,,,,,,,,,,,,,,,,,,,,,,1.434948145364333,,,,,,,,0.48006934679812396,,,,,,,,,,,,,,,,,,,,,1.0975867513964768,2.273102480549574,0.8318875173368926,0.32276226218976173,0.6469547222087647,0.4603667025959943,0.9644118263167071,1.0321526696716616,0.8120033025847515,0.8098236576498854,1.1689357378700156,,,1.4023081809353808,,,0.5608129769477322,1.361973776491939,1.7115633009130387,1.4765673327568005
1412,,,,,,,,,,,,,,,,,,,,,,,1.1193704693724902,,,,,,,,0.35760709144432246,,,,,,,,,,,,,,,,,,,,,0.7940829803203711,1.9996639084140908,0.7946146160363486,0.4570509284553806,0.3862359360755806,0.36526384904885223,0.8531211508959905,0.9385391845981866,0.7967449132358106,0.693669984302906,0.7181726124668412,,,1.0667567346141609,,,0.536211528863451,1.2183738687058163,0.995066721039434,1.3208681958644728
1413,,,,,,,,,,,,,,,,,,,,,,,1.3125502095573454,,,,,,,,0.2591772509132338,,,,,,,,,,,,,,,,,,,,,0.8133791623642594,1.7218764289928146,0.45537956853333894,0.38511117317998395,0.2925966029380869,0.2925966029380869,0.8621336137945069,,0.7131218894909102,0.6546640915600102,0.6901533600619468,,,1.177366672785145,,,0.48495121562154303,1.0726802498876697,1.2238320437344128,1.1612317860384447
1414,,,,,,,,,,,,,,,,,,,,,,,1.3170062203704151,,,,,,,,0.18518406403664497,,,,,,,,,,,,,,,,,,,,,0.8884204649620611,1.2745499810017014,0.6499503093317857,0.3995658640511316,0.6570744671198822,0.3601611383945878,0.7822465163862303,,0.9144562278627256,0.6714247323602051,0.8803002419844023,,,,,,0.4685282600458507,1.0946140587420088,1.2129563117736228,1.1766460342393459
1415,,,,,,,,,,,,,,,,,,,,,,,0.9808925056676255,,,,,,,,0.29716958921353454,,,,,,,,,,,,,,,,,,,,,0.8104607131234272,1.2408376208571996,0.8220196421427647,0.46300915402247894,0.6265059678829886,0.47339917236102236,1.0678337651567356,,0.8936393769770903,0.6005151306120619,0.9836577213287462,,,,,,0.5946092064611826,1.1369499153287377,1.0873072158370485,1.3220100325177087
1416,,,,,,,,,,,,,,,,,,,,,,,1.3684351350643085,,,,,,,,0.34759012851205107,,,,,,,,,,,,,,,,,,,,,1.0990671299482482,1.2341642235803063,0.6886674045069948,0.4488824493713812,0.5044458468809472,0.350995536815764,1.146719131200229,,0.7893917117326306,0.6216770593135567,1.0605838434048014,,,,,,0.48194334630351565,1.1548331185785718,1.0563683530094534,1.124256640851755
1417,,,,,,,,,,,,,,,,,,,,,,,1.6922155784589048,,,,,,,,0.3860648169514114,,,,,,,,,,,,,,,,,,,,,0.8530333917070333,1.2889113912852734,0.3750323033271818,0.30115685741082493,0.44714378661187515,0.2863134127712402,1.038873545938935,,0.6221029766521318,0.3990834623240085,0.6005151306120619,,,,,,0.4638430367658935,1.130024578287928,0.8953501125983289,0.956792358344379
1418,,,,,,,,,,,,,,,,,,,,,,,1.20344825154483,,,,,,,,0.3501010665272582,,,,,,,,,,,,,,,,,,,,,0.562171108205885,0.8121104803834163,0.4237052649454672,0.3260667074324036,0.28197621917452675,0.12591390919114084,0.6650118198410166,,0.38942418716786714,0.2830675688747079,0.4375390172886173,,,,,,0.3656981586024542,1.1373275906814508,0.67929099970044,0.7509480606043365
1419,,,,,,,,,,,,,,,,,,,,,,,0.9054840379470762,,,,,,,,0.36438396407178664,,,,,,,,,,,,,,,,,,,,,0.5409659997240459,0.8436465642007889,0.44461285358424757,0.35766013910364686,0.3755606997257948,0.12637350559493568,0.6620260886866974,,0.35946463576530463,0.36966953131218183,0.6860839096974445,,,,,,0.4890841109952826,1.092928048009518,0.7451839011942611,0.9275576055627652
1420,,,,,,,,,,,,,,,,,,,,,,,0.9743250335516083,,,,,,,,0.39109765053669887,,,,,,,,,,,,,,,,,,,,,0.6072281742657964,0.8329851206211791,0.5465225683273232,0.5054384890729983,0.759370139816205,0.35020364095053225,1.1456005729722054,,0.661561899405853,0.6286467875634297,0.866254969809347,,,,,,0.5160771081318895,1.0503917095749895,1.5762298071227754,1.0477541657771006
1421,,,,,,,,,,,,,,,,,,,,,,,0.9997012303159711,,,,,,,,0.4057694457594407,,,,,,,,,,,,,,,,,,,,,0.729368512895805,1.3682789670032263,0.5639522950658187,0.4056116997617657,0.47364387264226676,0.3480564821689385,1.1039333693219482,,0.6260364138316489,0.634768440385992,0.9738053857251456,,,,,,0.5492322656664254,1.1479164419650945,1.758836913838667,1.277650699523267
1422,,,,,,,,,,,,,,,,,,,,,,,0.8288509766012812,,,,,,,,0.2935003271376684,,,,,,,,,,,,,,,,,,,,,0.8593254331012511,1.87441450619942,0.4973221995569283,0.3789166970447192,0.42602582762437885,0.2930051050749948,1.6405507926513256,,0.7373816126297605,0.6416895205008134,0.7420093230256876,,,,,,0.44269324329042975,1.1467108882933288,1.3506078500604124,1.2450219848002537
1423,,,,,,,,,,,,,,,,,,,,,,,0.8311351043720886,,,,,,,,0.29525725476162534,,,,,,,,,,,,,,,,,,,,,0.671136035980639,1.2007245771009236,0.5317893049078672,0.3584202072394408,0.4390231477302306,0.25549707777742925,1.5872385057222846,,0.5698560412974921,0.4693888054933106,0.5312735859752324,,,,,,0.5681008496890684,1.0678441915958292,1.4736373893980945,1.2655834116651383
1424,,,,,,,,,,,,,,,,,,,,,,,1.1885199455746405,,,,,,,,0.3098860411006326,,,,,,,,,,,,,,,,,,,,,0.7430599527666715,1.1616597268799675,0.8491610726728848,0.4710980041564583,0.4827747734603558,0.374690868954306,1.401567665549706,,0.6285872242473273,0.5051115102192335,0.7627630149349292,,,,,,0.6663370462829552,1.0092837024775603,1.6489230362717033,1.4060036812774244
1425,,,,,,,,,,,,,,,,,,,,,,,1.9892496337298897,,,,,,,,0.298845379143418,,,,,,,,,,,,,,,,,,,,,0.5963460305203165,0.9679908773515087,0.9998127821075492,0.4216283311544138,0.7729901141461029,0.6772693757121229,1.717442150511723,,0.8822825297409205,0.652114780077337,0.8331218282003039,,,,,,0.7293665140161111,1.1662145336712495,1.9076204458107822,1.5747205021607753
1426,,,,,,,,,,,,,,,,,,,,,,,1.0846933865651196,,,,,,,,0.2747692159676477,,,,,,,,,,,,,,,,,,,,,0.4590606940046655,0.5368920701145209,0.6229959307139159,0.3458414475847756,0.41095000161907097,0.23896652076527475,1.4275094400914354,,0.6840921907061924,0.5196563536879026,0.6439737810698819,,,,,,0.5035609587694341,0.9474878195126257,1.5876821178949567,1.5275693577795098
1427,,,,,,,,,,,,,,,,,,,,,,,0.9762710037652231,,,,,,,,0.2894502546869383,,,,,,,,,,,,,,,,,,,,,0.6805780326402177,0.8731084479215022,0.6226497231822173,0.30564268905138087,0.6093471242341639,0.288351764146524,1.4294267761516366,,0.6119249082614344,0.4928440451281164,0.6816773167741763,,,,,,0.509005358505405,1.0475617977523681,1.504910849774027,1.429598693267623
1428,,,,,,,,,,,,,,,,,,,,,,,1.0451070984666762,,,,,,,,0.317420109732346,,,,,,,,,,,,,,,,,,,,,0.5684804609322783,0.7503442536657369,0.5790967736129566,0.2803170030905519,0.6428194621481402,0.35227959225067573,1.3614113520734956,,0.735273327050169,0.534383017342015,0.5841774445820382,,,,,,0.5739588096642715,1.1114336451896876,1.6672809186249045,1.2832653483534486
1429,,,,,,,,,,,,,,,,,,,,,,,1.3584697340207181,,,,,,,,0.31938847739420906,,,,,,,,,,,,,,,,,,,,,0.7809771543981245,1.242980543431005,0.559379133101281,0.26682875709354137,0.42203902211473004,0.2783274585498004,1.407543843054155,,0.69578181703002,0.6113954934698368,0.9629683293106106,,,,,,0.46733499303395715,1.10883426940864,1.8904894285640463,1.5425993154828788
1430,,,,,,,,,,,,,,,,,,,,,,,0.5800025805536532,,,,,,,,0.2810855541029425,,,,,,,,,,,,,,,,,,,,,0.509910871483641,0.6835154310866441,0.34478338582263957,0.18978846919124628,0.42141670286145216,0.26817426545728773,0.9340529244296413,,0.6997866652309497,0.5613915835805432,0.5098539608082832,,,,,,0.45342190386951503,0.9638335055690581,1.394965579928306,0.9331512884074807
1431,,,,,,,,,,,,,,,,,,,,,,,0.8713764962351552,,,,,,,,0.28259417896032246,,,,,,,,,,,,,,,,,,,,,0.45602029839857494,0.5663552558072039,0.5855875488028589,0.2573727210700203,0.5968764166540315,0.2380182029601966,1.075295890448121,,0.5172440900785514,0.44624055685622255,0.42867959886965573,,,,,,0.4504396429761183,0.9921154729216237,1.0435899970635176,0.9437797055992023
1432,,,,,,,,,,,,,,,,,,,,,,,0.6934711059120826,,,,,,,,0.3381003197471027,,,,,,,,,,,,,,,,,,,,,0.5791726317437061,0.9148379027164302,0.4542934553859712,0.3079263381892289,0.4590519844086078,0.2956294779591434,1.236651057488447,,0.6049124263590411,0.5938352264884983,0.6881006557366534,,,,,,0.6414300820480704,1.2552383911100229,1.349304450573163,1.2877325090789007
1433,,,,,,,,,,,,,,,,,,,,,,,0.8305017506869292,,,,,,,,0.31297529471275215,,,,,,,,,,,,,,,,,,,,,0.7726657653255805,1.0428253281154753,0.528673089035555,0.33973299067011936,0.5615717970147157,0.3627201443013082,0.9442931069681776,,0.6471438082184018,0.7076007009473974,0.8448586036922158,,,,,,0.6484762791121309,1.3990085924208648,1.9370339530696254,1.8015453918361855
1434,,,,,,,,,,,,,,,,,,,,,,,0.9231491490930025,,,,,,,,0.31472109811033083,,,,,,,,,,,,,,,,,,,,,0.5012752237703336,0.7447517982872647,0.33444724903861317,0.28439955210121365,0.6465323028089159,0.44148920106094547,0.7809926771731618,,0.6592862438557338,0.6016090829730741,0.8430339376042073,,,,,,0.6291944399674948,1.1102959036732007,1.7273260218615663,1.704543893607007
1435,,,,,,,,,,,,,,,,,,,,,,,0.675936623006024,,,,,,,,0.20629181433831115,,,,,,,,,,,,,,,,,,,,,0.8137773426710838,0.8307408949817706,0.43625035495772563,0.16711611539968985,0.42508041949353587,0.3378368399468276,0.9933475322378159,,0.8930597575037532,0.703980788441376,1.0214987562548892,,,,,,0.774352672810465,1.0306193688234788,1.578778865671943,1.2108362069660343
1436,,,,,,,,,,,,,,,,,,,,,,,0.6091508999133243,,,,,,,,0.1798841598876486,,,,,,,,,,,,,,,,,,,,,0.7479810442523194,0.8702837071162928,0.2985769537675862,0.2449559340363121,0.3750323033271818,0.3545081474237042,1.1445216568640688,,0.7483815696890718,0.6817601197123537,0.6710255156238134,,,,,,0.5120925719701424,0.7954144571644466,0.9666335191542752,0.794635464431409
1437,,,,,,,,,,,,,,,,,,,,,,,0.8367335788421105,,,,,,,,0.22293309552161367,,,,,,,,,,,,,,,,,,,,,0.7528606537613624,1.2406877316139517,0.41230501092673,0.29781119274685586,0.414331254659063,0.4237052649454672,1.307055655088038,,0.6159805349574802,0.46197737425934754,0.7200615678727781,,,,,,0.5207832736143253,0.7830460542101577,1.428108040239562,1.3623006802060036
1438,,,,,,,,,,,,,,,,,,,,,,,0.8382756298098817,,,,,,,,0.22461685333561612,,,,,,,,,,,,,,,,,,,,,0.8665971459130126,1.2468853629685765,0.33464296144397854,0.26979979069240445,0.29389663203026534,0.3070843014162388,1.2089255297258072,,0.5768042610733707,0.4534173492951562,0.8611706775313941,,,,,,0.4218762027651894,0.7611447797933864,1.508167381336936,1.435925449188599
1439,,,,,,,,,,,,,,,,,,,,,,,,,,,,,,,0.24053693461296677,0.17193647553414376,,,,,,,,,,,,,,,,,,,,0.3871275482315381,0.7109544447848665,0.24934738616978122,0.20389240607303943,0.22314762305406274,0.1834349104766448,0.9271186563463564,,0.46276706195747824,0.3909034546302134,0.5824150554864926,,,,,,0.3452485202265638,0.609666712822547,1.3494563967117743,1.110844770675486
1440,,,,,,,,,,,,,,,,,,,,,,,,,,,,,,,0.31423543066608345,0.3070500404612656,,,,,,,,,,,,,,,,,,,,0.7415114793407669,0.992518848826677,0.2893851017930254,0.32603815531079405,0.2981161963815944,0.2867232207236991,1.3803529491495294,,0.7248031953159166,0.5526518105810923,0.7556955821585936,,,,,,0.5377727096397271,0.8001204082335779,1.6572865357594304,1.5912516411340927
1441,,,,,,,,,,,,,,,,,,,,,,,,,,0.3438729510682875,,,,,0.3602293147592825,0.294992869337519,,,,,,,,,,,,,,,,,,,,0.7950173668182677,0.9042943967076285,0.3338503518004647,0.3346837571879772,0.43825327930304026,0.25723562046048015,1.2618768195103276,,0.6095070513596725,0.5141400901313486,0.6304894429519571,,,,,,0.5834902497848378,0.7703536704584931,1.8656513736283278,1.5553916875756195
1442,,,,,,,,,,,,,,,,,,,,,,,,,,0.44215205826422244,,,,,0.43582125767832564,0.3811253451718307,,,,,,,,,,,,,,,,,,,,0.6995388677223647,1.0280215684763352,0.6029250093673612,0.38268711467617883,0.30032705349113364,0.2697204747914002,1.3676085791844692,,0.6880621876144375,0.44975621074426386,0.4099737287644051,,,,,,0.5388557938448251,0.756610027918048,1.6130240151656046,1.9249782296671132
1443,,,,,,,,,,,,,,,,,,,,,,,,,,0.3195756084489789,,,,,0.3372497383655056,0.35697464249091265,,,,,,,,,,,,,,,,,,,,0.6755051459762675,0.8308480150479237,0.4538893235305739,0.40826663922529854,0.4533982197981919,0.24398971997614563,1.4630271206525105,,0.3907457159618961,0.3304891020083659,0.5992266543432269,,,,,,0.6023033603749293,1.0317653057202931,1.5868414693598019,2.0832893507537324
1444,,,,,,,,,,,,,,,,,,,,,,,,,,0.2581816854389821,,,,,0.4284695489940683,0.43159476553625126,,,,,,,,,,,,,,,,,,,,0.7220878634614827,1.031845475986269,0.5575398155742335,0.3541971711178711,0.6106756299192545,0.37179935827891525,1.4346228184340974,,0.6916932406712748,0.4184007546827065,0.817903431635738,0.4200162473762655,,,,,0.6813074430551677,1.0355547972453016,2.0555695795245614,2.3506602844674256
1445,,,,,,,,,,,,,,,,,,,,,,,,,,0.23387993818370142,,,,,0.4168524360138007,0.4813291802674342,,,,,,,,,,,,,,,,,,,,0.9144569819654451,1.0778053279049367,0.5031152125402293,0.32227545106017724,0.4494057333013697,0.3394652749400904,1.2471554422404367,,0.6312170027302726,0.4305382765164619,0.9569656964747738,0.46425966117743356,,,,,0.6977130809905209,1.0663124365563315,2.4194478422956505,2.68442713942123
1446,,,,,,,,,,,,,,,,,,,,,,,,,,0.3946009284902869,,,,,0.6453543300037229,0.6049346091863735,,,,,,,,,,,,,,,,,,,,0.971212517998762,1.2944170369081704,0.44177806921795987,0.4041611603537258,0.4254128543480988,0.30552377721363455,1.5373481245531753,,0.7792945776932086,0.5053309539770328,1.1351394387913427,0.45846808442872744,,,,,0.8627275402081062,1.0032001200245761,2.953565549492169,2.9715199915149424
1447,,,,,,,,,,,,,,,,,,,,,,,,,,0.3579114417373228,,,,,0.6050389164840771,0.7181598405993751,,,,,,,,,,,,,,,,,,,,0.8337976523588062,1.191522324893294,0.8349135174050055,0.4570322325496551,0.30794778262361244,0.3989763724557494,1.7239088267812477,,0.7943631645804599,0.5049571828494687,1.1328994479522154,0.4413677384409265,,,,,0.8152222199761967,1.1744268729156238,3.7899821548277455,3.8405475538076534
1448,,,,,,,,,,,,,,,,,,,,,,,,,,0.5308609835717156,,,,,0.548417873586222,0.6206966580572341,,,,,,,,,,,,,,,,,,,,0.9217362781320455,1.3676100058666363,0.5513543120980807,0.39828964349441703,0.27872178258333724,0.32130427714468046,1.416017509663925,,0.6832794012829744,0.42163915251268824,0.9941837246722058,0.4197529416875905,,,,,0.8472955790938236,1.180659245571148,3.011381017720467,3.6798426372003634
1449,,,,,,,,,,,,,,,,,,,,,,,,,,0.44575438382030175,,,,,0.7206609109324649,0.5728703735408041,,,,,,,,,,,,,,,,,,,,1.1049011037571312,1.3392358489592768,0.5882462698908084,0.4417312850112012,0.4474436074439873,0.44356963681676664,1.43833029381653,,0.8440871443319605,0.38422491138358433,0.7528452544301167,0.39090154478569045,,,,,0.8018834430873837,0.8353374007646438,2.1744796468012435,2.578670727762045
1450,,,,,,,,,,,,,,,,,,,,,,,,,,0.8069056554744043,,,,,0.878933048345938,0.7127057425733468,,,,,,,,,,,,,,,,,,,,1.3245793509784065,1.7674076076447633,0.7975852523689918,0.5584386803972422,0.5099653156793109,0.5041482208236534,1.924693125525311,,0.910280513772723,0.48448030344023085,1.0163528916463052,0.49490513150574644,,,,,1.0926493544834126,1.0071455682789758,2.5990598572918424,3.236048511013215
1451,,,,,,,,,,,,,,,,,,,,,,,,,,0.784583337675449,,,,,0.46455305787784573,0.3518189997934492,,,,,,,,,,,,,,,,,,,,0.7410664589740217,1.2574023321157988,0.6869379910401047,0.3674059393383315,0.3086865786596984,0.2931551784755626,1.178118183960527,,0.6541580883116447,0.2817406855841017,0.8774366966692431,0.46296016009161245,,,,,0.7060792340754828,0.9340313798670972,1.2418288237605917,1.640427690166272
1452,,,,,,,,,,,,,,,,,,,,,,,,,,0.2875830189331049,,,,,0.41972347887213224,0.37848159729357955,,,,,,,,,,,,,,,,,,,,0.8751904471560881,1.224204240374661,0.5035609587694341,0.3021544922927782,0.050534927628398625,0.1749285956367645,1.077841679199067,,0.5416719132168644,0.21560223658729524,0.5717238829869391,0.3764148130038104,,,,,0.6419478810340845,0.6648639788637309,0.9627694951085861,1.1124428309413352
1453,,,,,,,,,,,,,,,,,,,,,,,,,,0.31412410695843673,,,,,0.28114563070194143,0.21556501805970288,,,,,,,,,,,,,,,,,,,,0.6476143565424197,0.7971593014968035,0.30903896766399586,0.23154735528447304,,,0.4271888854928978,,0.2238993762936971,0.21477061571442468,0.369434806262597,0.19117457068162808,,,,,0.276169650640974,0.5867929408669172,0.6561807200482898,0.6146431249335871
1454,,,,,,,,,,,,,,,,,,,,,,,,,,0.23970501161926705,,,,,0.44015928755564526,0.33178297850345123,,,,,,,,,,,,,,,,,,,,0.7196587697488455,0.7090332012388468,0.32739903931553516,0.32218588896971345,0.06232147927967509,0.24928591711870035,0.7472739174505276,,0.2993451857953175,0.03971271257741795,0.654305917991009,0.3848194465741488,,,,,0.6220851391867581,0.8513738929936459,0.5312746809777873,0.617172318897499
1455,,,,,,,,,,,,,,,,,,,,,,,,,,0.39308915057945815,,,,,0.41131460879116993,0.3080945267077829,,,,,,,,,,,,,,,,,,,,0.7879775596525105,1.0053214026817079,0.4025959463799025,0.26544702002742654,0.0390296671591616,0.037078183801203514,,,0.4369771873488817,0.3474857575658075,0.6480797526821236,0.4026162265063469,,,,,0.7065739612732711,0.7624087642057441,0.33661251613239973,0.5374756221927818
1456,,,,,,,,,,,,,,,,,,,,,,,,,,0.33178297850345123,,,,,0.3499104184174585,0.3486217962382117,,,,,,,,,,,,,,,,,,,,0.9719790015577319,1.073327348783184,0.4210346250216925,0.316388594992769,0.2931078276730308,0.2501186796143196,,,0.4319519617151979,0.3258317859166082,1.0192929561537274,0.6835340567415584,,,,,0.6319666588485495,0.5855717010529741,0.8411813694079384,0.9590136792631677
1457,,,,,,,,,,,,,,,,,,,,,,,,,,0.3080945267077829,,,,,0.2717791729617582,0.20789243766498644,,,,,,,,,,,,,,,,,,,,0.674304608041665,0.737098642691184,0.16563251445758612,0.22296535209736268,0.49120107206104446,0.5185987414190311,,,0.3815968445634107,0.1740749163547335,0.6854773687500355,0.4150681516986256,,,,,0.5681171825790274,0.689631698173807,0.5983109987006723,0.816033479020676
1458,,,,,,,,,,,,,,,,,,,,,,,,,,0.4002694697549838,,,,,0.22511548430434883,0.18317947731176518,,,,,,,,,,,,,,,,,,,,0.6234939450424181,0.8657442550022956,0.13110992243120936,0.1977284946589878,0.9973895446791249,0.575266016911385,,,0.22084700760503118,0.13256134392404764,0.8002885969881604,0.47804712828534107,,,,,0.8329303409001741,0.9655998696318172,0.8378550919052008,1.0782128461336995
1459,,,,,,,,,,,,,,,,,,,,,,,,,,0.2208857150190481,,,,,0.19428294812244026,0.1973524463774579,,,,,,,,,,,,,,,,,,,,0.26736170722779556,0.49605773646081186,0.2363605129474122,0.1436381268233274,0.48427710912302213,0.2657618281772683,,,,,0.5260505714016672,0.42238525340247063,,,,,0.5461485145624293,0.683972334432067,0.46492529318289166,0.590174892193027
1460,,,,,,,,,,,,,,,,,,,,,,,,,,0.09158973865588259,,,,,0.16285093253216354,0.158710054866173,,,,,,,,,,,,,,,,,,,,0.5136975406704625,0.918937320454266,0.17196632603613204,0.13288710173208093,0.46620522499946543,0.2785378674784942,,,0.24647410619985466,0.21988091672255855,0.7185209076462872,0.4364672461693592,,,,,0.6057433044426969,0.6781829123059234,0.5663679343730625,0.6093471242341639
1461,,,,,,,,,,,,,,,,,,,,,,,,,,0.3157639142039327,,,,,0.22950468030563556,0.30608062416945037,,,,,,,,,,,,,,,,,,,,0.8400500762518658,1.3087499735550023,0.3032712817795555,0.3074598499865959,0.477976734399783,0.38872796656579867,,,0.2143453690222755,0.21077273238155803,1.0768696439270136,0.5913658617670406,,,,,0.7205169266932211,0.7695727801870834,1.0164670448490207,1.0731816444337594
1462,,,,,,,,,,,,,,,,,,,,,,,,,,0.3041942718268317,,,,,0.31380308813702895,0.26770052771708813,,,,,,,,,,,,,,,,,,,,0.9911294581965028,1.1426346193141677,0.4007680998027201,0.3464384098472244,0.8002785441196961,0.6171302205898154,,,0.5392359012329386,0.19561462921374123,1.0241821647340228,0.5236290773686846,,,,,0.8370024782260992,0.9932880393391116,0.8353561503562666,1.0496401541387896
1463,,,,,,,,,,,,,,,,,,,,,,,,,,0.2794649177199329,,,,,0.2990851179715782,0.1749392536421044,,,,,,,,,,,,,,,,,,,,0.9825196019831877,1.6736738909675404,0.38704126560442076,0.46893723759364264,0.7333946677983644,0.5355579590462172,,,0.6476112696476196,0.36969347550984316,0.8063507284688962,0.4932761639038247,,,,,0.6617467770322434,0.949703122737205,1.3557449549467213,1.3335740683624309
1464,,,,,,,,,,,,,,,,,,,,,,,,,,0.3480106860322146,,,,,0.33404215540308707,0.20286019184826162,,,,,,,,,,,,,,,,,,,,0.8998076459830798,1.097498089803403,0.452299967387679,0.36795809829684767,0.3688175263243115,0.5632485048757149,,,0.5821925727890337,0.3254135326865362,0.9587053609980386,0.5789005093738766,,,,,0.7127173513299762,0.7793714444180264,1.43038470367421,1.1351637371947838
1465,,,,,,,,,,,,,,,,,,,,,,,,,,0.5113608952615358,,,,,0.42052880294962314,0.3265829162220022,,,,,,,,,,,,,,,,,,,,0.9786973945806569,1.2432764649019217,0.5767681161432006,0.5427660788799011,0.6787317608894111,0.8313460029828881,,,0.7677040165971981,0.5700752958544388,1.3974800487858992,0.7102274955261243,,,,,0.6711940795698567,1.0184218420124147,1.4178732495627648,1.4340783992924908
1466,,,,,,,,,,,,,,,,,,,,,,,,,,0.5274364988054803,,,,,0.32097456866732543,0.32840462411512783,,,,,,,,,,,,,,,,,,,,0.921591695481639,1.3604369339985238,0.5296553857206369,0.7986352932030281,0.8208306387981741,1.0984645313328507,,,0.8805583212612846,0.7610386090226526,1.1505692762845388,0.505698422540831,,,,,0.8572240354625296,1.284347969175949,1.2952731211930788,2.0179760312397654
1467,,,,,,,,,,,,,,,,,,,,,,,,,,0.5034819958422534,,,,,0.33964549985022,0.33006690294129787,,,,,,,,,,,,,,,,,,,,0.9047950549912817,1.254548831439898,0.45787776545615744,0.6780115688310482,0.4970237776942552,0.6539786548608622,,,0.8863458264594194,0.7424747059249337,0.8822593864413935,0.4243053364315847,,,,,0.8512538952002806,1.3257963831491744,1.3124033155594723,2.083681250195592
1468,,,,,,,,,,,,,,,,,,,,,,,,,,0.6020751442110677,,,,,0.2557839477783505,0.2767448613656132,,,,,,,,,,,,,,,,,,,,0.9679165234147298,1.0167275905730548,0.44769597909664033,0.6460591308081359,0.5842171858504603,0.3545593955506242,,,0.8766962082984064,0.647505429824757,1.1765035639482844,0.4225455818740059,,,,,0.917365862833623,1.4515279074073737,1.8270319988728734,2.062289720774316
1469,,,,,,,,,,,,,,,,,,,,,,,,,,0.4263364162991764,,,,,0.27382928245346805,0.3622662802226222,,,,,,,,,,,,,,,,,,,,1.1023729171349372,1.441092642150802,0.4055914884679659,0.595371986272155,0.4139366499636539,0.29076525655983493,,,0.7172098853627816,0.5920540531569133,0.8454882122443617,0.39490117346461595,,,,,0.7512375584554448,1.2150278730851212,1.645013794689923,1.7464190841504585
1470,0.6263400180172379,,,,,,,,,,,,,,,,,,,,,,,,,0.5396524796629458,,,,,0.29199440952399747,0.37904094000385224,,,,,,,,,,,,,,,,,,,,1.2565977560515542,1.5309704377227362,0.48664817361083396,0.6225522433804977,0.5556116104000847,0.24446910857603724,,,0.7001821166144576,0.6303291246204599,0.6980614093305938,0.4027855966738027,,,,,0.9778651458857791,1.6226430474881695,1.9728643284472143,1.886050869624513
1471,0.7860481035808399,,,,,,,,,,,,,,,,,,,,,,,,,0.37619959869272307,,,,,0.2932354208304855,0.2688353975086099,,,,,,,,,,,,,,,,,,,,1.127904876698107,1.0606725233374565,0.393477725907445,0.34527502694699574,0.27301497764607874,0.2204343152846117,,,0.7676529695538643,0.5021914114131261,0.5160997502848094,0.2887223987012165,,,,,0.6943814011851762,1.3658077456978335,1.590458936735835,1.7709156032592912
1472,0.49165478222919834,,,,,,,,,,,,,,,,,,,,,,,,,0.1403855333347601,,,,,0.20755456188705554,0.19996800133296222,,,,,,,,,,,,,,,,,,,,0.9024136244596112,0.6658728696265487,0.2496834998719931,0.2796278270230448,0.1999663908414091,0.1454301024301157,,,0.30396374421354966,0.2387511186910256,0.46835600590993914,0.23929850463244093,,,,,0.6032738170728998,1.1465045889866625,1.037601709962529,1.0930451366546463
1473,0.3196535153054064,,,,,,,,,,,,,,,,,,,,,,,,,0.45277540633029034,,,,,0.2944505421913756,0.2737742792170547,,,,,,,,,,,,,,,,,,,,0.9541262462631848,0.9882351660971859,0.3415394836808006,0.48357282880785624,0.31527314897051534,0.16369951965776758,,,0.41682758418704813,0.259164212396938,0.4572482111699281,0.2684425155246448,,,,,0.6375801286839565,1.1255853770453956,1.3131311528006409,1.2798109322369087
1474,0.4062125242137972,,,,,,,,,,,,,,,,,,,,,,,,,0.6713211473320874,,,,,0.2603667578449657,0.17432850307133024,,,,,,,,,,,,,,,,,,,,0.8145239324984436,1.0054344187328714,0.26274310024784436,0.30921151393876806,0.46328880261807875,0.06473904665405467,,,0.1556718966445162,0.06496400244333224,0.3776964418636717,0.19367312673440187,,,,,0.6649739484453124,1.2227456940512311,1.036656849587752,1.0479969722464006
1475,0.36993837045964395,,,,,,,,,,,,,,,,,,,,,,,,,0.6916402843378223,,,,,0.20867672962474784,0.17595638523417684,,,,,,,,,,,,,,,,,,,,0.8790153152249842,1.1028427587569571,0.36319402765789893,0.3977256987122344,0.9898362097865752,0.5849952241887939,,,0.4138439052110979,0.36743293156737533,0.7205550450733048,0.36359853133702863,,,,,0.6983066817438012,1.3014967334179077,1.0906077985941232,1.0922722773467344
1476,0.28386079861925606,,,,,,,,,,,,,,,,,,,,,,,,,0.30507488037482794,,,,,0.19181945941499762,0.19207255644561685,,,,,,,,,,,,,,,,,,,,1.0129919351316385,1.0347602893693901,0.44606284508873395,0.4092008268404887,0.9857154518939271,0.8281625722879306,,,0.4939029386447411,0.3966611903732639,0.6063306894711009,0.34524124732684636,,,,,0.49427338902734086,1.0565542547587743,1.082544336015708,1.2045791687011285
1477,0.18518406403664497,,,,,,,,,,,,,,,,,,,,,,,,,0.6891625088338592,,,,,0.2271976094562239,0.31263932701035047,,,,,,,,,,,,,,,,,,,,0.8592670408230959,0.8263310676027608,0.3530396170377414,0.4383069528843678,1.387748102041108,0.5809178101567429,,,0.4845585454804261,0.3523614485303139,0.3516293646182409,0.2999520019994433,,,,,0.6101237684262442,0.9605543771465734,0.3768281308546007,0.5182073957358974
1478,0.07429239730338363,,,,,,,,,,,,,,,,,,,,,,,,,0.2659466166170079,,,,,0.2978528293381723,0.30016480465289436,,,,,,,,,,,,,,,,,,,,0.9626255393454974,0.9125144410581324,0.4691157592172156,0.3759682922327023,1.6120999088208112,1.6100797334964745,,,0.5746344988375638,0.37568991156973436,0.7516729557573352,0.34293830765083694,,,,,0.573769186424836,1.0653087268136054,0.6051857647074318,0.7348651690464456
1479,0.07448359896686808,,,,,,,,,,,,,,,,,,,,,,,,,0.28286415300936474,,,,,0.21082603223097823,0.2722675124178347,,,,,,,,,,,,,,,,,,,,1.2075050708366535,1.0851910476233664,0.38952286545629916,0.4485369494355464,1.7055013276289328,1.3433604763293137,,,0.6850510633940199,0.49710188330668065,1.174538161767713,0.7554235133090977,,,,,0.7888946665319511,1.1031077708415065,2.0523060594793465,1.3980613349712518
1480,0.0996296301810094,,,,,,,,,,,,,,,,,,,,,,,,,0.34518952535082853,,,,,0.3167726803902752,0.35037808590230846,,,,,,,,,,,,,,,,,,,,1.6303662639479566,1.673467157684221,0.5104818251798314,0.4288207848373864,1.0917766144063998,0.883530334251105,,,0.918001539208412,0.634553953967615,1.2010087066670763,0.668634263889872,,,,,0.7895896145517468,1.449912914270676,1.9483186716697323,1.9600198491515457
1481,0.18755414278245972,,,,,,,,,,,,,,,,,,,,,,,,,0.42352724153885407,,,,,0.17637966674158995,0.1839985304508421,,,,,,,,,,,,,,,,,,,,1.4018548722552664,1.8124878482375824,0.4372055889403525,0.3570270100598905,0.8258251753510596,0.7428378415535266,,,0.7688617228918451,0.6397650567103416,1.328945760614231,0.3472080828055381,,,,,0.5489866084141953,1.24068773484457,1.909686108301272,1.8020137471186597
1482,0.16334453561838713,,,,,,,,,,,,,,,,,,,,,,,,,0.6702885121609379,,,,,0.33579968164528173,0.24671804865850894,,,,,,,,,,,,,,,,,,,,1.3097762755284723,1.5306615735736826,0.7359085435275873,0.5123095395483037,1.003065060074284,1.1854405255423357,,,1.044076974083387,1.108745350241031,0.8694995635062573,0.34688077711148413,,,,,0.8759832191457534,1.340538052256493,2.108408111422761,2.6071822321195106
1483,0.3406334375642216,0.38071648153988974,,,,,,,,,,,,,,,,,,,,,,,,0.5213291696107194,,,,,0.37242142155126173,0.2632467327974459,,,,1.338648273801548,,,,,,,,,,,,,,,,0.8920899034599571,1.1289079327556863,0.6097374889950733,0.35265793834067705,0.8376676526058808,1.1763855654029318,,,0.5897242715703682,0.6406243624153325,0.5371612268605699,0.33318293316471276,,,,,0.5923543353773449,0.9751953656696674,1.835164717640327,2.621570748282998
1484,0.291646789139598,0.3193320420797162,,,,,,,,,,,,,,,,,,,,,,,,0.40091682907007703,,,,,0.44497713237653413,0.3109062806460239,,,,1.0562521391867536,,,,,,,,,,,,,,,,0.8843291694598073,0.8681835258854905,0.8058601048209185,0.3909034546302134,0.7636084917952234,0.8123494593566207,,,0.5897022191374396,0.7269131413995874,0.5111094717989507,0.2752927070002551,,,,,0.6729526316648905,1.1895077916344063,2.1454872514853114,3.457677965993225
1485,0.11484795409734849,0.5408202604521182,,,,,,,,,,,,,,,,,,,,,,,,0.7277997906752917,,,,,0.5360259810467329,0.37486084093592187,,,,1.0816405209042363,,,,,,,,,,,,,,,,1.6305526486193749,1.1712433431279738,1.0214227944106502,0.5129186738726477,0.793468413091069,0.6798258782238059,,,0.8768335795545261,0.8546316770881301,0.5419118034268064,0.41893032010058623,,,,,0.9363326445202821,1.3489179895659236,2.126220938593793,3.0631940747060096
1486,0.2567454389231525,0.20900422154584267,,,,,,,,,,,,,,,,,,,,,,,,0.34199690871062627,,,,,0.3588211156380809,0.2672395674444989,,,,1.0327267417559285,,,,,,,,,,,,,,,,1.3717081599211909,0.800520735010921,0.6266310045958934,0.47069163181038964,0.41533160140934633,0.44572171858563997,,,0.6819554953631015,0.6127669498278655,0.6299913892129758,0.3066642174180702,,,,,0.7471403937974537,1.0777286865803564,1.3516515176642059,1.9697387399774136
1487,0.16785493892950934,0.3323557016294705,,,,,,,,,,,,,,,,,,,,,,,,0.26552642899627804,,,,,0.28761237307974946,0.25311668233302764,,,,1.0832333979034592,,,,,,,,,,,,,,,,1.4777881207060939,0.656794625779137,0.5718055842652598,0.4678915418226616,0.3302011067545356,0.3767939009591634,,,0.36676303266730653,0.42821085715534063,0.446509694176068,0.2405500974420462,,,,,0.8061738421565573,0.9561483521409688,1.7472958569349037,2.229940430475874
1488,0.2208857150190481,0.3946009284902869,,,,,,,,,,,,,,,,,,,,,,,,0.3301194656667339,,,,,0.4678115508600818,0.3817204564554093,,,,1.3317781336547183,,,,,,,,,,,,,,,,1.4682908813073663,0.8755137262544698,0.782460963354223,0.5828956139817882,0.6834216580685225,0.5739119561821717,,,0.6138118099713652,0.6244833527685207,0.6673699453570813,0.42119477247591347,,,,,0.8164651710870655,0.7926190846054133,1.74718109169514,2.386664146782732
1489,0.3140219611058831,0.6911393357686235,,,,,,,,,,,,,,,,,,,,,,,,0.6486114984783833,,,,,0.6304894429519571,0.38368824418130565,,,,1.579747053185425,,,,,,,,,,,,,,,,1.8341132048289537,1.1976191786343369,0.703762445415243,0.7058238818125657,0.9793794493918034,1.0037118580723452,,,0.7825776156269223,0.940739271691732,0.8079450135006429,0.7601658561795284,,,,,0.91159387298447,1.242711618395031,2.4878285024532336,3.1088970255186132
1490,0.43417538203040745,0.8641922988376765,,,,,,,,,,,,,,,,,,,,,,,,0.3976254754743847,,,,,0.5237549838840416,0.3215935490062126,,,,1.728384597675353,,,,,,,,,,,,,,,,1.5898321445741421,1.397453517415026,0.632825730826911,0.5947266023066381,0.43404243991852176,0.5942730602622751,,,0.8093122269310612,0.6214309128925942,0.7356373475978691,0.42484228639404487,,,,,0.885853412713499,1.3498707801944576,2.8303101959069528,2.6712727624036883
1491,0.3835492992599181,0.7924522379027588,,,,,,,,,,,,,,,,,,,,,,,,0.5275713357492953,,,,,0.45258810750999,0.22666343947618034,,,,1.6468148068916706,,,,,,,,,,,,,,,,1.2679002138228757,1.2311813976689552,0.45447624196579633,0.31857821011595544,0.43643863798763016,0.8180687028326278,,,0.723452603532656,0.5898133441660384,0.6736907042437564,0.5501991094445565,,,,,0.8641707405796426,1.1667214303808287,2.7185072182891012,2.045826585739465
1492,0.2794649177199329,0.6206966580572341,,,,,,,,,,,,,,,,,,,,,,,,0.5467090333105614,,,,,0.5077892701951366,0.24427639879824528,,,,1.5393277119819404,,,,,,,,,,,,,,,,1.1554508278477316,1.1209195185894556,0.31382403263861647,0.3433708843376386,0.34763840303224347,0.953464391942235,,,0.8262189536978822,0.3913126915639171,0.5526079453409715,0.3670191893828901,,,,,0.756531985598168,1.153575634983003,1.9694109950749568,1.3937731433296734
1493,0.3480106860322146,0.44833333581454227,,,,,,,,,,,,,,,,,,,,,,,,0.6314195813979309,,,,,0.9442545771667596,0.2950774461072457,,,,1.6189814904414028,,,,,,,,,,,,,,,,1.0424572726974226,1.4069394295972864,0.47408942183183944,0.2761828509908438,0.4379051670797406,0.7373100952691446,,,0.7753401686138036,0.2626227921637913,0.5494151699080906,0.5089606086072124,,,,,0.7863396047636745,1.0578098385100814,1.8980682616579692,1.4499772675830833
1494,0.5517314922558676,0.7252093520921775,,,,,,,,,,,,,,,,,,,,,,,,0.6839739166350868,,,,,1.2370109268880018,0.346834992151453,,,,1.3628934375525408,,,,,,,,,,,,,,,,1.0499024212868486,1.6065858109046816,0.45130182677332253,0.3953083222888801,0.5305081302868186,1.0732587558879485,,,0.9439456262928714,0.5442228435731707,0.6111739461024066,0.5003934184531195,,,,,0.8821407476522585,1.09320675788434,1.8908841035792976,1.4378968151030818
1495,0.3245763069572186,0.4649036782984864,,,,,,,,,,,,,,,,,,,,,,,,0.5245821264128813,,,,,1.459451784801566,0.3489326376335079,,,,1.04289203510201,,,,,,,,,,,,,,,,1.0061912747537343,1.6947136375906837,0.48746032585170723,0.36568053554684093,0.658863468433818,1.348419334465485,,,1.0529123776408127,0.5559973499291851,0.4888824284895192,0.3264174522413058,,,,,0.6761711893886244,0.8903898302622189,1.6994319278864811,1.5189366397097714
1496,0.6123429679162542,1.0849805789082614,,,,,,,,,,,,,,,,,,,,,,,,0.9909571204327229,,,,,2.6182002325621623,0.46765901756432193,,,,1.5265424424174374,,,,,,,,,,,,,,,,1.7886175535259181,2.5517305888180584,0.743430953243616,0.5429572152647258,0.5972937706859462,1.6892535164073323,,,1.1326349723087281,0.6355615320103744,0.5118527116134283,0.5002785914152836,,,,,0.7453856275877057,1.0698520861065821,1.7448207745050426,2.0463110076989786
1497,0.43787283215350375,0.7608177107989513,,,,,,,,,,,,,,,,,,,,,,,,0.5815543960558466,,,,,1.413880111978512,0.3868864987136533,,,,1.166587156558392,,,,,,,,,,,,,,,,1.550769344116719,2.4763425222877706,0.5080839520867143,0.46307610814836453,0.4691157592172156,0.9032535890191125,,,0.9895051859374124,0.5977862479230582,0.7136984164545539,0.571606773187894,,,,,0.7857094172042423,1.0182195261081448,1.783215635990891,1.8941987085677952
1498,0.4263364162991764,0.5997615380639311,,,,,,,,,,,,,,,,,,,,,,,,0.4175526942538588,,,,,1.2152045443597128,0.27029437361458986,,,,1.0336315868761365,,,,,,,,,,,,,,,,1.232490401629078,1.6435354472412362,0.2442834118428996,0.40316589265690245,0.3091451313145231,0.976898614953893,,,0.803101432599072,0.43201745763935256,0.5505501169007064,0.4491734457410296,,,,,0.6153566286764462,0.9544748852202166,1.4468453593798765,1.6406031025048782
1499,0.4704662643215425,0.6418635973078811,,,,,,,,,,,,,,,,,,,,,,,,0.3027807381237287,,,,,1.49626047221492,0.33964549985022,,,,0.9114463081771912,,,,,,,,,,,,,,,,1.533419970445647,1.743385996214982,0.32625337688510153,0.37254306560720646,0.2810750130544821,0.7109544447848665,,,0.7201625413602408,0.41023647697509347,0.48228178645995884,0.4855689890120342,,,,,0.5742672280596735,1.0150396123421637,1.369069408012033,1.478702253717299
1500,0.43193287257312646,0.6714197557180374,,,,,,,,,,,,,,,,,,,,,,,,0.2871877719655017,,,,,1.355059852533979,0.34104526370446736,,,,0.8780104497851258,,,,,,,,,,,,,,,,1.4738884438777928,1.7174170781963476,0.2651343074187098,0.26773492796054016,0.23621534189194401,0.4662144905762053,,,0.563493533128064,0.5134207378824563,0.4705542261611728,0.4602587648784843,,,,,0.4567396820692099,0.9253088765009692,1.5089391207549228,1.4588754608434615
1501,0.6176963466729444,0.857556305368069,,,,,,,,,,,,,,,,,,,,,,,,0.47550369979030804,,,,,1.2127910306600407,0.4278582538335438,,,,0.7925899185977607,,,,,,,,,,,,,,,,1.43038470367421,1.8822419353097328,0.45625559267309707,0.4039551965749762,0.6132571196063227,0.7670911089312986,,,0.9008650978423778,0.6462964919491779,0.846874311379277,0.6179779874957111,,,,,0.6150893783134761,0.8241194044735874,1.3921210521239729,1.647895372502333
1502,0.7074615723910787,0.8243076479029432,,,,,,,,,,,,,,,,,,,,,,,,0.4945156323714776,,,,,1.049889152077264,0.34352283473411466,,,,0.7981391511441196,,,,,,,,,,,,,,,,1.3791335432905583,1.4889697083629636,0.43624999118500085,0.43040501296500044,0.5473070293710044,1.1674495949700894,,,0.9598470213815705,0.5267011518784004,0.5215380618015466,0.4373499550676081,,,,,0.6137632537453317,1.3144172872818896,1.4810117103913765,1.8152636503284143
1503,0.7284548619986481,0.8420371045438205,,,,,,,,,,,,,,,,,,,,,,,,0.6845732061336701,,,,,1.0361740231836278,0.2932354208304855,,,,0.8157234450268261,,,,,,,,,,,,,,,,1.1479067181830878,1.2117383380097762,0.7524141172464991,0.4841370821573913,0.4768526201653497,0.8787415096496837,,,1.1226673306543948,0.6083872327019488,0.4538257498326516,0.4392283571237085,,,,,0.6736465717553821,1.3145108781467976,1.4342477520381056,1.7698755298562696
1504,0.8501411828319066,0.9390344912915237,,,,,,,,,,,,,,,,,,,,,,,,0.7901025198884637,,,,,1.021184037705033,0.3805166967929352,,,,0.7935502743308651,,,,,,,,,,,,,,,,1.1939763891554371,1.5872003378663202,0.6950185239334805,0.34290303509661607,0.6482907940034942,1.0110001128350312,,,0.8383025235436282,0.6610304358213829,0.3930000902477295,0.43984092230603494,,,,,0.6602843380303377,1.206670016405372,1.770406847162671,1.9272835088645408
1505,1.234826896755256,1.0380125515311793,,,,,,,,,,,,,,,,,,,,,,,,1.1384433985183553,,,,,1.082332687500056,0.43301550322261123,,,,0.7053162209122117,,,,,,,,,,,,,,,,1.2536549353968123,1.6500612320290144,0.941023114623512,0.3818984343076017,1.2971261795134994,1.3326352697739332,,,1.0522502990830536,0.6571483669794442,0.41775923312200486,0.4314222585861512,,,,,0.8380154262929976,1.5239281113244172,2.522459699882823,2.466252153710712
1506,1.2170316645363897,0.9369518470098084,,,,,,,,,,,,,,,,,,,,,,,,0.93399552849175,,,,,0.8765065586060805,0.4513023802646073,,,,0.9101817942380998,,,,,,,,,,,,,,,,1.1763987538858196,1.2940998627735745,0.6369065399146686,0.2301096803064716,1.1834071615746218,0.990710774203179,,,1.0983017113358877,0.5541755728866189,0.4217617504627228,0.6212501845663055,,,,,0.8581654723528962,1.2705196101535094,1.8172991876962408,2.079590194170899
1507,1.0637864664680317,0.7670413428923037,,,,,,,,,,,,,,,,,,,,,,,,0.7621072856717958,,,,,0.7651644674933341,0.4173534592494957,,,0.5158094266024312,0.8074119398866355,,,,,,,,,,,,,,,,1.0614126939819664,1.105495449999172,0.39369557575519987,0.18012040115720726,0.5265353935708043,0.6985509404744137,,,0.6783343821947735,0.39846273096093404,0.4908330395340293,0.43970922845966676,,,,,0.6739270725261757,1.137148757241121,1.5914785682897772,1.89159401942316
1508,1.2207821340404161,1.0819210231907288,,,,,,,,,,,,,,,,,,,,,,,,1.076182599092525,,,,,1.0950719715464803,0.5231439802227208,,,0.7000740922516855,1.365925291778295,,,,,,,,,,,,,,,,1.289930499610291,1.2874844494100401,0.6822984872743305,0.27485064671412424,0.9705619396472903,0.9096392204919409,,,0.7205551131314375,0.4664199221453981,0.438468585141061,0.5174742720537978,,,,,0.760942730713565,1.4006617397070165,1.7361590420440696,1.8703653534617495
1509,0.8854861737260383,0.8164572905550055,,,,,,,,,,,,,,,,,,,,,,,,0.8868761009051784,,,,,1.021003419107902,0.4019650013456269,,,0.5531116300078481,0.9661411271567565,,,,,,,,,,,,,,,,1.3228933288976124,0.9388988263688637,0.4221629778248988,0.2847368411007192,0.5949823316412485,0.7694824501084698,,,0.7979571313732662,0.4917402284581665,0.4574189513582151,0.4289460945665815,,,,,0.5570111264168094,0.5708342424969309,1.0468988645534263,1.6724844142790403
1510,0.635290862308281,0.3694552021295188,,,,,,,,,,,,,,,,,,,,,,,,0.4185151841781766,,,,,0.9258143862002465,0.31537358400512355,,,0.7253675924238069,0.7115433522494437,,,,,,,,,,,,,,,,0.8865103013691361,0.9249232080981178,0.3032714162437172,0.11828092873170329,0.8942240872012196,0.7280036098155811,,,0.5951535661285622,0.3048778161386301,0.23015480874423574,0.26154136394645716,,,,,0.4196433769272169,0.4337686281065171,1.2630174332597721,1.5834044478230669
1511,0.9292636191322093,0.6326282306374876,,,,,,,,,,,,,,,,,,,,,,,,0.6466393499907911,,,,,0.8701626566211111,0.3689455564042119,,,0.6277829919667776,0.6738865935051498,,,,,,,,,,,,,,,,1.4077328809742766,1.6559010417064153,0.5214174679200623,0.34945650414305474,0.7203209339758848,0.8445868260945316,,,0.658069548638445,0.47824552773135903,0.7243476394300793,0.4842821695916363,,,,,0.552412690876373,0.764373857023268,1.4998351626148716,1.9575498892824137
1512,0.8739930196415,0.5396524796629458,,,,,,,,,,,,,,,,,,,,,,,,1.1914113173526892,,,,,1.1426993191693793,0.4399620560976044,,,0.7645392989499308,0.8855835563699623,,,,,,,,,,,,,,,,1.4390510844265414,1.690990709899828,0.7782712435390141,0.5986445272902606,0.7142947288933048,0.9566071000518005,,,0.8841426534035793,0.8826783364218662,0.6363557101953957,0.7842767088396774,,,,,0.671158253704162,0.8668545483380479,1.892456551795335,1.7500102590735789
1513,0.8172535361813108,0.6409326496246393,,,,,,,,,,,,,,,,,,,,,,,,0.7203222767891756,,,,,1.2194077988021006,0.3351213668090209,,,0.6170886926505567,0.8359991082060512,,,,,,,,,,,,,,,,1.1457586038122456,1.2737085333131473,0.5055289010208246,0.34805847429018466,0.45762848789631305,0.8836236701776736,,,0.710587714892893,0.4554738268033974,0.5562426524257438,0.5370944863619933,,,,,0.6917705696015373,0.9929615056349456,1.5287412679754,1.5082691747169894
1514,0.588433873311938,0.5053879200051363,,,,,,,,,,,,,,,,,,,,,,,,0.4575605383415086,,,,,0.8135338317163405,0.2474313443702076,,,0.5185153793026059,0.6598120066733724,,,,,,,,,,,,,,,,0.9341371033290364,0.9925808219521115,0.2409241488453636,0.17138406801910647,0.44525596863510913,0.7638988656204242,,,0.6511933564916254,0.2769415569801515,0.44031040558107076,0.34079641418433587,,,,,0.47546890805863146,0.7348606312669668,1.1871173042477687,1.1638467544775961
1515,1.0259907261318788,0.8489538868692943,,,,,,,,,,,,,,,,,,,,,,,,1.1111919004720165,,,,,1.4542737139143849,0.42562448177287054,,,0.6933957081649139,1.0894908214822612,,,,,,,,,,,,,,,,0.7803711176490569,0.6927197245102937,0.43121965070098706,0.21661465273334687,0.595589570496306,0.9546329285969161,,,0.6510523433487765,0.377115721266086,0.3936448005404928,0.44677924400725844,,,,,0.48667949899842,0.9948082777206146,1.068498395214465,1.2320475889397269
1516,0.5935296648152096,0.4856365746657654,,,,,,,,,,,,,,,,,,,,,,,,0.7069466982005932,,,,,1.805525271405783,0.3559817059012273,,,0.5710409254126554,0.8712891486650496,,,,,,,,,,,,,,,,0.5495464132004093,0.6898721662306374,0.4585857313289578,0.22667005340047716,0.5588923472953857,0.5271371002899661,,,0.5920762327960408,0.3887426486996012,0.5146152812541621,0.4234089480638813,,,,,0.41357625544883014,0.5556220311183577,0.9324289811524106,1.2859111180438947
1517,0.8803185751112905,0.7780953198800502,,,,,,,,,,,,,,,,,,,,,,,,0.9931237908033647,,,,,1.7298494457413378,0.44668831753894417,,,0.7596759301301966,0.9510053909645059,,,,,,,,,,,,,,,,0.6093506956662538,0.6557391346076548,0.5027902490645193,0.24266507145645225,0.5671623561917756,0.8029489537097048,,,0.6866627481495742,0.42868915608527336,0.4517100397582789,0.5279544673171253,,,,,0.44763329840025806,1.0760265807418632,1.4905266262974013,1.4500437849515677
1518,0.8859083881655968,1.0459710184279816,,,,,,,,,,,,,,,,,,,,,,,,0.7653606676876387,,,,,1.3611225251571466,0.3588211156380809,,,0.7377129616110082,1.0314436431720373,,,,,,,,,,,,,,,,0.9156854525608623,1.4900212983567236,0.41203974215614503,0.23167709896089908,0.4243426274518641,0.7825816295217795,,,0.654113199326714,0.3998065636320836,0.4282405648776355,0.3721610968247548,,,,,0.3802921489660311,1.0541580119917753,1.535789306752096,1.6559340794944046
1519,1.065636274271351,1.5542814029018954,,,,,,,,,,,,,,,,,,,,,,,,1.0363168966903504,,,,,1.4996105951671819,0.3235639197147181,,,0.6785080710302235,1.0997274077136052,,,,,,,,,,,,,,,,0.8288779980020777,1.2333207509311084,0.44611817118397584,0.28544788952373257,0.6884939273292302,0.7077375464160721,,,0.4788149196560927,0.44192169880624044,0.47863352378452856,0.7122487984370977,,,,,0.44299472116567445,0.9409420406430741,1.880340244582143,1.442517561968071
1520,0.7194154578399481,0.7091909776453544,,,,,,,,,,,,,,,,,,,,,,,,0.825288565967586,,,,,1.0342861797177825,0.34186228716698286,,,0.6812668751284432,1.1672101507079793,,,,,,,,,,,,,,,,0.7485540295638176,0.8490910789681761,0.25719704663007026,0.03950891737283606,0.29346016993527846,0.5933464749786287,,,0.49164031040025624,0.3968663029107325,0.3789833051095792,0.555085261645452,,,,,0.2686699124197099,0.8493398165587814,1.644699152632659,1.389680731494549
1521,0.8522229048664635,0.7890421110261227,,,,,,,,,,,,,,,,,,,,,,,0.3438729510682875,0.6471278394294362,,,,,1.328755485451073,0.4863775702772241,,,0.5959738734591785,1.2952200690428806,,,,,,,,,,,,,,,,0.5580281395881984,0.8447614869600416,0.33017054732688683,0.15271455829370661,0.40616378489638005,0.6962807741080801,,,0.35824122988580304,0.43775592348512565,0.33144127410468033,0.4770154859076446,,,,,0.3360369809412044,1.0188859258455478,1.2616170892530654,1.3019486779821705
1522,0.8418927751972411,0.7354037713995911,,,,,,,,,,,,,,,,,,,,,,,0.5158440679749262,1.2055143810625184,,,,,1.5264415785163932,0.7043601507406079,,,0.6508050732183082,1.2006592186115774,,,,,,,,,,,,,,,,0.7773932206634477,1.0461071470004342,0.47124684054177135,0.24087986029473438,0.7114517441012742,0.8817689798103671,,,0.5728441376584488,0.44472312126299,,0.6289371510948334,,,,,0.4464960024834669,0.9703540722116845,1.3572528153988586,1.6485206881067
1523,1.1399565277251447,1.1495739413197466,,,,,,,,,,,,,,,,,,,,,,,0.8112303906781773,1.2069369336508895,,,,,1.5510585438907651,0.7965550692175825,,,0.8986090362310336,1.3613375620891737,,,,,,,,,,,,,,,,0.8364480243841274,1.3480203575478287,0.47550137640602563,0.2717756807100206,0.8400846955956089,0.9591688663630277,,,0.8347895298867439,0.5735138734279444,,0.8199062492330148,,,,,0.5446130880621319,1.1487013232760561,1.9215395239476363,2.139788664084301
1524,0.7213004238177116,0.6245870226954193,,,,,,,,,,,,,,,,,,,,,,,0.28277041738555186,0.5779365339410115,,,,,1.0236751900161445,0.3989772837247502,,,0.5810363270636861,0.9597312787758884,,,,,,,,,,,,,,,,0.5804096191438858,0.8429137648112466,0.24433277903329484,0.0641421784911846,0.5324495683204629,0.7084839153978404,,,0.44356273757599807,0.3532050590661829,,0.4745604155815866,,,,,0.3472967597537888,0.816325749471753,1.3276951209027867,1.7822936007122758
1525,0.8423135523678146,1.057991550092342,,,,,,,,,,,,,,,,,,,,,,,0.44314093550596056,0.8146585935179821,,,,,1.9754458686418028,0.6718734491378867,,,0.597690758286836,1.0886579718341491,,,,,,,,,,,,,,,,0.7796669380281203,1.192914052646307,0.17408888409683013,0.0461858890546049,0.7088857036721484,0.9880776115799483,,,0.5914877792768504,0.45237218529002876,,0.4822057524250074,,,,,0.3675668852961351,1.0135508081197657,1.3854888924084199,1.6548401173581646
1526,1.3126513510974822,1.4032089017452696,,,,,,,,,,,,,,,,,,,,,,,0.4809198815975371,0.9249018849982846,,,,,1.6263108805303819,0.727653486404707,,,0.7327179092470607,1.1102312189632901,,,,,,,,,,,,,,,,1.3197010658829906,1.3978923515823647,0.486133820024159,0.1891129412917362,0.8114503255843286,1.0039237181757596,,,0.9186350152300014,0.6402852746452309,,0.6430992318109963,,,,,0.4803561330897619,1.0935391513120734,1.7737197776720661,2.15897431211407
1527,0.7181906341166372,0.7277997906752917,,,,,,,,,,,,,,,,,,,,,,,0.2591772509132338,0.41765106297760524,,,,,0.6967599264723722,0.3648629462003915,,,0.6973119772003514,0.7277997906752917,,,,,,,,,,,,,,,,0.8436307017106499,0.7864044521363792,0.32789691123328685,0.14085694104695493,0.36535983512109316,0.5524416784059902,,,0.6415207682155143,0.2654900762258301,,0.5183368288783446,,,,,0.3076730947812008,1.0629294711949946,0.9772775244585105,1.101824578288008
1528,1.2447652567308845,1.196989180487192,,,,,,,,,,,,,,,,,,,,,,,0.5432065878408252,0.8549928465255305,,,,,0.8992577670552153,0.6042000536681914,,,1.0051636808190958,1.0726266682287824,,,,,,,,,,,,,,,,1.398725605240334,1.3829344621617745,0.5367597458953638,0.2820358828243602,0.6918168170638395,0.965891211044402,,,0.7428192301430576,0.5651817269871516,,0.6082784164934266,,,,,0.693867886719162,1.3066822637702367,1.3801269835549104,1.6696664293229675
1529,0.9122435109492408,0.9840097074567951,,,,,,,,,,,,,,,,,,,,,,,0.5943391784270691,1.240534017081331,,,,,0.6815106464688364,0.44068990503226346,,,0.7186240741369704,0.718483278460517,,,,,,,,,,,,,,,,1.046312713280849,1.2097165570254493,0.31300749798734934,0.05451848560496906,0.4449456544889573,0.8743956891698413,,,0.4799740749468814,0.3756187792277224,,0.3481983567052365,,,,,0.38438178889321967,0.6825978942633147,1.221045596737167,1.001647285548941
1530,0.781184649655506,0.644518956777909,,,,,,,,,,,,,,,,,,,,,,,0.48414339328464256,0.69574551634519,,,,,0.943798602420187,0.42348037151929385,,,0.8031015831512643,0.8331586514446142,,,,,,,,,,,,,,,,0.9722305017206601,1.2158359907357479,0.6010864318621006,0.315183313536048,0.7455160392388976,0.8276115554646096,,,0.6858992503994062,0.44352414824193,,0.5992384816635206,,,,,0.5073440235850039,0.9341434617345188,1.6143166635348745,1.4896482880406319
1531,1.0572403174838487,0.9650073513946679,,,,,,,,,,,,,,,,,,,,,,,0.5604166697681778,0.5508623812903294,,,,,0.9254463084489218,0.4618087877206543,,,1.036178656187849,1.0599261072695534,,,,,,,,,,,,,,,,1.2545288764131877,1.3094355465709413,0.4269996858768135,0.3053723083300584,0.6226169948312115,0.945043652868803,,,0.6032424867869406,0.3048503712520286,,0.5875801902718009,,,,,0.6287132862456519,,1.581902795396217,1.7291517678192325
1532,1.2151174408872643,1.3360215975939325,,,,,,,,,,,,,,,,,,,,,,,0.6126768664227017,0.5523657019816876,,,,,1.1872227888243343,0.5939988394669496,,,1.365925291778295,1.4791667687647112,,,,,,,,,,,,,,,,1.5133036691179618,1.8889222619679034,0.49888019459448363,,0.6257868774751177,1.0979107850364165,,,0.4255309807704394,0.18268150798686403,,0.6987125419737497,,,,,0.6680188936827045,,1.5051987080568912,1.6575158858065784
1533,0.9446877955188153,1.374882874983012,,,,,,,,,,,,,,,,,,,,,,,0.5905533210818611,0.7019493573353945,,,,,1.107998111095701,0.46645808871540023,,,1.5104459875267604,1.9504152412549705,,,,,,,,,,,,,,,,1.4637893867226546,1.7613239477618892,0.36676303266730653,,0.6803876425725546,1.3050058062457195,,,0.41039187569359104,0.2708116265647575,,0.6060309629217313,,,,,0.4696271748946109,,1.4699488782198826,1.74882235576141
1534,0.9832011169022159,1.045179034270191,,,,,,,,,,,,,,,,,,,,,,,0.9462039932339489,1.262247533867268,,,,,1.2115219023326458,0.44995249374739876,,,1.1904667624173384,1.8813222616863436,,,,,,,,,,,,,,,,1.4047124306216552,1.6093248395277788,0.2666747938452373,,0.770833054361868,1.3227048353107997,,,0.6135790144812627,0.3421087837660771,,0.6481814019849542,,,,,0.5451277719115499,,1.2303803821091737,1.7254352856720268
1535,1.435585719718801,1.424741619564562,,,,,,,,,,,,,,,,,,,,,,,0.849579777058829,1.1754743835628085,,,,,1.57591656768024,0.6970625246871678,,,1.6915928775741516,2.282824640438673,,,,,,,,,,,,,,,,1.0598040937754558,1.5574554407565464,0.4304176885948072,,1.169952865780707,1.2057449228600405,,,0.7002518723811859,0.5333692139699586,,0.7585822307215176,,,,,0.9951446464874835,,1.8281438132499745,2.5305146300955945
1536,0.6062217045116557,0.5374080773561397,,,,,,,,,,,,,,,,,,,,,,,0.16589148925172562,0.24372426744650766,,,,,0.6673699453570813,0.30257304820889863,,,0.6226759380726298,1.5307987658023372,,,,,,,,,,,,,,,,0.6409273080471146,0.6472558871104512,0.2766879408311321,,0.5229916430001473,0.47136585849798684,,,,0.05802339784234001,,0.49875349073830666,,,,,0.04954612826745112,,0.9103691403101702,1.276465747429517
1537,0.6248802188279177,0.4917957435120761,,,,,,,,,,,,,,,,,,,,,,,0.3337690706000982,0.4144696092734511,,,,,0.9897326415382873,0.36077756250001874,,,0.9474656559668581,1.8360374424450845,,,,,,,,,,,,,,,,1.2713269038931114,1.2947558500271297,0.3628819768518434,,0.7407709025648728,0.5336252398415648,,,,,,0.5568739120002653,,,,,0.3445708375191004,,0.954162542296258,1.4362455211202814
1538,1.1825014678735712,1.2221804485336916,,,,,,,,,,,,,,,,,,,,,,,0.4390052248925629,0.4349487568002918,,,,,0.9902810448432854,0.34298082728064017,,,0.7159662200072764,1.387339968605812,,,,,,,,,,,,,,,,1.2054226019848975,1.3220852197977078,0.38418024177548593,,0.4123213400336746,0.45513065949072284,,,,,,0.738869612525194,,,,,0.35565850761870754,,1.2030002218439728,1.911224564017475
1539,1.0114116950972603,1.2461879915482426,,,,,,,,,,,,,,,,,,,,,,,0.6756504224112059,0.6266136611842431,,,,,1.476859501795622,0.325194898684667,,,0.9479985070040454,1.7280473482802299,,,,,,,,,,,,,,,,1.201422632369475,1.2531571397456298,0.3783845733055389,,0.9475680665318377,0.8708601754316413,,,,,,0.8755325607501468,,,,,0.5486420954392729,,1.615214388954444,1.7656853755883297
1540,0.4369184797235075,0.5511695564150937,,,,,,,,,,,,,,,,,,,,,,,,0.07621796161792004,,,,,0.931134266874897,0.21132967871949623,,,0.6427542899988071,1.4029770526929657,,,,,,,,,,,,,,,,0.5976032300158773,0.8095848784778765,0.25871102350249064,,0.3912294841613111,0.40932102100114054,,,,,,0.5557660669803094,,,,,0.4442232246256122,,1.0062210209484665,1.1160033043014657
1541,0.22776981067036706,0.2691384338877588,,,,,,,,,,,,,,,,,,,,,,,0.22366610589445232,,,,,,0.8685607465458783,0.23117058545839286,,,0.6051852487955945,1.2784075609668544,,,,,,,,,,,,,,,,0.44615063731476245,0.17461527789380932,0.2667378023356725,,0.3760912285092983,0.403278546232862,,,,,,0.5616512207377681,,,,,0.3657567801631276,,0.6892550226473811,0.9579572391323905
1542,0.2635325402887228,0.32097456866732543,,,,,,,,,,,,,,,,,,,,,,,,,,,,,0.9883671075583473,,,,0.6392045112615443,0.9798171043528882,,,,,,,,,,,,,,,,0.4298725533562367,0.2065978287191828,0.2819838105332933,,0.39625114700502134,0.4596513305258248,,,,,,0.5525593194079234,,,,,0.25124742879756523,,0.7589575821503018,0.8598861259408856
1543,0.2287802691707543,0.33964549985022,,,,,,,,,,,,,,,,,,,,,,,0.09315497257331098,,,,,,0.5656490908143198,0.0966847396245679,,,0.5132061235996824,0.866096024618061,,,,,,,,,,,,,,,,0.405647140110768,0.32200373199904103,0.07774683603793955,,0.303153633245014,0.4615174715073347,,,,,,0.4211042379390082,,,,,0.2212695139458839,,0.7505283360017636,0.7574604032763271
1544,0.6173288335955648,0.6820905274089347,,,,,,,,,,,,,,,,,,,,,,,0.09369518470098086,0.09643899856252568,,,,,0.4248579819716203,0.1549422805653396,,,0.546668045268294,0.7844041065202749,,,,,,,,,,,,,,,,0.6983018207802082,0.5792097588545144,0.13936171918630952,,0.37530850337758187,0.4973968117052289,,,,,,0.4514470358210671,,,,,0.40071860951468014,,0.952629546819536,1.3900930304797778
1545,0.6715993632905635,0.821487847360404,,,,,,,,,,,,,,,,,,,,,,,0.3364216416194315,0.4640867501979259,,,,,0.4650159653953185,0.09677839673032544,,,0.7890421110261227,1.0782027996605303,,,,,,,,,,,,,,,,0.7786287038675395,0.8260937563641689,0.2558472186411382,,0.5675329712840183,0.764247586828678,,,,,,0.6070925315941892,,,,,0.30585479184828585,,0.8411907895811133,1.4370177141747311
1546,1.0108581442105675,0.9275116537821095,,,,,,,,,,,,,,,,,,,,,,,0.5139124860155961,0.42609127155468385,,,,,0.688187646125883,0.15495882508882677,,,0.9305108944239725,1.0649207876757554,,,,,,,,,,,,,,,,0.7943396054004597,0.7978840090764815,0.40419367355177593,,0.6422256744155411,0.7530322168323071,,,,,,0.6337926884650938,,,,,0.4060265260685089,,1.0894296882925558,1.5964274900346036
1547,0.8543560941629454,0.586470841660971,,,,,,,,,,,,,,,,,,,,,,,0.28576005169425195,0.13548975542245562,,,,,0.6687100400495228,0.32963537515392727,,,0.4991571060993637,0.655467411268144,,,,,,,,,,,,,,,,0.5549931209154411,0.3949306029741353,0.21449168996247087,,0.5729966907659368,0.7360629426835158,,,,,,0.5169130322951376,,,,,0.26730032008979765,,0.7693767150414255,1.4539401061118018
1548,1.0899194947950237,0.7264409666046944,,,,,,,,,,,,,,,,,,,,,,,0.12315173404317292,0.13558897195272343,,,,,0.8113003899330565,0.13589975161118797,,,0.6093531928735799,0.5534788316988148,,,,,,,,,,,,,,,,0.45424748444816027,0.761751647976157,0.29368453639286857,,0.23135336807760598,0.5126064822111662,,,,,,0.43508132831055557,,,,,0.27823813087832744,,0.9197508199189451,1.4319493928953742
1549,0.7535243428399698,0.658183564898369,,,,,,,,,,,,,,,,,,,,,,,0.1925390267157571,0.15512252948420105,,,,,0.6092620945174655,0.25267463814199315,,,0.7206609109324649,0.5715804642538468,,,,,,,,,,,,,,,,0.5849784352078855,0.7402843054971558,0.38457327709650546,,0.4758600918908296,0.5578264235083887,,,,,,0.3273155676942799,,,,,0.4748406623806046,,1.0105429576569418,1.3951138517714363
1550,0.7729582526518266,0.9893936798108697,,,,,,,,,,,,,,,,,,,,,,,0.26290761829733256,0.4271135050637336,,,,,0.6899725331226687,0.11666764501346973,,,0.8172535361813108,0.7811002735348972,,,,,,,,,,,,,,,,0.8806208111621415,0.9252829814258958,0.37364341049373145,,0.32424575077276746,0.5822722989229275,,,,,,0.45098732876331654,,,,,0.5414994082100576,,0.8713764962351552,1.4508310459886995
1551,0.9536158536763206,1.1998911953423002,,,,,,,,,,,,,,,,,,,,,,,0.39013291716282394,0.33042068064722185,,,,,1.0130039058764544,0.2142300850238831,,,1.0220167273312606,1.0259939206550102,,,,,,,,,,,,,,,,0.9789595824959898,1.5864281554713198,0.4684675989068389,,0.3135164525662581,0.778070028266626,,,,,,0.6392051534914105,,,,,0.6343107693682422,,1.5412954579787899,1.9767116364214976
1552,1.2429649018195725,1.482241277297709,,,,,,,,,,,,,,,,,,,,,,,0.2807710666695202,0.35000293504040914,,,,,1.0939177769782162,0.292722503693712,,,1.0104454120995776,1.2555455525345298,,,,,,,,,,,,,,,,1.0726318512887958,1.2695455649252263,0.2606957908225843,,0.23839597123374923,0.6303739623969331,,,,,,0.5603801377616763,,,,,0.6927851943030935,,1.6610035013738584,1.6057731038020246
1553,1.1919941012533364,1.2408484824147612,,,,,,,,,,,,,,,,,,,,,,,0.38202924909118247,0.38950924549796934,,,,,1.237054039827296,0.35172939320763696,,,0.8434368921058243,1.2233717432258209,,1.836035935168178,,,,,,,,,,,,,,1.2142297399006945,1.220506208730608,0.32463145433607016,,0.2298920636596873,0.6574913020667057,,,,,,0.539716156398718,,,,,0.7662379957570212,,1.5648503868771628,1.7286303440713116
1554,0.8508656421187812,0.9110792426814682,,,,,,,,,,,,,,,,,,,,,,,0.34280228799936374,0.5659301738078432,,,,,1.054404376156807,0.48924409567833116,,,0.6759589058890266,1.1563698080187865,,1.7563262314384391,,,,,,,,,,,,,,1.0830744383555735,1.0935391513120734,0.19408891936200337,,0.33604803494567836,0.5846315128507008,,,,,,0.5811516677265842,,,,,0.7773734124148202,,1.6830821912849998,1.4763731228773183
1555,0.689142580979114,0.8784418009624093,,,,,,,,,,,,,,,,,,,,,,,0.3170017969881686,0.44943200243198056,,,,,0.9329884222547665,0.45157400644921014,,,0.6644312911241975,0.8960106369816575,,1.720791737802194,,,,,,,,,,,,,,1.1112621813084271,0.868944842701908,0.26030918614920573,,0.42886630828825467,0.4842038964544811,,,,,,0.49778195205747083,,,,,0.689839205133882,,1.5454383942245449,1.1447905336902322
1556,0.6355559654007036,0.8799241121952088,,,,,,,,,,,,,,,,,,,,,,,0.30507488037482794,0.5283836233325977,,,,,0.9743746336468022,0.41340728827575063,,,0.7316308748728679,0.8623256299513046,,1.5982675765270322,,,,,,,,,,,,,,1.0786447914657256,1.1549900254099446,0.11464023609853453,,0.5038743372847252,0.6217531960072986,,,,,,0.5238899351947687,,,,,0.7662222641907454,,1.673467157684221,1.2817787108056713
1557,0.727653486404707,1.0582780004495396,,,,,,,,,,,,,,,,,,,,,,,0.3959018667768979,0.41230670154058313,,,,,1.1384649456026688,0.3950891737283606,,,0.6075063866204007,0.6173288335955648,,2.1049194436533125,,,,,,,,,,,,,,0.9171959786544613,1.2852038477926473,0.2177256127465487,,0.335579126852081,0.6619008984806564,,,,,,0.4410352388985261,,,,,0.6773270587122575,,1.017258804823343,1.5951754414172234
1558,0.9304005128109982,1.2548303893060528,,,,,,,,,,,,,,,,,,,,,,,0.3841451128912337,0.6496400244333225,,,,,1.0998548382467903,0.31732895229861113,,,0.6592667754627358,0.8306623703856969,,2.207298943742542,,,,,,,,,,,,,,1.1091368781347313,1.2312492618850392,0.42733561581173,,0.47123968331916805,0.7358767468580112,,,,,,0.5744913422391403,,,,,,,1.3291395616682715,1.5464614273955481
1559,0.9520728118407864,1.1349986180609881,,,,,,,,,,,,,,,,,,,,,,,0.49129037101626505,0.6123882192789589,,,,,1.3262703257170467,0.35833367647150566,,,0.8257025295203712,0.8512489635457411,,2.3202534843660927,,,,,,,,,,,,,,1.1394221166311405,1.4922300143644778,0.38111105816054813,,0.4241928493464261,0.6992189824391639,,,,,,0.5616522218387241,,,,,,,2.033844151397519,2.0537785868562923
1560,1.06500060382797,1.210337800064173,,,,,,,,,,,,,,,,,,,,,,,0.6753708104690123,0.5949917855598958,,,,,1.3300038959067757,0.43963713056032744,,,0.8305397559140341,1.1391414588839273,,2.5061576666292615,,,,,,,,,,,,,,1.0908302974375228,1.376409757053269,0.19979796165083957,,0.22696111251368628,0.6130289843153176,,,,,,0.6007897651019926,,,,,,,1.7951503113361444,2.302207153835322
1561,0.939021693368869,1.0541844293919083,,,,,,,,,,,,,,,,,,,,,,,0.3781493228025482,0.4976856617659801,,,,,1.169956870415771,0.32071089245592305,,,0.7540868067185168,1.3400649526168324,1.9035824076994488,1.8944561312362826,,,,,,,,,,,,,,1.205849682592088,1.0013755737507648,0.284680682452887,,0.3783282791321685,0.36422908860550385,,,,,,0.6949179655301903,,,,,,,1.6076332373822189,1.7063341302660833
1562,1.2930646056178319,1.68645924349898,,,,,,,,,,,,,,,,,,,,,,,0.5027163841207034,0.5795216721022498,,,,,1.2962409136265167,0.34137396257751446,,,0.8918614083894507,1.3994023509885154,1.9896842621890012,2.4207169664232127,,,,,,,,,,,,,,1.4779949793067055,1.6265719678543173,0.3443455914587853,,0.5819232879203354,0.7185692421688352,,,,,,0.851417169384617,,,,,,,1.3839511012053212,1.830696797325212
1563,0.8909982592004245,0.9886675324616389,,,,,,,,,,,,,,,,,,,,,,,0.3373306391598772,0.4810663386838845,,,,,0.8656063676806647,0.42248635820494257,,,0.8307919943654951,1.312231452176357,1.6101694118006247,1.7310648243950382,,,,,,,,,,,,,,1.0183634310715066,1.306838151114061,0.16856702842661025,,0.17715472777920702,0.2881716905208434,,,,,,0.7516729557573352,,,,,,,1.454007412931745,1.8393833230031134
1564,0.7463329419446404,0.9716086056324776,,,,,,,,,,,,,,,,,,,,,,,0.44717646319354737,0.46185889054604895,,,,,0.8060239344944707,0.20122420149564987,,,0.7014885263464828,1.1335433732378906,1.2909084271949105,1.6879872850421376,,,,,,,,,,,,,,0.6676658949425599,0.8439924791800925,0.04476820375620095,,0.4335188982530397,0.196623325437171,,,,,,0.46981526470708523,,,,,,,1.0569673482761217,1.1585123368109327
1565,0.731172802339523,0.9727551405544482,,,,,,,,,,,,,,,,,,,,,,,0.5264934655948919,0.6236703383025343,,,,,1.2432386415365473,0.2820358828243602,,,0.689667236837382,1.0808390450604979,1.4894459221172565,1.8596147131939456,,,,,,,,,,,,,,1.1736347020459315,1.3603753022038227,0.20948152734954056,,0.6110457300165083,0.5111861165507754,,,,,,0.5835183732891619,,,,,,,1.4799476542059296,1.3027947449215083
1566,0.6405439416044245,0.7043601507406079,,,,,,,,,,,,,,,,,,,,,,,0.45081410693673457,0.5030605037391247,,,,,1.5175515163139512,0.2826884438776174,,,0.7939897224928576,1.1378125511963664,1.5784037139611475,1.5139263891743182,,,,,,,,,,,,,,1.0481168593754266,1.0853029853712857,0.2221116123128061,,0.5648281169011733,0.724505263873235,,,,,,0.6113551387441032,,,,,,,1.6691805902457255,1.2113130816947448
1567,0.6051460964177973,0.6698303991147853,,,,,,,,,,,,,,,,,,,,,,,0.32800323581893165,0.26189046262262017,,,,,1.3318498053134709,0.20204058560003077,,,0.662308724707929,0.9232797393203797,0.8886077174168016,1.2046280420983395,,,,,,,,,,,,,,0.9116141158785174,0.8532880219384815,0.08016586962479509,,0.3915793818571581,0.39635474017248934,,,,,,0.3855517694993104,,,,,,,0.9588568877756359,1.0746976786900246
1568,0.5696487828947664,0.5440599323519321,,1.4111072170623655,,,,,,,,,,,,,,,,,,,,,0.28295954200005763,0.34326453899424964,,,,,1.1452792187377394,0.26290331180733506,,,0.7502995801498281,0.8342252296062959,1.0370307586052119,1.237805727493645,,,,,,,,,,,,,,0.80256750634254,0.8543946684774617,0.28139712025327307,,0.3105250063512156,0.2961930829811595,,,,,,0.4788178726322682,,,,,,,1.2355329662979888,1.5345844472764152
1569,1.1051604434598405,1.089524512115492,,2.3556879104188293,,,,,,,,,,,,,,,,,,,,,0.6486114984783833,0.8081623424001231,,,,,1.0631135207131257,0.24238350405019282,,,0.9755168187404798,1.162159479589858,1.4982300122849033,1.8228926163543824,,,,,,,,,,,,,,1.0013487889042327,1.2685589073235846,0.2262983665355631,,0.40717551143547664,0.4646591130498968,,,,,,0.8270314681471209,,,,,,,1.4529178423292237,1.5734641276528036
1570,1.0903593661780009,1.5826463329302376,,1.9149953767827275,,,,,,,,,,,,,,,,,,,,,0.7316308748728679,0.8696032621319544,,,,,1.1697112085790011,0.22230798965869672,,,0.8931593703086981,1.273393601208237,1.5641555783042298,1.8205804914662165,,,,,,,,,,,,,,1.548544410725859,1.6009068512511235,0.5015283226001342,,0.46126040507750293,0.5261251495415268,,,,,,0.7816423038275125,,,,,,,1.3833210205640596,2.0759597938140204
1571,0.8645305038524845,0.9304005128109982,,1.479012226586169,,,,,,,,,,,,,,,,,,,,,0.6075063866204007,0.7271505121505785,,,,,0.9634819368572144,0.2630023770320971,,,0.7762114080806968,0.985129954741057,1.2329166734899912,1.3642941221764735,,,,,,,,,,,,,,1.0427313810249323,0.9920164639262106,0.396852911737032,,0.28724813988784753,0.5744962797756951,,,,,,0.5896073258018876,,,,,,,1.3465479787115093,1.7236383886653612
1572,0.8476254800141072,0.8971455342345871,,1.3441941710347471,,,,,,,,,,,,,,,,,,,,,0.739665162714289,0.7477632379428889,,,,,1.0698527917175704,0.32387278847822504,,,0.6572561126423426,0.9886909969115859,1.1503320757324196,1.1121611122500026,,,,,,,,,,,,,,1.1396498859207445,1.2830969714557114,0.3603485418858016,,0.39488751534910027,0.3803517785877837,,,,,,0.5212647108480793,,,,,,,1.0840232302134685,1.732695893086789
1573,0.8679509870627311,1.0466385244516256,,1.313281215131736,,,,,,,,,,,,,,,,,,,,,0.712370809782281,0.8496999873344675,,,,,1.3655092224474865,0.3029863069346087,,,0.6235423246405601,0.7528452544301167,1.6208803919055337,1.3683102948837083,,,,,,,,,,,,,,1.407323588667722,1.4909020214543565,0.45059196815137315,,0.2401850377104792,0.4536828490086829,,,,,,0.6532136131828402,,,,,,,1.57143604919009,1.3975712208768223
1574,0.7541409690716296,0.939021693368869,,1.3205698022721912,,,,,,,,,,,,,,,,,,,,,0.4722677043432742,0.5667773798368938,,,,,1.1353019755698737,0.3227321167537461,,,0.5901646511152557,0.6996632225101377,1.703167187821108,1.4680680075121006,,,,,,,,,,,,,,1.1174876621487706,1.1579171411915599,0.17613239477618894,,0.13137099114072065,0.3965457695543975,,,,,,0.27268144205646694,,,,,,,1.2140805634282015,1.3729595450399685
1575,0.8909181132507026,0.8497281694060039,,1.5493733357732629,,,,,,,,,,,,,,,,,,,,,0.5737617007640888,0.6059726138692174,,,,,1.3676368392489242,0.323228051893897,,,0.6608096438117015,0.8127834663883515,1.8386428010974656,1.4372481482739408,,,,,,,,,,,,,,0.9248872673316565,1.1371203848342073,0.1565690832714426,,0.1195185440176211,0.3024550909833677,,,,,,0.29910529517715556,,,,,,,1.414753074468575,1.4763185591272796
1576,0.7742271738426035,1.0951853602671884,,1.4759422930938881,,,,,,,,,,,,,,,,,,,,,0.7432178403245422,0.8471718064785835,,,,,1.3900930304797778,0.40462664949678123,,,0.7847159703340812,0.9281231866671089,1.748241079037416,1.6865133246176551,,,,,,,,,,,,,,0.9461778659156729,1.2432801106761793,,,0.2519745855381406,0.21038654714835042,,,,,,0.19826333037804242,,,,,,,1.7642131838692727,1.4976694418522332
1577,0.7941639785802371,0.9329161774308005,,1.4971203392340484,,,,,,,,,,,,,,,,,,,,,0.498475196619297,0.6262543505444255,,,,,1.2853090991885423,0.3234893672315259,,,0.7514997851244328,1.1381577364655766,1.8228926163543824,1.4533414917959442,,,,,,,,,,,,,,1.0605526095525954,1.3136056087364667,,,,,,,,,,0.24290459135866874,,,,,,,1.2595276870487102,1.0174025693970592
1578,0.7174416988644298,0.9186530080676057,,1.3748888964979298,,,,,,,,,,,,,,,,,,,,,0.46765901756432193,0.7283279690942062,,,,,1.1177101317283222,0.323853009941592,,,0.9110792426814682,1.0311411315044556,1.562342123882356,1.474117394097368,,,,,,,,,,,,,,0.9662657437746515,1.050351581258519,,,,,,,,,,0.22420986713161048,,,,,,,1.3923751544976446,1.4606625476074733
1579,0.9707125115084855,1.4129645770685835,,1.7755125516739518,,,,,,,,,,,,,,,,,,,,,0.8410576058992463,0.8895957598866961,,,,,1.2661307164979407,0.3444869903285421,,,0.8081664568854166,1.092692606266371,2.0009647125254943,1.8914593897857628,,,,,,,,,,,,,,1.1264067861884886,1.3020432917438065,,,,,,,,,,0.27028814778126237,,,,,,,1.5235306589011806,1.3002808548906202
1580,0.7580239144259795,0.8131650670614151,,1.351990156349112,,,,,,,,,,,,,,,,,,,,,0.5405887472291797,0.7084284592472324,,,,,0.8448079014132001,0.24339011697991694,,,0.5103559850732211,0.8131650670614151,1.347677583079415,1.0809985543789624,,,,,,,,,,,,,,0.889188996318805,1.1381044148024622,,,,,,,,,,0.266663142812465,,,,,,,0.8480861506808098,0.9716030843422407
1581,0.9333411601077578,0.9873912236842618,,1.7296608996316585,,,,,,,,,,,,,,,,,,,,,0.764202374662995,1.1145167334158714,,,,,0.8256364221409108,0.3452485202265638,,,0.5291390002247698,0.9873912236842618,1.82879933643111,1.3202676117651915,,,,,,,,,,,,,,0.952629546819536,1.4150251758053578,,,,,,,,,,0.31560878660748937,,,,,,,1.628662743429215,1.9029948609520728
1582,1.5775124442667758,1.6386861747852808,,2.0199710221712155,,,,,,,,,,,,,,,,,,,,,1.0572403174838487,1.1155380361579528,,,,,1.0833438264337287,0.3855728861567854,,,0.7069466982005932,1.2766508571001607,2.4335541746146534,1.6466319251253985,,,,,,,,,,,,,,1.1090436462635203,1.2918584536286124,,,,,,,,,,0.39829628340381623,,,,,,,1.2416685607827482,1.7645529723224544
1583,1.6977905214235296,1.5877162700486682,,1.9945261361572855,,,,,,,,,,,,,,,,,,,,,1.1637744504272391,1.299759134970593,,,,,1.0875112562836717,0.48624187482069814,,,0.9753894373961617,1.7216200518600018,2.5417999659289134,2.062131133574926,,,,,,,,,,,,,,1.4022801690445932,1.6530792979106232,,,,,,,,,,0.5667427673977861,,,,,,,1.9316324385514692,1.858704514993188
1584,1.328755485451073,1.4408841730874742,,1.6046589932697028,,,,,,,,,,,,,,,,,,,,,0.7901025198884637,1.0552521094817287,,,,,1.0477081502836112,0.40515473221415416,,,1.0679451177036818,1.67142564078147,2.141604221736705,1.6003950800162647,,,,,,,,,,,,,,1.3853228134994453,1.6512669072833857,,,,,,,,,,0.4559386636701292,,,,,,,1.9395869627475928,1.8765218328783329
1585,1.095906774319462,1.579665667299018,,1.2950654134330604,,,,,,,,,,,,,,,,,,,,,0.7072148384735237,0.8509232809362217,,,,,1.0496020676517257,0.3853119140445676,,,0.7861714388685417,1.367759297295491,2.072357312375698,1.7969523938733398,,,,,,,,,,,,,,1.0400087963732383,1.1920054484178753,,,,,,,,,,0.3366896618222185,,,,,,,1.8059431507197021,1.845276508107386
1586,1.2172864521674358,1.8323409726879878,,1.620261686051488,,,,,,,,,,,,,,,,,,,,,0.6745523261329306,0.9115981474818469,,,,,0.9885467780546817,0.4663711663770493,,,0.6997011754942577,1.3501459798753594,1.852789752214123,1.4997600099972166,,,,,,,,,,,,,,1.2001591859148668,1.4902420478281304,,,,,,,,,,0.4630391918332738,,,,,,,1.4030003987774045,1.429928635963255
1587,0.8268145765515013,0.8701626566211111,,1.4039398511108858,,,,,,,,,,,,,,,,,,,,,0.5369392239960379,0.5272689350083557,,,,,0.9486023254683656,0.34480006909415284,,,0.5212974262070459,1.0828690837951607,1.3607621509250092,1.0806879442778474,,,,,,,,,,,,,,1.2623787701868272,1.5357515492169378,,,,,,,,,,0.32672228774338136,,,,,,,1.5883132440857453,1.496104265169116
1588,0.7506694300838851,0.7940791878973653,,1.7367015281216298,,,,,,,,,,,,,,,,,,,,,0.3992290286956141,0.30415510850677124,,,,,0.541291685306449,0.20299471534308383,,,0.6477390704216517,1.1620671042400468,1.1220491323933532,0.6827866370293768,,,,,,,,,,,,,,1.1677158622132489,1.0180948073755431,,,,,,,,,,0.22286085929281998,,,,,,,0.9036383019951804,0.7286115775219811
1589,0.7734893212278646,0.7355158151504734,,1.391358147660117,,,,,,,,,,,,,,,,,,,,,0.5216918240618696,0.5070589251384601,,,,,0.6302464278078947,0.26428650522919095,,,0.8286432678797152,1.4516759509548816,1.072717434559218,0.8357928298623399,,,,,,,,,,,,,,1.140256457699892,1.562409664240705,,,,,,,,,,0.38287122194237566,,,,,,,1.4168491113426245,1.5509159647617001
1590,0.6569450735310938,0.48424632840258364,,1.5823037484238107,,,,,,,,,,,,,,,,,,,,,0.48826771487453946,0.426288902220476,,,,,0.523484827327125,0.2444121862770645,,,0.8488442842258607,1.5302183977521644,0.8855835563699623,0.9012635340909713,,,,,,,,,,,,,,1.004206147549949,1.1206326612226691,,,,,,,,,,0.23929897819609985,,,,,,,1.2504572119690818,1.2057705178616154
1591,0.6194886839713705,0.7950029636065303,,1.7775315040414652,,,,,,,,,,,,,,,,,,,,,0.4369184797235075,0.4269243546010007,,,,,0.4811834814785776,0.244849906286224,,,0.7060374477155845,1.318541500615709,0.9056657005565555,0.9974683290330231,,,,,,,,,,,,,,1.0003862020489156,0.8050201825113475,,,,,,,,,,0.23115788246514615,,,,,,,1.3512912935869816,1.4160404277078447
1592,0.8017772311398076,0.7571557589766187,,1.9135662975313261,,,,,,,,,,,,,,,,,,,,,0.43801886667378276,0.30551523284633064,,,,,0.48421182967855714,0.24553918078278933,,,0.7254132431359095,1.0289552621989946,0.8563517533420365,0.9305108944239725,,,,,,,,,,,,,,0.6407365021310522,0.7813376649460301,,,,,,,,,,0.1865976844509533,,,,,,,1.2329630204973097,1.1420576713173012
1593,0.7229095678112071,0.6414048506681365,1.584271810278896,2.15302283614955,,,,,,,,,,,,,,,,,,,,,0.4919274085389493,0.44889149485807733,,,,,0.5304665689946373,0.3489345052117212,,,1.016889544641126,1.535484339478266,1.1743862101691904,1.1646999142318486,,,,,,,,,,,,,,0.7236614735931767,0.7594148637715614,,,,,,,,,,0.2659230770994398,,,,,,,1.367965160960538,1.289232711289084
1594,1.4082878606831417,1.263899487645922,2.2353242945580134,3.0263350236572206,,,,,,,,,,,,,,,,,,,,,0.9503180411708256,0.7775407391454996,,,,,0.8411907895811133,0.3909297993476797,,,1.1278629039272958,1.7500146752020458,1.3140754373308945,1.4776814927184312,,,,,,,,,,,,,,1.3548346665575925,1.5953789853316032,,,,,,,,,,0.5407708491612676,,,,,,,1.7629459916200838,2.253520619178569
1595,1.2274676291234643,0.8958712646453294,1.696208998690734,2.5191371374831264,,,,,,,,,,,,,,,,,,,,,0.8113464670113137,0.8210223652040499,,,,,0.8653311169737206,0.4121935084193642,,,1.2587771643913503,1.6359388310914709,1.729100710844556,1.747986039283,,,,,,,,,,,,,,1.0596887817048573,1.3958921885200917,,,,,,,,,,0.3890227298243277,,,,,,,1.6551164477495477,2.1203682555801695
1596,1.0072710100870006,1.1904048483544287,1.5490901126338927,2.266459400196912,,,,,,,,,,,,,,,,,,,,,0.8306623703856969,0.6995585883063742,,,,,0.6448533160751831,0.47534744854802125,,,1.2267091998717825,1.4050680177298174,1.5834839028979166,1.742446218650719,,,,,,,,,,,,,,1.0859234623701992,1.142157270484645,,,,,,,,,,0.42032567245801783,,,,,,,2.0843576923941813,1.892012492681931
1597,0.9086414267494843,1.0161071359331735,1.2309470430721128,1.696446000171209,,,,,,,,,,,,,,,,,,,,,0.8512489635457411,0.6182902626290462,,,,,0.5567498909920976,0.4144128805121825,,,0.8813798100645269,0.9574855703985673,0.7478146372452515,1.1613826446946143,,,,,,,,,,,,,,0.9224449962533336,1.06825648700419,,,,,,,,,,0.47675524268658265,,,,,,,1.6523633777194948,1.8572612908764106
1598,0.6061217568000923,0.6653719701225305,1.245459180547468,1.4936517399948115,,,,,,,,,,,,,,,,,,,,,0.729762497097516,0.5373492896629806,,,,,0.8923116623902356,0.4781326695235737,,,1.2888533046239377,1.1546160658008615,0.7978398498510239,0.9949000980672764,,,,,,,,,,,,,,0.9157404516734159,1.1764995262898652,,,,,,,,,,0.5644528760777843,,,,,,,2.01040970667619,1.823626750671836
1599,1.0313899155518529,1.0602172325329282,1.3329115761252024,1.5203753260154516,,,,,,,,,,,,,,,,,,,,,1.143522092899697,0.683781252845101,,,,,0.960748444566966,0.4578233705765056,,,1.3854263631619628,1.4528902816191978,1.101681438036473,1.3744897500983804,,,,,,,,,,,,,,1.4450077674349677,1.7002781447088324,,,,,,,,,,0.7180763156438957,,,,,,,2.3577920644932497,1.908976040665991
1600,1.0907257682258678,1.1417915580949303,1.5925829507151468,1.5592453055499376,,,,,,,,,,,,,,,,,,,,,1.0046991237866265,0.5820745542026114,,,,,0.8276913199595824,0.49975820454010444,,,1.243685070133926,1.437082478291895,1.170642738146288,1.5248375318891996,,,,,,,,,,,,,,1.1391989543686414,1.1819815493776888,,,,,,,,,,0.6121073600027558,,,,,,,2.202049864876718,2.1321974877953793
1601,0.4041963448339941,0.37533471504194255,1.1020038933335239,1.1498160076645327,,,,,,,,,,,,,,,,,,,,,0.4134427863021399,0.27053199170429876,,,,,0.44891986523617794,0.3543711735710419,,,0.8023079125904884,0.8889506408888113,0.5747869706598733,0.6802510837700118,,,,,,,,,,,,,,0.6078696337725334,0.6016242925251325,,,,,,,,,,0.2190731719395228,,,,,,,1.45495584245355,1.1823836780296286
1602,0.728314274858115,,0.7944917223132596,0.9510053909645059,,,,,,,,,,,,,,,,,,,,,0.5217898067285527,0.291525619315061,,,,,0.5403799897129771,0.2715401019915538,,,0.6749287406210981,0.8131554402651909,1.0359004278850859,1.0020161981954494,,,,,,,,,0.4298411888353593,,,,,0.7012675038391173,1.0059004717535565,,,,,,,,,,0.32945824000718504,,,,,,,1.1398584587275553,0.9029715753598511
1603,0.5667773798368938,,0.9464814867195893,1.1026277819261638,,,,,,,,,,,,,,,,,,,,,0.7205593633736653,0.3543711735710419,,,,,0.6534054022391564,0.3351241519503354,,,0.9796554401008846,1.453242132356662,1.3186561348977017,1.5347529767252226,,,,,,,,,0.3807420501719693,,,,,0.799197273031469,1.0810070012062354,,,,,,,,,,0.5155517480080273,,,,,,,1.2914117840194854,1.1555534106368692
1604,0.3029863069346087,,0.5501588188285486,0.6422408061047454,,,,,,,,,,,,,,,,,,,,,0.27090775028484915,0.2715401019915538,,,,,0.4286617443834504,0.23075256291947596,,,0.7375218050091904,0.8992577670552153,0.8480932922636245,0.9487009695683271,,,,,,,,,0.30728423889324896,,,,,0.6567826415074165,0.8505480276064231,,,,,,,,,,0.530658906804586,,,,,,,1.0962898645500612,1.1996834077668925
1605,0.20170757297109132,,0.43977374974181144,0.7727226693927508,,,,,,,,,,,,,,,,,,,,,0.23534581590519482,0.2722883734596475,,,,,0.40705957889616184,0.2100783419149979,,,0.7215551250000375,1.0823992620387402,0.6039189752411995,0.5180878616598407,,,,,,,,,0.2581816854389821,,,,,0.43094656338408516,0.4562652111945873,,,,,,,,,,0.2123972369295444,,,,,,,0.6023380356855883,0.4845245587105525
1606,0.4848420778408455,,1.1228287386376192,1.4619610434484007,,,,,,,,,,,,,,,,,,,,,0.5077892701951366,0.3566175972391902,,,,,0.5664024525742444,0.14716877461090955,,,1.3719233091225607,1.7470314555437503,1.0881719822610836,0.9608205019397648,,,,,,,,,0.5046882876595662,,,,,0.6413988576105276,0.7119903553173398,,,,,,,,,,0.4898660340540873,,,,,,,0.40696381394689274,0.5434489742136095
1607,0.2630073221729078,,0.6720556445390737,1.0835949447969486,,,,,,,,,,,,,,,,,,,,,0.36317483737183065,0.2100783419149979,,,,,0.06792876805800366,,,,1.1094884778653344,1.0863934925269954,0.9996289091624584,0.6557276580161016,,,,,,,,,0.5919013927354303,,,,,0.6743977687608477,0.7852437664947544,,,,,,,,,,0.38642245283413423,,,,,,,0.24869124721696173,0.1362365834051918
1608,0.3639255381354666,,0.7528921435270624,1.0406669363526126,,,,,,,,,,,,,,,,,,,,,0.49116610332317723,0.3363857705392218,,,,,0.33935108199068725,0.08424806245331987,,,1.229554494367978,1.428691830619114,1.0846782443335543,0.8257976003606025,,,,,,,,,0.5430380495324898,,,,1.9699007625483327,0.5971848056271933,0.8463836918612102,,,,,,,,,,0.5697110583155702,,,,,,,0.5371463575137838,0.5244181013018069
1609,0.14168569184944652,,0.7188872289848269,0.973441725615544,,,,,,,,,,,,,,,,,,,,,0.2918903569603132,0.18936510081908178,,,,,0.29391629782581713,0.1685651277624318,,,0.8283612645592412,1.1684343717009207,0.7277104617074545,0.7975603145908753,,,,,,,,,0.37036812807328995,,,,2.364285311551745,0.3813727782200902,0.8993290440387524,,,,,,,,,,0.28739182836334737,,,,,,,0.4186335180187679,0.6458377726414479
1610,0.38501487154366465,,0.8650985314059327,1.105524503792143,,,,,,,,,,,,,,,,,,,,,0.45772731338499345,0.5686744215599091,,,,,0.2713305041995306,0.14762209286977843,,,0.7715119885002054,1.1711378389215574,0.9543011411385233,1.03553068174957,,,,,,,,,0.470518516254763,,,,1.5855866726891645,0.6295001551983865,1.0486061657505956,,,,,,,,,,0.2205822590107478,,,,,,,0.5698087948567255,0.5182058329670979
1611,0.46649772421150754,,1.273341180698042,1.6560949016202413,,,,,,,,,,,,,,,,,,,,,0.7344831750537725,0.5899779471685114,,,,,0.42965802161603106,0.25322614329958815,,,1.1215429796449876,1.555712509120237,1.1990257630665802,1.4970825385006585,,,,,,,,,0.8069056554744043,,,,1.6585099697961279,,1.349240232025646,,,,,,,,,,0.386843636120105,,,,,,,0.8973418764623811,0.6982938097909398
1612,0.44679220264614133,,1.0205713735941202,1.1830617873955804,,,,,,,,,,,,,,,,,,,,,0.8653729331046438,0.6537549827090187,,,,,0.40766562979394716,0.33792316056528005,,,0.9683892535333724,1.3145165590366754,0.9647806470186377,0.9967105027038,,,,,,,,,0.8094907452207014,,,,1.8673466643403949,,1.3043180946353021,,,,,,,,,,0.376626144962396,,,,,,,1.1158691493784179,0.7893252805959095
1613,0.4464528155499621,,1.2893693163327251,1.705320949343441,,,,,,,,,,,,,,,,,,,,,0.8497281694060039,0.5486566438157744,,,,,0.6350876770757813,0.3175524700541964,,,1.083918043379645,1.5148969003137052,0.760941546812891,1.171776974483259,,,,,,,,,0.5501588188285486,,,,1.834894317479834,,1.0558853025878934,,,,,,,,,,0.3053992263932845,,,,,,,1.0456645442102872,0.7723510689156587
1614,0.44572171858563997,,1.0845187082521823,1.7134264271112762,,,,,,,,,,,,,,,,,,,,,0.7610610130670292,0.40128375317127,,,,,0.6147474871316938,0.2973885013739647,,,0.8329036848524438,1.091330131051784,0.5862633571157887,0.9037699488168385,,,,,,,,,0.4649036782984864,,,,0.3060759915546761,,0.8214777482464448,,,,,,,,,,0.2907748453901949,,,,,,,0.9896158521472037,0.7184188598780411
1615,0.2836083125499079,,0.9448575789578684,1.3519178117780533,,,,,,,,,,,,,,,,,,,,,0.5224330593612483,0.14819115269195834,,,,,0.4338499482170832,0.10661875061604625,,,0.6786610664933795,0.7687761790168992,0.44261616916086854,0.6503445458269865,,,,,,,,,0.4289458102660568,,,,0.32592395270449515,,0.6207208149681782,,,,,,,,,,0.22354202634566445,,,,,,,0.8085723453545454,0.7089730901472137
1616,0.26363446750417785,,1.0574170844824982,1.395305711360815,,,,,,,,,,,,,,,,,,,,,0.44995249374739876,0.08496814324970421,,,,,0.4805726645176219,0.1069089949268991,,,0.8153985096671277,0.9513763161547859,0.660638080288482,0.5668126773112891,,,,,,,,,0.36772856021949313,,,,0.2191625720449817,,0.4763624226108101,,,,,,,,,,0.1772583003097117,,,,,,,0.9137115509509153,0.7610594638554161
1617,0.38526313744191026,,1.2784022381538396,1.3328405937901375,,,,,,,,,,,,,,,,,,,,,0.7347415800756634,0.5544175032034405,,,,,0.5042991699175464,0.36414765612406813,,,1.418865275720423,1.5957278831889394,0.9803345533512842,0.9487028320986295,,,,,,,,,0.15313060546313131,,,,0.38234914136325615,,0.9370825881636159,,,,,,,,,,0.42240395070660003,,,,,,,1.2848557015171342,1.1147409848243408
1618,0.4259294971163064,,1.5011654196771362,1.512371162481313,,,,,,,,,,,,,,,,,,,,,0.9455407756528083,1.0263263512982315,,,,,0.597719365515187,0.2578817681881778,,,1.283344095148167,1.250586952420766,0.9687222506689523,0.8821068880199862,,,,,,,,,0.15404726335389146,,,,0.5703796327862788,,,,,,,,,,,,0.32390351945528034,,,,,,,1.2291263227596951,0.9208897184654545
1619,0.426288902220476,,1.1430402067770078,1.1416570989720547,,,,,,,,,,,,,,,,,,,,,0.6266136611842431,0.642613510807179,,,,,0.5754247173727369,0.3233871564096701,,,0.9932485760198217,1.0504911686551652,1.0933748876690204,1.0392372077342669,,,,,,,,,0.0516476735167721,,,,0.7489662101779558,,,,,,,,,,,,0.20817195096177532,,,,,,,0.971247029037758,1.1148066244698067
1620,0.4065946234295245,,1.0673150283741655,1.0620801164026734,,,,,,,,,,,,,,,,,,,,,0.49541675051648026,0.601724125772415,,,,,0.5994905384674528,0.3031233437716115,,,0.878167511081136,0.64740263919485,0.9122435109492408,0.8505314089602214,,,,,,,,,0.1559193282487398,,,,0.6119137603550348,,,,,,,,,,,,0.22816412631833896,,,,,,,0.9199213817101112,0.8768535265035027
1621,0.5499274191233952,,1.3477731870102996,1.594310629489881,,,,,,,,,,,,,,,,,,,,,0.8990682493046674,0.9270431817077209,,,,,0.7165185530195634,0.2825242607414701,,,1.0747287014677798,0.9502500162426072,1.103847874513215,1.1477220129361132,,,,,,,,,0.22243222245000055,,,,1.276744588203675,,,,,,,,,,,,0.4062541807222166,,,,,,,1.6653418719061113,1.4784826613656787
1622,0.5101039714296334,,0.9547697717113656,1.1655559121236203,,,,,,,,,,,,,,,,,,,,,0.9798012376994825,0.9093700313148343,,,,,0.5785847014691052,0.3708017526900469,,,1.0371974828380621,0.8703549642180285,1.0913448438542954,1.0462879604454416,,,,,,,,,0.2762934249284411,,,,1.387224292690088,,,,,,,,,,,,0.5012385384295996,,,,,,,1.6063360182731814,1.829696292500992
1623,0.5729247551598419,,1.5047983947708923,1.4633133478389875,,,,,,,,,,,,,,,,,,,,,1.1558529272919644,0.9997012303159711,,,,,0.6964133251022188,0.4155675521860443,,,1.2761874095303765,1.1347806740234327,1.1295457901205557,1.1010345689032388,,,,,,,,,0.2909684339213172,,,,1.4458081332477317,,,,,,,,,,,,0.4985714184971438,,,,,,,1.9746530148706765,1.9311823220833917
1624,0.6362923330331386,,1.3617396733471727,1.4023768864889556,,,,,,,,,,,,,,,,,,,,,1.2537069813128339,0.7634153731853905,,,,,0.932291976585552,0.41818294381329935,,,1.378024294252502,0.9938429776679942,1.150801496359284,1.3140566000213483,,,,,,,,,0.3460041838437265,,,,1.648305717886639,,,,,,,,,,,,0.5928764534177285,,,,,,,1.8260806056013799,2.0047559724632626
1625,0.6584080831118816,,1.2734308303039417,1.0305200494185236,,,,,,,,,,,,,,,,,,,,,1.0828690837951607,0.8092631279412441,,,,,0.9593201662949625,0.46415824787030757,,,1.0074773930073195,0.7311145134209586,1.052197686509389,1.2649561933858693,,,,,,,,,0.5086310026624674,,,,1.5442654381514858,,,,,,,,,,,,0.6105770210256745,,,,,,,2.0722653856389917,2.0951253660371756
1626,0.9480450693645376,,1.4997600099972166,1.2077587220713177,,,,,,,,,,,,,,,,,,,,,1.433216095229391,1.0124429166006195,,,,,1.1044365912553986,0.4648685942421941,,,0.8726546188211807,0.9537855604931007,1.331808438775273,1.4606740262440465,,,,,,,,,0.6593864175740857,,,,1.9736788300819648,,,,,,,,,,,,0.7410828685603178,,,,,,,2.142202432642189,2.2207997602215124
1627,0.7440220933795114,,1.5417814671697292,1.1419937285216422,,,,,,,,,,,,,,,,,,,,,1.4710316303009467,1.0609331379892746,,,,,0.9188262440847402,0.4437595471660105,,,0.8958341911787643,0.66858257787846,1.2297640291522158,1.2346576671911296,,,,,,,,,0.7708687290233941,,,,1.3816966288658858,,,,,,,,,,,,0.7372411318190344,,,,,,,1.498882789032267,2.2048006972158882
1628,0.5180161006402281,,1.394628024570642,0.8049598346450214,,,,,,,,,,,,,,,,,,,,,0.9684926568051673,0.7747809904036569,,,,,0.6377570200051453,0.3780174611475212,,,0.7194062136441722,0.6077320983212312,1.1108981668051872,1.1841357194859936,,,,,,,,,0.7620268045180052,,,,1.345943684294263,,,,,,,,,,,,0.47462188854932424,,,,,,,1.900342734971581,2.343918866966392
1629,0.6236513080742265,,1.4223141139762627,1.133975501817354,,,,,,,,,,,,,,,,,,,,,0.8725642283486309,0.7987671848988189,,,,,1.1370987495161697,0.467669908433362,,,0.9420882465892738,0.973419572323118,1.7737522018103569,1.3123421521330174,,,,,,,,,0.6704927742350526,,,,1.7074556736019113,,,,,,,,,,,,0.3213405778775879,,,,,,,1.9050509953664705,2.110054191980071
1630,0.4578233705765056,,0.9603627822280842,0.6007129883822955,,,,,,,,,,,,,,,,,,,,,0.40769925483356384,0.5114353886113522,,,,,0.8083873471035519,0.4238480396353619,,,0.7429903891392962,0.7096952531824662,1.2032311545122578,0.7119634118024546,,,,,,,,,0.5501115049021631,,,,1.763290552280529,,,,,,,,,,,,0.21881745971028788,,,,,,,1.1598946823382916,1.3544339753790815
1631,0.7288140482876523,,1.384545591045838,1.2366822050428126,,,,,,,,,,,,,,,,,,,,,0.7385874037996722,0.9576098125064079,,,,,0.9056315798415437,0.5362316899908647,,,1.0059199004879584,0.9735531362658432,1.74767391889403,1.1613896256012548,,,,,,,,,0.5811642088677877,,,,2.3557646439103754,,,,,,,,,,,,0.30548507621629906,,,,,,,1.4455840808251925,1.802607352730077
1632,0.7921237997470348,,1.7559641072194319,1.6783415556944843,,,,,,,,,,,,,,,,,,,,,0.5444490100628587,0.8476960792707238,,,,,1.0028252462195513,0.4026606421424995,,,0.8853864865808595,0.8119788613723353,1.804637730695985,1.2917560162970911,,,,,,,,,0.6130660126844375,,,,2.5487303569088127,,,,,,,,,,,,0.4060399856568996,,,,,,,1.6420019485666721,2.2177241497988014
1633,0.33420320245114316,,1.073944076759237,0.8181108981048106,,,,,,,,,,,,,,,,,,,,,0.23370554729878157,0.46920272874200664,,,,,0.9076884801035533,0.31424390566532456,,,0.5439263454469804,0.7115405910016679,1.317662701443614,1.1504494923189978,,,,,,,,,0.5194264733386122,,,,1.7107876179203396,,,,,,,,,,,,0.39135925389390425,,,,,,,1.2612062655724525,1.53066208535367
1634,0.4817409684286072,,1.3405770243218758,0.8937439986514696,,,,,,,,,,,,,,,,,,,,,0.6049598409670047,0.8948014269833324,,,,,0.8383025235436282,0.33773749357061067,,,1.3528661242714546,1.3442670245238548,1.9182345645855554,1.3854419006240883,,,,,,,,,0.7640584981823649,,,,2.4194351043446662,,,,,,,,,,,,0.5545228914281292,,,,,,,1.8763168099595922,1.524625933848932
1635,0.4195501143990472,,0.9506590739960176,0.6977829110245082,,,,,,,,,,,,,,,,,,,,,0.44943200243198056,0.650933804592458,,,,,0.6726714240713585,0.31543709073614457,,,0.8889785766401354,0.979399625144896,0.8995363003821087,0.8106292837953736,,,,,,,,,0.4856365746657654,,,,1.8951683516643834,,,,,,,,,,,,0.43500193541523985,,,,,,,1.2775206597796607,1.184668562149238
1636,0.6512428599364934,,0.878933048345938,0.8034054090552792,,,,,,,,,,,,,,,,,,,,,0.6849417339496636,0.7205066529506361,,,,,0.8931244685588536,0.31585602217727926,,,0.9302732571644163,1.4936966830953018,1.5022617336762605,0.8488442842258607,,,,,,,,,0.7492769746993077,,,,3.4051902153443896,,,,,,,,,,,,0.5116544041996168,,,,,,,1.465123667175843,0.9921903612002972
1637,0.6307233197610408,,1.300748562057968,1.2136940341167122,,,,,,,,,,,,,,,,,,,,,0.8638807079897932,1.1040298175765058,,,,,0.775239293936884,0.3844451578463751,,,0.7877463881631267,0.9647012791147586,1.0640612044321762,0.7241409720159842,,,,,,,,,0.7990056390769303,,,,3.243449775204987,,,,,,,,,,,,0.5771469204042494,,,,,,,1.7281804256666427,1.3051876014006705
1638,0.6732981362456242,,1.119262610325686,1.3264845044405686,,,,,,,,,,,,,,,,,,,,,0.6496400244333225,0.8122011998844323,,,,,0.8491390222087647,0.40780976585345596,,,0.8892319586347869,0.8641606090843444,0.8543560941629454,0.6166012566655231,,,,,,,,,0.6598364446281632,,,,2.6807704736474043,,,,,,,,,,,,0.5925742221117549,,,,,,,2.122083958061593,1.6311405380439004
1639,0.9267286869865184,,1.3276321449813901,1.4349498072233122,,,,,,,,,,,,,,,,,,,,,0.8296872648295571,0.7915047367425369,,,,,0.827150684960093,0.5434301444640293,,,0.9103928435726438,1.2777998761000289,2.0190311952760274,0.9260958352981682,,,,,,,,,0.6944161656110762,,0.8007327289161552,,3.233078832699525,,,,,,,,,,,,0.6079274884270993,,,,,,,2.683733605174443,2.0792540236529504
1640,1.0535320485151987,,1.5719974555558758,1.616332913770833,,,,,,,,,,,,,,,,,,,,,0.9321537973771702,1.01952441463364,,,,,0.6829631086721206,0.5655851366511454,,,0.8501660697553406,1.2607041026708388,1.3994023509885154,0.727653486404707,,,,,,,,,0.7294917630241511,,0.6779664893384745,,2.517148274567458,,,,,,,,,,,,,,,,,,,2.623950976938108,2.4146428141572973
1641,0.42177740819936693,,0.7751698396448972,0.9221604695805788,,,,,,,,,,,,,,,,,,,,,0.25879654411830966,0.520787221778028,,,,,0.44034393589189624,0.3165252438124184,,,0.5857735267402435,0.683781252845101,0.6111762927944676,0.3283766515803523,,,,,,,,,0.6753708104690123,0.6263400180172379,0.4314270714061215,,1.8768425267965168,,,,,,,,,,,,,,,,,,,1.3441481614220674,1.3111683418126188
1642,0.8862915015485585,,1.0179212172144247,1.211728310514723,,,,,,,,,,,,,,,,,,,,,0.2597855771492844,0.5882085421171913,,,,,0.31927373595129255,0.20349787814964795,,,0.6858057481017105,0.8107467004964946,0.6837245743339657,0.1830909253539974,,,,,,,,,0.4386532144509559,0.5281260695933768,0.2778526709962379,,1.9942294865073877,,,,,,,,,,,,,,,,,,,1.2639314069037169,1.1595134104023552
1643,0.6758463211305601,,1.1830387528923592,1.5535153692958035,,,,,,,,,,,,,,,,,,,,,0.4610219079053894,0.6782683795980394,,,,,0.4671683938742203,0.2713629610206512,,,0.9292806491949539,0.9572670475690571,0.8106292837953736,0.7344831750537725,,,,,,,,,0.5788855332299009,0.39332382578335867,0.4222148357737347,,2.022210635627431,,,,,,,,,,,,,,,,,,,1.2812864583393706,2.0494090104361535
1644,0.444573458075875,,0.9004619372173953,1.1686938895346737,,,,,,,,,,,,,,,,,,,,,0.3815356052336926,0.33916313024941325,,,,,0.29599698022346604,0.06794427163232453,,,0.6878653041445282,0.5205814630626089,0.5237549838840416,0.3866559913871813,,,,,,,,,0.4139966935143948,0.23359295349241238,0.38966841688415826,,1.533753157957908,,,,,,,,,,,,,,,,,,,1.6111442319860705,1.387461413564382
1645,0.3611146088112429,,0.5828488443673208,0.820537832102329,,,,,,,,,,,,,,,,,,,,,0.42248635820494257,0.38443086144592253,,,,,0.2970581034290995,0.27218043303247763,,,0.6671968199150221,0.5002887156297061,0.43448458320959044,0.1477788120706094,,,,,,,,,0.3083975608231362,0.1723325860300958,0.3134810558664828,,1.0371918048063309,,,,,,,,,,,,,,,,,,,1.2251893720304705,1.4153180201880393
1646,0.6397125036962775,,1.1236714344719283,1.247153782568732,,,,,,,,,,,,,,,,,,,,,0.7244071253843395,0.7700350784996781,,,,,0.5945535392094133,0.38706323263847386,,,1.0727630954315235,0.8772834064342507,0.8160898985278981,0.37124927466684354,,,,,,,,,0.46455305787784573,0.3329445334136796,0.39505933661150927,,1.7433364377577163,,,,,,,,,,,,,,,,,,,1.5169337338420124,1.9660763058030009
1647,0.7269811655029139,,1.2294893587801903,1.1213159863690028,,,,,,,,,,,,,,,,,,,,,0.6647988666574205,0.7938595963447265,,,,,0.694099528815454,0.4338499482170832,,,1.4792676643519747,1.2986060888075497,0.8716196096923935,0.5224330593612483,,,,,,,,,0.8083563296796621,0.4813291802674342,0.33803040773039555,,1.562357808218315,,,,,,,,,,,,,,,,,,,1.5461401018141483,1.9561610546529082
1648,1.0924429683722043,,1.3708240165986,1.254708977560407,,,,,,,,,,,,,,,,,,,,,,0.8879685925235578,,,,,0.845621626506018,0.41191942672939014,,,1.3589281531378696,1.1747403203173323,1.2188195897278842,0.731172802339523,,,,,,,,,0.718483278460517,0.5308609835717156,0.29296882260301443,,2.0979724429085373,,,,,,,,,,,,,,,,,,,2.032923682622868,3.002775756125859
1649,0.945566483356652,,1.2628038314355525,1.0255868615009485,,,,,,,,,,,,,,,,,,,,,,1.1873788056467542,,,,,0.7980248660934878,0.5959899280843731,,,1.2388329255188464,0.9873682070004901,1.2222908697713115,0.7724206354641588,,,,,,,,,0.8174386768890555,0.5571929797753773,0.4495787061918049,,1.9941083236787902,,,,,,,,,,,,,,,,,,,1.639992223599792,2.714492686447335
1650,0.8839248941864315,,1.3027644060720396,1.0754348498351955,,,,,,,,,,,,,,,,,,,,,,0.8696076786509348,,,,,0.798603549888741,0.5287517464172808,,,1.034958799684003,0.7989162050306517,1.336563755084181,0.8131650670614151,,,,,,,,,0.6327917058325692,0.6827663238629574,0.3413485398640767,,1.4566550327358334,,,,,,,,,,,,,,,,,,,1.8342706115137328,2.6743972185394713
1651,1.104235038025156,,1.2111229524949148,0.868710852580083,,,,,,,,,,,,,,,,,,,,,,1.1461344770853328,,,,,1.077228873083184,0.6905096608472844,,,1.2763849214043326,0.9889066376107605,1.4322421913548564,0.9304263453947851,,,,,,,,,0.906586084081597,0.7223148188123181,0.5905533210818611,,1.6915606211149017,,,,,,,,,,,,,,,,,,,1.8636889917710286,2.7596043239205983
1652,0.5433158860412887,,1.2163246812656543,1.1043149823243756,,,,,,,,,,,,,,,,,,,,,,0.7586438100769681,,,,,0.9044907436712348,0.5533758816622641,,,1.2559796698638779,0.5686744215599091,1.0310826436991503,0.7621796161792004,,,,,,,,,0.6234933967946217,0.500144380753226,0.7670560371816545,,2.0734551483281183,,,,,,,,,,,,,,,,,,,1.481125001414231,1.6371588287092291
1653,0.523484827327125,,1.630298399281056,1.289422039674079,,,,,,,,,,,,,,,,,,,,,,0.8976625591014697,,,,,0.5783180478131057,0.5778375427577124,,,1.034258295593313,0.6742605110497272,1.1637581450560488,0.8608100259300009,,,,,,,,,0.5788683882111827,0.49003360685516134,0.281502552995612,,2.003790978763624,,,,,,,,,,,,,,,,,,,1.4325328654945007,1.9355762208561593
1654,0.5467994107711109,,1.5517559498553264,1.3491945208363507,,,,,,,,,,,,,,,,,,,,,,1.1298090917271226,,,,,0.9576922743118141,0.8331619701155115,,,1.216620434027085,0.9068214276286388,1.5963718810674272,0.9221658707759834,,,,,,,,,0.6799903184285409,0.7443471413440398,0.5334049423632408,,2.064858465488703,,,,,,,,,,,,,,,,,,,1.605305380634798,1.623197502612127
1655,1.1665103169528876,,1.865461986714251,1.5335297225979199,,,,,,,,,,,,,,,,,,,,,,1.6179451197215946,,,,,1.0363674765107205,0.8589097676260697,,,1.4806120614043032,0.9284958587651566,2.276315472931153,1.1558529272919644,,,,,,,,,1.009675781699414,0.900300957778759,0.5019373330947631,,1.985432786367071,,,,,,,,,,,,,,,,,,,1.4406742058960698,1.9631969612016513
1656,1.193549780237934,,1.3740913389364586,1.278844626432372,,,,,,,,,,,,,,,,,,,,,,1.1803127909969746,,,,,1.0150663151712724,0.9789065754148295,,,1.8269524380877544,0.9504088890898501,2.1935184070185687,1.0801167839002876,,,,,,,,,0.9016255297721397,0.8549792138358167,0.7772974864274201,,3.138646860929543,,,,,,,,,,,,,,,,,,,1.4874506140703645,1.7217929454884229
1657,0.9076005887585694,,1.0866959713129756,1.0161546357146856,,,,,,,,,,,,,,,,,,,,,,0.9749786551431062,,,,,0.8400867202822212,0.889126007785575,,,1.809346074261384,0.9949977395031487,1.6767179647880524,0.9281735003958518,,,,,,,,,0.6441221282812699,1.1168426593157132,0.8471616834848197,,2.46845895174498,,,,,,,,,,,,,,,,,,,1.2833949268932316,1.6068318353620992
1658,1.1093988679150262,,1.7988062030211482,1.7058371740623866,,,,,,,,,,,,,,,,,,,,,,1.4683598631222443,,,,,0.8934251908937119,1.1044365912553986,,,1.6090468929906747,1.1895540054958589,1.9099923668186727,1.297641599734719,,,,,,,,,0.6978652752670158,1.7689328179494446,0.829541347254708,,2.914431954760501,,,,,,,,,,,,,,,,,,,1.7398859598870462,1.6389412189572894
1659,0.6893259585631268,,1.4549320908279737,1.3496135318419233,,,,,,,,,,,,,,,,,,,,,,1.0997084833137376,,,,,0.6930106964473689,0.9659455386531883,,,1.5303119142889,1.0875112562836717,1.443110250000075,1.0258510053414496,,,,,,,,,0.9353180351286439,1.3383075674683502,0.5710064115187783,,2.654754747046285,,,,,,,,,,,,,,,,,,,1.3025933699729786,1.6861440396167355
1660,0.935339816866724,,1.6489894663514495,1.5073438831202155,,,,,,,,,,,,,,,,,,,,,,1.2689271473998198,,,,,0.6704278387362618,0.8739633237107547,,,1.8824670526680516,1.432580532020448,1.3909777995270407,1.0847117756217874,,,,,,,,,0.9588056707251407,1.4130988249764742,0.49067858629458494,,2.7750081090155216,,,,,,,,,,,,,,,,,,,1.6706935767808373,1.9368283672571882
1661,0.5800025805536532,,1.269450105217216,1.269672519360605,,,,,,,,,,,,,,,,,,,,,,0.9423858913689643,,,,,0.5436949451727789,0.7817553902923667,,,1.4573146982371883,0.9853407165710079,1.358166929800668,0.7174416988644298,,,,,,,,,0.6757359340364747,1.4077807841592,0.3446733985212506,,2.6951829334073065,,,,,,,,,,,,,,,,,,,1.0169556972516138,1.9556144634039678
1662,0.5809176641567702,,1.307859950556802,1.263168504241304,,,,,,,,,,,,,,,,,,,,,,1.3227553007514126,,,,,0.44109918738399206,0.6419546579939971,,,1.2345151558347778,0.838115746611578,1.2103427053934783,0.931884011048146,,,,,,,,,0.662308724707929,1.4416163317010717,0.5929566688933502,,2.531108759942152,,,,,,,,,,,,,,,,,,,1.2539163499449382,1.4257734727611227
1663,0.4921407848408328,,1.468046091870985,1.1380048487694627,,,,,,,,,,,,,,,,,,,,,,1.279236093205691,,,,,0.6233800643446952,0.5719778398999223,,,1.0923127973113151,0.991720612989655,1.2521740045662948,0.9718255313153583,,,,,,,,,0.7502995801498281,1.144475377329249,0.6903372086030735,,2.1107386665217,,,,,,,,,,,,,,,,,,,1.4270504413776264,1.7228033120062853
1664,0.6060418180688403,,1.3315773546882996,1.1134160867300438,,,,,,,,,,,,,,,,,,,,,,1.3314615128764384,,,,,0.6499777695776089,0.6924269557230235,,,0.9713621774676955,1.2991000447354777,1.2151313818878235,0.9916749826144927,,,,,,,,,0.9412881584337964,1.1109571900259156,0.6964866586790316,,1.7994954597956623,,,,,,,,,,,,,,,,,,,1.3733092044543729,1.308272393842741
1665,0.5403799897129771,,1.229818521347373,1.2216386821434282,,,,,,,,,,,,,,,,,,,,,,1.1677880897956747,,,,,0.6507917029564924,0.6449365516525247,,,1.0774734893316744,1.390888668265699,1.0055212920955061,1.0906258873943142,,,,,,,,,0.9446877955188153,1.3187728351481713,0.6395582109347543,,1.8956892319125191,,,,,,,,,,,,,,,,,,,1.3716666531664357,1.6322942484974559
1666,0.5632805191716866,,1.4606740262440465,1.3500676154605964,,,,,,,,,,,,,,,,,,,,,,1.551991452482639,,,,,0.3909297266279313,0.6466905181622276,,,1.1433607314694154,1.5486426141760778,0.949021468462705,0.9562268453994591,,,,,,,,,0.8624571200896631,1.4470693685175997,0.6116536124144256,,1.458393888629293,,,,,,,,,,,,,,,,,,,1.3397037077774765,1.6101741831707046
1667,0.40610059994221614,,1.8343485341125354,1.2880835513428488,,,,,,,,,,,,,,,,,,,,,,1.1943269475046754,,,,,0.4707292299930747,0.7927913212269582,,,0.9572670475690571,1.399806491574044,1.083918043379645,0.8207019174844862,,,,,,,,,0.8475144610388101,1.4968383660175102,0.7041427262747688,,1.5085804727364296,,,,,,,,,,,,,,,,,,,1.3792303826243368,1.7233486423808964
1668,0.6784326314936031,,2.1031664271467645,1.666145627966735,,,,,,,,,,,,,,,,,,,,,,1.6526535464145813,,,,,0.6544791300793518,1.0620939626105286,,,0.9995164090802089,1.4966547462791768,1.278410306982821,1.1546160658008615,,,,,,,,,1.1431609285076936,1.4778208085180753,0.6987807749481734,,2.2654354840009674,,,,,,,,,,,,,,,,,,,1.7178145774445208,2.557845616242267
1669,0.40780976585345596,,1.9685132281995263,1.4677806776517737,,,,,,,,,,,,,,,,,,,,,,1.3213188687115969,,,,,0.5503803138436563,0.7994655218724116,,,0.7295877102933215,1.1272414591136042,0.9501254930907314,0.8442470555354797,,,,,,0.4052788351876246,,,0.8158158412475592,1.0864702221817721,0.5127461196997114,,1.7938980870854984,,,,,,,,,,,,,,,,,,,0.9993786683090435,1.7000504122072102
1670,0.3170009176040171,,1.5663195059654,1.1462208195645314,,,,,,,,,,,,,,,,,,,,,,0.8689859694086144,,,,,0.5261743671109357,0.6550501028467615,,,0.7519572055150721,1.2617861843716698,1.1648550138101825,0.8071285152050369,,,,,,0.3193320420797162,,,0.8694863734364494,0.8440718271651203,0.5797922526725591,,2.110196907907038,,,,,,,,,,,,,,,,,,,1.2808371249909143,1.8352638031523887
1671,0.248857460126504,,1.6259454758417569,0.923885606228996,,,,,,,,,,,,,,,,,,,,,,0.9448228894855774,,,,,0.4491400051092777,0.7541668009930259,,,0.7749746013851506,1.1981507773482285,1.0106985525679726,0.6321426779653769,,,,,,0.36874108667189875,,,1.0462879604454416,1.0171322483173624,0.6310557225728421,,2.1590410163039104,,,,,,,,,,,,,,,,,,,1.7882203392650462,1.6973464985801323
1672,0.36174313578562106,,1.7402824108446922,1.123476674437479,,,,,,,,,,,,,,,,,,,,,,0.7763556774480135,,,,,0.26505409595579554,0.6829631086721206,,,0.6083476658786184,1.08957974095462,0.8555627300987779,0.8528215593025174,,,,,,0.28277041738555186,,,0.8388834810691344,1.4319324400145528,0.6441826328654712,,1.7473381253016573,,,,,,,,,,,,,,,,,,,1.6732604012600047,1.2313687080583389
1673,0.36177400559937417,,1.7076984651610123,1.16013032573298,,,,,,,,,,,,,,,,,,,,,,0.6568549557036033,,,,,0.47775364681431454,0.6360523518438502,,,0.5882193573619942,1.0244197994254596,0.9932485760198217,0.7564822058842898,,,,,,0.3077367607680282,,,0.6482679226771985,1.25928159885612,0.6700265254522655,,1.7590249119927956,,,,,,,,,,,,,,,,,,,1.7670623390927216,1.8477138820653887
1674,0.24874938093559693,,1.6373404280102863,1.320057331401639,,,,,,,,,,,,,,,,,,,,,,0.4634392523132247,,,,,0.4510692900878727,0.5648689174522868,,,0.8409644263480545,1.5169298260634005,1.073315846876944,0.5795216721022498,,,,,,0.3082819753830366,,,0.7203222767891756,1.185524579331133,0.7132941250668596,,2.059421733326739,,,,,,,,,,,,,,,,,,,1.5409274283357506,1.872988750145464
1675,,,1.2609788859039142,0.8716433911246506,,,,,,,,,,,,,,,,,,,,,,0.34248972791591936,,,,,0.4772233142024678,0.44258058367031394,,,0.6732981362456242,1.2958932508112564,0.8011613956396174,0.44097747712689417,,,,,,0.24683547706022266,,,0.7567347364878796,1.0662787716874762,0.6847635992030049,,2.2756054635650003,,,,,,,,,,,,,,,,,,,1.5302503302379493,1.9790172055587254
1676,,,1.2642361679959626,0.9559425879463889,,,,,,,,,,,,,,,,,,,,,,0.5648689174522868,,,,,0.6101646751812769,0.6413267904841764,,,0.6529224840132289,1.2750920334512486,0.8219300807395963,0.4216972478898708,,,,,,0.25925768965130297,,,0.9348122337304268,1.2929363977790327,0.8185245866990134,,2.582374529106255,,,,,,,,,,,,,,,,,,,2.0416044943796443,1.677916883355023
1677,,,1.7017312842375625,0.99983388685374,,,,,,,,,,,,,,,,,,,,,,0.5655196346898457,,,,,0.5035775727260814,0.594116206858199,,,0.7585430749309431,1.301867609184916,1.393989324256257,0.7041439303415709,,,,,,0.2724054567790733,,,1.131114717120949,1.5836074671075917,0.7488456261247919,,3.0342350852917805,,,,,,,,,,,,,,,,,,,1.7347807269899451,1.4597754508085057
1678,,,1.6865857902909895,1.16619063757843,,,,,,,,,,,,,,,,,,,,,,0.6413267904841764,,,,,0.5306548733611339,0.5697804750756879,,,0.7170215939389237,0.9456649819977099,1.2008497421343232,0.6841622850852096,,,,,,0.24827866322289363,,,0.9576550839889588,1.3592827071535962,0.7909342602603766,,3.2122246629272273,,,,,,,,,,,,,,,,,,,1.8305049282492047,1.5643334905810344
1679,,,1.6524455100418294,0.9002853273539414,,,,,,,,,,,,,,,,,,,,,,0.5198516810009242,,,,,0.47775982338877,0.42141757106652566,,,0.40094139355768127,0.7209990645397589,0.8296872648295571,0.40290840403480027,,,,,,0.211712964134645,,,0.7831597529827,0.863480046028587,0.6731057945885358,,1.9325392397647296,,,,,,,,,,,,,,,,,,,1.083936559475087,1.5458480943888817
1680,,,0.945949532326119,0.595949145611893,,,,,,,,,,,,,,,,,,,,,,0.14863838480235333,,,,,0.2923056045786235,0.2735834673990058,,,0.21120197535330001,0.3609783110597477,0.5751587260412326,0.22211234876098504,,,,,,0.11253248566947582,,,0.5181584483451752,0.7654202518648806,0.6428676184816268,,0.8485747797296873,,,,,,,,,,,,,,,,,,,0.7151666806517676,0.8055030811682304
1681,,,0.985129954741057,0.6498439582000406,,,,,,,,,,,,,,,,,,,,,,0.27268195774892834,,,,,0.5056407945343075,0.5237038183738514,,,0.48691378741643454,0.6105893683442428,0.8361119117668466,0.4646933468800708,,,,,,0.22616935701007446,,,0.7355832870580657,0.8621804559898099,0.6654613517972123,,0.8781642639708184,,,,,,,,,,,,,,,,,,,1.1643651168796936,0.9509676772189141
1682,,,1.9590729012877721,1.1822015716145575,,,,,,,,,,,,,,,,,,,,,,0.422810813253009,,,,,0.6132715456271969,0.5989526624165558,,,0.6372610743727816,0.8835878260158213,1.2189938620081806,1.0313899155518529,,,,,,0.4037137037798182,,,0.95271598582667,1.2034725559253203,0.8773910605418223,,1.4621874372877806,,,,,,,,,,,,,,,,,,,1.510012878568858,1.082747092274528
1683,,,1.8362079376344311,1.1957125698378412,,,,,,,,,,,,,,,,,,,,,,0.3740741559813224,,,,,0.5353257660369736,0.4509330166394724,,,0.7250075041891145,1.3585753611600733,1.262799139045197,0.9493353908632552,,,,,,0.21556501805970288,,,0.9356231017201636,1.2879897131558948,0.9182665444052084,,1.2459935555785453,,,,,,,,,,,,,,,,,,,1.5764363494023477,1.2694886287534999
1684,,,1.6202727258129503,0.8933311866712634,,,,,,,,,,,,,,,,,,,,,,0.4492144968124168,,,,,0.4830960478158381,0.47737011471537394,,,0.7911265624590533,1.4026511388948406,1.1446068157010778,0.8488123241513874,,,,,,0.26797855956047983,,,0.9187131883014233,1.2181703652513878,0.9731366584220548,,1.8390524483269446,,,,,,,,,,,,,,,,,,,1.6030447308749425,1.452414035579914
1685,,,2.2905715870944454,0.9508367630342264,,,,,,,,,,,,,,,,,,,,,,0.9519697017944417,,,,,0.7527240858885066,0.502885258967918,,,0.9639202662107685,1.5600172730754907,1.5692350447612153,1.0924714122871726,,,,,,0.23107089503083722,0.835120024022984,,1.1919941012533364,1.5175399890676293,1.0995918000787042,1.4012822756032717,2.555948648370812,,,,,,,,,,,,,,,,,,,2.1014321995705516,1.483695349319898
1686,,,1.8005589821341912,0.8770979656769604,,,,,,,,,,,,,,,,,,,,,,0.5024948575951305,0.835120024022984,,,,0.5114552661630251,0.45364370888454353,,,0.6232142731214297,0.8139915125985918,0.8451416462817294,0.5870194291167827,,,,,,0.25823836758386054,0.749202098725488,,0.90517621501998,1.3524423208102039,0.9982183842779812,1.4050609851507512,2.054766260679143,,,,,,,,,,,,,,,,,,,1.2979881478632016,1.0134941862230131
1687,,,1.3993742661462008,0.9420703271365017,,,,,,,,,,,,,,,,,,,,,,0.4023082071743344,0.4053060534088706,,,,0.5116699898879475,0.3033270662958207,,,0.4958603064948275,0.6331802423815195,0.6849442868591605,0.5655744396112697,,,,,,0.20789243766498644,0.7866476515667173,,0.7798192363711026,1.3276321449813901,0.8163013005240142,0.8382714037007832,2.1439561659375332,,,,,,,,,,,,,,,,,,,1.1835968999689261,1.0881448141515733
1688,,,1.462345604679046,1.0471306323556222,,,,,,,,,,,,,,,,,,,,,,0.5544534219699977,0.49165478222919834,,,,0.5927925633919452,0.3045198945513817,,,0.7361566920167707,0.7020908068673535,0.8682573633383961,0.5244396897248375,,,,,,0.18317947731176518,0.9343718139696495,,0.8534608678238019,1.0217983461113194,0.9049955821796996,0.9294540675803356,1.6339977945593267,,,,,,,,,,,,,,,,,,,1.3526261722143875,0.8870027755972885
1689,,,1.6201993817053089,1.1370614876764833,,,,,,,,,,,,,,,,,,,,,,0.9605357099367655,0.897488716049795,,,,0.6492249839846865,0.5600578135214808,,,0.9345033239910164,0.861904704602846,0.8485704595201292,0.7676666232480054,,,,,,0.1973524463774579,1.5756122151323044,,1.0187148809665898,1.1390250704986244,1.0359582592895253,0.8739724005812,1.4196281293407866,,,,,,,,,,,,,,,,,,,1.56865718804006,1.1935543476564539
1690,,,1.2859354548878192,0.9180349296550797,,,,,,,,,,,,,,,,,,,,,,0.8628063678955815,0.8616629301504789,1.3509294506254153,,,0.5679499273614369,0.5360551145362271,,,0.9160984478224686,0.8424317416249136,0.9100499254869291,0.6271713067200109,,,,,,0.19838756858271628,1.0851525533482889,,0.8026984816408612,0.7475358938918432,0.5869082269363379,0.7213798223963056,1.278992869988256,,,,,,,,,,,,,,,,,,,1.423894763627171,1.2171823243345328
1691,,,1.424121957236916,1.4076655750990448,,,,,,,,,,,,,,,,,,,,,,0.8146295469403357,0.8631895310725025,1.6949162233461859,,,0.6495578964815675,0.4876741937962966,,,0.8967510336646218,1.0275393510404602,0.9291367655257392,0.8693776744347258,,,,,,0.19961779837138063,1.295886254566169,,0.6774364238097903,0.7993505087110535,0.8920825367955383,1.0367090036529352,1.5965496750120445,,,,,,,,,,,,,,,,,,,1.5518020374204458,1.1076312613363124
1692,,,1.962612511661441,1.5611876855573117,,,,1.7562082858130397,,,,,,,,,,,,,,,,,,1.2507952672511968,1.1601267421830463,1.3643420206860255,,,0.7043012244571594,0.5930707804205393,,,0.9023947734918565,1.1213362172077843,1.1115399482934838,1.1537263479169213,,,,1.223205211657194,,0.2141604221736705,1.8271494318282304,,0.8079314925591498,1.3989319381770247,0.8647384517457883,0.920982078475581,1.8737147650913586,,,,,,,,,,,,,,,,,,,1.7436086109664906,1.472613782959684
1693,,,2.1998478440433353,1.5594875615912867,,,1.7562082858130397,1.3878661828849204,,,,,,,,,,,,,,,,,,,1.0740675714125407,1.1433760355154923,,,0.9764510496885276,0.8025973000169595,,,1.0167275905730548,1.4899748202109326,1.4970904538750143,1.4184758425292907,,,,0.7590277000202486,,0.24222358196599067,1.5849044758055175,,0.8837851231707001,1.521883093625782,0.9327725935279043,0.8865559411537113,1.8008383760848952,,,,,,,,,,,,,,,,,,,1.4778253275629483,1.338804654209127
1694,,,2.5359561446339547,1.8614368266407773,,,0.8351761100546424,0.7374821733437975,,,,,,,,,,,,,,,,,,,0.9038908338578342,1.0586144570420168,,,0.9487085845368687,0.6227282645421064,,,1.0404201871134822,1.356363175592155,1.315733203192789,1.318363133641217,,,,0.8161469385004693,,0.2704802557976822,1.291049048759047,,0.8312558178971777,1.1073863412187122,0.7233986979158877,0.6355933778506077,1.5816264167543224,,,,,,,,,,,,,,,,,,,1.7617043157617034,1.6062784509166161
1695,,,1.7145151754830805,1.4861335335280454,,,1.3151765424631057,1.069609839675783,,,,,,,,,,,,,,,,,,,0.6703523907018129,0.9495084841797528,,,0.5959382525807905,0.3636383708677389,,,1.0428349358401245,1.1278324460505644,1.0503525307066437,1.0763630336475225,,,,0.8163459006261149,,0.1768990796202512,0.9589351904922154,,0.6682486944003183,0.9016255297721397,0.7809444747035653,0.5541898178818647,1.3497972172807313,,,,,,,,,,,,,,,,,,,1.4475953069771679,1.1345621600011047
1696,,,1.3694337795878646,1.135468091072173,,,1.7335056022331654,1.243256513502834,,,,,,,,,,,,,,,,,,,0.8094907452207014,1.0737343252119684,,,0.5406084272077442,0.38998666174656527,,,1.067343419710648,1.0375797781167453,0.8270010491814743,0.9131989408976497,,,,0.7742656900923589,,0.20525289007195488,1.025295980544113,,0.4477997651667842,0.7762497443389663,0.9470095105677517,0.6651920264017905,1.2259394992333155,,,,,,,,,,,,,,,,,,,1.3847463142323693,0.8612901310423664
1697,,,1.3149124588941234,1.2680028961784544,,,1.6248500968551889,1.2824530175934323,,,,,,,,,,,,,,,,,,,0.8877562758369759,0.9259203201832249,,,0.7308780217152788,0.3644433536556358,,,1.0021498037857757,1.0169940752535738,0.8888771427082167,0.8711833590537509,,,,1.135710797311107,,0.2613029648285275,0.9172423923186354,,0.5624406171842484,0.9138711938020446,0.9100243295829846,0.6885600424528935,1.4445874010430393,,,,,,,,,,,,,,,,,,,1.461828396996539,0.93295406488317
1698,,,1.6462617310067331,1.7512208167626433,,,1.8496918522982198,1.4316457669492912,,,,,,,,,,,,,,,,,,,1.0303270708236725,1.4239376149815195,,,0.9758631413155786,0.6776115261550809,,,1.2715441189060857,1.203456179055739,1.2745739459148608,1.033144567146093,,,,1.787088853916012,,0.38744280591185853,1.0849805789082614,,0.7912601631584066,1.1190412206003417,1.1166536309952744,0.9462039932339489,2.0161563155226054,,,,,,,,,,,,,,,,,,,1.92662232535599,0.8088337834813139
1699,,,1.8775008965683133,2.0108768155491203,,,1.6167723747444585,1.0617219671434313,,,,,,,,,,,,,,,,,,,1.0849805789082614,1.1669097171476,,,0.7575158867608336,0.7583970927666204,,,1.5640090958066888,1.183902652673772,0.9704681016945775,1.0748174444401097,,,,2.0333210231223617,0.44212236565922675,0.2089997770515128,1.4328733553380248,,0.7942542515483589,1.0092691270790954,1.275368851937576,0.9307336662107171,1.8117595024999353,,,,,,,,,,,,,,,,,,,1.3134484928806096,0.9048210765491193
1700,,,1.5883279571604743,1.628591642391063,,,1.765421410482682,1.3496452176781362,,,,,,,,,,,,,,,,,,,1.090505385478497,1.643888897986655,,,0.8373095470275637,0.5759416344698295,,,1.5211624258716652,1.0721357730733847,1.1537263479169213,1.054404376156807,,,,1.4846097394459496,0.45443405988267305,0.26673251333604414,1.8630890331347645,,0.8924497598684673,1.2670048763183899,1.5790395709516838,1.3934885097144951,1.96915267084087,,,,,,,,,,,,,,,,,,,1.9370667756330129,0.8417575224167252
1701,,,0.9889061254617817,1.319781613048767,,,1.943984396105205,1.4276023135316382,,,,2.677296547603096,,,,,,,,,,,,,,,1.4419798681111533,1.6629800660044762,,,0.6216400553380896,0.47175455472313393,,,0.8978397304723559,0.7253396379303375,0.8713494461251358,0.6287530671716904,,,1.9932349985136808,1.092426118180732,0.5408202604521182,0.3112830918520746,1.3094017385080776,,1.1432694242688006,1.307635174423347,1.1346800891665583,1.1040053873695557,1.9750461412276077,,,,,,,,,,,,,,,,,,,1.0421227787045815,0.9989122017019231
1702,,,1.1454407635800128,1.5977477919018368,,,1.986229305783149,2.01750001116544,,,,2.935398386809699,,,,,,,,,,,,,,,2.1694989589006384,1.7842249275239208,,,0.7297808937424815,0.49986564875538886,,,1.0807599794259541,0.9869433368665265,1.1561030556546055,0.8931767475095688,,,2.1346118812867183,1.0722638948231136,0.47948027295810963,0.3713691453326441,1.3299275930568817,,1.415554264862668,1.9780625294859104,1.6042516382083154,1.3854488420874116,1.9871114579276048,,,,,,,,,,,,,,,,,,,1.3649617143648671,1.079194852846503
1703,,,2.1768891901464027,2.128014894845013,,,1.7435185281676644,2.050591961088226,,,,2.93763732381946,,,,,,,,,,,,,,,1.8334924098454095,1.5265424424174374,,,1.2452621839662852,0.6340800072130979,,,1.0814985968096384,1.3664595424849981,1.5637727092614948,0.894508171544954,,,2.1583644939861806,1.02404561959223,0.48006934679812396,0.2305467614459408,1.3902806768845968,,1.229554494367978,1.9681479676343012,1.7145647547382503,1.7579904260045414,2.201017615247692,,,,,,,,,,,,,,,,,,,2.2660362236582756,1.4331952465989517
1704,,,2.2944636852649043,2.2423946100139105,,,1.8755414278245972,1.6837052132972212,,,,2.409695730763833,,,,,,,,,,,,,,,1.8450453842767545,1.4582339456979898,,,1.4406742058960698,0.9011839262497048,1.879020054051714,,1.4664743886802252,1.7243060170509483,1.1770119682680817,1.0998548382467903,,,1.5613844786071776,1.0416355386741762,0.690551624858002,0.4212938824223814,1.5308570603911802,,1.4833445900246878,2.095489291878099,1.7884284749267954,1.8344116227935339,2.4152274504025653,,,,,,,,,,,,,,,,,,,3.0911492467569444,1.5299420488147952
1705,,,1.1685277364939077,1.4384477389610573,,,1.1685416778853848,1.0849805789082614,,,,1.7971826828852846,,,,,,,,,,,,,,,0.8766446414205904,1.008109819298948,,,0.6823167954451212,0.34504430047700496,1.4738401942140746,,0.9950345261906178,0.9712718485450615,0.66858257787846,0.61212476571556,,,1.35157985329318,0.7998577756137648,0.4936709541204453,0.3225867062626575,0.6973119772003514,,0.7522241887877003,1.2936856801344947,1.0097921535151293,0.980183817008041,1.1062827075137855,,,,,,,,,,,,,,,,,,,1.4939294015236801,0.7276404185349719
1706,,,1.2099196819340094,1.2919356603809065,,,1.1228287386376192,1.0778250902985143,,,,1.3687719707006827,,,,,,,,,,,,,,,0.8288802747853233,0.9371208520695065,,,0.630728276037272,0.3449353394789615,1.438090238020405,,1.01952441463364,1.1888049222111057,0.7495362545961852,0.5729247551598419,,,1.321913110442461,1.0752890312625178,0.5061697750334962,0.28072142865128613,0.9258086533860093,,0.9668473962456791,1.2626235848129213,1.1924797509299432,1.3252289581325447,0.9665041016447871,,,,,,,,,,,,,,,,,,,1.3166232553776434,0.7949481301092761
1707,,,2.774754101971358,2.256850663030469,,,1.699159554117658,1.6971975438830391,,,,2.4683547706022266,,,,,,,,,,,,,,,1.4680680075121006,1.7043732260534794,,,0.8520768523933401,0.636297752269957,3.024414029428076,,1.3132895157880706,1.5252742397331263,1.237054039827296,1.1289057521555685,,,1.5205065386909715,1.398592863229933,0.6686315757304527,0.46151519701527927,1.2509382031273186,,1.5300550205827284,1.7493826330193494,1.4972555350575658,1.8537839542088883,1.6787006046346888,,,,,,,,,,,,,,,,,,,2.4901507050534124,1.226131602012286
1708,,,1.7808485082691254,1.93723272208286,,,1.658914892517256,1.7843808005159096,,,,2.5802312922439197,,,,,,,,,,,,,,,1.2110146434530427,1.2083747939277336,,,0.46915439172755585,0.47752018057665147,2.154157325376197,2.1000812368813273,0.8596894077097411,1.0983324125261753,0.8719113110527442,0.7407090935008667,,,1.0222160334822803,1.0462376636118462,0.4096597943177745,0.37520600581611796,0.8834117414663909,,1.1806964401099702,1.0588248152361939,1.4525964517517547,1.5754176056150637,1.1668758129273344,,,,,,,,,,,,,,,,,,,2.308899550724396,1.3509805972836821
1709,,,1.4921575865278247,1.673307054236929,,,1.4120999140773387,1.4848706136071979,,,,2.25353605153597,,,,,,,,,,,,,,,1.191267348341042,1.033655621973532,,,0.4440381599417508,0.23853674497551225,1.9236795263901485,1.7440442298199885,0.7008773255846408,0.8838019411534598,0.7098824951938439,0.43280318384033234,,,1.0425699754908169,0.9025430947055925,0.36115740940615904,0.3478973769783444,0.9150668652048537,,0.8910132442607539,0.9564350107800944,1.5309623529511702,1.6377005514033927,1.0163036367510319,,,,,,,,,,,,,,,,,,,1.7000334930601193,0.8763847133929646
1710,,,2.1654667481110748,2.0125957855560275,,,1.1878964908857583,1.4812336183630281,,,,2.0731268379111616,,,,,,,,,,,,,,,1.5475395514493848,1.2367419972987364,,,0.6668561949190911,0.4245238986889071,1.5303799577733803,2.040367346251173,1.198376393547927,1.4370900403605056,0.7916793898380269,0.8886930559810832,,,1.2128412698438353,0.7705013470958559,0.7877273996863309,0.5179502139425429,1.0278249720311923,,1.1052480225749324,1.2555455525345298,1.7012652781609723,2.0421259312725004,1.5430636579347725,,,,,,,,,,,,,,,,,,,1.7887956479508722,1.1060646942259071
1711,,,2.4495528771158357,2.0029496770355117,,,1.3902806768845968,1.5570255571500038,,,,2.216759271527459,,,,,,,,,,,,,,,1.3253532534086427,1.0316153566301247,,,0.7506816285701404,0.47775982338877,2.3703560196690554,2.212985875191275,1.1306790042527133,1.6336306013161561,0.9554973650593825,0.9117083371268014,,,1.4757638970562017,0.9813186284558847,0.6533781424735485,0.5213291696107194,1.020571613193757,,1.126026513349843,1.0660810905253582,1.6321448661881566,1.6819020185433113,1.6857536948729488,,,,,,,,,,,,,,,,,,,2.032453119955737,1.3575304709897542
1712,,,2.221302666090278,1.7849128821543128,,,1.609362550667651,1.6314468900536523,,,,1.6254692374479842,,,,,,,,,,,,,,,1.1974706928140082,1.0513204047559381,,,0.7525461311952327,0.6643309194968715,2.25353605153597,2.031062621068986,1.019164074484868,1.0620939626105286,0.9165456985389919,0.8731118313039171,,,1.758007498347589,1.3380495864391646,0.5424902894541307,0.5088559753581747,0.9441632943309924,,0.9523890206890511,1.1738905626857379,1.1914172479123128,1.3834044790849758,1.7906013778469976,,,,,,,,,,,,,,,,,,,2.11164706173522,1.1815842035582864
1713,,,1.8712980882400851,1.5760519083130597,,,1.7893288471556186,2.0632307132602494,,,,1.7842249275239208,,,,,,,,,,,,,,,1.0809985543789624,1.0975721636400613,,,0.5873623888705057,0.585478814723935,2.0731268379111616,1.726379062145005,0.6577693798284876,0.775239293936884,0.7753580365730427,0.7907858219048732,,,2.1875602808585537,1.230002925212841,0.39308915057945815,0.41809775209006117,1.0177062840690017,,0.7388950850853082,0.9135794730009057,0.9330484370630109,1.3381462356745117,1.7256696497964696,,,,,,,,,,,,,,,,,,,2.096454655610771,1.5310004193310691
1714,,,1.3388948976155428,1.1295722953832852,,,1.3622613042679852,1.3973245885996646,,,,1.1102126853945,,,,,,,,,,,,,,,0.46759477916683867,0.8343256712161901,,,0.3085548708554354,0.29330378269126806,0.9091203754017108,1.1354431944770242,0.38706323263847386,0.4367000685645076,0.32738557437705246,0.4581116874950958,,,1.5328504690389972,0.7452397805864879,0.33178297850345123,0.34199690871062627,0.8994207994382429,,0.25318100957368006,0.40476509160979607,0.622113094416522,0.8648276917675413,0.992946350453139,,,,,,,,,,,,,,,,,,,0.9812949290172392,0.5060175220372636
1715,,,1.3630212929376728,1.5187478418104778,,,1.4505560014986996,1.5392780343732566,,,,1.1792674517383746,,,,,,,,,,,,,,,0.567326965799507,1.257733189459222,,,0.5336346005822233,0.3747280362258815,1.5754547993726618,1.2839428439874052,0.47951836381888147,0.5352151490918249,0.5131389782525312,0.7295877102933215,,,1.9844661956672647,0.7562539908007739,0.3979554303308863,0.5466720596982194,1.1285987960781692,,0.4488411723303584,0.7055186669663598,0.9186395064931123,0.897305709474495,1.3210239838822482,,,,,,,,,,,,,,,,,,,1.5400032936639176,0.7807227723664796
1716,,,1.3253342076538797,1.1702919992195657,,,1.445582849672276,1.6417376111028257,,,,1.0208707030875424,,,,,,,,,,,,,,,0.6687992865648409,1.2927240433787588,,,0.5066560589232257,0.3489027012003275,1.545490606235509,1.2629707541575217,0.6636479652862397,0.7073546482675535,0.47323080973666487,0.6475187047490898,,,2.0391892294173655,1.095388865112869,0.3486217962382117,0.5659190840001153,1.2494312466793647,,0.5080535679665867,0.7599677005656377,0.8490163685744271,0.9096982560092454,1.2506753939663708,,,,,,,,,,,,,,,,,,,1.655086990452552,0.9115016046978689
1717,,,1.3881694626733827,1.150980035995285,,,1.291859103818617,1.21716115108957,,,,1.2067035629388165,,,,,,,,,,,,,,,0.5896192400059923,1.0946820803837594,,,0.4513141746980679,0.45701105214659327,1.1228287386376192,1.3655326477259149,0.7564487548763197,0.8317607677958041,0.4534128592613006,0.5236314874223991,,,1.9512653358159588,1.060282602726914,0.37680504326778785,0.6169719131867549,1.2309831359604768,,0.6653719701225305,0.7980459033241323,0.7218483211429338,0.9380940449905704,1.4968386927460846,,,,,,,,,,,,,,,,,,,1.255251070534267,0.8310847552220847
1718,,,1.428691830619114,1.534894703446455,,,1.1630650999300334,0.7892420475365053,,,,0.9167462049227048,,,,,,,,,,,,,,,0.5235215635693982,0.8114144697306905,,,0.4234655374190862,0.5114552661630251,1.2807098131782346,1.220462969717365,0.4827733336853433,0.8350236171033806,0.5373492896629806,0.6712801830384756,,,2.1743670550561056,0.8518371064790558,0.4186959481411775,0.6043907227210648,0.9569897206648906,,0.39267304908626965,0.7475615823925773,0.48440850611140923,0.634184232798823,1.5315970373530048,,,,,,,,,,,,,,,,,,,1.0465749939310323,0.41297744790769797
1719,,,1.0072710100870006,1.2098403220714693,,,0.7892420475365053,0.8620621383022106,,,,0.7016369771193293,,,,,,,,,,,,,,,0.271385144666163,0.6365131811409104,,,0.6234162997743388,0.4578099909523742,1.1612404247620793,1.1003176376570971,0.5984417060676465,0.7376343061171899,0.39369223648657337,0.504188020595995,,,2.0958156372101446,0.6951231210436872,0.3683912332379215,0.5115843255750743,0.6772311117474511,,0.5118375950080722,0.44668831753894417,0.3918718583211586,0.5691623173196664,1.4583455626683715,,,,,,,,,,,,,,,,,,,1.2514736991279218,0.45498723812162245
1720,,,0.8682573633383961,1.1161074894880378,,,0.9441632943309924,0.8939311954660151,,,,1.0467398703529438,,,,,,,,,,,,,,,0.6916402843378223,0.7802658343256479,,,0.6823098273825295,0.350286514731604,1.0911681154233979,1.3947110348954594,0.5303185532596698,0.6413267904841764,0.4781326695235737,0.525602766467534,,,2.2256306493379467,0.7907852882968593,0.6083885436536633,0.562788710760872,1.234826896755256,,0.5333703845332868,0.7176422312761618,0.6117535665093378,0.8164384893840634,1.0497274166170274,,,,,,,,,,,,,,,,,,,1.2747679407649732,0.561582890210964
1721,,,1.3132638064002,1.4548196461380267,,,0.9902007088238935,1.1069794454624529,,,,1.1183305294722616,,,,,,,,,,,,,,,0.7554235133090977,0.8423132000085605,,,0.6852943622907869,0.37871457399106717,1.7689328179494446,2.04380062538533,0.8551995632814143,0.9901936780969984,0.6451147494487124,0.778500970034003,,,2.780038127970457,0.878664934835822,0.7053162209122117,0.5666585986904508,1.5689444350047435,,0.7933223807465278,0.8808128925567327,1.0412082800749463,0.9091079903765803,1.5280114692811766,,,,,,,,,,,,,,,,,,,0.9871583821068055,0.8694890394621138
1722,,,1.5167498758115483,1.9991894592718613,,,1.1208166885307336,1.1564654330183708,,,,1.1638737356852689,,,,,,,,,,,,,,,0.865118894068036,0.8914015812127591,,,0.8019083548556922,0.6761308659064725,1.5591932824873982,1.7879216203775354,0.87944874623304,1.0156956294827477,0.7496373068101567,0.6950465152398889,,,2.5843287267375175,0.8457524311351218,0.6960213720644292,0.5699782638625723,1.1672101507079793,,0.8361119117668466,0.7197100782462796,1.0204191927395985,0.9086509401081104,2.2803788992961795,,,,,,,,,,,,,,,,,,,1.1340800995844218,0.7952096368912238
1723,,,1.2927120216010284,1.7653566728437324,,,0.8220657897359503,0.9686601800098444,,,1.0316188532048625,0.7984711934855225,,,,,,,,,1.2526800360344759,,,,,,0.7682902257824674,0.6427542899988071,,,0.5739022079462758,0.5412982470679729,0.9158973865588257,1.186762192339268,0.6499857700954043,0.6693102599291878,0.45859798932723067,0.4003421784357755,,,2.135910442573773,0.49836864333839825,0.5248177609263132,0.5245821264128813,0.6550538280216868,1.019337676380995,0.7194062136441722,0.7926152997110318,0.8526759945488211,0.8262610785273549,2.0880938003551175,,,,,,,,,,,,,,,,,,,1.0724930854825583,0.6298350432849795
1724,,,1.636995196577676,2.279430101559084,,,0.9826987333433205,1.1319385158257258,,,1.2159181602266116,1.1644972955693333,,,,,,,,,1.461558192595624,1.5965529871027635,,,,,0.9676931550320372,0.7492769746993077,,,0.951003030091381,0.7313897330901271,0.9867622318872896,1.2452153787772895,0.6759116830245251,0.9948489723600212,0.6057433044426969,0.6326661122990503,,,1.9220897890086928,0.5970975670980704,0.5409605115953644,0.7101859363101181,0.525288408142565,0.687792090633235,1.0022215389247595,1.1378125511963664,0.7634974384005446,0.8914894698190962,2.2539433017551875,,,,,,,,,,,,,,,,,,,1.5543428595103994,1.228204412790572
1725,,,1.45662854971623,2.17213116706074,,,1.1602369787213689,1.2140914366644133,,,1.5732953031334347,1.3591434321425033,,,,,,,,,1.720791737802194,1.4861221958325255,,,,,0.8554696932607488,0.697314012285321,,,0.7260328927381382,0.70521464699727,1.3093579526459274,1.7431089811910585,0.7253396379303375,1.0224693596822811,0.5236314874223991,0.7596784298987644,,,1.217846342662342,0.5556253751323021,0.5034819958422534,0.6480177556050862,0.45377918736305783,0.7497735428995275,1.0843643517168107,1.1043149823243756,0.7281655489305204,0.980163044704205,1.990260802127542,,,,,,,,,,,,,,,,,,,1.6932644721641426,1.1104384936035219
1726,,,1.0121024639944531,1.844137318279212,,,0.7284548619986481,0.7348678021089363,,,1.069609839675783,1.0819210231907288,,,,,,,,,1.6597394063934565,1.5364211944662447,,,,,0.8319285101656062,0.6158473483196188,,,0.7885366940863389,0.7589668676294951,1.3041696160263536,1.676132778673953,0.6109649228221355,0.798603549888741,0.3356400915192378,0.59136553098924,,,1.0318821758681576,0.5792487381329263,0.46523988416309775,0.5344674486449393,0.48748255429886395,0.8114281542368009,0.7644991243708484,0.689142580979114,0.6239628645920362,0.6184934907666837,1.8905016962902053,,,,,,,,,,,,,,,,,,,1.4798791353925946,0.9161857148228189
1727,,,0.8483616594169044,1.5258668670882742,,,0.7492769746993077,0.7263687627972094,,,1.2186375726413916,0.9253182626290063,,,,,,,,,1.5017553925479774,1.4630295508208986,,,,,0.7921591507356539,0.8126146618853021,,,0.9649626618566096,0.785554969311042,1.1377272427976246,1.4000145765970624,0.6125508293898269,0.751555027732454,0.3781410154469962,0.5292541167569941,,,0.8504763443281308,0.6958612747597266,0.48134756678939267,0.47099225930357796,0.5673288022234299,0.664711403258941,0.7646519656834695,0.7081909328750697,0.4779704595225128,0.40786340916603336,1.4537632627180122,,,,,,,,,,,,,,,,,,,1.2255503439891133,0.6809619796176616
1728,,,0.9278548356670201,1.5212221995064799,,,0.697314012285321,0.6158473483196188,,,1.1098151113789319,0.7389104042590376,,,,,,,,,1.5537411559305045,1.2186375726413916,,,,,0.6439948565779474,0.7890421110261227,,,0.49802490570476976,0.40545632040580815,0.8208688055514128,0.8288802747853233,0.5668951288934625,0.6783680577534262,0.3363857705392218,0.4885668236857992,,,0.8839557799098857,0.6818309927824353,0.40128004898013914,0.3885481620709729,0.7401541459755268,0.5302449976588229,0.7655259676661206,0.7640361607249423,0.17576728833983749,0.4178786949153495,1.351714257356402,,,,,,,,,,,,,,,,,,,0.6927475039861843,
1729,,,1.333315714062325,1.6492020749823448,,,0.9970861829936688,0.7535154137481892,,,1.6291141485974696,1.2102453107847588,,,,,,,,,1.295886254566169,1.1098151113789319,,,,,0.9406125605105652,0.9305108944239725,,,0.6474760071744398,0.5955302399161531,1.136017074350265,1.1903254114962978,0.5685493747580849,0.9554819920390442,0.42081133515351515,0.682360003942696,,,1.2019936382112264,0.8909211656669765,0.6130660126844375,0.594379624737885,0.8052253003215993,0.7034811096216345,0.8076812682217639,1.2040477224612918,0.5435175495397916,0.7154117091318825,1.470786036783641,,,,,,,,,,,,,,,,,,,1.1724021346718079,
1730,,,1.8410512552103546,1.967802281476844,,,1.3740575191878743,1.0719062640354873,,,2.654304917858578,1.7988415988764859,,,,,,,,,1.765421410482682,1.493354636214347,,,,,1.0375018292605223,0.9680622663745234,,,0.6518074445636961,1.0029704507965669,1.8914593897857628,1.7566366256681498,0.8321634455477739,1.5373481245531753,0.8846046557598585,1.0263263512982315,,,1.7739345613535809,1.2580011015416483,1.0388529466772245,0.7844041065202749,0.8083563296796621,0.9382659244523346,1.1718353964801784,1.6661274207213763,0.8395958670121652,0.8845283684379378,2.2249318164129663,,,,,,,,,,,,,,,,,,,1.2160814452432533,
1731,,,1.2333032125701924,1.522713341168021,,,1.3101076560433735,0.960527374889262,,,2.0058947271913583,1.2539986623090769,,,,,,,,,1.0772397608990627,1.6296197635224758,,,,,0.963809470002674,1.2034725559253203,,,0.7119903553173398,0.7304617479479467,1.3820361264844963,1.5125079816015479,0.7626371198665631,1.0363674765107205,0.6110485881388152,0.5997726100867005,,,1.404478501786166,1.0445735201920723,0.863103118317116,0.8386021775137459,0.7809600852831706,0.9038908338578342,0.9302732571644163,1.0282764450752815,0.5874207779806723,0.7544074423835428,1.6988374843563365,,,,,,,,,,,,,,,,,,,1.121261290248443,
1732,,,1.4370977316158144,1.753118219890192,,,1.5158322634971164,0.9983142121987274,,,2.0979547042334508,1.4178938866810769,,,,,,,,,0.8813892544412723,1.3620272838953666,,,,,0.9840097074567951,0.9813254957378247,,,0.9815547081184429,0.72926960547562,0.9902007088238935,1.4667983574607213,0.6446733725697116,0.9643129994127086,0.6326661122990503,0.6876847151684742,,,1.649530016683431,1.3083966568968168,0.7713051479985685,0.9446877955188153,0.723118829555703,0.893803187602417,0.888739514850707,0.9758460735009815,0.5383114482669231,0.7938587150557173,2.446397197986715,,,,,,,,,,,,,,,,,,,1.4076893309345193,
1733,,,1.6819070704275876,1.8628025079317696,,,1.4218414537375812,0.8835621296666908,,,1.6687963055319075,1.25928159885612,,,,,,,,,0.9589351904922154,1.0675982518584426,,,,,0.8803185751112905,1.048551706798663,,,0.6579661208815062,0.7567791978028918,1.0101187439844883,1.1901131255098016,0.42995770110168313,0.6873436802309083,0.6119631796406714,0.4958603064948275,,,1.675269003422074,1.1105461940120993,0.576366903614852,0.6727165536699372,0.7118906690616402,0.8966666716290845,1.010490862084985,0.8497281694060039,0.5616155388133418,0.7720058811157343,2.3181028012298865,,,,,,,,,,,,,,,,,,,1.0482621163408021,
1734,,,1.3589281531378696,1.7394486710561825,,,1.1882387261034808,0.751327332674272,,,1.4629223137031857,1.3997760093307354,,,,,,,,,0.96277793294996,1.0585648206732248,,,,,0.7277104617074545,1.0529869311897837,,,0.4196868872180845,0.5676073617997078,0.9195990190266564,1.1158249637585076,0.3592725100901264,0.3318436423319502,0.23232217288863,0.06495500223677388,,,1.1341042361312286,0.5887952974426948,0.5520402597258791,0.5015901912270508,0.7157258558538925,0.8752526663181454,0.9913166518902121,0.8724357954670823,0.49494774312213863,0.7570789053032284,1.706317091087379,,,,,,,,,,,,,,,,,,,0.893625633704258,
1735,,,1.4825377633258328,1.839609682636369,,,1.7326528284120966,0.8018336581401541,,,1.897309606028958,1.9740566448808683,,,,,,,,,1.1308467850503723,1.237857342364234,,,,,0.906586084081597,0.963809470002674,,,0.9614727021208901,0.9204111794533413,1.474048100014981,1.4230867044988873,0.6726714240713585,0.924014261929825,0.4657436227461548,0.5433158860412887,,,0.9769419016271742,0.6599707801615113,0.645173412525315,0.6235423246405601,0.8632985494079378,1.14341174932871,1.0525865625542312,0.8582828832363364,0.8628503683965483,1.2581777007111983,2.4775622902702605,,,,,,,,,,,,,,,,,,,1.4251270371830087,
1736,,,1.806104571997574,1.9651889351669156,,,1.2644299993748582,0.975561421543476,,,1.5013103359311988,1.5689565276419724,,,,,,,,,1.6148548151192728,1.5957504633488588,,,,,1.1990257630665802,0.8746752955171512,,,0.9938599923403197,1.11448381965545,1.6696093108429455,1.6503345147064892,0.8931244685588536,1.3408556774725235,0.6372610743727816,0.7197916375747968,,,0.9762396171994495,0.6813444848875071,0.7091909776453544,0.7637424896785662,0.9326212921180165,1.4256140164724829,1.009954356448696,0.8436609257763726,1.1667973171555654,1.866850551981064,2.927568085344446,,,,,,,,,,,,,,,,,,,1.9485656992122475,
1737,,,0.9927438277589253,1.2658271383611308,,,0.6968295868167687,0.40417816483983104,,,0.824219186698864,0.8357928298623399,,,,,,,,,1.1539068613784096,1.1102126853945,,,,,0.6271074205621145,0.5501991094445565,,,0.6944286151993507,0.8187801545341455,0.9427062919982504,0.8025600979602783,0.4845245587105525,0.9320484774390497,0.36250375209455726,0.3280796464626665,,,1.2199642709569594,1.1487987069870582,0.5061779580167579,0.5564712789993276,0.647609827074801,0.6213344638191436,0.625293476210383,0.4333091369676989,0.6664890759868767,1.2531250153897397,1.3286728912109165,,,,,,,,,,,,,,,,,,,1.0340276935498178,
1738,,,1.2357219332531701,1.6350817392955885,,,0.559631305162843,0.3436224375245951,,,0.9825880517217594,1.019462030365197,,,,,,,,,1.3016101464366163,1.3060704035381998,,,,,0.7285610554591511,0.9966469366862963,,,0.9405874821903648,1.1791876465044648,1.0518695990971048,0.8777990636163537,0.7763556774480135,1.011933429880923,0.47039957767835605,0.5282310869220623,,,1.5720400004472026,1.6181492967067297,0.6303460897710781,0.680087174289537,0.7165441031415195,0.6125224218525253,0.8686753894648481,0.699700173983078,0.6211763871860484,0.8826520543243264,1.9148296819965234,,,,,,,,,,,,,,,,,,,1.3849060312537538,
1739,,,1.4195702096378806,1.581665280747626,,,0.5935296648152096,0.47159923666676273,,,0.9114463081771912,0.9230303940305585,,,,,,,,,1.2837271946157622,1.3526536815909935,,,,,0.928250315433332,0.9861111791764741,,,0.8214777482464448,1.0994540030881808,1.2638816472671444,1.0950071600111286,0.5838710717365362,0.857147588473956,0.42840900720478603,0.4862610215784175,,1.151974386078763,1.2475797906413033,0.9196185115001874,0.6655428081324849,0.6116858716129104,0.7376936152681143,0.5006536059001473,0.8901786288929187,0.6645902467105608,0.9373264726793342,0.9147400829324617,1.7238974107169844,,,,,,,,,,,,,,,,,,,1.640651927716776,
1740,,,1.0949583906243765,1.4075153131735443,,,0.5659190840001153,0.5062333646660553,,,0.994217715197863,1.05057681628513,,,,,,,,,0.7359793476140024,0.988469939854137,,,,,0.6721208494665041,0.7673764883626113,,,0.3955573820875646,0.6071409775297781,1.1437165040221495,1.2026846730648337,0.4390477127177918,0.7799733234931305,0.5157635363763556,0.42059539479055663,,0.9088681197653461,0.900494413958683,0.7182185861199659,0.5331840437643824,0.4730603760076854,0.7101859363101181,0.529388653546914,0.6267606490110814,0.6287981833478403,0.7857621690570359,0.6226513906718942,1.1774414110206193,,,,,,,,,,,,,,,,,,,1.1583719571849405,
1741,,,0.811294280221536,0.90816849401919,,,0.4745937793744268,0.3499104184174585,,,0.857556305368069,0.8924324018140137,,,,,,,,,0.6626571450571442,0.7876270211307745,,,,,0.41289880018030123,0.4180716137080764,,,0.45804079097193273,0.6383048549162668,0.6205421054396851,0.7855885766652088,0.41588038389790205,0.7288867073112716,0.4743011627341828,0.3550076377328084,,0.6133393408309249,0.7018451431215296,0.5407706466451633,0.4139966935143948,0.2635325402887228,0.5649385561685367,0.49374453945434277,0.5060203280337375,0.4399695688086671,0.5471037189181964,0.3289936297687361,0.9635215457227193,,,,,,,,,,,,,,,,,,,1.3388763220639481,
1742,,,1.177369348989886,1.4035819176395483,,,0.5407706466451633,0.5275713357492953,,,1.2299193476647088,1.4167461734310733,,,,,,,,,0.9813186284558847,1.1434084071574253,,,,,0.5981702359431564,0.6638000727516709,,,0.8602725399534835,0.9447129428020458,1.2058945470399234,1.397689741266016,0.7859045808031817,0.9642933256822306,0.45468501565741715,0.35578113990354937,,0.8163459006261149,0.9612546617580723,0.9416348992616209,0.7864137800989972,0.5983483962927421,0.9186159273584895,0.8766446414205904,0.749765802479768,0.5955654582094894,0.9103841464302423,0.4509569097941676,1.3593985637799446,,,,,,,,,,,,,,,,,,,1.4204568967223408,
1743,,,1.1181352144311925,1.1661877661021902,,,0.5275713357492953,0.46631064605900824,,,1.1841146782647476,1.1653240261886668,,,,,,,,,0.8420371045438205,0.7850549027647078,,,,,0.33404215540308707,0.3094167718111107,,,0.6479122702451099,0.7228786052897648,1.2156674588442222,1.7868671564811351,0.7130464959132836,0.9153068360976453,0.6302464278078947,0.4231299171539942,,0.8111941013845223,0.9675256059540115,0.7943360660453451,0.7123146887460302,0.5644149335730878,1.0933748876690204,0.7499392962343401,0.7707353704364037,0.770568618194643,0.6903290409194148,0.5836939784940769,1.1295624086381115,,,,,,,,,,,,,,,,,,,1.1978146657320219,
1744,,,1.5479438464214086,1.4436178833412663,,,0.611027743111804,0.5666585986904508,,,1.269680438929384,1.5728275601979944,,,,,,,,,0.9390344912915237,0.947291742611798,,,,,0.6055614762474574,0.44261616916086854,,,0.7423565676805988,0.9197786047941733,1.7546128578038236,2.2581069438386026,0.7893252805959095,1.151883268939659,0.6543560341589062,0.602310372113409,,1.1801034017662642,1.4078348651576167,0.9649386423414533,0.8549922717765658,0.7599677005656377,1.3345784697220375,1.322583790551442,0.9951280877118602,1.2151313818878235,0.9122226768284367,0.5811329032713681,1.3817999218464097,,,,,,,,,,,,,,,,,,,1.371854990617848,
1745,,,1.3874828022886028,1.2743552195286372,,,0.5666585986904508,0.5699782638625723,,,1.5304031208472515,1.951122843086952,,,,,,,,,0.39923559674276127,0.4761301645985191,,,,,0.4730151538255323,0.5119945122235735,,,0.8401831569499769,0.783149851827341,1.4319800032529126,1.3888323312221524,0.9159291522397235,1.1007606276873125,0.8092631279412441,0.4245167545761013,0.8277513179286635,1.1613609195683474,0.9353001565273961,0.625347580923508,0.718483278460517,0.44335883518007346,1.035918774543171,1.330785322475871,1.0755454192794542,1.0055212920955061,0.9232659048073046,0.5587168472536119,1.2685045461724092,,,,,,,,,,,,,,,,,,,1.6626037049151297,
1746,,,1.4323118878996044,1.4051815436316981,,,0.6676888233818704,0.6557276580161016,,,1.3251176121995862,1.6167126593593242,,,,0.8596823776707186,,,,,0.4149358179614866,0.46577486286655484,,,,,0.424556874812775,0.4818593567319871,,,0.8745981862372457,0.7854123985411084,0.8279933870287896,0.9528055680315444,1.065241757750199,1.4732882279106199,0.6822984872743305,0.4026606421424995,1.498404197450976,1.109869823792959,0.7010936628567839,0.43278025429062705,0.644518956777909,0.4627762176715955,0.9037699488168385,0.9904919525532261,1.316905077639391,0.9683892535333724,0.7844790520121856,0.5848926272531615,1.1908452331210546,,,,,,,,,,,,,,,,,,,1.7058989597218301,
1747,,,1.2725846660662772,1.4419888871188944,,,0.852445955420932,0.9414092644110867,,,1.5744532827789393,1.3588705483927168,,,,1.1545081521343585,,,,,0.5651883579206449,0.6023261873634483,,,,,0.42630657963058416,0.5344674486449393,,,0.8814611946073158,0.6459787270205862,0.7709939020578404,0.8854861737260383,0.5701531843841229,1.136060012923467,0.7072887586595163,0.26935191914170675,1.998576689761691,1.5650931698579484,0.6232061480559702,0.3583961585565015,0.5378729499576838,0.4109532521358287,0.7359161965936953,0.8746962682105219,0.9926290939246777,0.9871396466493194,0.672843971637722,0.50829560555425,0.9533422980155614,,,,,,,,,,,,,,,,,,,0.9745429839274721,
1748,,,1.7694717233631816,1.869177764047893,,,1.2221804485336916,1.2628038314355525,,,2.1503180335915735,1.9649968194448448,,,,0.860395868901097,,,,,0.9061088569222353,0.7939550742218583,,,,,0.410743923680202,0.6392037804834272,,,1.3292731735177254,0.9851645590173834,1.207837950482399,1.3764635350012755,0.7212655049610153,1.6963462141170913,0.9297371884843882,0.5403799897129771,2.1588906649088218,1.7267781027152251,0.7781387405001585,0.6114629078530044,0.8270609889867202,0.6458780081485456,0.9103355120454039,1.122493061560381,1.034258295593313,1.2396706007106142,1.0231309871299437,0.6904808978155704,1.4448189653191204,,,,,,,,,,,,,,,,,,,1.5824114965706253,
1749,,,1.7106030599403612,1.9183377327260553,,,1.0800295926751438,1.4530833760034287,,,2.081966090915264,1.8034563616228219,,,,1.1187873035689224,,,,,1.0886097207400074,0.7843927418132782,,,,,0.44657968515434904,0.7433095274401221,,,1.246627132833127,0.705178397965731,1.3835329488748063,1.3101093646781967,0.6982717578318018,1.672137763850101,0.8209551622571194,0.5632805191716866,2.7228548592755137,2.2603472347316504,1.1991402825527184,0.6029460905025721,0.7354024680141692,0.5392731995245302,0.9659519745004228,1.1566478282862578,0.892188318286529,1.2603705520591335,1.2031200077684134,0.9073048903343256,1.1074250322586223,,,,,,,,,,,,,,,,,,,1.8002326344358617,
1750,,,2.108062597908616,2.4231888517441473,,,1.4029770526929657,1.362513321556779,,,1.5051878605276692,1.9722223583529481,,,,1.157090220487786,,,,,1.8746430626571882,1.3063316648880088,,,,,0.8107096928842833,0.9510073995806161,,,1.1937629353581893,0.8751621106661116,1.624396977388995,2.0546502567010703,0.8984289936248336,1.6716097220903519,1.0228707772227044,0.6768343332370269,2.0186303748081236,1.7992694097597304,1.6286739475430798,1.1825269938943404,1.0612587117205017,0.6657318223778087,1.331808438775273,1.4094031784940901,1.054682564287997,1.4948972677230676,1.6022356581849841,0.9651287127748084,1.8602802619266614,,,,,,,,,,,,,,,,,,,1.7206717123935664,
1751,,,1.2846799295877656,1.5486426141760778,,,1.7662209723884172,1.3852586647747729,,,1.4715482756132863,2.062324312474518,,,1.2649612128583434,1.0111648792563601,,,,,1.3615259746328536,1.1083656063885565,,,,,0.6918485396235186,0.835560896075945,,,1.1699671837413148,0.7367647179151277,1.6034374046669935,1.8041257308153464,0.8016586962479509,1.855868444120708,1.0689597907048274,0.6332037893940297,1.5390191994704883,2.2478721093945735,1.2102166701885348,1.2163246812656543,0.9552244949353312,0.4863775702772241,1.1431609285076936,0.9902007088238935,0.8119788613723353,0.9912620419416655,1.2444820393660119,0.7534469756073435,1.4124143619216982,,,,,,,,,,,,,,,,,,,1.7186390496937018,
1752,,,0.9354769621113398,1.1745251343363463,,,1.7062332334420984,1.4774579243484571,,,1.5774457097839951,2.2189954881428666,,,1.240482163463513,1.3329115761252024,,,,,1.2453518761452596,1.1827397355396507,,,,,1.160481548636598,0.8899451679737711,,,1.2808030829372863,0.7960281319462846,1.4079615454774663,1.7033612122187678,0.7537422863926957,2.0161963179903064,0.8700038708304797,0.5664024525742444,2.177764593070945,1.6375637109568875,1.738213132378579,1.426511099370924,0.9771055951929811,0.650178600683638,1.7184206017767738,1.0239559870527688,1.0164865585738112,1.3222333101526569,1.4967877355538473,1.0484101449223953,1.9247074211652635,,,,,,,,,,,,,,,,,,,1.668260586163182,
1753,,,0.998887353985103,1.3293815687538568,,,1.0698833245281931,1.0572403174838487,,,1.5047983947708923,1.7971172701325726,,,0.9095613471240169,1.2469060311800761,,,,,1.2957986177193794,0.9962815009162075,,,,,0.676953570396911,0.6870456694682293,,,0.760389654282457,0.6567404305286708,1.145161369366228,1.3058063787133003,0.8297606772970647,2.2263429531047807,0.960748444566966,0.5660730671500305,2.8565426763151005,2.0884446161431214,1.9363533829536546,1.3965803548697937,1.0163778699249573,0.6517268748143856,1.9824289314351045,1.058932203727665,0.9572810629185026,1.343806896967994,1.5046201820548915,1.3129244238890385,1.6651859494001735,,,,,,,,,,,,,,,,,,,1.2876540802397545,
1754,,,1.0203396676027132,1.3062739261492942,,,0.9208222120020619,1.0097454790471634,,,1.1371228200115566,1.2539521804976592,,,0.7499563243703766,0.8791267014233729,,,,,1.2775083533463167,1.2679319807791778,,,,,0.4869123691244117,0.6209691264645574,,,0.8650816133544695,0.6587104343457472,1.135077722369696,1.1558209262190926,0.8568825612263601,1.8042265694278552,0.8948014269833324,0.5429617311850996,1.9080215268679372,1.5236495243581567,1.2164964660152615,0.8779651368664319,0.7762497443389663,0.5259246012735344,1.4996794099717996,0.7019276666738004,0.7141455600014867,1.151375181195267,1.2681206959982345,1.2276445402559848,1.8880283788183814,,,,,,,,,,,,,,,,,,,1.3592146759649981,
1755,,,1.292412515376741,1.441092642150802,,,1.0610884695071887,1.0992730711491667,,,1.7969523938733398,1.2950621245818006,1.1912741519151389,,0.7878061075661522,1.1048400513418766,,,,,1.3158785246474063,1.3757782266806489,,,,,0.7324015723118091,0.6918485396235186,,,1.5410857442079287,0.7173777599328447,1.0290993568198803,0.9274784987779667,0.9352584544121137,1.7252438066816695,1.0998536698286359,0.7234862715712421,2.2441574198272365,1.8447159786628506,1.085229274016648,1.0374389608970263,0.8972553539147348,0.6355559654007036,1.2233717432258209,0.6933123409432571,0.9616951247325916,1.0942692233126483,1.3625754803293555,1.2251194171447148,2.125030358100642,,,,,,,,,,,,,,,,,,,1.4358515289064888,
1756,,,0.7728449056682685,1.0073341720668438,,,0.8416309450985808,0.8452079776878698,,,1.085540578664652,0.8918614083894507,0.7369200971070373,,0.2589568593217507,0.6974074112670658,,,,,1.3283588659975347,1.2026846730648337,,,,,0.4369184797235075,0.9526341070897447,,,1.4171589378352754,0.40345583094785864,1.0523659689965514,0.8384490102281541,0.6851697627406088,1.0629294711949946,0.7205066529506361,0.5426610083990612,1.8005197707116132,1.4383877074421032,0.8357071715649297,1.2419382529291147,0.567871664185248,0.4729747661630595,0.8059547146797603,0.9569897206648906,0.8004968060739486,0.6653719701225305,0.7736622109160476,0.7183509413450037,1.6976332813635642,,,,,,,,,,,,,,,,,,,1.0363690478226808,
1757,,,0.5026862279255031,0.800507564782986,,,0.724463980875317,0.8648106745293982,,,1.10950628945859,0.9304870336893546,0.9956009340141266,,0.555379823385501,0.7502165711298389,,,,,1.8587832641578976,1.4569097239972961,,,,,0.7709132053458577,1.8052095210584291,,,1.2864836206382266,0.4646610513524084,1.2376670872444429,1.1769714074041786,0.7637152002565647,0.95805624227553,0.7209990645397589,0.38443086144592253,2.0455761845133402,1.4071719374448768,0.6546640915600102,0.9720471981710436,0.7737729974273067,0.5655375666106067,1.036561325135643,1.340053050904531,0.761284346098113,0.8049797506268528,1.1951447505282906,0.9627722138548007,2.356768645133203,,,,,,,,,,,,,,,,,,,1.117723451788136,
1758,,,0.7971452173581897,1.0667327911408588,,,0.8821068880199862,0.814069146058509,,,1.3801006493146977,1.3862749449228111,1.2786140612216257,,0.7160450476083605,1.0303270708236725,,,,,1.394628024570642,1.152733807229704,,,,,0.8784418009624093,1.1477220129361132,,,1.1537153445916977,0.4672810039030156,1.3442416989330082,1.4388309156798962,0.689213718689435,1.279871051743715,0.789640055443198,0.40766562979394716,1.6148548151192728,1.5531002826361804,0.748254428102915,1.0877349440951993,1.0811774944583594,0.69574551634519,1.3198861682928131,1.4672649008503629,0.9686547447855057,1.1024194354020018,1.203866712782856,1.1597399798732853,2.236270428862385,,,,,,,,,,,,,,,,,,,1.0327149614566646,
1759,,,0.9243447044259908,0.9302349080418205,,,0.9179928668319358,0.8331736251038903,,,1.2316946966392377,1.1943018003769297,1.0955428683341804,,0.6191033108615303,0.8578916205321137,,,,,1.055738311405061,1.0604983936839256,,,,,0.791931700975688,0.8370303683563532,,,1.01636116360845,0.40937809896947075,1.5194675846635086,1.3185335509254716,0.4106730053021445,0.829754937357309,0.587974947294456,0.34022554129059707,1.473450299913969,1.3433123183425635,0.6509785869660166,0.958149668869474,0.9170428495955941,0.5508623812903294,1.0406400337753805,1.3343359213591743,0.9713621774676955,0.9087050995752294,1.0351861764732386,1.0036003037596466,1.3116787330202462,,,,,,,,,,,,,,,,,,,1.2064691785401003,
1760,,,1.1353019755698737,1.1037435618978633,,,0.9893936798108697,0.7999274635615334,,,1.7434278200448297,1.3514718680729494,1.294784296608754,,0.5337991259292213,0.7481374156189687,,,,,0.886488722056693,1.055738311405061,,,,,0.8289844336854727,0.8563602202580747,,,1.2554384881195706,0.49802490570476976,1.4954255898578912,1.1818879344115116,0.4899280359995759,0.7514827410468593,0.7929634336039422,0.34152638173982985,1.5976626503320035,1.5699069593845616,0.7855430233174018,1.0920748850361803,0.6479860010384879,0.44189256158535006,0.8836833727507414,0.8717139100224148,0.9945909132292379,0.8528215593025174,0.9771934402000005,0.9632148762983083,1.5915243908604562,,,,,,,,,,,,,,,,,,,1.1695573319796175,
1761,,,1.9146915749484938,1.4764223545224984,,,1.0607733755924682,0.9242210317268068,,,1.846060788061117,1.4774579243484571,1.9129749472167257,,0.6600462999491873,1.186762192339268,,,,,1.0719062640354873,1.07856127850231,,,,,0.6539256958355486,0.7533924506789064,,,1.6085480048874448,0.676906734773278,1.5198918070840461,1.3679478332701736,0.7508168290481233,1.182852134967653,1.0642173662420573,0.5936894028233771,1.9961957876275103,1.5237491942348724,1.1293212870019815,1.433414505810255,0.8043735172070623,0.49875349073830666,0.9399207305817558,1.2207821340404161,1.0809956006619927,0.8958341911787643,1.4532212314409012,1.0481002863656936,1.5530353184511425,,,,,,,,,,,,,,,,,,,1.7753762910927444,
1762,,,1.9377054364263568,1.9034202286013944,,,1.4996794099717996,1.0486043513364178,,,1.800988827917366,1.5517559498553264,2.0864071214795334,,0.9252671043934679,1.2067035629388165,,,,,1.1856509783789329,1.3249952430438663,,,,,0.7980459033241323,0.8960106369816575,,,1.9621989387489975,0.8592007223794176,1.5475459948546133,1.3770280818338132,0.8303043527228086,1.3190162127362226,0.9728064350399702,0.5721103149019308,2.05557740596753,1.2622079881860704,1.514240970847835,1.4802798093032432,1.0992730711491667,0.723936085600345,0.9967487765234365,1.425782822101248,0.998887353985103,1.0990928264008186,1.317301879122644,1.160500361238001,2.159288820486651,,,,,,,,,,,,,,,,,,,1.5240710597759315,
1763,,,1.3485210220994543,1.443264889191743,,,1.3806623959262838,0.735871696011955,,,1.497471318298091,1.4204894027273653,1.783017535281207,,0.6785080710302235,0.994217715197863,,,,,0.8319285101656062,0.900494413958683,,,,,0.4271780470814727,0.6687423252683588,,,1.4857634488641298,0.5339927664880048,0.9291369093001527,0.9909571204327229,0.7532509110831733,1.4542199712604826,0.7913131095310459,0.32091765358389324,1.3305116010559133,0.9823511935287399,1.0491084383998495,0.9426166010819805,0.7589622656789036,0.6343830006529444,0.9827142985856773,0.7411726726929945,0.770460565332661,0.6815106464688364,0.9355055074538015,0.920177934130225,2.541043695759918,,,,,,,,,,,,,,,,,,,1.204290321476461,
1764,,,1.1177101317283222,1.2302046538709637,,,1.3140566000213483,0.6500469327121828,,,1.0511342577069254,0.8931593703086981,1.787606375204834,,0.8200434608027557,0.6106840356408976,,,,,0.7007561718046169,0.9075583747261157,,,,,0.2144103924186932,0.38803526683149786,,,0.7647871887270019,0.4759053130271238,0.560415074752863,0.5815543960558466,0.6759768803607132,1.2394753598195218,0.7235480111987483,0.06896761909790619,1.16449810576765,1.152245889698126,1.525241386219469,1.2930663310166666,0.466997764245875,0.3937084320289739,0.8970527890952023,0.5788855332299009,0.8963506155032236,0.6225054611707617,0.8994721806855549,0.8611706775313941,2.2031743025015014,,,,,,,,,,,,,,,,,,,1.125541296680739,
1765,,,1.477152502580931,1.8387332719605898,,,1.4757822256168476,0.7743332187317837,,,1.410655400123123,1.052197686509389,2.2914814941632162,,1.4201930601580426,0.9813186284558847,,,,,0.9813254957378247,1.2187063857471598,,,,,0.412644282983793,0.6009046934705042,,,0.9059423526687653,0.7476887737289843,0.6991427905941581,0.7682969574271002,0.7809500435477909,1.4878072549649068,0.7688617228918451,,1.6446037198121495,1.473705409451785,2.042298460372322,1.6700959649465061,0.9006722467030314,0.5840253585216811,1.1324737190015135,0.904659441383307,0.8981711065874471,0.7846175223806077,1.365859489677973,1.085736708376054,2.90375289221726,,,,,,,,,,,,,,,,,,,0.9884278906832564,
1766,,,2.02753896339168,2.4830634312665874,,,1.7246512599026091,0.9348122337304268,,,1.5728275601979944,0.93399552849175,3.0133698940381866,,1.5440669384199075,1.144644188989256,,,,,1.3723691456629559,1.533321087090351,,,,,0.5392731995245302,0.7980459033241323,,,1.1220121300864956,0.719463235231002,1.317803421807315,1.0933748876690204,0.9121693621318396,1.622714078175534,0.9738678933966516,,2.092327556652381,1.6529699413794767,2.7224240034185456,2.031893760863116,1.0935403829488561,0.6051460964177973,1.3674491486679314,1.0948113409221334,1.0472629748447981,0.9256313268799895,1.651708193513507,1.2882810400608404,3.449987230263919,,,,,,,,,,,,,,,,,,,1.4115277506602408,
1767,,,1.4819115269195833,1.8011597991860973,,,1.2875715672136065,0.9013570402057562,,,1.8427271295821213,1.2817258895389292,2.18630378443072,,1.5404726335389147,1.2564546010238697,,,,1.338648273801548,1.0994422369775683,1.2490101213337015,,,,,0.5037970547723958,0.7119634118024546,,,0.9514318126645749,0.7811965704732232,1.6145573232503387,0.9967105027038,0.7583970927666204,1.4073754423767297,0.7484961908393136,,1.7553058403456738,1.5939480854540176,2.0074598729400255,1.4103586629101834,0.9738247382488234,0.5126839046052898,1.1168670132291814,1.0375018292605223,0.9020327459579515,1.0475618504904807,1.594100220384243,1.313219439748505,3.8583227592858815,,,,,,,,,,,,,,,,,,,1.2427754849794135,
1768,,,0.8496814324970421,1.150260472448862,,,1.042746379845875,0.6739054294737117,,,1.0881719822610836,0.9026047605292146,1.66531902809175,,1.510694450365584,0.7851633402607638,,,,1.6703522201092849,0.9016282138734691,1.1304124408360912,,,,,0.4683635861928825,0.6789662426591951,,,0.8154077926329237,0.692690297691738,1.2074399681255283,0.883078299610572,0.6021207996730036,0.81265525898903,0.47813693443576183,,1.3920427441288583,1.5566898451815743,1.6837050340641115,0.7501631491246843,0.6626490416154464,0.5144712409209603,0.8669048009115172,0.6839938174212525,0.714266362510993,0.7471051731051315,1.4581022139468351,1.3346721830700234,2.7469402234590334,,,,,,,,,,,,,,,,,,,0.8835763123706993,
1769,,,0.5757412533266498,0.8076555751378357,,,0.7271084896953205,0.39157987649135,,,0.7341024801661804,0.6608096438117015,1.9527654577173084,,1.1304151298033638,0.5487860818200306,,,,1.1308059991271562,0.8434368921058243,0.9171735279057704,,,,,0.325089300341819,0.394703227201889,,,0.6409447746862994,0.513273324277781,0.7264409666046944,0.5286201587419244,0.47175455472313393,0.7865855678046472,0.29684470141168856,,1.1815128053674433,1.2957986177193794,1.458998134626362,0.7973990212187492,0.6116858716129104,0.4208404571213337,0.43448458320959044,0.4529568494642389,0.525602766467534,0.38387711264005847,1.1371826065021546,1.011987008392338,1.96155095281991,,,,,,,,,,,,,,,,,,,0.5300047285699618,
1770,,,0.6628357685467744,1.184708769697909,,,0.8543560941629454,0.46455585024050194,,,0.9431984733335255,0.8544685010304439,1.8503281493461703,,0.9289816349382375,0.7535844772275266,,,,1.512207014714038,0.7702787532223792,0.7028640767548536,,,,,0.21724229160479522,0.37749123966717113,,,0.5345623007798584,0.3034153168356016,0.7621072856717958,0.616115885520303,0.5787918038220292,0.7318609080712988,0.7094167904783941,,1.560671075952626,1.3912206353474723,1.7263751347349787,1.1899776779237472,0.5781849040093933,0.4418711464134921,0.6166012566655231,0.47159923666676273,0.5680953024572455,0.22245664845236043,1.1297287838110135,0.9901890768805165,2.1783404493043457,,,,,,,,,,,,,,,,,,,0.7992731424093706,
1771,,,0.7282953122481363,0.764247586828678,,,1.1077870274965815,0.5382316734571213,,,1.0599261072695534,0.6291626108018508,1.5918217213235453,,0.947291742611798,0.9466808952918876,,,,1.5140648629786986,0.6011521205409407,0.6130790076667916,,,,,0.43524794588154564,0.34186228716698286,,,0.5366309619484646,0.4563765268035804,1.0935403829488561,0.961863937255521,0.4491400051092777,0.812643071701078,0.3896857222090132,,1.189306119908458,1.4828394557317008,1.1342403733622255,0.7158481256979714,0.4040832284427083,0.4238127400070536,0.43580980484619675,0.4745937793744268,0.5476124059465791,0.3231780054002571,0.940739271691732,0.7880893970968724,2.433417067847386,,,,,,,,,,,,,,,,,,,1.5242933622094257,
1772,,,0.838115746611578,0.8932364133596435,,,1.3994023509885154,0.6111762927944676,,,0.906586084081597,0.9461207520153708,1.2266322460233374,,1.1770995735907832,1.1430402067770078,,,,1.7510416201756478,0.5407706466451633,0.6169719131867549,,,,,0.41765106297760524,0.3963076498555159,,,0.5380400094394105,0.45641236394718987,1.460737107373235,1.4661771041524272,0.6361298302939092,1.1352776971362628,0.5747301591492183,,1.150784537003427,1.2783668656642941,1.1441052797519207,0.8484565005852608,0.4399620560976044,0.4050437939626078,0.5821227891237656,0.5248656276261878,0.4424834603763834,0.5254552482841922,0.6173825030366165,0.46387909758300067,1.790819686984605,,,,,,,,,,,,,,,,,,,1.5055952315274042,
1773,,,0.8192474629044976,1.3000003972318093,,,1.7076984651610123,1.6733259319226004,,,1.1830387528923592,0.9838548170778986,2.3777697557932824,,1.3174774692511122,1.2315173404317292,,,,2.048734459599848,0.9911946308017063,1.0179212172144247,,,,,0.727653486404707,0.7224206674262644,,,0.7538383383306787,0.45804079097193273,1.6566226040386158,1.2280311578317453,0.8493398165587814,1.4076169307109072,0.621458694762556,,1.5746941827824419,2.1008573636761354,1.616332913770833,1.011192659936023,0.5820529002472469,0.4254128543480988,1.0581025439811351,0.8473115392337167,1.3075099654180373,0.7485452269375071,0.6079925225821149,0.6129697496166577,1.9928630433954742,,,,,,,,,,,,,,,,,,,0.8701873179972391,
1774,,,1.2774483773232197,1.7260775794809624,,,1.7452969397472282,1.711328488012455,,,1.78484419698448,1.407878579512334,1.9495530085323576,,1.6865133246176551,1.4853010632358405,,,,1.9629510787884368,1.6562067773819948,1.4867919462025596,,,,,0.8391847762609004,0.8870726907195805,,,1.0066115758088323,0.7066524435332185,1.870011093216612,1.4376114706990692,1.1940069443502512,1.8432970447072041,0.8992358077011792,,1.8901674031271385,2.455126418254568,1.9534315290733637,1.3924809697196083,0.9013570402057562,0.7166080476146955,1.336563755084181,1.5918880675807523,1.0340067518066516,0.8501660697553406,1.0266915464228548,1.0637582763067248,2.228931207718128,,,,,,,,,,,,,,,,,,,1.621328585913683,
1775,,,1.2170275847324867,1.6256655770815902,,,1.9274962970245548,1.1378125511963664,,,1.538073339302652,1.3052095338877656,1.684074209087641,,1.6821082080971574,1.5774457097839951,,,,2.0801871244947416,1.5056928479489122,1.4954100028788886,,,,,0.6774364238097903,0.8342252296062959,,,0.9339043087428996,0.6787652354948771,1.8747207493637903,1.6489894663514495,0.927934222060354,1.7044107452118755,0.8551995632814143,,2.0147578507765833,2.853426047214234,2.4957722843934977,1.5098591949208926,0.9753894373961617,0.7548714944965385,0.8630177306881827,1.295219654149602,0.8448079014132001,0.8483616594169044,1.250488525764514,1.1090695943311963,1.961549524456837,,,,,,,,,,,,,,,,,,,1.541867968315592,
1776,,,1.2432764649019217,1.3906032550747562,,,1.8421727019369742,1.1586255552255744,2.517641248892819,,1.856500630866664,1.5906300709513346,1.930972334205105,,1.5958335092063247,1.4629984393605897,,,,2.644167763323817,1.3190925535105247,1.1656976887346415,,,,,0.6793969369247396,0.8534608678238019,,,1.0033745506343619,0.7114250440272406,1.8622966180403078,1.321619287623403,0.8223958665486776,1.45853921095124,0.995165686526861,,2.166148779355348,2.90325056473567,2.345295671280468,1.3939713711307693,0.8187579235728228,0.4648764752664803,0.5707778920477439,1.156241620978361,0.88914691615175,0.9681963502612382,1.1147464193636323,1.0476536147586006,2.1692824327163702,,,,,,,,,,,,,,,,,,,1.790025776530419,
1777,,,1.0061109158188442,1.7231962684846156,,,1.683627759937163,1.2694731754878414,1.301892171555766,1.2895235665060782,1.7704646766434742,1.6492948668698735,2.3155664611080153,,1.4288002584712598,1.684626400017121,,,,1.9552314923023095,1.0163778699249573,1.4168031130298226,,,,,0.8285485529725314,0.891375520845766,,,1.0409159386320903,0.6845936834407219,1.7598482243904177,1.5171175426458903,1.1661796421025044,1.7838366805353876,1.0446199876533282,,1.7403554680820534,1.9994029341661936,2.493450089052733,1.3710310295268688,1.0363168966903504,0.6980513826789047,0.86820052091483,1.1475234015281777,1.0408597548088765,0.9292806491949539,1.0533622520476562,0.9864235705713176,1.83450155992104,,,,,,,,,,,,,,,,,,,1.363207812443142,
1778,,,0.8363658876265987,1.2309484283896475,,,1.2694731754878414,0.9987308027725343,1.9543277593610635,1.1790721553712598,1.5029516326562966,1.4951231647851546,1.9006737467913255,,1.3136184964605113,1.3300277560952278,,,,1.8630378183057665,1.1230847364904195,1.950789782597902,,,,,0.86820052091483,0.9121573655009787,,,1.0855575321035258,0.6871842891864073,1.7637966674158994,1.4505693526820447,1.1674407213944944,1.9731113053037461,0.8623700783416355,,1.6783028683302186,1.8595209648246807,1.906282035101072,1.2111880826350552,0.9149938448771062,0.737741508746449,0.9838105778671354,1.1230847364904195,1.0875112562836717,0.7283279690942062,1.0039443308189353,1.0153667662138173,1.8352528285134762,,,,,,,,,,,,,,,,,,,1.0841901355982715,
1779,,,0.596774890118967,1.340270731135977,,,1.0713657702469004,0.7458448235648245,1.3277915251147652,1.1185146295714263,1.2960355112101725,0.9291117004810039,1.5340826857846075,,1.0039534964464476,1.0569737213313717,,,,1.9350044988639705,0.8307919943654951,1.5359835366707206,,,,,0.6125613032002919,0.7323637014159896,,,0.8349215892714873,0.7240574098560093,1.4138933964011864,1.2089320720196404,1.0351462840090018,1.8408223589066826,0.5615532680751,,1.2190160011454119,2.0329307593864994,2.103008598973349,1.0787462935949779,1.1504494923189978,0.583095318789215,0.9142578538821844,1.362498870759412,0.9621809543420919,0.6469787344630518,0.9584843907376493,1.0075494716252646,1.6934362939204581,,,,,,,,,,,,,,,,,,,0.9739407201113984,
1780,,,0.9961469876618446,1.364907429608132,,,1.4189242984891786,1.0581025439811351,1.4155890995329294,1.1433760355154923,1.5867002381646635,1.0764633469142426,1.4605933813074838,,1.3975615498963467,1.296825533133417,,,,1.8797919332247783,1.002126466209261,1.1963404718863129,,,,,0.8769412067849524,0.8079314925591498,,,1.0557330330261312,0.6329872254846313,1.6492948668698735,1.4406445535783512,0.8769168137358705,1.9027772530702807,0.5874662719443611,,1.4730758509527406,1.8402466424782113,2.17445596076677,1.0051974167820785,1.1695288771502044,0.797228907592043,0.993645090358839,1.753721315866207,0.8568180144095721,0.7084284592472324,1.1824703183274299,0.9486498409840991,1.92240847121604,,,,,,,,,,,,,,,,,,,1.121323165296623,
1781,,,0.6656393207490158,0.8462039523752122,,,0.638510155850685,0.6042000536681914,1.5784037139611475,1.0586144570420168,0.8410576058992463,0.3415396930322025,1.333546907906509,,1.1564654330183708,1.002388892660149,,1.1421494446196692,,2.1556501805970285,0.8915210622532012,0.9353180351286439,,,,,0.5061965554658236,0.4787169417174626,,,0.658140466410944,0.12785919311108995,0.9789496912283752,0.38716660936589187,0.6120914881204775,0.7369021390807311,0.37695435654758574,,1.306476160363763,1.6498534897092179,1.4524424840527348,0.5968764166540315,0.6485034270362988,0.5842638682469539,0.6028648862159289,1.1438383440229751,0.5802339784234002,0.4255427527587872,0.6742500512659951,0.38809427050150425,1.1193704693724902,,,,,,,,,,,,,,,,,,,0.7970869912210694,
1782,,,0.5114353886113522,0.8528882131103835,,,0.49434549845579295,0.5692244606666736,1.579747053185425,1.0234961582716815,0.6757359340364747,0.43182604694776777,1.0125809243549775,2.272017712415471,1.0248143933437486,0.8211297977594919,,1.1667901537528091,2.0509565295858576,1.9524152196549245,0.8615633158965051,1.0260902791970805,,,,,0.4521486646619467,0.42486408470300197,,,0.4781546495589625,0.0645277262355778,0.4824233829420597,0.12346576671911297,0.6132715456271969,0.548459370467193,0.4251713466700969,,1.3873548500187247,1.7779119381453798,1.099357144521192,0.7969142449333432,0.5959970506266682,0.4488411723303584,0.4727703878264041,1.0980708928092713,0.4958603064948275,0.42593270471485467,0.5763299982554055,0.33661251613239973,1.2215185014751422,,,,,,,,,,,,,,,,,,,0.9271952544072186,
1783,,,0.7794498473889365,1.0576528342855245,,,0.8630177306881827,0.6812510324440814,1.46912690802405,0.7034811096216345,0.9000605746030831,0.5764474906989323,1.0314590716915557,1.891428249241396,1.0470431271387963,1.1524353386737012,,0.9218527166797469,1.5843782087801304,1.5533099054850723,0.934025124588105,1.0642840961074476,,,,,0.6240569119308534,0.3898117384001857,,,0.6251701964186168,0.48748632655888113,0.7176422312761618,0.21208400946017794,0.829754937357309,0.632186051775704,0.544859817476498,,1.0912601271361282,1.3394613168811218,1.1366823957219572,0.8985148752235451,0.633623350513986,0.42989148058711185,0.5886370756579253,1.120830149505726,0.7145050246045127,0.6904970404531277,0.8630793278067392,0.5221780509868692,1.2447832986081666,,,,,,,,,,,,,,,,,,,0.9724648309887325,
1784,,,0.8923116623902356,0.8844449228798178,,,0.6996632225101377,0.5726428967736114,1.1762962906369074,0.6790082348010317,0.9037699488168385,0.37927085039878883,1.0516304731893302,1.5487125640219748,0.8570057199984095,1.0719062640354873,,1.0081380098093586,1.733083107357924,1.6139897973991282,1.2789197388917526,1.205741524468281,,,,,0.26583609868422436,0.4291414416181682,,,0.5155498325726647,0.42693436097909543,0.8089097992867954,0.3546870681440588,0.670966733077553,0.6071409775297781,0.3090892797748875,,0.6423526819571939,0.7974746098570513,0.9192802992999215,0.74813023610746,0.7254132431359095,0.33268598506126523,0.5906892025388804,1.0060835279281786,0.5433158860412887,0.5885059841340409,0.8548764849718652,0.5297148332445443,1.0278047559386858,,,,,,,,,,,,,,,,,,,0.7715763225277392,
1785,,,1.3629222120601145,1.2935551175124533,1.105305914148067,,0.9051452239324824,0.7796234768003714,1.4648441130150722,1.126768025767985,0.8557165076670876,0.45258810750999,1.4211984839502871,1.5613844786071776,0.6484127665667085,1.170642738146288,,1.0586144570420168,1.8195661640461596,1.5981731145495832,1.4718323931873907,1.5517559498553264,,,,,0.43825327930304026,0.46870051432020704,,,0.7720732015746641,0.42978545676834523,0.7736883341147506,0.5873698147370251,0.7258410828210599,0.6105524699199073,0.5481454299040923,,0.791088383302931,0.9121613796107433,1.1242288590548153,0.8612983172270771,0.8353021259552105,0.569375921175091,0.8225518025553341,1.1466601202738975,0.7416035053800938,0.7496228903485763,1.0220905509392741,0.610218662825934,1.3385006164847768,,,,,,,,,,,,,,,,,,,1.0357767316745123,
1786,,,1.2750920334512486,1.5185336290864164,1.007124132712951,,0.7424985493336871,0.6343830006529444,1.220462969717365,1.1172539845030214,0.7557502364150522,0.344571290489557,1.1651999266785087,1.6002311559937465,0.5956223854937117,0.9226843476382176,,0.7275454619039664,1.4894459221172565,1.2430035960441206,0.9962162207289323,1.3691464122673402,,,,,0.5356151272453339,0.4709881923561945,,,0.7016616491945191,0.5656302856548455,0.8286432678797152,0.6789662426591951,0.646048757258558,0.6946418697073865,0.4775358315331197,,0.6017362779626602,0.6523789440556884,0.8396658289298152,0.8377587273328588,0.7640361607249423,0.41340728827575063,0.8645305038524845,0.9103355120454039,0.7655191750795552,0.8305672010390159,0.7928309828409837,0.5014276922344411,1.1524202293808745,,,,,,,,,,,,,,,,,,,0.9274444762498107,
1787,,,1.2569756226612983,1.5415114975820035,0.9464354557912068,,1.2127910306600407,0.7874168640579478,1.4004042661090328,1.1457407470816081,1.190190825723735,0.8534608678238019,1.7828031624255183,2.0223297585127202,0.9824231508908207,1.8737610680862582,,1.0490507775059463,1.615397551007112,1.355153465125211,1.259187395330908,1.4256197641465755,,,,,0.7108361920564873,0.8698975136005836,,,0.96535004859511,0.7370410080994442,1.4448413348525289,1.0944044026961466,1.1849199765826155,1.1121209312150229,0.7643692464029922,,0.9368591842122045,1.115295381529903,1.4073024948158437,1.4379731779343952,1.0216162493610963,0.6321426779653769,1.4640803745698217,1.310934822536288,1.6287125180096922,1.3992906352144823,1.0952472782990736,0.8264348430137546,1.770788141558821,,,,,,,,,,,,,,,,,,,1.3727244991355638,
1788,,,1.2608866426636134,1.7881772288726097,1.34008589108805,,1.049889152077264,0.8854578016296456,1.5203606776788339,1.312878999477218,1.1934387308505694,0.727653486404707,1.728294868663459,2.048734459599848,0.945587970193806,1.8553185153793246,,1.296288448256515,1.3575951238312247,1.322583790551442,1.0031803824541017,0.7934605504824901,,,,,0.48160538637165184,0.6076253684210842,,,1.0788867551879024,0.4723863126117585,1.3034537496287713,0.8628371192392483,1.050859544194812,0.9476506837273301,0.5987875168168774,,1.0763074872727452,1.3296595899863424,1.6444968792746377,1.3263027496750435,0.69574551634519,0.2974958927799479,0.9065265864877413,0.9858841689635138,1.6798108018163513,1.0949583906243765,1.0697821498580518,0.8370905075227228,1.6061562101680282,,,,,,,,,,,,,,,,,,,1.0370069133794226,
1789,,,1.644779115981325,1.9534261316453894,1.846420564608169,,1.2434088278203534,0.7942542515483589,1.7157832410642273,1.4575358562871465,1.4549320908279737,0.8026984816408612,1.5417814671697292,2.0123334958648753,1.2803324820423876,1.8041257308153464,,1.6839610055433625,1.1111043842198698,1.2110146434530427,0.658183564898369,0.6226636856611667,,,,,0.5979217910876592,0.6859616545612803,,,0.9222706665485194,0.6093869781970547,1.2694731754878414,0.8996375978078496,1.1361437219732013,1.5103604285241576,0.864863259520318,,1.0793116044695281,1.2469867935892434,1.7458691975688732,1.110064870616397,0.7712073338064611,0.3981485294127841,0.9861843441705926,1.1258403083787891,1.9037475764204141,1.2372237773378425,1.3397292842002833,0.9436430587357827,3.3300264480052744,,,,,,,,,,,,,,,,,,,1.55044390637611,
1790,,,1.737208121975036,2.0988947751485965,2.256624059803828,,1.267024639374763,0.8734614671053085,1.55967630713785,1.1985250580963351,1.2150448699431733,0.69574551634519,1.8304492822489677,1.6591968731089013,1.2456839393095116,1.594965498713937,,1.4151883803704934,1.1515321582024463,1.3251176121995862,0.676953570396911,0.9006722467030314,,,,,0.6187823335972346,0.707777132431334,,,1.0637647490371094,0.6786560850539398,1.4163818657501395,1.0808390450604979,0.8654475083602848,1.1220177122015833,0.6758779762067001,,0.8938555568573185,1.278334357299695,1.2138928350970026,1.190565956250062,1.012670453633094,0.5995051780368101,1.1426993191693793,1.1456137345178492,1.0428349358401245,0.9337756905781855,1.224097699604298,0.834751536545767,3.066474860817033,,,,,,,,,,,,,,,,,,,1.897770711410304,
1791,,,1.4473229471863533,1.7594312848724363,1.8882913995107034,,1.2912039078948039,0.8574520682016005,1.518545170842719,1.1539068613784096,1.356398742560861,0.7895694131828054,1.0264122471993649,1.8000203083659787,1.2857076975286639,1.6478032874239266,,1.9801388998475618,1.092426118180732,1.184204178500399,0.9390452833113654,1.0588248152361939,,,,,0.3679879163426815,0.6532008251329884,,,0.6973819389592887,0.40654446544338,1.3643502870088255,1.0836310011393966,0.6495578964815675,1.1234412643836282,0.702560610130301,,0.83250345091186,1.484645528568981,1.200879991212918,1.2061492426035847,1.2930646056178319,0.6614662156903413,1.3936089129166862,1.234670650279758,0.8227438860269579,1.179124407945621,1.2670982650312093,0.8555210270960769,3.0144001306920276,,,,,,,,,,,,,,,,,,,1.341419372423427,
1792,,,1.6312390634138239,2.180665514618454,2.061715912941314,,1.2004328954822405,0.5547442389326672,1.938428063869801,1.2122839599164563,1.4299268792754367,0.8101363629064752,1.699103383941995,2.3786574205715993,1.4776814927184312,1.9211618097965997,,1.450418704184355,1.345000007443627,1.3388772661985266,1.1160404911418045,1.1477220129361132,,,,,0.5419590216898225,0.8668896954689733,,,1.1056750760603278,0.6786153989835517,1.4229654901815267,1.2129361281267734,0.650124207191224,1.0696072355045878,0.800616792368264,,0.9699224300779754,1.2881508763294136,1.0881604329039245,1.1573112570836677,0.946685650400451,0.5622629971864944,1.0653419224856842,1.081164225793623,0.935339816866724,0.7332365588311935,1.338188535266202,0.9762405980596086,3.383594753851634,,,,,,,,,,,,,,,,,,,1.1741409435061154,
1793,,,1.335932438474072,2.146523562741373,2.4516491110116596,,1.358166929800668,0.672412614107488,1.7689328179494446,1.3350762824003928,1.5379530486267463,1.0529240360030916,1.9056111360630887,1.9880739134940733,1.2113236588013774,1.9178368957781684,,1.6083154276271963,1.487929532740847,1.632914581110011,1.0486043513364178,1.8484420634536136,,,,,0.6198353003553071,0.8872387867752363,,,0.995701202867793,0.6844885127180617,1.5562728655089777,1.4689618173502168,0.6238437261898927,1.1846997085824282,0.681182917025959,,1.4063795662128848,1.331127145772686,1.1268134420383964,1.1930520953164288,1.1008410893683445,0.5633151442732568,1.0664673902038824,1.1185113080921791,1.1153895779877945,0.8161663542874134,1.1104327489384775,0.8337835959775806,2.931682532417446,,,,,,,,,,,,,,,,,,,1.9034183022317275,
1794,,,1.9003660591478486,2.1712863905635,2.2345079690060428,,1.5561549069344722,0.5779264636459822,1.5072201730711514,1.2008084092649514,1.6819924480273258,1.1323102877338729,1.921054749778524,1.872179677472283,0.7093143898932132,1.8983751174977073,0.9456506154377906,1.3751498035000058,1.7214001061322335,1.587289016556451,0.8409962240136629,1.9049645715944927,,,,,0.5041482208236534,0.5801084377474074,,,0.8478910246795561,0.6540663129163325,1.4506042707312008,1.5253343169616886,0.7589668676294951,0.9316241823219897,0.804920806649285,,1.63503595515067,1.4484489910324967,1.5295470116273953,1.1365887118370983,1.0873851932228802,0.46281566343999475,1.650211269564425,1.3140566000213483,1.2065213024794457,0.8798487311383284,1.2386302063542272,0.997892461830723,3.156276085518092,,,,,,,,,,,,,,,,,,,1.522126328095451,
1795,,,1.7408888409683014,2.0286921069755803,2.01750001116544,,1.579665667299018,0.6172095908001644,1.609362550667651,1.2603479033439802,1.8974342900788042,1.4553492367920486,1.2857076975286639,1.4508461229587215,1.1304124408360912,1.749552092087293,1.0685341408052043,1.191947746918357,1.6400869216055114,1.41653712512307,1.0892678331933876,1.6469509386934231,,,,,0.6600845078257701,0.6585046924026933,,,0.9841724767625943,0.5873948518765165,1.8596311966716816,1.8191337160117673,0.6772025597508983,1.0768099723374942,0.6360523518438502,,1.7889464384953377,1.4522244061508853,1.897551504894248,1.3655762196453636,1.3376064662915923,0.9669801696835206,1.3799922544678087,1.3528003734821104,1.0737617123799987,0.9647012791147586,1.0634592517219597,0.857150118620146,3.0681327219984813,,,,,,,,,,,,,,,,,,,1.0439262286636672,
1796,,,1.8767026540467533,2.3351308007048583,2.51322551328496,,1.7937653732629777,0.7541409690716296,2.078779101842557,1.6486152958058864,2.111817869268501,1.7435659132711703,1.6452536207586659,1.9400851625373259,1.523440775165517,2.110285342997181,1.0201836731255864,1.3526536815909935,2.016166933617221,1.5082594944425922,1.1087043813659632,1.5284887336745923,,,,,1.2050636588310442,0.7548714944965385,,,1.3354848298265358,1.3209960532557306,2.456822750673881,2.079718793342231,0.8379430621720034,1.6204858400335076,0.9087021715536788,,2.120909455695972,1.8873381780274416,2.1372743453001437,1.6436405736176543,1.3804895324531,1.1711378389215574,1.652791637690821,1.1263028636098673,1.6610035013738584,1.2345151558347778,1.2958384793026492,1.1491763033826767,3.243882289783537,,,,,,,,,,,,,,,,,,,1.2741686399670544,
1797,,,1.356814805103256,1.9697015306595258,1.708835141853896,,1.5082819381432593,0.8909181132507026,1.7458106035279033,1.2367419972987364,1.8343485341125354,1.5260017432340702,1.2573232914140877,2.258676430581187,1.1558209262190926,1.6240474224813737,0.9343718139696495,1.1810290190465014,1.4036972167453707,1.4351318024203878,0.9171742670562677,1.6366588486830884,,,,,0.6805612625785733,0.6585750066275138,,,1.3397992076227263,0.9059423526687653,2.0418710106676397,1.2450182924071822,0.7308780217152788,1.827451632775432,0.7868099265250026,,1.8456880071631823,1.5038109993478523,2.2776988982345565,1.334440391368987,1.2342390296053272,0.8889785766401354,1.5580369819918773,0.7055186669663598,2.0264249614236642,1.0923127973113151,1.4400847597798339,1.4918204102572223,2.3059065129998793,,,,,,,,,,,,,,,,,,,1.427245446297718,
1798,,,1.8118472435286543,2.7569447390630435,2.725067500513773,,2.1691919279147545,1.2194077988021006,1.9828701304890477,1.4416163317010717,2.5096607786121057,2.401673570158133,2.143363047720796,2.041126239439062,1.5091175573336408,2.4609173428842435,1.5263743334094197,1.6269017157783212,1.5276353615927571,1.6565492933501689,1.3608723940361418,1.4992271673035145,,,,,0.8958712646453294,0.6980513826789047,,,1.7894956604730234,1.1921378882169018,2.201682178736689,1.7076733820000212,0.8132192844296489,1.9474917189352525,1.2333207509311084,,1.8988418733250267,1.4545215980135116,2.384653836196382,1.445869247151062,1.4481412707404808,1.0313899155518529,1.8929388572193375,1.02507271239086,2.320715738987349,1.1780349811842263,1.7295929610591882,1.4714184519003923,3.0220384083051055,,,,,,,,,,,,,,,,,,,1.8502911593435678,
1799,,,1.587719192689453,2.244153130123164,2.4472969697366267,,1.8581452172222483,0.9684926568051673,1.8337486148620539,1.5703266805215277,2.057184995235541,2.183653667763271,1.8272420276528598,1.9109639201205677,1.53451988664398,2.1007770296649095,1.3687719707006827,1.5851798371955215,1.420311021711233,1.0894908214822612,1.152732971468191,1.0780937147559044,,,,,0.7220488424444895,0.6600845078257701,,,1.7738883632923366,0.8809553820968284,2.3060065304554187,1.822806816539569,0.8657324420123812,2.152133279798534,1.361516307383373,,1.5491565920630397,1.3314103594128626,2.0659262526316864,2.529702819575097,1.2625213713640013,0.868540889513191,1.7586469660381847,0.9576550839889588,2.526848177418234,1.2639592855621564,1.9311822177045326,1.328755485451073,3.3171686049357008,,,,,,,,,,,,,,,,,,,1.618189527241891,
1800,,,1.0928844215674556,2.031384770416699,1.8503281493461703,,1.6851772228409911,0.8725642283486309,1.3591434321425033,1.2983475594278773,1.8867030412765047,1.753013117212161,1.3058063787133003,1.2213680712817951,1.065636274271351,1.5737463792386437,1.295886254566169,1.2037508509058854,1.0914352977411788,1.1569577219978529,0.9433515206382523,1.3478108589474234,,,,,0.7229993082601426,0.5247857869102935,,,1.7186390496937018,0.9572178435256061,1.4694831601513267,1.2930646056178319,0.675249634699648,1.642641597430567,1.0156956294827477,,1.071885285268062,0.9651580962836425,1.530075579479745,1.8847387332330425,0.9798012376994825,0.7679730551845887,1.2133253572822613,0.8187579235728228,0.9950345261906178,0.8107467004964946,1.611720209641837,1.0391544592207755,2.290156176002651,,,,,,,,,,,,,,,,,,,1.8628127696289905,
1801,,,1.2787156368503507,2.3513444169997295,1.8100553444082248,,2.171715412778815,0.9901267617386551,1.879837777793891,1.9647023870574798,2.2691766530978366,1.5111998232993349,1.1870593296304193,1.3738460798382386,1.390869885157233,2.1470737609375665,1.6172741592533662,1.1183305294722616,1.6486152958058864,1.4265080864467587,0.9648467658841194,1.7443103589160136,,,,,0.6653719701225305,0.6222274400718385,,,1.8846458504772352,1.1394573772200878,1.5128652410444934,1.3179349250672945,0.6216400553380896,1.974809468247736,1.1155170998819797,,1.5934590451930195,1.4923695893714009,1.9377790139268685,1.9666635483161912,0.9824749881981698,0.8901618914932516,1.2172864521674358,0.839774036973215,1.223429297560368,1.102938120025218,1.7072352420863723,1.5922892140448235,2.650849227438122,,,,,,,,,,,,,,,,,,,1.908841697430462,
1802,,,1.0297985668234755,2.096526405885306,1.7560208995702515,,1.650211269564425,0.9718255313153583,2.0955737124245144,1.7716456754748182,2.296455140083718,1.229554494367978,1.0217983461113194,1.2893693163327251,1.431091293077646,1.8277423876040892,1.1886783568541381,1.0977445461576967,2.0261517828085682,1.6561207791776373,0.825288565967586,1.67954807394643,,,,,0.6282768785380315,0.5453129436971571,,,1.3260394322252214,0.7483872210918019,2.240618546052748,1.8471740313129847,0.4054338298569341,1.4602531371969236,0.9948489723600212,,1.4413919005643205,1.363785653894435,1.9211788974499657,1.8328629520607655,1.1958435821753184,0.931134266874897,0.9843030673232158,0.6638190639304496,1.1095032116140597,0.9370466335126959,1.5060031810454637,1.6752838205841132,1.562241131021899,,,,,,,,,,,,,,,,,,,1.86541529101903,
1803,,,0.8022941339597329,1.3139342210303193,1.6501462239658298,,0.9523890206890511,0.797228907592043,1.696757224594827,1.3063316648880088,1.6357953718910752,0.789832833649509,0.6644312911241975,1.2432287631183554,1.0685562146734215,1.2860622983018852,0.819319588635549,1.091243964430214,1.7854881172444468,1.480966242387655,0.6111762927944676,1.1123454584780508,,,,,0.29529092019696473,0.3707818380120352,,,0.7318848255196143,0.7155079492646195,1.3909777995270407,1.2373693578053466,0.4331346726839253,1.169651711341345,0.6483952037009588,,1.0429114313150654,1.1970904826844524,1.1442943980190448,1.1744542931355952,0.7154670732218025,0.5453753524822957,0.8494417235159752,0.6291520661119518,0.7918191913116036,0.6253608945371327,1.1519892723292782,1.3195978402527244,1.3081698917634987,,,,,,,,,,,,,,,,,,,1.498434004474273,
1804,,,1.2184279373963427,1.7727811157016464,2.119648237464711,,1.244454880143677,0.798493953270837,2.131682081495882,1.5736054905516539,1.4754056604048733,0.7329363890751951,1.113351331328277,1.7566366256681498,1.1236714344719283,1.5139036906186434,1.0585648206732248,1.4991229552156937,1.876407304690978,1.8025270681819425,0.8816448458516926,1.0425948524140918,,,,,0.37533471504194255,0.44943200243198056,,,1.0803737232063388,1.076080018878821,1.5303289349866682,1.3752855216800879,0.5980157081078026,1.728439378622436,0.9732980764269031,,1.5525033084488005,2.027116221096909,1.8053380530904808,1.914437941622519,1.2782738146640515,0.8270010491814743,1.1701505116011286,1.0075941095447916,1.4695814891290855,0.793732605821465,1.10971005258548,1.4914460758034724,2.162997193619277,,,,,,,,,,,,,,,,,,,1.3552925413130859,
1805,,,1.4040363103894782,1.9141138054450804,2.078779101842557,,1.4411842083424864,1.268464182672752,2.0617492171738183,1.595323364216273,1.6572865357594304,1.063532135870247,1.7585711191643179,1.8337486148620539,1.2950621245818006,1.892060615302129,1.3003753899583874,1.560996417114162,1.91405877317718,1.9800490710655532,1.3150208381569393,1.2414998849748322,,,,,0.43632730941059034,0.41096504036979814,,,1.0817320027778823,0.897426593250808,2.0364496312969638,1.9667248133578412,0.6004387799917067,1.6481207455349378,0.9018660332789448,,1.6048249867922895,1.9347132683986268,1.8080046309794198,1.611925253673374,1.374253233570621,1.3737192205490623,1.2939827205915484,0.99076912463879,2.1028114075463624,1.2357703103168618,1.1428261800175887,1.3636587132387856,2.084649746370043,,,,,,,,,,,,,,,,,,,1.5904878865691636,
1806,,,0.8761784792985848,1.2451685502069754,1.1903254114962978,,0.6635043417057472,0.5080535679665867,1.3933318470100853,1.2453518761452596,0.8669048009115172,0.6585046924026933,1.222055486223608,1.1034629845117352,0.4789626082091494,0.883078299610572,0.9926321779886602,1.1495410871401492,0.9016099995400765,0.8704779334933935,0.8307837675402041,0.8646712360483984,,,,,,0.25523748190607526,,,0.6964009045408948,0.53925620132616,0.6935117563751786,0.949414638157944,0.5210364019438334,1.2147320557777972,0.5778690862344,,0.6803853010904124,0.9633570040263733,0.7940791878973653,0.8500127002517893,0.6198353003553071,0.6271713067200109,0.8592907551860945,0.5056944671983852,0.8140888830619536,0.7761677116382373,0.6685667189467033,0.943221480111248,1.1397668209092533,,,,,,,,,,,,,,,,,,,1.232184417599468,
1807,,,0.6934050513092549,1.1692886271118463,1.1843989370035253,,1.4264580946754164,0.8806393722209961,1.5723179733493131,1.3515318915997827,1.2853502253283717,1.06456236403358,0.9390342492584612,0.9061088569222353,0.5317068763939169,0.8526131592611683,1.034516365935784,1.2110783143232582,0.8114407673930465,0.6655428081324849,1.1948326038263737,1.3725992681099024,,,,,,0.27560485885050046,,,0.5563447603806948,0.3232745684110037,0.5979217910876592,0.9717790106284805,0.49475430138968135,1.512979505049347,0.729183625503481,,1.290420493561968,1.66767486425111,1.1961809835868225,1.2994323181216476,0.5429288531947037,0.5863244781071406,1.1625769851527208,0.8146585935179821,1.2229968893818417,0.798297699276992,0.7763969133582354,0.9120216004215311,1.6878793086712485,,,,,,,,,,,,,,,,,,,1.0855059655324788,
1808,,,0.8331619701155115,1.1031224654388465,1.3652726913571496,,1.095906774319462,0.6871778359009718,1.4007739133343358,1.2915469066797929,1.4870971484286144,1.2009308944384074,0.7491142896479522,0.9933563701752567,0.5344674486449393,0.8728308378204294,1.6357580782177454,1.614656068566045,1.1974706928140082,1.2034725559253203,1.1606611890174552,1.4482819440319683,,,,,0.4008886155699038,0.17779012817776224,,,0.6294621801078784,0.4300176645575836,0.4640867501979259,0.6312606856820007,0.6347382946902226,1.2789955287603951,0.9072874177690871,,1.3105396145106474,1.5781510070052078,1.3539527342136237,1.205506260694848,0.6600845078257701,0.3845754493056405,1.0241218877325433,1.0699845336254663,1.6104008954421594,1.051205532935068,0.9604279119678464,1.2650917436696123,1.5714188344084845,,,,,,,,,,,,,,,,,,,1.4505397340014001,
1809,,,0.9749786551431062,1.0470785434089223,1.2245747754947307,,1.2172864521674358,0.6496400244333225,1.4140594379973757,1.5281169963647299,1.1803182214584496,1.1246383387604575,0.7868731896193218,1.0536315023693685,0.5719191720114876,0.9962162207289323,1.6844366600944447,1.966648630025233,1.4641372825132783,1.4719882436067369,1.2529531889328156,1.4689618173502168,,,,,0.04016164265617817,0.15866447614930557,,,0.5970713106202252,0.3230428775065108,0.4841946267666862,0.5955654582094894,0.6105524699199073,1.2561171398646935,0.631931388116293,,1.1487928839594312,2.102451724429518,1.318541500615709,0.8248459704168548,0.5636588081629077,0.40527881215122596,0.6840255323318118,1.7977154449905617,1.1611896979154215,0.778500970034003,0.8786457284616757,1.1004763711338268,1.5587526366105569,,,,,,,,,,,,,,,,,,,1.1747941969064934,
1810,,,0.7691408806830804,0.9800742886710647,1.0683970104008447,,1.2205358034807876,0.5333703845332868,1.0230512539163623,1.4283428666640157,1.0369062181267072,1.0289552621989946,0.4624466562019374,0.9489423459562313,0.4392283571237085,0.6209691264645574,1.6046589932697028,1.992563001832415,1.1414813726719883,1.4340486578275833,1.273393601208237,1.3255881564071819,,,,,0.3420127661659059,0.3185188235302273,,,0.7087330503364249,0.47040826391152785,0.38711358692130177,0.500869601826518,0.5001421461893183,1.4988817400645873,0.6851697627406088,,0.908051208255868,1.724042259228009,1.1124365381887242,0.8277118189609154,0.5833382250673486,0.22310760723159054,0.8048968059825995,2.0192384247730617,0.7535288574296709,0.7792945776932086,0.7212393680209175,0.8733130344911204,1.306797078025556,,,,,,,,,,,,,,,,,,,1.4450561550319312,
1811,,,0.9359221134585001,1.028202070481754,0.7075963184810048,,1.0272318516937375,0.4759934284479167,0.7554235133090977,0.9798237361452484,0.8209416289508809,0.8163334463049009,0.3821643174081278,0.8855835563699623,0.424556874812775,0.3459242698117593,1.2653680011609165,1.7416648087626068,1.065467716257611,1.0220167273312606,1.27702031170137,1.2915849383683546,,,,,0.26159146194434485,0.17985155341104306,,,0.6734267473428535,0.14520375465591084,0.4648764752664803,0.6364973905126695,0.5560604656075114,1.3520709873575016,0.9419154136497631,,0.8937439986514696,1.5372731516842162,1.1603596843905377,1.0253691771148872,0.4479356323226647,0.28432231077481723,0.9266893292800407,1.368236048251468,0.8467232660548576,1.1167439714261107,0.85674845149694,0.9146020771589967,1.505884298307395,,,,,,,,,,,,,,,,,,,1.424455685067077,
1812,,,0.49347166843326323,0.8843297492985208,0.6841763002398497,,0.9916529759331598,0.7365747794136506,0.7038255409367074,0.9152246411244839,0.842218256628388,0.6805612625785733,0.1837231854716979,0.5433994203339333,0.4092543164453608,0.31177116232028007,1.1434084071574253,1.4038553333476007,1.1425321145482699,1.0104454120995776,1.2267091998717825,1.4047223428715072,,,,,0.12087252121044008,0.32071089245592305,,,0.35420303572837086,,0.48475790463812823,0.9281735003958518,0.5016974207968218,1.2950296869889013,0.45947581245962327,,1.1056908316482879,0.9872748538830244,1.024730815368309,0.9953713235319602,0.5073856730691008,0.2841063371681577,1.1711378389215574,1.1900910148009831,0.7793714444180264,0.7170215939389237,0.606149669263971,0.7370091572523595,1.2482696206949957,,,,,,,,,,,,,,,,,,,1.160494733365141,
1813,,,1.1544227169269812,1.047701778085847,0.7839088944855823,,1.6324089705924147,1.2589608738773013,1.004687218330919,0.8357928298623399,1.0833626832043144,0.8958712646453294,0.33642304235969855,1.0107758400102727,0.2909436126068098,0.41658681255194513,1.4916043152529446,1.7403554680820534,1.0107758400102727,0.7653408835775072,1.0466385244516256,1.5562728655089777,,,,,0.10096015852772049,0.36145478390560354,,,0.42340111473883596,0.3656335924505245,0.9901267617386551,1.433216095229391,0.4475142010441948,1.2680870364509882,0.821346010604289,,1.304229560154674,1.1993817338428117,1.1471047279915194,0.9971769461345609,0.6252966990357991,0.3646814061155236,1.0910191622401662,1.175173080086036,0.9885358737366554,1.1606198234564458,0.9547744266296173,0.9132234469121391,1.7054012179713458,,,,,,,,,,,,,,,,,,,1.394154906100678,
1814,,,1.1810315185280469,0.8775347768990168,1.2176773900086981,,1.3788619094846633,1.0022215389247595,1.5185338740502738,0.9308131581595278,1.2520289244918252,1.073315846876944,0.5405887472291797,1.3724754504386925,0.6526933859948179,0.8694863734364494,1.1578010187477532,1.2997920086642545,0.6225661837041492,0.6759589058890266,1.32567768475605,1.6158629851182995,,,,,0.38387711264005847,0.40236796019518345,,,,0.29424901511320767,1.2439366800836587,1.6839441031076625,0.7573619557360688,1.8508334326971694,0.8767133275781885,,1.1160404911418045,1.124045250138943,0.9367120118198783,0.7436483818821715,0.6458022062953972,0.5469588884891081,1.1325065739392897,1.2152045443597128,1.2889513669149308,1.09825027183716,0.9049107256093497,0.8190449329382362,2.204661507563069,,,,,,,,,,,,,,,,,,,1.9072862453531598,
1815,,,1.1607883067977565,1.1870343715812222,1.058932203727665,,1.062354831260245,0.8032328531235634,1.1856509783789329,0.9379179810310514,1.0529240360030916,1.055188179622911,0.526450524767841,1.1712411506644929,0.5002251296520046,0.8370303683563532,1.0316153566301247,1.1239154620489613,0.31423543066608345,0.4429541940827984,0.9605622784589609,1.1415557840954877,,,,,0.1415633217424112,0.38232598284173475,,,,0.44129660923667063,0.6222274400718385,0.9878625099412707,0.7021507902397676,1.3995546821976466,0.8284875355013775,,0.9035474160682135,1.1190376999945055,1.0297855012245816,0.8915884669671554,0.49084131135783704,0.42587106289136417,1.1311230189009,0.9605622784589609,0.9684077929089622,0.88914691615175,0.7548607543616074,0.6867532614755464,1.3456139440549297,,,,,,,,,,,,,,,,,,,1.0762240913187142,
1816,,,1.1650288237668835,1.304306385072029,1.2213541400124126,,1.4056574929662358,1.2473406766050685,1.452093399561785,0.9905438553545514,1.466434634934032,1.50687181468926,0.7502995801498281,1.0662787716874762,0.8994031015105741,1.0486043513364178,1.5703266805215277,1.3365185235468653,0.6340035939763372,0.6839158178159417,1.4849970986673742,1.5886222297590507,,,,,0.4443697574253535,0.5842171858504603,,,,0.33142489236814154,0.8179694155457354,1.1246383387604575,0.7036889707267024,1.8865044376483848,1.0638274519260984,,1.4507184864235685,1.5752190486129307,1.2720346487636611,1.0622514149152842,0.5118375950080722,0.5069251808446188,1.3136381207104806,1.0766228965338462,1.0863345803844993,0.7647132892473378,1.084057208558757,1.0286796976025148,1.993426341018493,,,,,,,,,,,,,,,,,,,1.6250377529447297,
1817,,,1.0724584498123544,1.3576511965415767,0.8914015812127591,,1.1467486865562726,0.8652640664312945,1.3710446839655548,0.8319285101656062,1.4366909132434327,1.4725239340735112,0.7016875362870117,0.9733341421482606,0.7967485259296047,0.9811622613492735,1.6731282982318008,1.1583795361249976,0.5956223854937117,0.6714544273172849,1.3433992955003526,1.6891841997341381,,,,,0.5658748827675917,0.4644167292275142,,,,0.3308885149605703,0.780593343183232,0.9901267617386551,0.6769712620471018,1.2825142147214117,1.0389667739078254,,0.901281287787432,1.0416771565008178,1.172129051522515,0.9578271991192934,0.4543525497876147,0.608470710166152,1.0722404602077804,0.9329161774308005,1.2960297312907958,0.9595687555444162,1.0367497974355822,1.134956411653896,2.3525176148767395,,,,,,,,,,,,,,,,,,,1.7860147811256397,
1818,,,0.8356877051829593,1.1812128430634867,0.7141714333320078,,1.3280797298712892,0.7655259676661206,1.1499908153177631,0.9597312787758884,1.2186213372325383,1.6536291531030025,0.7557502364150522,0.9237710224794283,0.8505314089602214,1.124405505231884,1.493712088790276,1.1376605266394229,0.8797819261708841,1.1577367764223654,1.2936134195237714,2.089732237444993,,,,,0.34392618534966546,0.4848974054400738,,,,0.33236604435529854,0.8011613956396174,1.0301350631942798,0.5363896807308426,1.382580867782384,1.117961763673487,,1.3198861682928131,1.4514314127560373,1.2894370181934127,1.1462744094790067,0.5553256665225695,0.588684674494943,1.0525865625542312,1.2373693578053466,1.1606888751703646,0.9621809543420919,0.7886884077088439,1.2792975144889889,2.3335297953457377,,,,,,,,,,,,,,,,,,,1.238487972508591,
1819,,,1.1704404085545819,1.6234812040240023,1.210370497591189,,1.692215296946161,1.0096015852772047,2.004584145350385,1.1499908153177631,1.5448412709283177,1.9161824925825486,0.7417131232771103,1.1672101507079793,1.2868398326859452,1.3726816150245258,1.9068858033736593,1.5334214610507666,1.4922560154621,1.6999757960713524,1.4883226878455746,2.3060065304554187,,,,,0.6882296755162282,0.7482632720670306,,,,0.5940615683662215,1.5264415785163932,1.4194563476638815,1.048472867802297,1.6660601234874255,1.3276150740312445,,1.948995317494569,2.1373194474488884,1.554675898621099,1.4760375176752734,0.6171302205898154,0.8335189780305252,0.9695561821907479,1.2057297724318579,1.864583953171104,1.2638065712541187,1.056398044271589,1.294761484967228,3.075955811766616,,,,,,,,,,,,,,,,,,,1.7894049904030713,
1820,,,1.005963028252354,0.9471146184780708,1.3510458988028096,,1.3932501876825425,0.9697948108801476,3.0350799781352586,1.4186287797864263,1.2859354548878192,1.6263108805303819,1.0723652364164538,1.8162856140601313,1.6043082060163438,1.5874170006743096,1.5240536090360104,1.8310053083826556,1.1910069600394304,0.9119652221801159,0.7942542515483589,1.7709156032592912,,,,,0.6059726138692174,0.42417113208783747,,,,0.6696538480476636,1.4725239340735112,1.0516749628445172,1.1087534694966106,1.7940283718947803,1.4073470158605528,,1.3979870956916731,1.4736063852092576,1.3764143305952257,0.8425092419521283,0.7393897195787326,0.8554426519697258,0.6858057481017105,0.8888083291136397,1.3336890116783624,0.7736453045645334,0.9093700313148343,1.1275453329084004,2.218837710189274,,,,,,,,,,,,,,,,,,,1.320818328097464,
1821,,,0.6726714240713585,1.0855773850306392,1.3783250176677184,,1.293059747840197,0.7887099354220052,2.4406143030712877,1.6259357025724601,1.5380517138158694,1.6324089705924147,0.848710386316318,1.5008240232644718,1.6777669621382687,1.042746379845875,1.600972542561248,1.9361245327490468,0.8554696932607488,0.8852323383217371,1.272215615131645,1.5128652410444934,,,,,0.40341514594218264,0.34356689310889493,,,,0.6640348799149339,1.378024294252502,1.3270086834114945,0.9708336799119482,1.4936589456888478,0.9937617077631578,,1.1740141955568346,0.8844866185411742,1.3019456911798042,0.7684866037445178,0.6614662156903413,0.5917206068583746,1.111096428385271,1.2342390296053272,1.0339406386220755,0.6683334565799849,0.6802314893236934,0.9171595972489327,1.7108537674725,,,,,,,,,,,,,,,,,,,1.4845360824742269,
1822,,,0.4344929847043072,0.7275156171121472,1.1228857146051445,,0.9909432521968783,0.48476700810038564,2.5927874831401265,1.772165799682336,0.8765065586060805,0.9392247789243359,0.5901646511152557,1.270581724616562,1.6644716933603745,0.9576550839889588,1.0864702221817721,1.5538506418276288,0.5596609977477713,0.5119945122235735,1.1623239146732807,1.1392975657895328,,,,,0.2626227921637913,0.10115476039696042,,,,0.47686005991318703,0.5728793019061228,0.8402424393293549,0.7159896025497251,1.155719031813503,0.5759416344698295,,1.3011131350689857,0.7242267190948302,0.7373913689852765,0.585760134787966,0.5020205332022272,0.6956943455512365,1.0722606211664703,1.0098879914374406,0.5183122402529303,0.34642667859612736,0.6652619680615546,0.7586749678064648,1.4191690050129417,,,,,,,,,,,,,,,,,,,1.0474176985804893,
1823,,,0.7510130660013563,1.2636194368000242,2.1884752890724535,,1.3331092722760607,0.7679730551845887,2.357996183333814,1.8118273978569557,1.147746701240001,1.3630212929376728,0.9912144657175522,1.4015123436092338,2.2663798464830163,1.512922250080216,1.5774457097839951,1.8246520936375177,0.9140297893103698,1.2295721516609328,1.5111998232993349,1.2575963666956806,,,,,1.031797956216792,0.6882296755162282,,,,0.880903501843312,1.3288149877504343,1.6438601614791926,1.1764995262898652,1.7629223892146315,1.074552041313805,,1.8510763878813847,1.4229370100114087,1.7258254900284358,1.4732956769199081,0.945564706458681,1.0673290747652648,1.5163564088977775,1.2242631479893344,1.3699965614925342,0.5867811569245918,1.183273924908684,1.3990915132763493,2.2194509148354875,,,,,,,,,,,,,,,,,,,1.406416909731429,
1824,,,0.9704445968100169,1.3065007181890904,1.800988827917366,,1.4955264758857778,0.7080833227787229,2.6893647497884188,1.446237659111406,1.2679780723169773,1.4458191356224142,0.6975253069636278,0.8586598087705967,1.707052777658705,1.2685948218106013,1.5883983055914972,1.5574076821568377,0.9813254957378247,1.1023391128301874,1.4408841730874742,1.7024909401726684,,,,,0.930031930790637,0.8079634851589567,,,,0.810828389110907,1.5925941176511365,1.8062960257968406,1.4409136819566377,2.1205072053735146,0.9471138607996841,,1.3653143450028977,1.1987453842820905,1.230954347411861,0.6736907042437564,0.7646519656834695,0.9053111142788371,1.4775793578585135,1.2487662833424777,1.089719634952996,0.7197916375747968,1.3205777173051558,1.5221091467254824,1.8129960230161095,,,,,,,,,,,,,,,,,,,1.5935682517960996,
1825,,,0.43790330380240217,0.6681771471257819,0.7260466997808925,,0.9103928435726438,0.6275035276765609,1.638216958954465,1.186484448436067,0.8090970491043751,1.1668670845660318,0.821406741880194,0.5396957314404882,1.3757614005844017,0.9329349006590103,1.1511613733450325,0.8516806061093839,0.6322149996874291,0.689667236837382,0.9246823418335715,1.4985195400109732,,,,,0.5667427673977861,0.5446104470219466,,,,0.5900451572549884,0.7793567314478532,1.0630473127090732,1.2778178912191231,1.6621695104441694,0.8190200093169181,,1.047987584409337,0.9624133190353512,1.0863934925269954,0.6679876262363391,0.6647988666574205,0.7007289643129191,0.6687100400495228,1.040267634562768,0.5944024611055528,0.45931150504773316,0.9393678825946701,1.1307278859019205,0.9998831448880044,,,,,,,,,,,,,,,,,,,1.0553888760673897,
1826,,,0.7561377274584192,1.210472567499076,1.3558108541437153,,1.4979116467117906,1.009954356448696,1.6946230784674334,1.4473567307267603,1.0608289841877825,1.529303931366939,1.0337245253501273,1.0684720331190452,1.6083037384063494,1.2223525855889352,1.5139677649169083,0.9327188419380716,0.975561421543476,1.0304972994056238,1.2537069813128339,1.9649499763963396,,,,,0.5673903370117164,0.7474648700046368,,,,0.8110261975195754,0.8619105234752931,1.2642853559307539,1.547868325428739,2.1616788288918567,1.298765070183398,,1.9432172112649553,1.8937181983682496,1.9820583847321513,1.294761484967228,1.0903697120993812,0.7646893737511645,0.9735604679196678,1.8130531729754826,1.5967714697206168,1.4966547462791768,1.2374359246732693,1.6611375483879331,1.6893394147925926,,,,,,,,,,,,,,,,,,,1.1753705284395126,
1827,,,1.149786943717729,1.2457627288543411,1.3186561348977017,,1.656325144575861,1.2102454378265477,1.5758083901304416,1.3429088546345698,1.4115971985186913,2.1757053817879215,0.9487171450394021,1.1814438664548907,1.4187482725762353,1.1875216291063615,1.6283108679969778,1.1089633211021022,0.9793547840349752,1.52840474932599,1.4502710943685184,1.7744775735504725,,,,,1.0952555264096264,1.1734172835406655,,,,0.801918314399151,1.4658999569505031,1.7651422971610244,1.3743407608260803,1.6249544218629373,0.982049162896091,,1.4645369060569746,1.3426956420174405,1.5431391874532852,0.9802988046395037,0.9293866937601416,0.7252225408963192,1.0763630336475225,2.0110425841910122,1.432607494599359,1.0830359116973844,1.524314044515246,1.5150317417000976,1.6120074502153268,,,,,,,,,,,,,,,,,,,1.6906296095023676,
1828,,,1.2279759075049714,0.9963768701520082,1.1410709750456038,,1.411953010797639,1.0302894154117967,1.2142684257652516,1.3828522607267142,1.4138483101587236,1.8172828534989687,0.7743332187317837,1.1089633211021022,1.3705295677197251,1.3150208381569393,1.6282365027119567,1.3833577608891707,1.0777249176907755,0.9037699488168385,1.433216095229391,2.1077273238155803,,,,,1.1575979795831843,1.4557021525418663,,,,0.9384487993375656,1.307695870634346,1.4333347058860226,1.4647791344257932,2.167512909586177,1.2470739196547067,,1.1504549128763262,1.2120619258434626,1.4518070796286204,0.9919060842493964,1.1931765689717513,1.351244500827491,1.0146654898862775,1.6075261608653981,1.6242846486063587,0.7969175901294756,1.4742680984753327,1.9156884449052918,1.3499677893860411,,,,,,,,,,,,,,,,,,,1.8090580975666548,
1829,,,0.958924597952347,1.0916711889723587,0.9291061157556915,,1.4747279867659049,0.7080966366193671,1.3353776467637408,0.8580830208741113,1.4516759509548816,1.8991815046402891,0.6526047669438828,0.9589184478890842,1.0184493639887926,0.8488442842258607,1.5980112781538607,1.313042789602581,0.8017187023334967,0.9584024885871382,1.7032997824537277,2.207927498056089,,,,,1.034958799684003,1.21444878728097,,,,0.796637366694594,1.1067331082260743,1.5387299569611461,1.1183676487558505,1.6860814073219696,1.0870086601278433,,1.0771596958737761,1.1972075753376492,1.464794245600223,1.0237054232268565,0.9291367655257392,1.1861787328573097,0.9522236715238671,1.2000521194560354,1.4131385396878304,0.5546994339575131,1.5254947013183475,1.5255838822499403,1.3251173637884688,,,,,,,,,,,,,,,,,,,1.9998459227302492,
1830,,,0.8386581106331539,0.891091936699253,0.8083563296796621,,1.031797956216792,0.7480691617229036,1.245882550230593,0.7979695694076013,1.3558897195272341,1.5976432025214977,0.7599677005656377,0.8700885955197826,0.6997011754942577,0.7060374477155845,1.3929880497705664,0.779345931929794,0.8384490102281541,1.013392362465638,1.5495882508882677,2.4968826356423963,,,,,0.7091027341135181,0.8916133867326971,,,,0.7157982641892094,1.0677072706922208,1.262799139045197,0.8888283334959493,1.231077680542899,0.8489247654696026,,0.6673801836850367,0.8635317140980382,1.6421345322119698,0.8693776744347258,1.010490862084985,0.8329303409001741,0.6685053081533544,0.7360544191719272,1.1051030538315174,0.6226169948312115,1.238082431566452,1.1283559292164194,1.02812678602087,,,,,,,,,,,,,,,,,,,1.41015625,
1831,,,1.287251781526098,1.6337714098794551,0.6403872699321999,,1.2333032125701924,0.9715590298247759,1.1726325925120555,0.7868731896193218,1.8808606699959376,2.1814515364517355,1.0108581442105675,0.9861111791764741,1.0605706257315761,0.9249018849982846,1.3149582710507615,1.135077722369696,0.8429660080056957,1.0349485441075956,1.047077074018357,1.7239169291131977,,,,,0.6077320983212312,0.7910178801847302,,,,0.8159886471144748,1.494210346210263,1.8273547408561068,0.7119903553173398,1.3065726961762874,1.245691890427675,,0.7136385554356472,0.9716456893642567,1.7593002668976496,1.1881357302232156,1.1936261726841328,0.8755052523519857,0.8517421257827283,0.8337835959775806,1.4000329507138787,0.8017198430286205,1.646678148013614,1.6000584220061256,1.6500612320290144,,,,,,,,,,,,,,,,,,,1.9505324630711098,
1832,,,1.2138801425525523,1.4029020159589791,0.7702787532223792,,1.295412039766368,0.9321412679478197,1.3126513510974822,1.1396006884976313,1.397826016572219,1.758254100027874,1.0857442029987432,0.8792855595821589,0.9176303497640066,1.1803182214584496,0.9528055680315444,0.9165416146677058,0.7673764883626113,1.5047705736811527,1.0289552621989946,1.5512252948420104,,,,,0.5678280838551523,0.7311145134209586,,,,0.8417823916867111,1.3334678649602032,1.4686430547124194,1.0112987901826382,1.518384576252081,1.0878424903903243,,0.7331108875527422,0.8947107519470929,1.3702256089872398,1.3070241691877036,1.1740388582335655,0.8146203059746614,0.9732963472216679,0.7183272585162792,1.1870851688408535,0.7584649130317003,1.3287801190702484,1.4964431338533146,0.9961947378256981,,,,,,,,,,,,,,,,,,,1.565157645621803,
1833,,,1.0163600243369146,1.3411737255363254,0.5220531573118695,,1.0942527928083101,0.7098878411914245,1.7203171003258984,1.1298771123370734,1.282809701336273,1.6589380705101509,0.839774036973215,0.7718245176149102,0.738573347458007,0.7640361607249423,1.1256180174483539,0.777131792489761,0.6592667754627358,0.7794279058007002,0.8552064675575153,1.2813405151912007,,,,,0.34470912297434075,0.5885059841340409,,,,0.6631161325753235,1.233623232326726,1.1469779485252043,0.7775963246781438,1.6250319418588124,1.0351462840090018,,0.6129697496166577,0.9888911480766485,1.2846654570413973,1.1662443105287688,1.0907507049645915,0.6911935633975669,0.912706065249228,0.7191508931733651,1.091750171411269,0.5809176641567702,0.8664153399058234,1.1560943493156888,1.2033902954634614,,,,,,,,,,,,,,,,,,,1.3091280808692691,
1834,,,1.0943338695960232,1.4943072397581059,0.46124555155028624,,0.9127129386746886,0.5077184120978879,1.9680747978042363,1.2860622983018852,1.0888980201257175,1.3359752524726782,0.6638190639304496,0.9552244949353312,0.7766022174832342,0.638510155850685,0.8319285101656062,0.6351186368754378,0.647609827074801,0.7811002735348972,0.9722303751122477,1.0106985525679726,,,,,0.405647140110768,0.4659817967031691,,,,0.6979154906448534,1.110924393563384,1.1482889514991808,0.6295303308271267,1.4251777786132735,0.7174773930566213,,0.8477109843890079,0.7874168640579478,1.0424655379142869,1.0987026437798295,1.230416195123657,0.7971452173581897,0.7713799183037184,0.6611166550763284,0.827150684960093,0.4474007134916662,0.8263310676027608,0.8667874345149679,1.4069171441605075,,,,,,,,,,,,,,,,,,,0.8183159886471144,
1835,,,0.7980248660934878,0.8304981635147304,0.33572721365864244,,0.7514232499048741,0.4261595057522365,2.044101200460336,1.3961556257927488,0.8179694155457354,0.9291580079328002,0.3954670129846555,0.7491142896479522,0.5068986804111889,0.2929454805663958,0.5636517034080614,0.5409753178632838,0.6676888233818704,0.7129788262178884,0.7400675664461417,0.5833382250673486,,,,,0.1420963007401587,0.2430928393284925,,,,0.5924781920873069,0.7477632379428889,0.9490254901605725,0.5107823730017229,1.185754690876525,0.691929508310105,,0.6591986496107608,0.7667687771558845,1.0341932610034645,0.7914390821112964,0.9898859089250596,0.6512428599364934,0.630221666315763,0.4089847077728677,0.6585715690766878,0.3591358921889424,0.7187459424630722,0.7522000533446204,1.1209302314811944,,,,,,,,,,,,,,,,,,,0.9342278843616901,
1836,,,0.798603549888741,1.028681366169764,0.3376732264565232,,0.9537855604931007,0.5875422654083435,2.581305798861672,1.9934210054076,1.0147713461382015,1.2909284670149843,0.5397825586847097,0.6885140409169066,0.5984659255871253,0.293793270021509,0.7206609109324649,0.7101859363101181,0.6721208494665041,0.8893447663786254,1.1318603476156863,0.6037393305218524,,,,,0.0813189246859049,0.10139787211699147,,,,0.7318660705591327,0.6676214186199388,1.1718353964801784,0.511988480902589,1.5947461876113462,0.8265833875844827,,0.8267073339659258,0.7318485603552736,1.186040529070017,1.0656801089820302,1.315036610864539,0.6517474304197423,0.7536042410209489,0.5269005066486816,1.0030056317537637,0.5403799897129771,1.0084831565231702,1.3809288524654146,1.4630603473552044,,,,,,,,,,,,,,,,,,,0.9819769394380388,
1837,,,0.3256738453507301,0.5332308683105942,0.11333171973809017,,0.5672821872908146,0.32412378577132334,1.2277629493360824,0.9510073995806161,0.8011613956396174,0.6868596102745311,0.4323356180241992,0.39638284817308916,0.2905398698974645,0.2761828509908438,0.44717646319354737,0.41539599718274756,0.5119945122235735,0.699069567557612,0.7034587864152739,0.48787083948952,,,,,0.18330913970779839,0.14193905063649326,,,,0.38384038808247434,0.4250830348776703,0.6673699453570813,0.3925031303300678,0.8556106408975771,0.4550269011314276,,0.5135313719453676,0.4291354164473907,0.787868376491374,0.6745826291365667,0.7480691617229036,0.4839330354265424,0.550912289144004,0.5862156553460616,0.49119036300198854,0.20278098690180718,0.6784326314936031,0.9426721392019625,0.5503577806254558,,,,,,,,,,,,,,,,,,,0.6976486246672582,
1838,,,0.3266216574368348,0.6811549273189628,0.29313167855789435,,0.8305672010390159,0.486709786161559,2.002376627940985,1.3982855811883161,0.7632207892581966,0.7485593015690453,0.3070287836561624,0.39878015729543764,0.30925273172200046,0.38791938168534956,0.6813444848875071,0.6012758797255566,0.6147860758304664,0.9110792426814682,0.7240812616039302,0.5080535679665867,,,,,0.10202079428592667,0.22310592706092242,,,,0.24374031658931317,0.6059726138692174,0.9897326415382873,0.394439911886282,0.8606135696267534,0.6441280637544508,,0.7220798392270107,0.6878671036017283,1.1572322175607943,0.95111204045738,0.9108365904607275,0.5265503903332491,0.8798487311383284,0.7827905530853299,1.2048026999914103,0.5414674665896215,0.5664024525742444,1.0353568789674283,1.1144064850342708,,,,,,,,,,,,,,,,,,,0.5473461341899686,
1839,,,0.37716394422593846,0.8702739923122595,0.3934365948096609,,0.9125808490529232,0.5272021880784035,1.9580801579844531,1.797004666100884,1.0013162751699876,0.8087234180788148,0.47069163181038964,0.5344674486449393,0.3648629462003915,0.33412434720015916,0.9171735279057704,0.8410576058992463,0.6847864185763284,0.7905976208661684,0.7264451408095989,0.4501045680240647,,,,,0.2660007791813551,0.40598943068616766,,,,0.5563447603806948,0.8068302918843653,1.8188835517529731,0.4563765268035804,1.2093423420987104,0.6720750766861665,,0.7911129184613187,0.8034226908680008,1.273739383474133,1.054404376156807,1.2766282582763617,0.821754997841855,0.9236501608545561,1.020949927624301,1.307319995986975,0.5427461051948824,0.482294253211826,1.2746372219792874,0.8976612520492656,,,,,,,,,,,,,,,,,,,0.7851541324852734,
1840,,,0.6048582785127247,1.1386609124099019,0.49547856021636144,,1.2571744484946545,0.8315766372270744,1.776661667384706,1.975256299721159,1.2205358034807876,0.9513182167034264,0.48965393911673893,0.8242364537812614,0.5675818685973919,0.39182479452093616,1.3588705483927168,1.1994312829147424,0.925163366489171,1.2846892038050048,1.299280048866645,0.8246134030811663,,,,,0.3078833869515187,0.46758381694395323,,,,0.8392829068105045,1.252508701088851,2.5895618661621866,0.6389773095260658,1.911967971817505,0.8075609465731974,,1.1267560364257776,1.0912296137515805,1.9755033606437111,1.4785838257037494,1.0344079971646472,0.7170215939389237,0.967036872070576,1.00398912866968,1.782348620574597,0.7476512373980027,0.9863804783195976,1.8558877842716162,1.4037233682999224,,,,,,,,,,,,,,,,,,,0.7510286580524074,
1841,,,0.7330404102148999,1.1904810077383938,0.7975603145908753,,1.5414591324209184,0.9946741051811107,1.8333986300023242,1.6559176705721532,1.442075484108516,1.357684020706607,0.6537147072692951,1.1487510878620069,1.230259318215069,0.8061648846307561,1.367637786333612,1.35858199940088,0.9629237060019763,1.3581234339102426,1.6198656122862782,1.0236751900161445,,,,,0.6172575779173889,0.7739719232107043,,,,1.0185334122345018,1.578043933037447,2.9755812441436924,0.9160815819438655,2.0906361984663815,1.0502699792436818,,1.2189174418178312,1.1943813582016964,1.3333672919775335,1.315405755423183,1.0763630336475225,0.6963718940738675,0.9686547447855057,1.1655130624986636,2.1057104513666722,0.92835983012605,1.2073177156845103,1.8486878852608484,1.658624692489436,,,,,,,,,,,,,,,,,,,1.0784782996963744,
1842,,,0.913559683654145,1.330633669827125,0.9186159273584895,,1.441262478935895,0.7522000533446204,1.7667032531482538,1.2972160117940972,1.0908182735264758,0.7707353704364037,0.6730794749243539,1.239706074453303,1.4729752052845004,0.6970625246871678,0.9175479734572252,1.2959720020769758,0.628344174722907,0.6539256958355486,1.1899835711197917,0.7704238887703031,,,,,0.5152418855242052,0.5305081302868186,,,,0.7441697028532461,1.0109042725985184,2.262297758445079,0.6452044049651126,1.5778295579341346,0.9161339616057336,,1.1346489307833698,1.137980183037803,1.0060124835169901,1.2380806283429022,0.9537855604931007,0.61248572852457,0.9300276167243894,1.1899835711197917,1.512145402062239,0.7239489749134662,0.920262626743408,1.4033083372352453,1.4947230268330478,,,,,,,,,,,,,,,,,,,0.8520417309002258,
1843,,,0.6109721602052517,1.1812143248384706,1.3456921694387942,,1.260443332631526,0.8554426519697258,2.2044385497540433,1.6108176719881138,1.1944455882383522,0.8732756688083672,0.5655375666106067,1.3130242652621993,1.3669540116531367,0.699700173983078,0.8906810650626218,1.3349177519606568,0.5797769482975945,1.170467324875394,1.6523163970630539,0.7338232021905382,,,,,0.3926783270614088,0.6138479519569733,,,,0.46076566923458395,0.9108365904607275,1.3110992243120936,0.5245004092460414,1.057146458516194,0.9738374759770297,,1.6994522023027199,1.334249406819037,1.2692960302447198,1.7007014628445738,0.66858257787846,0.4657436227461548,0.8081051169987559,1.174538161767713,1.2186899911410258,0.47478786571862763,0.7937366609854047,1.2473827703416691,1.9672174038229642,,,,,,,,,,,,,,,,,,,0.9636225431642959,
1844,,,1.225268833225662,1.6755696476957271,1.8244870218984817,,1.5886792108009193,1.0610162605736373,3.0432023070275727,1.6837050340641115,1.238977367942741,1.1364253486726308,0.8788364416991874,2.3617775611611616,1.893371300800902,1.3101922006579627,1.3109348342861276,2.0611370084046876,0.6503445458269865,1.2993332265394797,1.8784495578486717,0.9953713235319602,,,,,0.828825761024365,0.574715655642835,,,,0.6021451607382305,0.7700297430873293,1.7979560386598021,0.6804935203738822,1.5244580470963356,1.406352201085463,,1.6405916238257288,1.2104865669167155,1.3373291156701137,2.1057091940615265,0.7292785179854775,0.5310508953106513,0.7483815696890718,1.1190763323353792,1.6209880092523972,0.4069957562992959,1.1165508638245332,1.4468710347322054,2.2030677942700074,,,,,,,,,,,,,,,,,,,1.4386926878539734,
1845,,,0.6930106964473689,1.0547597043979133,1.460475649355946,,1.4690994377173439,1.3095422975082098,2.3192716456540623,1.4781268348419638,1.2828435698236922,1.0332639839939837,0.5141382225376407,1.2710344885162241,1.7165657664726728,1.0289424818419206,1.1738164538726759,1.707665097777533,1.0305685042023438,1.67954807394643,1.4431990160516535,0.7194062136441722,,,,,0.9978420929187624,0.4320803045421722,,,,,1.0344079971646472,1.7803572577858373,0.6534757887388709,1.6379699797538763,1.1637912311961418,,1.2644342825327346,1.0064953259953846,1.0616280933585243,1.1663111087182492,0.6286668071253472,0.4477987525873942,0.8948365879449881,0.8819549542537883,1.572250738843459,0.587953082211411,0.8845864073555524,1.236123100556565,3.0167025567774917,,,,,,,,,,,,,,,,,,,1.3148494886936484,
1846,,,0.8767133275781885,1.1371510297529936,1.2618674757065291,,1.289080699109644,1.2725846660662772,2.464220225640582,1.7438132674090694,1.4056574929662358,1.1344332501996317,0.5155413218495751,1.052197686509389,2.1747703864457604,0.9947138077413343,1.3114098998264718,1.4701781466999768,1.1211942561165622,1.6685181877170763,1.2650917436696123,0.6013329233548557,,,,,0.8532162815289421,0.494632210103237,,,,,1.137289243099269,1.860063861581274,0.5934773406609881,2.1026117164007765,0.9210092935209008,,1.11812611831588,1.3268349398230792,1.0756858140285794,1.2623218865012267,0.6285872242473273,0.4917813766637359,1.249395511350261,0.9237177810920979,1.1022807073409326,0.6114984446909209,0.8720306947090323,1.1369499153287377,3.0324681391720576,,,,,,,,,,,,,,,,,,,1.331354598769847,
1847,,,1.1909508322832303,1.1521202837777618,1.0439741393538469,,1.5394169347575934,1.2756656610292705,1.909762258697693,1.468046091870985,1.6295902387904928,1.5006885073314737,0.49875349073830666,0.951291741982338,2.1288666294499987,1.3832488061639752,1.791360257853799,1.316367129796738,1.9717683379270277,1.3481829988113256,1.0662750945172361,0.7028287464831179,,,,,1.2285722528277567,0.86802577560943,,,,,0.9943721800885519,1.5585426103439115,0.7555381668062705,2.1822992452570893,1.0035746899576534,,1.0152241544714422,1.1847483189355854,1.2086626356345382,1.189249600120836,0.7301648521993824,0.5997726100867005,0.9588867049569368,0.8852095124294035,1.6079835443044175,1.1340851376353236,0.879117000334616,1.2444681801288942,3.165997596290126,,,,,,,,,,,,,,,,,,,1.1523586910327244,
1848,,,0.9340923968131596,0.9317779815854202,0.6355172442581121,1.0316188532048625,1.0904883876540539,0.8037773414177601,1.4933510616360959,1.0862867893509813,1.1872227888243343,1.0746813833905917,0.33412434720015916,0.6755041850272735,1.0590056687311453,0.6935117563751786,1.6884987193914616,1.0935403829488561,1.4376114706990692,1.2954781408433034,0.8652640664312945,0.6840255323318118,,,,,1.1048042470156012,0.5801780327170555,,,,,0.7901430465836345,1.1145167334158714,0.6329872254846313,1.7217280302061138,0.7047549485131025,,0.5188418122663881,0.8348127598972974,0.7178060560759801,0.6121073600027558,0.5074867883577096,0.472783241678326,0.6684064049022863,0.6237950246365146,1.2320688844713992,0.6147474871316938,0.7574740569301565,1.2177529189313527,2.4268694239654622,,,,,,,,,,,,,,,,,,,0.8368794326241134,
1849,,,0.9350700965170428,0.9619406596860202,0.5002251296520046,0.7983301051992906,1.5251159811516475,1.1160331400692673,1.8302421533660345,1.0716989971741393,1.450470254525281,1.0141178502769201,0.3731664709723202,0.6248802188279177,1.2152507368421683,0.8100875879252156,1.9819142408654458,1.1651117404048423,0.9893936798108697,1.4050907585786474,1.1281435312974408,0.7847743858330345,,,,,1.3368128098045726,0.831535077432302,,,,,0.9318558840925546,1.5009057213761545,0.8630495534998572,1.687161995311519,0.7584668669210062,,0.7870137805439826,1.1292612673884461,1.0242590287796893,0.8824928718695871,0.7318703221731441,0.5174194502554721,1.1938797913230699,1.0072710100870006,0.9828947025831777,0.6165236106242762,0.850431781997317,1.147800220429899,2.631375531892256,,,,,,,,,,,,,,,,,,,1.0655976676384837,
1850,,,0.6499777695776089,,0.484293977736463,0.5039461517849283,1.0333640185826547,0.7666638289475376,1.5521410673259914,0.7391362542439753,1.1509458072160133,0.8322783329066435,0.33746437031054904,0.5216918240618696,0.8574520682016005,0.5801084377474074,1.2129563117736228,0.7672778376599905,0.7651480086240755,1.1739335845676797,0.7269131413995874,0.7856713878678606,,,,,0.9006461583665264,0.5826842898246435,,,,,0.6692259559721437,1.0560542971636069,0.5807495361202002,1.1504132294958083,0.4865475844869697,,0.4958152978090867,0.9877860611140437,0.8931767475095688,0.7252225408963192,0.5702951013131505,0.49798835048193313,0.8810552402379991,0.646145014577411,0.631931388116293,0.29749736374900404,0.70576863543524,1.0278977802776657,1.985086854407551,,,,,,,,,,,,,,,,,,,0.5461328543300287,
1851,,,1.119361729085167,,0.7447866655428913,0.6147182986642431,1.6162102339975117,1.247302616148453,2.1915347644218386,0.8642603670337907,1.3132638064002,1.2807730638030022,0.4333091369676989,0.7498397049858998,1.300779594738668,0.6585046924026933,1.6368065614751266,1.2932786999815822,1.081164225793623,1.5750066141347654,1.1112232208001693,1.0096015852772047,,,,,1.2586503431971416,0.9162233749901916,,,,,1.135512405091946,1.0958387290771798,0.7474790340569512,1.903728013975911,1.0286431416733552,,0.8051962607963076,1.6826799405512274,1.723961203341184,1.3886635793119444,0.6937414011443014,0.6302464278078947,1.428532725021986,1.1314272793601725,1.1673262624469631,0.7564487548763197,1.1577545313539468,1.3760131395432362,2.258550664529096,,,,,,,,,,,,,,,,,,,0.904549147034931,
1852,,,1.0946032345582075,,0.6075224349715866,0.8001155779968733,1.621493400992989,1.2486091924813787,2.429606416786803,1.1841357194859936,1.3145165590366754,1.5072084820418978,0.7186109894961342,0.8039300026912538,1.229554494367978,0.890361249918994,1.4970825385006585,1.2264528266865917,1.0136508729585374,1.4689618173502168,1.1527299056167766,0.9091826352001385,,,,,1.1764387147239883,0.771278436595797,,,,,1.2980708483544576,1.4789857025796236,0.9195509313395902,1.57673143671114,0.731897355986684,,0.7922269932666268,1.5494777862187155,1.303531660144344,1.0155354765515214,0.9003103295368943,0.7416035053800938,1.4086154141329914,1.1527299056167766,1.5528875738550147,0.8276114291748743,1.5056435446894103,1.574705888336732,2.820836537422477,,,,,,,,,,,,,,,,,,,1.1588972431077695,
1853,,,1.019913331651662,,0.8173171910302623,0.6042326717507518,1.3734701117295167,1.0828094431702264,2.0290957236369955,0.9399207305817558,1.1311230189009,1.5711202320032707,0.5886370756579253,0.8234754693467116,0.9824749881981698,0.8135338317163405,1.2838982746693017,0.9135794730009057,0.5606641493424419,1.1984769633270411,0.9897326415382873,0.8898265938094417,,,,,1.0722296435937695,0.7310695053618755,,,,,1.014973576715419,1.4382992993602473,0.760389654282457,1.1844905508572063,0.8927865808252682,,0.7814297422766628,1.2134664065663474,1.032450438173578,1.1556908479989918,0.5541900965127337,0.699903245787022,0.7364198365186514,0.8281436388381588,1.4805331734810083,0.8286115930167413,1.213458839791196,1.4791518430646056,2.4195127393205533,,,,,,,,,,,,,,,,,,,1.178351539225422,
1854,,,0.9948082777206146,,0.8893447663786254,0.9626583605348684,1.478451355097809,0.9588867049569368,2.3406467839040674,1.0679451177036818,1.293428303468781,1.4323118878996044,0.7050161449657604,1.0892678331933876,1.157267982750308,0.6398804341223293,1.290652899430836,1.1614998280976756,0.9311483090201539,1.491689647129649,1.1317497655351834,1.0301298922133195,,,,,0.778500970034003,0.6493030444037748,,,,,0.813189246859049,1.2573336142506943,0.6321750251436508,0.9770017788931733,0.9453494885795073,,0.8833483854727218,1.1487451366527215,1.2338343834335164,1.1944393085659235,0.6172575779173889,0.6822984872743305,0.7582325620798787,0.7477632379428889,1.2576860787378175,1.014522449714151,1.219656550696874,1.240552719625135,2.320815470136942,,,,,,,,,,,,,,,,,,,1.2880397250813904,
1855,,,0.8648833503257456,,0.996174133769597,0.7283906518774702,1.3132578785279787,0.7519572055150721,2.2785140843018135,0.9469792331825617,1.3757047413986618,1.2725846660662772,0.650389797369334,0.5983483962927421,0.831488760771284,0.5241847562145822,1.2789197388917526,1.0582780004495396,0.791931700975688,0.9486436601210179,0.8699309394138596,0.8286025069096877,,,,,0.5897364371732391,0.4615051258389519,,,,,0.5906627835029059,0.9935733544554527,0.43552423205876245,0.6534168959515987,0.9459739972536145,,0.637517548542875,1.0857409807235356,1.14943131128567,0.8208866160206204,0.5770709117871099,0.44205547416219776,0.7374724339606391,0.5866976103023704,0.7477848970519843,0.5778375427577124,1.3255066954445562,1.1947053430162353,1.7389675507240834,,,,,,,,,,,,,,,,,,,1.1496723460026212,
1856,,,0.8681877057330438,,0.8760377333475655,0.6810136419476833,1.3785882101109654,0.7540293418882547,1.6357953718910752,0.7535243428399698,1.6396059916710142,1.3373914188210094,0.48029472436249143,0.44094916685397484,0.6197691222613584,0.1749285956367645,1.2151174408872643,0.7599677005656377,1.0053641004270626,1.2999455700133813,1.0728286118341204,1.3554737893192697,,,,,0.6742605110497272,0.504188020595995,,,,,0.8365705131445986,1.0952472782990736,0.40490255366722155,0.8373055089517594,1.0000701136471042,,0.9022297881041659,1.3898359310603805,1.078143236095706,0.9278749957124912,0.640685691521246,0.3763221953389191,0.9068214276286388,0.5465353305570048,0.7249265935637054,0.5322979253515768,1.2702478180978145,1.0270279889654583,1.3447499939114718,,,,,,,,,,,,,,,,,,,1.1295829101274533,
1857,,,0.6340800072130979,,0.562202752615942,0.3351761953509064,0.8168651203789427,0.4615051258389519,1.4754056604048733,0.46737010625459285,0.9089589208038262,0.9274353939435693,0.038528430909732146,0.03534733491002966,0.3096908695370414,0.09722303751122477,1.013392362465638,0.6561710760665087,0.618578360925519,1.0282764450752815,1.0705516178356176,1.1335547596737876,,,,,0.1897998336897151,0.18921699592831226,,,,,0.6752327471526707,0.690182032166485,0.44011281758676174,,0.5684892578976519,,0.8608154325505122,1.4144192419475308,0.9954473228327644,0.88944624252598,0.5180161006402281,0.42157156980771,0.5908610010323724,0.44437991683742617,0.36325815431622877,0.32499288504770213,0.8376502915453575,0.7681193013420841,0.47708116813049795,,,,,,,,,,,,,,,,,,,0.6983541803818301,
1858,,,1.0867217934187616,,0.8271286654634963,0.84685185653858,1.6572229518762365,1.0293838753834896,2.3057899627957292,0.6297463184654947,1.3110992243120936,1.3227059437857982,0.3086047954000822,0.19507788747923233,0.5423558878108937,0.29213193412347693,1.3281839649380813,0.9967487765234365,0.8335146101385381,1.2704411145578813,1.7750266421456036,1.9391123643814958,,,,,0.6330653582489704,0.5891358692149212,,,,,1.2725846660662772,2.0329731171476224,0.4750592595377579,,0.6795633046679574,,1.1455207311213929,1.5489619484075956,1.2979052073398145,1.2142528162686879,0.9354769621113398,0.6226169948312115,0.6969665186658901,0.766488777290147,1.1948117899939992,0.6992189824391639,1.2783266077509297,0.8173516446172711,1.010649781672854,,,,,,,,,,,,,,,,,,,0.9513193812556868,
1859,,,,,0.6878807002922008,0.5876696473850405,1.2604700514899874,0.9671090903002627,2.13114096890748,0.8466572519640567,1.0908946751419024,1.0360322012804561,0.34806506264844445,0.08899542647530682,0.6398804341223293,0.48787083948952,1.2280311578317453,0.9469792331825617,0.6229679853271477,0.9605622784589609,1.515131493252642,1.512806797283185,,,,,0.80256750634254,0.5476124059465791,,,,,1.0081873772650687,2.0775035833550484,0.81308893088676,,0.5458534363560971,,0.7698965606878276,0.8082415147079518,1.0422483944881389,1.0070549005517953,0.6243045962406893,0.5344798953524137,0.7621259281300714,1.0504911686551652,1.2219582068059045,0.7721357436032625,0.9871492212089901,0.6901473682511203,1.1001893065005424,,,,,,,,,,,,,,,,,,,0.8322251132311844,
1860,,,,,0.618578360925519,0.5402934639685112,1.1353019755698737,0.8205821035493545,2.6069074992575425,1.4087203014812157,1.0924919536413094,0.8107467004964946,0.348620131272014,0.1072051962093466,0.7183272585162792,0.2735673058281621,1.4895733310857826,0.6997011754942577,0.6610987099576373,1.0209355053338198,1.3352679433393781,1.2727104543322194,,,,,0.6562751047786727,0.5478366652279033,,,,,1.0304837710484105,1.8567784560038654,0.6786153989835517,,0.630728276037272,,0.9021661124308427,0.7953435361955016,1.0539707106454428,0.9236808806619656,0.770460565332661,0.5576947889938972,0.8921655041218941,1.1936486160155046,1.379678410267764,0.7284581772110077,0.9991526646747276,0.55441713470432,1.3911548054610146,,,,,,,,,,,,,,,,,,,0.7818724141248916,
1861,,,,,0.8335146101385381,0.8452755672889943,1.5780425068256816,1.3058449680264579,2.4119990334268993,1.2491431767275725,1.8398457761293034,1.5815716438097465,0.38711358692130177,0.26911583672856065,1.1856271482047371,0.33268598506126523,1.440696060075477,0.9347402125091857,0.8970527890952023,1.2687660013058888,1.860063861581274,1.6994319278864811,,,,,0.9983756831840244,0.8224659459887654,,,,,1.4880441867590228,2.2916990206393675,0.5475908101744493,,0.8795632024705446,,1.0661073282692222,1.2567858098116482,1.3152016827470523,1.3479689992531179,0.7921237997470348,0.6032606512397228,1.2581012572693457,0.9502500162426072,1.6158428700621161,0.8952665968005161,1.4853352415554968,0.9467745054704907,1.4104770299566738,,,,,,,,,,,,,,,,,,,1.2139749168159715,
1862,,,,,0.7475615823925773,0.8368994818788464,1.4322170617064378,1.1799558943370227,1.6887629937790125,1.106255195782262,1.497820170979863,1.186925735782748,0.5229860346747903,0.2696365997622651,1.186121057636942,0.7657124457182258,1.339009015092132,0.8816448458516926,0.8628371192392483,0.9186530080676057,1.335893666009067,1.6781010925135404,,,,,0.8103025046819515,0.5697588224240734,,,,,0.6216193207682736,1.0673290747652648,0.6540663129163325,,0.9935034177760006,,0.8307517888207941,0.9980168200060275,0.8037777789686681,1.0156048947686516,0.6892941050554827,0.5145108205154161,0.9407991553567121,0.7489100854899315,1.1245198272056784,0.5905157592640234,0.9177573999469736,0.8745155785020347,1.06149965486114,,,,,,,,,,,,,,,,,,,1.176169122357463,
1863,,,,,0.7861714388685417,0.7911747948928453,1.2853090991885423,0.8857325572186704,1.4007329613290609,0.8716196096923935,1.0334609709856262,1.0631135207131257,0.3684160075249775,0.2518985273861979,1.0127240382947202,0.6102679017403938,1.3252980832308927,0.8286432678797152,1.0795651173694194,0.941976384712389,1.4590037237444133,1.862154807164154,,,,,0.6200721705760147,0.23232217288863,,,,,0.5197094233951888,0.8641606090843444,0.7947106819505811,,0.8048191648944233,,0.6894306081559891,1.1648552447650558,0.733756782923569,0.8920592183416609,0.6074125254099829,0.6284878113306491,1.1138634187324437,0.6687100400495228,0.8377332865015702,0.4737911456317374,1.0200271478215281,0.7925566633288541,1.1261002783803091,,,,,,,,,,,,,,,,,,,1.2214980575978427,
1864,,,,,0.6279369523666415,0.6161890534155658,1.3285988358280056,0.9918023945900536,1.3864791955614875,0.6003141262838833,1.0546905069129735,1.1905989087321973,0.1941425023016971,0.19815382492775796,0.8391378439219743,0.4345980911011966,1.0835578297142985,0.6862996340549512,0.8106292837953736,0.9077191446266959,1.318363133641217,1.9453382983258845,,,,,0.8996589151300506,0.3175524700541964,,,,,0.998887353985103,1.2365805252580924,0.7300241346939563,,0.8335702436488639,,0.676307329586415,1.39649595837981,0.8835497164802096,0.9896921767292236,0.692257688758428,0.7430224858553436,1.0745073674507408,0.6693228216947716,0.9959262821932828,0.5230741657728865,1.1484736748371527,0.8252216582021691,1.3246826367324773,,,,,,,,,,,,,,,,,,,1.2671618852459015,
1865,,,,,0.5572489728420146,0.5552124903053001,1.2661307164979407,0.88704829648386,1.1534728297301835,0.5472944193005872,0.9951280877118602,1.1729345318261741,0.15549208501045733,0.10836310011393965,0.4103509587422431,0.15866447614930557,0.788433960012809,0.5612092533123877,0.740481184111921,0.8354848815789907,1.096671770131438,1.7037308188594187,,,,,0.838115746611578,0.16993628649940842,,,,,0.8537535994226785,1.3433732241574512,0.5575029862577018,,0.6116665121682625,,0.6171302205898154,1.0898672329141348,0.7645019716367026,0.903944454512124,0.6722506941279933,0.675936623006024,0.9701614692290103,0.5280271485818034,0.8944964240885906,0.476648199916602,0.9363523268436655,0.8429625210412067,0.8761700333906168,,,,,,,,,,,,,,,,,,,1.1325040562466198,
1866,,,,,0.5757680625970237,0.4157848753299729,0.99264928416051,0.7621259281300714,1.3771559532258233,0.69574551634519,0.7914390821112964,1.0278977802776657,,0.054310572901198804,0.5088138595054644,0.17916683823575283,0.6851846047506793,0.5803305945087276,0.7784515449171828,0.9336700298195205,1.034958799684003,1.2794503984866776,,,,,0.6036560252980508,0.1279425007392555,,,,,0.9588867049569368,1.2225179975109381,0.6661947022388568,,0.5295694997299786,,0.5595381661676896,1.0096015852772047,0.7153329450503756,0.9949977395031487,0.693795651737145,0.5640286110308558,0.8011116942535446,0.48703943514541315,0.7133400081147352,0.3342750820731838,0.7951898223328131,0.7469825257228996,1.028250890671258,,,,,,,,,,,,,,,,,,,1.0995909825929802,
1867,,,,,0.5043915543615658,0.36635895462353035,1.227869550876226,0.6160190385603554,1.6386849158790067,0.7528452544301167,0.8104031247011636,0.8613212018514913,0.07790184909959386,,0.19633652454313483,0.07993402373824136,0.8095301832195921,0.6355559654007036,0.7254132431359095,1.147746701240001,0.8104031247011636,1.3393584466498862,,,,,1.4506617166212834,0.4062541807222166,,,,,0.793732605821465,1.3304561238916832,0.42285858340647764,,0.30766601321788395,,0.47304856637248643,0.5879381040960895,0.7541812474748424,0.9558916115591723,0.6732981362456242,0.4522884209957354,0.6302464278078947,0.44572171858563997,0.6361298302939092,0.19109231160074805,0.5525515269157587,0.5737415756596008,0.9173817584868788,,,,,,,,,,,,,,,,,,,0.7169100028753075,
1868,,,,,0.23478671691353595,0.17103878686046353,0.5947770027479294,0.4691225027106035,1.1268134420383964,0.49712913178351886,0.6077320983212312,0.693795651737145,0.05854450073874239,,0.07874424538585727,0.04008886155699038,0.4938630668764519,0.3274440688821181,0.508444772320563,0.7492597700054866,0.8305672010390159,0.9522236715238671,,,,,0.5433158860412887,0.2784658546831109,,,,,0.4607957089317112,0.6243045962406893,0.4963351781243884,,0.3646557564655146,,0.21486478821055321,0.41053363305299245,0.3952532803835856,0.4392692525381105,0.5265503903332491,0.31718537344157693,0.4580492239112343,0.20257736610707708,0.47775364681431454,0.14370900403605055,0.3862159864038286,0.6238194192314905,0.7034786826007617,,,,,,,,,,,,,,,,,,,0.5500064193092824,
1869,,,,,0.5793127776127872,0.3835492992599181,1.1514825066532997,1.0904717482543709,1.7634340546675067,0.9605622784589609,0.8923012746295249,0.7574604032763271,0.21494574029355593,0.12733936012082372,0.2963168802962704,0.04016164265617817,0.7599677005656377,0.5655375666106067,0.6912708120844716,0.9439465572884376,0.8517421257827283,1.2154641966424624,,,,,0.9379103156277655,0.6447044204704445,,,,,0.818122723078142,1.1036327016927308,0.8902010759531936,,0.3932044425342699,,0.4868652318361719,0.7008922992118075,0.6270088893787374,0.8787919382991106,0.9060375617230709,0.724573525952039,0.7873911515103997,0.547548509431754,0.7694711419146063,0.3843836708979191,0.7607035571755674,0.9273718006678041,1.3115761766790208,,,,,,,,,,,,,,,,,,,0.8368962533252139,
1870,,,,,0.8886312228414891,0.5190062757655897,1.560871325932727,1.1781247698131616,2.294973796479769,1.2065601426672417,1.135512405091946,1.2847829524131278,0.5088138595054644,0.3648629462003915,0.5751587260412326,0.3822495621854242,1.0108581442105675,0.8971455342345871,0.766212187020822,1.1765557824628132,1.3585594846635782,1.642645528295262,,,,,1.1810867272655996,0.9701614692290103,,,,,1.092407377957989,1.5634022363428317,1.2829495218716604,,0.4503609412650896,,0.6741010750104272,0.9518823920840559,0.9225162838638524,1.103153193552324,1.0755323909083856,0.9275596241078785,1.2325392028181457,0.9935733544554527,1.0339838474386802,0.41035448555406795,1.0116884921744425,1.219333425645094,1.8031507424973119,,,,,,,,,,,,,,,,,,,1.0571976967370442,
1871,,,,,0.9442545771667596,0.5354010554341763,1.6493746777384262,1.20344825154483,2.3060065304554187,1.3807159425975846,1.0952472782990736,1.2220971762776305,0.6871778359009718,0.421109128314194,1.0351861764732386,0.5231829238886897,1.1925387147691116,0.991552286322593,0.5675818685973919,1.063532135870247,1.115529635304612,1.3382824774297934,,,,,1.3205777173051558,0.8011116942535446,,,,,1.2614466395220816,1.7754545130216979,1.5383420909189318,,0.6487641261284726,,1.124114447257093,1.155187363733288,1.1462428687845363,1.2163423399542386,1.0340067518066516,0.6330504876248368,1.2377553276541537,0.9329884222547665,1.67132063201828,0.9205966615500497,1.11422062856389,1.1161900722595492,1.944214286474907,,,,,,,,,,,,,,,,,,,1.1620667522464698,
1872,,,,,1.055097555286825,0.9285237308696308,2.106034440203452,1.509140063245127,2.5056571833349546,1.4061015429606212,1.5224603650731285,1.286421095008069,0.9252448832838228,0.7528452544301167,1.7785320281758703,0.7050897070609005,1.4294026161246214,1.1967923542936565,0.6059486194193623,1.1620671042400468,1.339765121264353,1.2575061343433809,,,,,1.3924747436109228,0.8041075113411071,,,,,1.3255557057335725,1.9269638737144288,1.4706426924677223,,0.9880862539778679,,1.1246961659988062,1.257031260281111,0.9996124574324995,1.2978604543908092,1.0771300743018302,0.6331045097989049,1.6823815791622265,1.1570698774555777,1.7757735459288135,0.9461834818897665,1.4976405311595786,1.348118923302363,2.533678028822337,,,,,,,,,,,,,,,,,,,1.4237911025145067,
1873,,,,,1.2952634590113896,1.0278249720311923,2.1559143760644672,1.7537850603928948,2.5907817252886947,1.1492111893491146,1.524729837860717,1.434948145364333,0.6518971366517949,0.7733119827743626,1.4031101544946631,0.5048007926386023,1.4891076298980357,1.514732823723746,0.7548997927083063,1.0452066846875148,1.2401136014600498,1.5427598366074369,,,,,1.3724691830007636,0.7852272409906874,,,,,1.4532790773197675,1.804065491915903,0.897426593250808,,1.2184954950134803,,1.2890189361281963,1.171547053480487,1.0403374053891412,1.262292210134639,1.1431888921951072,0.7010209826366822,1.6640983018725395,1.0571460209167638,2.3083486991209323,1.2163980661177838,1.2769974140864992,1.5398456286660562,3.4032945920724145,,,,,,,,,,,,,,,,,,,1.5155038759689923,
1874,,,,,1.2816364774779816,0.7892420475365053,1.4506617166212834,0.956235959432668,1.9747824473685236,0.9644515911658644,1.0591194738672796,0.7180867162012201,0.45616036892925355,0.6095875997912636,0.5622629971864944,0.08081623424001232,1.3481829988113256,1.0209355053338198,0.49875349073830666,0.7360544191719272,0.977648745108258,1.728027149575479,,,,,1.1537748226316273,0.5905433636327998,,,,,0.7164017929903351,1.0713995437664894,0.5752066147479041,,0.6823098273825295,,0.4974939592661879,0.5708324315081883,0.707526617433555,0.8953845801960436,0.80719736087219,0.5888503541468126,1.08957974095462,0.7128688766414382,1.1678573460614377,0.4390477127177918,0.7859045808031817,0.9494909171175974,1.9003978395502732,,,,,,,,,,,,,,,,,,,0.9410929737402414,
1875,,,,,0.7528452544301167,0.6704927742350526,2.042867731515245,1.0687815224595467,2.019775982874881,1.1392975657895328,1.1630370548595639,0.7621259281300714,0.4180559558834233,0.6682486944003183,0.7846175223806077,0.26290331180733506,1.2774853888871462,0.9702328245280325,0.48262405706689665,0.5623191693802287,1.1630370548595639,1.7719883505087177,,,,,0.8449802072709297,0.41818294381329935,,,,,0.7802882051688287,1.0301814222763668,0.682468533312119,,0.7995100893392515,,0.6160580727942401,0.715142064815247,0.7028494670532881,0.7612341864048608,0.7889787545587422,0.6577693798284876,1.0466897950651435,0.6529330834299307,1.1160759447547441,0.2690990719339366,1.052358276727191,1.2114877627988043,2.2579997992045864,,,,,,,,,,,,,,,,,,,1.090962288686606,
1876,,,,,1.675509296011119,0.9351895583336773,2.900978418104484,1.4216784680048884,2.7545920829760027,1.2957053475046407,1.391388691102473,1.4019743636201194,0.8193237433169739,0.9888911480766485,1.569548771666069,0.5251642587754178,1.6933145039281134,1.3311094606693878,0.7649912654932564,1.1066122631196733,1.4527734862981703,1.7343535028607533,,,,,1.2916597471016662,0.6630832112432966,,,,,2.0469113250050044,1.977813275221521,0.78836571835557,,1.1742229481815492,,0.9943230082916253,1.100584486631245,1.2107960413082848,1.281697818847484,1.2401443411520294,0.9562738688715237,1.2715441189060857,1.0435415183268546,1.5967604037925498,0.5648689174522868,1.6773162212663077,1.4790065804118155,2.4868637151217485,,,,,,,,,,,,,,,,,,,1.6703488372093023,
1877,,,,,1.5332051752325722,0.7195366395505944,1.9247339259143104,0.8363658876265987,2.5935915115574537,0.9373264726793342,1.0057523973749611,1.023540005914044,0.8017772311398076,0.7499208229123313,1.450470254525281,0.28293744138379584,1.4087203014812157,1.0738530785721232,0.5624406171842484,0.9135159994364367,0.9852268382448598,1.2276959039139466,,,,,1.0707739948682826,0.4870051939680129,,,,,2.19650054367432,1.6849612490663972,0.7896603672381376,,0.9756337535086689,,0.8254228448391969,0.5984553293783228,0.7996406296203469,0.8099543332804956,1.1567043194529223,0.8220314808323682,0.9384054574840133,0.7183945695535435,1.81315065663693,0.44258058367031394,1.4456827700216175,1.6288037583472517,1.1593128828444261,,,,,,,,,,,,,,,,,,,1.2793577094215516,
1878,,,,,1.4849970986673742,0.6827326050349418,2.0909147190664967,1.193549780237934,2.119063700035268,0.8068951369289855,0.9876121246678222,1.0049445523128515,0.9839602450763651,0.9984949677951324,1.5144023779158071,0.48554284990541,1.593110138435165,1.3426679014269876,1.0361740231836278,1.225010272641432,1.028762629862315,1.1289057521555685,,,,,1.40760818622602,0.6878272981073162,,,,,2.540419760433571,1.9595696102382698,0.7960755235425856,,1.066276124647912,,0.9149406274509857,0.8865476147151081,0.8830682980961866,0.6122468317146439,1.2464285462428595,0.8467232660548576,1.0737617123799987,0.8435853564870982,1.8201076045257103,0.5919939604469321,1.5879534109718083,1.7940768611015816,1.632651498943506,,,,,,,,,,,,,,,,,,,1.2072176949941793,
1879,,,,,1.7911990606671369,0.7159662200072764,3.0280799980110547,1.5274253810814948,2.198809167225585,0.8861539109238394,1.5663353319935838,1.4137497237757939,1.20710388058555,1.0968272997572575,1.5961206262402432,0.5465353305570048,1.9948864186237512,1.3671570789474394,1.5695976875836617,1.4996105951671819,1.2777998761000289,1.1727893980430388,,,,,1.163241855078332,0.6226169948312115,,,,,2.6764965123656825,2.5939310604261063,0.9075234665994427,,1.3068592069286487,,1.0624719829840281,1.0537249115931875,1.2595224811820709,1.0382065271409002,1.1426346193141677,0.9856756502933862,1.5712195283266226,1.0717031218903468,2.0934162072019653,0.8169097844300237,1.5914710624982908,1.9236216225370224,1.6158440893846526,,,,,,,,,,,,,,,,,,,1.2335775890020104,
1880,,,,,1.3498574812421962,0.5093723321215766,2.0808403742269643,1.1537748226316273,1.7403253132422223,0.6364973905126695,1.0126967382110017,1.0100369254036965,1.0463658477773794,1.2152507368421683,1.2133999006492386,0.48477809109537395,1.8703504124649277,1.2385418762912006,1.3671570789474394,1.2294345155135904,1.3433732241574512,1.2365805252580924,,,,,0.8529477439487381,0.37858992587462637,,,,,1.194130006899718,1.793685181705416,0.9465192709889454,,1.4310480744529852,,0.5667982800487666,0.8721479191780357,0.833817717141775,0.84314313961542,1.104235038025156,1.103481905566499,1.0357283136165394,0.8266912148661238,1.586097180979353,0.5697804750756879,1.6166295800850343,1.468032305386921,1.3509986116937995,,,,,,,,,,,,,,,,,,,1.2121508107052157,
1881,,,,,1.0361740231836278,0.3713691453326441,1.5531584150810367,0.667089637319155,1.723732871289403,0.6767931773719753,0.828825761024365,0.862365750425787,0.7655259676661206,0.7240706353702404,0.7675477628256107,0.3025613594566369,1.4189242984891786,0.9947138077413343,0.6859616545612803,0.7034587864152739,1.0981941333572836,1.0953658596976141,,,,,0.5854116555223918,0.24538570715731478,,,,,0.7269811655029139,1.24609165458447,0.47532367018568183,,0.9064800762895423,,0.5777701427603408,0.6031694735722908,0.618747425930502,0.762705818668234,0.8910380531077133,0.9436965364912886,0.7660615060734939,0.4351335245377916,0.9152357394496239,0.347049764407727,0.8603705587570415,0.9395519059783733,1.1639077709585188,,,,,,,,,,,,,,,,,,,0.8730814639905549,
1882,,,,,1.2481138238617069,0.8357320102415353,1.7344330570298032,0.935339816866724,2.5162383149884615,0.8521825431093677,1.0809956006619927,1.147538372849672,0.8076812682217639,1.1094884778653344,1.6167853793359763,0.505043831084214,1.7148558471418398,1.6330020628324708,0.7460353558060008,1.350313704072194,2.016472562773332,1.3261212176389838,,,,,0.4731556361042168,0.33514480624429044,,,,,0.8782384647698113,1.503081691589863,0.5884980302264153,,1.2304144729176663,,0.9528957595649198,0.8157910538685671,1.2016675413803168,1.2582547536421405,1.025157786848953,0.9684077929089622,0.9250069220906034,0.5820745542026114,1.588869968599416,0.7461367292700158,1.2677831354483764,1.450681587571361,0.9474111729169129,,,,,,,,,,,,,,,,,,,0.9812898089171974,
1883,,,,,1.2912039078948039,1.002388892660149,2.2938095508874423,1.5392376176231561,2.0919441386991613,1.0258510053414496,1.123748273233241,1.4778192100323053,1.1112232208001693,1.229554494367978,1.699399974668935,0.6878653041445282,2.2886365669249673,1.810836252757411,1.1334955494954797,1.5117912389821382,2.185066086842413,1.4967631393781435,,,,,0.9250069220906034,0.4026606421424995,,,,,1.1174876621487706,1.7206049008065103,0.9561426533461197,,1.3243827419477177,,0.9219446966098488,0.8934694449830328,1.0453397647434393,1.2313900940985252,1.2685746329889773,0.9938805735432653,1.0176489472404047,0.7699756686968503,1.6167069910689416,1.3217286844673393,1.3001901979771455,2.0669580839505106,1.4078581569180868,,,,,,,,,,,,,,,,,,,1.568395127471211,
1884,,,,,1.3147598379091205,0.8944449582737322,1.6953921585414475,1.4969801345578309,1.9196413023669878,1.1621911881662006,0.9786931505577046,1.1560289936807344,0.8696032621319544,1.329230866385759,1.6800900902307923,1.0715585289544296,2.4972427951828267,1.3887215793003698,1.1365887118370983,1.299280048866645,1.8949165255478961,1.123748273233241,,,,,1.0628777893399781,0.5387038382834135,,,,,1.056398044271589,1.876490010842414,1.0310996651453295,,1.0962216113116707,,0.937149647518482,0.8710826742604314,0.7634153731853905,0.7172098853627816,0.9023947734918565,0.8331619701155115,1.223429297560368,0.8537535994226785,1.2172968449712873,0.8984289936248336,1.6054710700164418,1.6765512596197634,1.0706515320739471,,,,,,,,,,,,,,,,,,,1.478952291861553,
1885,,,,,0.45909868049600044,0.10342368423994754,0.7596615608203918,0.6487310345629159,0.9901267617386551,0.4653675884526031,0.4794433524784684,0.45931150504773316,,,0.48477809109537395,0.12144487872809699,1.5834483456808377,0.9668473962456791,0.424331593675113,0.6321426779653769,0.9380413418056991,0.5622279801076175,,,,,0.38515366775048626,0.15761083033295167,,,,,0.3247750111838694,0.5773085726052553,0.4411846866140937,,0.44499397207333735,,0.44378029930559243,0.41775923312200486,0.5271146319833508,0.35120956009095794,0.574672116410857,0.394634217557924,0.47550137640602563,0.4794433524784684,0.4868142234526602,0.35072567960847856,0.6864383784912081,1.039310151287456,0.49651538247738913,,,,,,,,,,,,,,,,,,,0.7828350240256274,
1886,,,,,0.38423577948999316,0.11910069600394305,1.2079819264274987,0.7856097641633113,1.282809701336273,0.48535625575424274,0.8772834064342507,0.6162696014090728,0.3637767103505946,0.4060759064231852,0.8270010491814743,0.40527881215122596,1.4223710661796152,1.1233315340987118,0.48342369812283953,0.6544909641158855,1.0026096073534294,0.6670516208396082,,,,,0.27171507223201463,0.15771854536807228,,,,,0.45638534427468247,0.5140908086457432,0.5539434072588308,,0.6246257233481,,0.6064470414749598,0.47853737071732005,0.5480397526816397,0.5454376362619562,0.9076005887585694,0.58268248536597,0.633455353049283,0.563967904136304,0.6766228088349662,0.4522453718356174,1.1996355857169039,1.3370432630433078,0.5511015628826564,,,,,,,,,,,,,,,,,,,0.9390064274236744,
1887,,,,,0.4238127400070536,0.2851565644202496,1.3692055889703427,0.7880541516647582,1.652791637690821,0.8357699569312081,0.7330840823913587,0.5525693427027472,0.48554284990541,0.4841946267666862,0.8080701297347426,0.40565019496652827,1.3364973888006366,1.2581191574942308,0.5616657670493559,0.875926764708125,0.9006461583665264,0.6266310045958934,,,,,0.248857460126504,0.293294877736045,,,,,0.4798610917165312,0.8596058939605928,0.3341596322059996,,0.3289830604407531,,0.6945587877499108,0.46243773972627555,0.5149946273989604,0.6867329035935751,0.8653311169737206,0.6317474265844876,0.6556594336114381,0.5864672659130871,0.568858681292321,0.32687541832914674,1.0995606153223498,1.3723630213866997,0.7133455028063245,,,,,,,,,,,,,,,,,,,0.7667346938775511,
1888,,,,,0.5400583919501438,0.28739348532993664,1.238370809758906,0.8787176099078312,1.7722670670157603,0.816673515094288,0.5873701601586662,0.42059539479055663,0.40484098559778126,0.4064692662673668,0.6271713067200109,0.48740967561397236,1.1941327071114245,1.0266022162134774,0.5419590216898225,0.7194062136441722,0.818122723078142,0.6283577849068789,,,,,0.4973968117052289,0.4522884209957354,,,,,0.6780312693561775,1.0995163317928784,0.3348269240238318,,0.3897092524167927,,0.7386764766372099,0.4628279509822311,0.6021155125422706,0.8246426800673492,0.7560349222950424,0.6344635736999099,0.7009371358487874,0.4824826315589043,0.8950801288811504,0.1764169978995447,0.8019023889853051,1.200637481082923,0.6328549874929877,,,,,,,,,,,,,,,,,,,0.476340910651741,
1889,,,,,0.5414345418975803,0.6702885121609379,0.923780051441566,0.6768343332370269,2.2637206952313726,0.9737731137449233,0.6932585283194931,0.37719561509110894,0.4645790039664001,0.40676691585817026,1.0311223580504887,0.6696792233249431,1.049889152077264,0.8531739121631058,0.6973147128997205,0.6815106464688364,0.9243447044259908,0.7342127001983326,,,,,0.31655225489945243,0.2945292753386071,,,,,0.880385144870104,1.039280035788382,0.3689082666194078,,0.48073635106044504,,1.0130039058764544,0.5428038222784153,0.7188904664089371,0.8663479465433945,0.7571798517492527,0.5654315348213785,0.8593160432320621,0.6302350257449937,0.6505430293967099,0.1011090220986069,0.7331665922463021,1.022133819844453,0.6574608430347029,,,,,,,,,,,,,,,,,,,0.6735117195602572,
1890,,,,,1.0652281788867097,1.1039911827050526,1.5567189664451617,0.7915047367425369,2.3253220995393775,1.561186686366464,1.051205532935068,0.6003806735872396,0.3832443886450735,0.3684160075249775,1.1942079741596205,0.6888426559959892,1.5260017432340702,1.067783762659334,0.9695158092762565,1.184768458357256,1.1353019755698737,0.8823290360429912,,,,,0.5653395021263566,0.5887159898360318,,,,,1.1272414591136042,1.7820761062154267,0.9904016628966192,,0.8432751450160288,,1.2134384229813917,0.8452588108748481,1.0362125699690876,1.3387737261473767,1.0484662033085268,0.6613776503757063,1.0418121650289762,0.9040367583241585,1.0564359932114014,0.5582864733441998,1.164005391564379,1.4019168046802961,1.0766314317746053,,,,,,,,,,,,,,,,,,,0.9697308633344984,
1891,,,,,1.083918043379645,0.9251926824694084,1.3342508419374193,0.702339041192063,2.1722437848117906,1.4850796602100227,1.0099472043684363,0.6680998691905171,0.4040350648673713,0.40769925483356384,0.9726691491629422,0.4659279420462773,1.2102921928355945,1.1467541269521226,0.601841757135261,0.8650911144196443,0.9889066376107605,0.6727715410784436,,,,,0.38501753924983906,0.4072212983888247,,,,,0.9518737882102071,1.3305239361231092,0.9910164395737261,,0.8453913576339922,,1.0788733593247892,0.8100451066302577,0.9843338072740285,1.2302261269912589,1.0277774058158242,0.6869971611660192,0.8392230018501394,0.7364198365186514,1.297460225298586,0.9673725869916486,0.98048180015887,1.1386214781858648,0.9492877357326873,,,,,,,,,,,,,,,,,,,0.8151494093120223,
1892,,,,,0.6779448597636171,0.34067224244375355,0.9515561203247306,0.5434301444640293,1.2172864521674358,0.9002091360481294,0.631860468399899,0.5353869974341413,0.1618506597987125,0.11661906375784299,0.5273452534564868,0.4055914884679659,0.8164965888158319,0.8750073376010229,0.5247857869102935,0.5835501843373846,0.7161085308532189,0.5891358692149212,,,,,0.430952352301423,0.18087156789281053,,,,,0.6434513433907152,1.0279828922496885,0.7002608815048743,,0.6371721653547632,,0.888132916839772,0.49517068124529184,0.7205416673801153,0.8332595548448449,0.6487310345629159,0.5230741657728865,0.7058211889289817,0.44230232787992924,0.7579475780751039,0.2552643402553463,0.7271563481677915,0.9221212306975407,0.8931421076621554,,,,,,,,,,,,,,,,,,,0.5587789415656009,
1893,,,,,0.5817094855657539,0.3264515946783251,1.041574443556056,0.5882085421171913,1.1614776194413945,1.0798508849872417,0.7585430749309431,0.5362316899908647,0.10109042725985184,0.17500146752020457,0.48740967561397236,0.3649861302081255,0.7621796161792004,0.8179694155457354,0.4861151875561239,0.5237809252452403,0.7164017929903351,0.7792945776932086,,,,,0.47813693443576183,0.1356652520997653,,,,,0.6226169948312115,0.9904332879788669,0.7375564465687355,,0.8519028500333502,,0.9573272506614124,0.4802980836443692,0.8378620156107262,1.287271771018007,0.7182717843778847,0.3336537399416214,0.5251867794206797,0.5056953832872954,1.0300777602775553,0.07700118849415209,0.768939993887216,0.8608496340938967,0.6474153563279272,,,,,,,,,,,,,,,,,,,0.5735838705253051,
1894,,,,,1.0289552621989946,0.4998144545812292,1.9682362755459861,0.9721846774238565,1.40256656673568,1.2795939875201805,1.1809767429582274,0.8500613556341657,0.3036121968202425,0.4479356323226647,0.7711457723135708,0.5273412821439984,1.243392259676668,1.2489493490931711,0.6232147927967508,0.9086414267494843,0.8224659459887654,1.0324614075448948,,,,,0.4566841560179824,0.4070444415309768,,,,,1.0244197994254596,1.9008385388974502,0.7004317160396333,,1.5518020374204458,,1.3884838529466934,0.7880321744745332,1.5905095364628732,2.92333671606755,0.9681808149024173,0.5730429978397436,1.3272959305724794,0.9911769092685121,1.4068152182701195,0.6446421526310209,1.139073783891603,1.2723733403418942,1.0089994180114785,,,,,,,,,,,,,,,,,,,0.8097444633730835,
1895,,,,,1.4966113182256517,0.6602389313334678,2.486984058526145,1.2209872688978878,2.1816365470529515,2.014954786014639,1.4560503239726317,0.8529477439487381,0.6079182182268389,0.7220488424444895,1.357425233874449,1.014973576715419,1.7482727966794689,1.7000254005035786,1.0928306804565249,1.5355084505602339,1.2239263592813427,1.096621261318354,,,,,0.8924920912470121,0.7700350784996781,,,,,1.583853200742668,2.9220311638080774,0.9112708118172169,,1.2519781619899495,,1.5084660529235359,0.8285089519229221,1.5599965316957183,2.376402999280889,1.2166859214108432,0.9315750190536468,1.3524386829606927,1.2661307164979407,1.6746190940551273,0.7508168290481233,0.8207837513871821,1.1232117875436263,1.496248967612433,,,,,,,,,,,,,,,,,,,1.103896103896104,
1896,,,,,1.4389009551661265,0.6802510837700118,1.6732047758971054,1.2437469046779848,2.090279779417117,1.6461439400490452,1.0771300743018302,1.0357283136165394,0.7098878411914245,0.9184045267088298,1.0128868305353853,0.9758270962308588,1.9071573300317413,1.7808485082691254,1.0161071359331735,1.3145165590366754,1.60513501268508,1.2028241806730435,,,,,0.9856756502933862,0.5670425688176618,,,,,1.1618353283135403,2.1522338037551507,0.9745429839274721,,1.382580867782384,,1.6253410387424791,0.7357551812308502,1.0154640640023027,2.281710230581975,0.9024457776493693,0.7903995221982781,0.8046222228089055,0.9715290866251801,1.3243635961550604,0.5967812535195187,0.9983658540712073,1.1425635563886458,1.2270910382686278,,,,,,,,,,,,,,,,,,,1.0589900896649362,
1897,,,,,1.0711504251194157,0.3976254754743847,1.4924962856135817,1.019164074484868,1.9783670875214736,1.6523163970630539,0.8679767514814702,0.7209990645397589,0.6498795674852965,1.0176277190109289,0.973419572323118,0.7739719232107043,2.005931170100534,1.6884941110709595,0.9002091360481294,1.2321161455884801,1.0161679041734286,1.30945224719046,,,,,0.8965790482727806,0.6375159125810158,,,,,0.9171714626579156,1.311942953394338,0.9052697348802204,,0.9255889574930142,,1.411967792917225,0.8433302118422913,0.9913737137421685,1.379268714136188,0.9950345261906178,0.8168153006580781,0.7825776156269223,0.7409557634597916,1.3784750215135761,0.4935092176062171,1.0594888924131696,1.45697538438777,1.443424500644677,,,,,,,,,,,,,,,,,,,1.013540824575586,
1898,,,,,1.3270086834114945,0.5755323662719585,1.4947739759111398,1.1794485431407364,2.1647985240774803,2.0183340993905943,1.1045858622461546,0.7670789110019639,0.6493859135272175,1.020949927624301,1.054404376156807,0.61212476571556,1.8176731049418764,1.8308037052211814,1.020949927624301,1.212589034501982,0.9983756831840244,1.354890538897905,,,,,0.621458694762556,0.4566841560179824,,,,,1.077407676566827,1.4698197122191377,0.536848698141907,,1.0207402805608234,,1.6921741875613898,0.8793483443846594,1.3875103831359052,1.2338846297472321,0.9062439241187912,0.5793239796057429,0.5764332100648585,0.7434712534349117,1.461829520308248,0.5979795480114002,0.8157400295636167,1.3534651772322877,1.4888255997903828,,,,,,,,,,,,,,,,,,,0.9958783783783782,
1899,,,,,0.8793234830190924,0.35375290390683384,0.9979949211190847,0.7058211889289817,1.4458191356224142,1.0022215389247595,1.0661875061604624,1.1307210524893385,0.3646814061155236,0.5905818403939295,0.7301648521993824,0.32738557437705246,1.510687235512061,1.6198656122862782,0.8268145765515013,1.0520095081283884,0.8316262548051607,1.232038077120711,,,,,0.6456051952726415,0.34326618894115846,,,,,0.7430224858553436,1.0930817864280384,0.2128666035950804,,0.62235789403702,,1.1966400972849025,0.6347096728447009,0.9859887577707032,1.0564549408485404,0.611358912522033,0.46029833077502486,0.6702915495989463,0.5757412533266498,0.8970235621617039,0.598728366719973,0.6433299476572021,1.2504404425276898,0.970441679419381,,,,,,,,,,,,,,,,,,,0.8759345322287331,
1900,,,,,0.4305348041969314,0.19428294812244026,0.5236737853344058,0.4110157404161841,0.9656831044684401,0.5823438185145834,0.4276359797075964,0.40780976585345596,0.2836083125499079,0.3555802563555245,0.3247915445489341,0.20525559130101248,1.122629402071775,0.9916529759331598,0.4345980911011966,0.5667773798368938,0.38487238173683674,0.682360003942696,,,,,0.3929295290752445,0.2292268954170666,,,,,0.38303075303674694,0.4915457158249594,0.38581692952307595,,0.4685347426270959,,0.6440054062938091,0.4310414514158401,0.5278870857991959,0.5822722989229275,0.5203383257190538,0.33965560888350593,0.4628677611752842,0.4917813766637359,0.38209740544926796,0.23455783597675878,0.6282999648761777,0.9326785387681977,0.6060127094086668,,,,,,,,,,,,,,,,,,,0.6233713901947615,
1901,,,,,0.6086432260837179,0.17913602578537988,1.164544597845855,0.7323012030744714,0.7646519656834695,0.945564706458681,0.5355112590059825,0.8830739847540476,0.28391404192757613,0.3569950713359375,0.5692324728013344,0.2880535363614482,1.3365198663911309,1.5328718382392188,0.5354926070039063,0.8483616594169044,0.7925566633288541,0.9407991553567121,,,,,0.37029420894022735,0.32184888912356224,,,,,0.5189063221483874,0.5368808561899994,0.9074220761557058,,0.692576652905748,,1.255129233136964,0.8504908165705004,0.8513738929936459,1.1213362172077843,0.85913994749085,0.43790330380240217,0.8821235451294771,0.7497157626083755,0.7678431186540702,0.4445776061045706,0.5949349106786189,1.3138998066928527,0.6050236726908848,,,,,,,,,,,,,,,,,,,,
1902,,,,,0.7283842698191797,0.3606502119088558,1.2586426927842478,0.7564487548763197,0.8461076484730805,0.6036726044869496,0.5157635363763556,0.6787021639813745,0.5069251808446188,0.5972227941191761,0.5906627835029059,0.4534128592613006,1.5318349786564853,1.598680474764827,0.5773153676485369,0.9681963502612382,0.8596058939605928,0.7711362129686148,,,,,0.7660546576124406,0.4143057965083706,,,,,0.4975172630953089,0.875393737210547,0.6979154906448534,,0.5380391416619366,,0.8907597840182484,0.6454299347337702,0.6832268450745836,0.7724946375555144,0.6783262604988265,0.5853969502903891,0.8157554795123578,0.7521551572155186,0.577213351621295,0.4188666432507851,0.5472213417953731,1.1816800803221872,0.5027176099690638,,,,,,,,,,,,,,,,,,,,
1903,,,,,0.4345980911011966,,0.6418353071677865,0.505762540051312,0.646145014577411,0.4431992444382803,0.3018280126490254,0.36174313578562106,0.4867765681329216,0.4196536246257671,0.4080831771437067,0.22734008408818407,0.9512982612783157,1.262799139045197,0.29975258901840507,0.5656490908143198,0.5605377377767615,0.472783241678326,,,,,0.4195313894634983,0.16140129881816037,,,,,0.4757780601623653,0.5403799897129771,0.5227748753711531,,0.41554237761104235,,0.7417990561168065,0.3812037228435065,0.5132230738958499,0.6253064131543495,0.7010209826366822,0.44034393589189624,0.7721357436032625,0.4096237314522488,0.3863624402462225,0.15725151824104464,0.34874400396720384,0.97335899799684,0.2702892199046228,,,,,,,,,,,,,,,,,,,,
1904,,,,,0.9916529759331598,0.31570095785888813,1.3103847628602174,0.8976625591014697,1.030406986560157,0.8278732999273078,0.47633668306967514,0.7009371358487874,0.6089841460292514,0.7817328003613124,0.8389255343411969,0.5180161006402281,1.2245001694573514,1.425738314294325,0.42093304634839895,0.8699472964180797,0.8227633616658026,0.7114517441012742,,,,,0.889126007785575,0.46227003420616997,,,,,1.0868602889280585,1.1716234798771084,1.1849260190005007,,0.7743327148269337,,1.3221407731173602,0.7551902059182849,0.8592132632985137,1.012747502576017,0.7700350784996781,0.49119036300198854,1.1514338930109476,0.9526733661393503,0.6383048549162668,0.5787918038220292,0.707694436201974,1.3840705367009145,0.5522467076720047,,,,,,,,,,,,,,,,,,,,
1905,,,,,1.0351861764732386,0.4843611253344762,1.4270532990843876,0.8992358077011792,1.3954098857466244,1.3334678649602032,0.6519790632495464,0.6557938224665737,0.6708811286587155,0.7229095678112071,0.9647012791147586,0.5197094233951888,1.6916808526953109,2.0721949950051948,0.7028287464831179,0.8693776744347258,1.1300970429658803,0.9093700313148343,,,,,1.1044365912553986,0.6480148656453979,,,,,1.2895341115646115,1.8048915552987386,1.0468374220431118,,0.6174826803079161,,1.6211109349049901,0.7436773303790926,0.8050434510279318,0.9107644719024764,1.0206766238717913,0.7376343061171899,0.9895051859374124,0.9127706885493649,0.9447129428020458,1.479520016830562,0.6582383578330556,1.559648650215636,0.8453767510069391,,,,,,,,,,,,,,,,,,,,
1906,,,,,0.8393072492515342,0.4373499550676081,1.429554360960849,1.0169940752535738,1.454301024301157,1.2740698956817007,0.6325441663536092,0.6114984446909209,0.8350749697799703,0.8449727164098851,1.1522141454457928,0.5410639834085975,1.3632823592428924,1.871385073909544,0.7242623283513301,0.9715590298247759,1.374147671733703,0.956235959432668,,,,,1.130863069642757,0.7660546576124406,,,,,1.3791457051826803,2.23882768392889,0.8705011306761183,,0.755345407886092,,1.4701220516888072,0.6853860074736644,0.7768295056629105,1.063221078674191,1.0928844215674556,0.739992450558665,0.9920664755635593,1.0033459190436562,1.028711861373896,0.8746785166541252,0.5837367283490117,1.464479082974778,0.8051338186252431,,,,,,,,,,,,,,,,,,,,
1907,,,,,0.8418660926967979,0.4899085521764441,1.2250155906463505,0.9720222984680967,1.1317497655351834,1.0503285175508357,0.699903245787022,0.7031327853339006,0.6529330834299307,1.0061210074782494,1.2159708498371242,0.4164651704500871,1.170890014774848,1.6317790363409412,0.8853864865808595,1.1753085552385552,1.2248306801272886,0.872474712211875,,,,,1.110169627416364,0.6292970841952475,,,,,1.582761274497262,1.9484244368554007,1.2865472583803568,,0.6281479752768122,,1.2465527164440178,0.7469401198974893,0.8709773857039285,1.0993109327913,0.9362025198368638,0.6683807327154739,0.7817553902923667,0.7436471986487109,0.8361623679947029,0.663546731686548,0.4825257954713841,1.2247501114580412,0.7651008218017342,,,,,,,,,,,,,,,,,,,,
1908,,,,,0.8032328531235634,0.526450524767841,1.9440445969361935,1.1374750976669572,1.45662854971623,1.5359461103691774,0.7703370017613409,0.8424317416249136,0.9412335263340258,1.0475618504904807,1.0126967382110017,0.7087423471420838,1.6218633131241036,2.099971297376586,0.9266893292800407,1.318363133641217,1.4966547462791768,1.049854868680533,,,,,1.1844778640793434,0.8189318492761876,,,,,1.4246555453584189,1.834076737566099,1.6086255713868005,,0.8983539830988723,,1.675193552286355,0.9098790744958545,0.9221212306975407,0.9819427883941284,1.3272959305724794,0.9166033729478457,0.8797156424362181,0.9904332879788669,1.2866033280020601,0.9817390431324288,0.8860652239588978,1.2625108273881942,0.9290386326095128,,,,,,,,,,,,,,,,,,,,
1909,,,,,0.4627231542244609,0.34104526370446736,1.3928266502044375,0.9089846771709131,0.8906501683151188,1.2543190289223092,0.6409804375351866,0.6393578184251754,0.7799712469438473,0.6865290779884993,0.7045018968707102,0.2924278021447503,1.2524648849365279,1.4546922163202214,0.625952982871867,0.9342018782601138,1.3040636487784831,0.880385144870104,,,,,1.0223722331015508,0.6344635736999099,,,,,0.9512198028525434,1.1085468678362451,0.8429242032285531,,0.6700372800904038,,1.1121932792851756,0.5183377678694777,0.6188070314043661,0.9509378161172629,0.9627529607516796,0.6693102599291878,0.714972299874903,0.7072887586595163,0.9537150553713459,0.6628101586145386,0.40021164990335945,0.9223142668386248,0.6402577581223116,,,,,,,,,,,,,,,,,,,,
1910,,,,,1.0262434276278143,0.5305442347535944,1.7713547555125486,0.9593201662949625,1.171547053480487,1.4371854988721233,0.8411907895811133,0.6636479652862397,1.0904883876540539,1.0708151036801632,0.8107467004964946,0.8168651203789427,1.5117912389821382,1.5774198708440104,0.7273461081601107,1.1770119682680817,1.2839227840974885,0.9062137220325053,,,,,0.9771288098290339,0.9895051859374124,,,,,0.861904704602846,1.0400115153836607,0.9922262704709949,,0.7760632278621746,,1.0698527917175704,0.6853882883239713,0.7208589967764328,0.9031648394874526,1.011525080102624,0.5720381591070122,1.0505788293728633,0.6640979917745631,1.235785390821991,0.8223958665486776,0.5571876170291905,1.3394880074504008,0.9879849058703954,,,,,,,,,,,,,,,,,,,,
1911,,,,,1.0677072706922208,0.39505125994423185,1.9888344910993125,1.1044365912553986,1.230416195123657,1.5755287960599655,0.465947524524311,0.6418353071677865,0.9686547447855057,1.1122832422618023,0.7075452090727814,0.6083476658786184,1.496140662331288,1.7168831536888658,0.586476618647132,0.8914434371712799,0.887519094332021,0.8411907895811133,,,,,0.8834412883362713,0.9212045844518766,,,,,1.1384212724660996,1.0401002660982008,0.8152007994150332,,0.8125159709294062,,0.9684611562281403,0.6583879725789292,0.926076657484949,1.0151417179198559,0.8746455704065602,0.6733334807663803,0.3582980842514026,0.6878272981073162,1.0133121178464515,0.636097986601366,0.60250822171806,0.953072904108731,0.7807774615511026,,,,,,,,,,,,,,,,,,,,
1912,,,,,1.292290029154822,0.7072148384735237,2.2558704842663464,1.295780600632326,1.8989648048766448,2.339807846464659,0.9783981347347607,0.9655466673706866,1.302038663414145,1.110924393563384,1.3118652869177743,0.9663603728089903,1.8964280338961306,1.8795130034780723,1.0907257682258678,1.2964951430852933,1.5787788083220002,1.0206469584818243,,,,,1.2421000254048624,1.0186509631082354,,,,,1.6897313772665348,1.515109865698636,0.9209278928937643,,1.0519169318336068,,0.9923380230907042,0.616709768031636,0.9885358737366554,1.187406223124895,1.152866420129717,0.7237344670866716,0.8143510228709533,0.9116891710028452,1.2975282522569451,0.8225150537097574,0.8025117507522208,1.420323989889633,1.242795140632788,,,,,,,,,,,,,,,,,,,,
1913,,,,,1.030406986560157,0.484293977736463,1.9083314300221528,1.110169627416364,1.8005885902606764,1.7171490256863278,0.7794498473889365,0.8286115930167413,1.4297244377670293,1.3742675724355797,2.084536315123776,0.7148197623958463,1.6263108805303819,1.436397597636838,0.9094417758764866,1.460129358484677,1.3584697340207181,0.8227438860269579,,,,,1.3891870390151553,1.260133217543772,,,,,1.07556739201563,1.155052617749517,1.4466204753576895,,1.117997279969295,,1.1025256981022096,0.6097007425040571,0.7457504337150671,0.954273466970662,1.063221078674191,0.7265031934747055,0.9369351978136778,0.8239898386683044,1.2421655764293196,0.7962663723146166,0.8223316079531632,1.5759730506814682,1.087011078393114,,,,,,,,,,,,,,,,,,,,
1914,,,,,1.5976432025214977,0.814069146058509,2.4801661889088984,1.8951645825269496,1.940936203389155,1.8410512552103546,1.1600051611073063,1.0375797781167453,1.5175515163139512,1.476859501795622,2.610962519149556,0.8626632370647059,1.9907426470639205,1.922994681589461,1.3352428372398777,1.3382824774297934,2.052316823497542,1.2025797645429308,,,,,1.5855826424539163,1.6206038797164468,,,,,1.3065933038772792,1.1340851376353236,1.6473798178054275,,1.2554384881195706,,1.3437565961304518,0.8433088217533142,1.0191339153946697,1.2816050489338497,0.9257355223505684,0.6783680577534262,1.1345094600612464,1.1376973695475503,2.096945735604594,1.3020886022138682,1.0638928117619633,1.9093552827839277,1.734117529046255,,,,,,,,,,,,,,,,,,,,
1915,,,,,1.7168831536888658,0.6248802188279177,2.511093071848208,1.7594312848724363,2.125285377741698,1.9005000324852144,1.0948063670646822,0.9938805735432653,1.040507660401149,1.4979116467117906,1.8012923167330528,0.6529224840132289,2.2781196765398786,1.6159269703179133,1.4169434495922344,1.6428709174486105,1.8544679278850738,1.3161597020255973,,,,,1.6414179422162718,1.6713754103659186,,,,,1.44832000105603,1.3433371015099975,1.2577970055388283,,1.266303748528414,,1.0092837024775603,0.8358910048298026,0.7812363578084273,0.8630723735252627,1.0910475426601427,1.005770517935836,1.2355376247119088,1.117149354147635,1.8763520253019563,1.4104716900167524,1.1482737681493083,1.843615945893652,1.3155657675563563,,,,,,,,,,,,,,,,,,,,
1916,,,,,1.839093368994673,0.6434199163429726,2.662923025752877,1.5491066497289565,2.593784397767846,1.8419139940428046,1.1856118907529154,1.110882626820682,1.124455960215235,1.3937370118992,1.573312928996427,0.5689073061982074,1.904220923957043,1.5934898264716213,1.6159269703179133,1.9893482103622213,1.2527219977766655,1.0054344187328714,,,,,1.0417278012276878,1.1226673306543948,,,,,1.726274152118211,1.4385550914566445,0.9076450171197965,,1.4114062541878754,,1.2020656133681955,0.7590538639809836,1.0298807686150073,0.955679640832787,0.8390627789269967,0.6804655633268153,0.9947057117302672,0.939541498332499,2.2272066774450576,1.2532070714990544,0.7836891442345818,1.5696941353402023,1.909850149452168,,,,,,,,,,,,,,,,,,,,
1917,,,,,1.881478543383464,0.5928965109190836,2.0257548496455584,1.2654699535627671,2.1499460333225997,2.0669219419712523,1.279421615923107,0.9053373226328844,0.771278436595797,0.9883671075583473,1.1764387147239883,0.5904883714791137,1.9679204901527303,1.838359545146539,1.351440738906312,1.809346074261384,1.3916515822321516,1.2079819264274987,,,,,1.3343613206137732,1.3412840376698054,,,,,1.4756690177660376,1.4646024061489429,0.8662512866379405,,0.8292633202962585,,0.9221652051826669,0.674744186347538,0.8705166563777734,1.0505788293728633,1.5208734343700627,0.909981198887462,0.8758066076048043,0.9876237035195915,1.8329333825272964,1.0974178203757956,0.6613218754591879,1.0193415794067027,1.866183150367215,,,,,,,,,,,,,,,,,,,,
1918,,,,,2.1456572236682407,0.5068254364792687,3.127859696541934,1.3615327201553298,2.2136522767467914,1.8862734065943565,1.666171634948346,0.9789065754148295,0.9817219072002329,1.1514999348720079,1.282470750180783,0.6541675368572694,2.011839800975917,1.8815139201600328,1.7373507789296962,2.749637095616976,1.4860449717106872,1.4589895620175783,,,,,1.2650539887624952,1.1291270332626373,,,,,1.3405830991978926,1.4670521306692261,1.1357244183642041,,1.3557591072887762,,0.9884252446534441,0.659747523614755,0.9299612466440881,1.4594675298507132,1.5274123070553387,0.9389363415334269,1.0488362026036138,1.2834024755683204,1.8364870654280825,1.2077401195395954,0.7025780235186818,1.2049420560143842,1.7149938638526578,,,,,,,,,,,,,,,,,,,,
1919,,,,,1.5755287960599655,0.43801886667378276,2.938044290861501,1.2215265343064299,1.806104571997574,1.807477547068481,1.4194669083126503,0.7721357436032625,0.9006461583665264,1.0924919536413094,1.9567727084638453,0.99264928416051,1.790895393311284,1.4759202379938368,1.6994319278864811,2.2444574742903867,1.487060570613253,1.4635291388059797,,,,,1.1464023609853453,1.0620939626105286,,,,,1.527463611878438,1.5172876201539363,1.1713485707723537,,1.1846938457976162,,1.1876462380026949,0.5734732240331484,0.8189318492761876,0.9963824279832838,1.4842577789061187,0.9673725869916486,0.8806878717837925,0.9913737137421685,1.527368502874036,1.0753201226978664,1.0206469798291165,1.1253233917237349,1.9338259542138274,,,,,,,,,,,,,,,,,,,,
1920,,,,,1.351440738906312,0.3689455564042119,2.49095606995821,1.249246930418237,2.4109492959859615,1.7655179524021227,1.060373788738009,0.5639676210665866,0.8600777345180467,0.8491595889827553,1.832395358359707,0.8044662574706309,1.9339603393670413,1.5990242365866105,1.0917766144063998,1.657389470283828,1.240862944267883,1.7574352198156624,,,,,1.1253233917237349,1.3324425364540193,,,,,0.9749786551431062,1.2199004008302023,1.4795624057563275,,1.5077037998037286,,1.140697323127279,0.5261355181178684,0.9140975191454258,1.5135107041605564,1.7479266474215094,0.9955309269958506,0.9087021715536788,0.8573234887669008,1.423024469766751,1.1305853252024765,1.1990576850427983,1.4932187035260451,1.343178754968348,,,,,,,,,,,,,,,,,,,,
1921,,,,,1.3737192205490623,0.5279544673171253,2.3063020253875144,1.01381696431005,2.1270623441243095,2.7958907802190143,1.2664075787880593,0.40051400383180985,1.2184543831069878,1.173967161038271,1.7910044824758378,1.1045858622461546,2.2211234876098507,1.5805873673897812,1.0322814691888245,1.580468053017796,1.6282383155846474,2.030502999711081,,,,,1.0806187986043747,1.0674890564910187,,,,,0.7458335812684416,1.2681530621426886,1.412572185185894,,1.198099319651687,,1.279425007392555,0.4650783984513431,1.3523237541144637,1.5762439945106255,1.800406353400602,0.9753483875925932,1.2048026999914103,1.1533354735391252,1.7523037646363082,0.9964099803081083,1.1983611162717338,1.3842937144799263,1.1798274098489574,,,,,,,,,,,,,,,,,,,,
1922,,,,,1.8005885902606764,0.38803526683149786,2.486265412474647,1.0659540291632155,2.0887961656100242,3.139949174659695,1.4499902785900658,0.75586017185795,1.3455430821568872,1.0537249115931875,2.1088870409968345,0.9595687555444162,2.4446910857603723,1.7442958383560714,1.2158364364536778,1.5431439447934723,2.333578104605887,2.2162132628791036,,,,,1.106451459175785,1.2407260274401395,,,,,0.982718219131425,1.4792641094597438,1.0277802968471328,,1.3826479962036533,,1.7019911992362338,0.7154292640137374,1.537703037123517,1.509294000383371,1.1650288237668835,1.0829988164201152,1.2579871659497306,1.4499902785900658,1.4620646391766812,0.8891888450879178,1.0250143927142124,1.4849181841210546,1.7988977010133158,,,,,,,,,,,,,,,,,,,,
1923,,,,,1.0109042725985184,0.3004523467352521,1.405121220260602,0.9704445968100169,1.1152353978581613,1.8048821236824482,0.92835983012605,0.4737911456317374,1.0941094713991393,0.6287578021981188,1.4560503239726317,0.598690371590635,1.8403231826513455,1.0763630336475225,1.0952555264096264,1.2159708498371242,2.03786304174011,0.9515561203247306,,,,,0.8139916956145317,1.024444663008181,,,,,0.5169703193110378,0.8563053581742758,1.467729035669229,,0.7121608607625549,,1.2295338506777358,0.5314890272695197,1.0020682730111246,0.7909123464001638,1.0247936298206943,0.6213656516260332,0.7674001005251737,0.8151452166960439,0.9081630633439918,0.459867696989153,1.0095212307817696,1.3738937283595853,1.2630056588977152,,,,,,,,,,,,,,,,,,,,
1924,,,,,1.1537263479169213,0.28374965451524703,2.426111492025042,1.3137099114072066,1.5820238464319953,2.108808752313614,1.1990404897004285,0.7608351502151076,1.1373488431198182,0.7717319863887896,1.83745718557371,0.9424998158505292,2.1612529111142194,1.5422915446271417,1.299759134970593,1.1367004204409203,2.1944703302064443,1.2000749023580648,,,,,1.188232413716398,1.4188860156516656,,,,,0.7067894185267232,1.0910475426601427,1.3584739808947948,,0.8196621945291164,,1.6031649922365054,0.6800975244121553,1.0199946232571286,0.8563442385469198,1.3371003282927352,0.7524633196550452,1.0900148218839245,1.0633000569041533,1.1477983763546888,0.5138594580889191,0.9833128633767263,1.4962930736770237,1.621273737448229,,,,,,,,,,,,,,,,,,,,
1925,,,,,1.56032342678222,0.3559817059012273,2.262500402979078,1.2683600589625097,1.664556665813287,2.2716239846203012,1.492190435115687,0.8817991698457136,0.4424834603763834,0.34498626656133435,1.354890538897905,0.9025861886586224,2.3443388000371654,2.046267889870438,1.3190651368521606,1.1810767094597199,2.1704588147137263,1.0406766514381076,,,,,0.8175111164129434,1.3262139801053692,,,,,0.8975839540813156,1.281901467805134,1.0828133241771911,,1.10903732136016,,1.4379948888349998,0.7293915323676263,1.234518837783999,0.914682734828733,1.265986564354956,0.5454575563016083,0.9915707554506485,0.9721846774238565,1.4517529447100503,1.0014017570757499,1.212426720029922,1.2741684207540833,1.922178851730155,,,,,,,,,,,,,,,,,,,,
1926,,,,,1.1763855654029318,0.33948312132959757,2.0732808656117947,1.4433495676456598,1.6670379560610504,2.2532413403082305,1.175765518197966,0.5730429978397436,0.7170215939389237,0.5875422654083435,1.4232163994325455,1.1426346193141677,2.0433261600186006,1.316752879696001,1.2561248432868035,1.0394188467903775,1.6279830251971836,0.85913994749085,,,,,0.8924136799055836,1.3523295612148483,,,,,0.8291345048555404,1.076310430477275,0.9447974937724746,,0.8249946811404296,,1.4376707161739286,0.681807271555218,0.7115283889843482,0.5871252478558616,1.3652355383424801,0.4679839940958784,0.9451065237420201,0.8592132632985137,1.4833132402444578,1.0022748194198037,0.975814544095065,1.3579688472714289,1.3707501014896049,,,,,,,,,,,,,,,,,,,,
1927,,,,,1.969947438939805,0.6458780081485456,2.4463551993994237,1.6454877160566617,1.8738267614574946,2.988470482207005,1.944767887314667,1.2898731033050495,0.9707002159817546,0.7292785179854775,2.644145015277947,1.5156167188580572,2.36831976574702,2.4132693563843968,1.721907611910155,1.4150904181455628,1.9673814673997212,1.1079328921480833,,,,,0.8953640751240189,1.6526498062476855,,,,,1.23635711909955,1.2924257982775944,0.8443848408086225,,1.3640884217412281,,1.7060118821696464,0.7188904664089371,1.4260263753205824,1.4244520527057667,1.297294889280477,0.5726966986017133,1.2718521303364962,1.4246555453584189,1.7251567597233237,1.274811092648911,1.1349914901425056,1.5212349009907111,1.5595503505263146,,,,,,,,,,,,,,,,,,,,
1928,,,,,1.4205316858407884,0.37749123966717113,2.13667807905865,1.3031539408070356,1.285462008002676,1.792356032698473,1.4947739759111398,0.766448021525603,0.76032711127188,0.9125808490529232,1.9029801096988042,1.2170275847324867,1.7169224059627828,1.6018835714689954,1.2776131886740925,1.0411629261252178,1.4494777948229234,0.7914753029768993,,,,,1.0723459138131242,1.361516307383373,,,,,0.714972299874903,0.9423858913689643,0.7777998806445197,,0.9347107489653442,,0.9444538759693546,0.47141001037220287,0.8574637240817683,0.8236916418308622,0.8689859694086144,0.5212396355039084,0.8984289936248336,0.8153312595878943,1.1065793851188968,0.7589668676294951,1.1271685707281465,1.2378355023275487,1.1521069356712248,,,,,,,,,,,,,,,,,,,,
1929,,,,,1.0332639839939837,0.3958405430354538,1.7211467142734431,0.9866566007448868,1.289080699109644,1.9792034091469772,1.3155387596569752,0.7207193829335983,0.6351049401083928,0.7096952531824662,1.135283869092683,1.0905933902648437,1.5733190691745123,1.4197649903876879,1.054404376156807,0.9797320681081746,1.202130245893443,0.883275531220219,,,,,0.7736471889547178,1.065241757750199,,,,,0.5730429978397436,0.8267220629696327,0.6397939982172923,,0.8620655157626765,,0.8355094996582575,0.32736893590335336,0.6750738220144704,0.4859283758668568,0.8963704336145221,0.5491841016585872,0.7265031934747055,0.6804510825811941,0.9293066788400441,0.6501144573608624,0.8391562471545794,1.112301441044032,1.0663592098619774,,,,,,,,,,,,,,,,,,,,
1930,,,,,2.005515924460063,0.5404195225302489,3.502630932644348,1.6090647269076224,2.0525559130101247,3.0487781613863008,2.163000417685589,1.5690024447655537,1.4444584352449716,1.6428709174486105,2.0630541455054225,1.6841421851750216,2.404008635960859,2.598332356391473,1.724000345470764,1.6501283121025194,2.185768843134911,1.587719192689453,,,,,1.177436210114178,1.7352488220386348,,,,,1.1943269475046754,1.468752551458386,0.7122905027932961,,1.6125662420909386,,1.4680422290708983,0.6223873845171893,1.2431327062373234,0.958012383558846,1.1402724012517698,0.6544791300793518,1.4572350870258783,1.2522633997127097,1.5023010970638906,1.16230811849665,1.2469362361254617,1.625570864320247,1.6334053817355187,,,,,,,,,,,,,,,,,,,,
1931,,,,,1.6223659538718636,0.4334524004557586,2.326955143527946,1.1891070784188267,1.646020207779704,2.5246437730024534,1.575560338262039,0.8236917498079392,1.0661875061604624,0.852577804440952,1.4444626319631932,1.6727317752531974,1.658969262936803,1.9516541924617177,1.4615619504702033,1.3823871267951338,1.370052468053947,1.0473475706688116,,,,,0.9798649723105045,1.3181748883770281,,,,,1.1017690309430543,1.23635711909955,0.85220152059487,,0.6819794080693006,,1.0741948022141405,0.44909404036734923,0.8551858461241251,0.7283280855315314,0.9244625302495156,0.6290060729641785,0.9806262549874402,1.0275393510404602,0.9637430228754615,1.0827822543930057,1.0361735165335688,0.9655396972184026,1.3865722002536809,,,,,,,,,,,,,,,,,,,,
1932,,,,,0.9935733544554527,0.7603480206167832,1.734114489360789,0.7932566043605188,1.1129224727322833,2.695358090239265,1.281527105380325,0.5337445282455093,1.0690899492689911,0.7725297845160966,1.4290100492090254,1.149344232821714,1.2535212980221628,1.4868407998521425,1.07747575208824,1.0069202745577133,1.2128738675920934,0.6621920262260743,,,,,0.8297606772970647,1.1471607450093888,,,,,0.8888872389514378,0.8579667598498835,0.6120408027201814,,0.5427787660517629,,0.82569516977304,0.35792057079333295,0.7545206740197882,0.5651953306068697,1.024444663008181,0.7103353955997631,0.806477704683633,0.5263414897097763,0.5736584212516376,0.5692534991007542,0.9480504871183059,0.9249291175590415,1.195550471637033,,,,,,,,,,,,,,,,,,,,
1933,,,,,1.054682564287997,0.6528719188223185,1.4873561331759726,0.6217806077250132,1.054031298954308,2.6586481293048987,0.9856756502933862,0.7541668009930259,0.9853407165710079,0.8961780163492366,1.6082150226822143,1.0846933865651196,1.0727630954315235,1.4282911200029733,0.8961780163492366,0.7352741967024926,1.1461344770853328,0.45768825192154466,,,,,0.7560728481409058,0.798603549888741,,,,,0.844847470258375,1.0267020377962073,0.30726490720131205,,0.3993103253037548,,0.8520183305587402,0.40178327938637926,0.866075423075862,0.7958791778880169,0.9785420797597696,0.8718600099180097,0.6572086436409448,0.3896857222090132,0.8799044188232444,0.4869744986319644,0.8784044260212136,0.8038167256839248,1.2016609153934876,,,,,,,,,,,,,,,,,,,,
1934,,,,,1.177369348989886,0.9260958352981682,2.36276630935505,1.3466669615327607,1.9891818264584757,3.3687667005794544,1.44832000105603,1.0976192817944797,1.3753694303369484,1.22424953143112,2.551988533219734,1.1759627999899278,1.6008513079973425,2.128006233450841,1.6119285497176414,1.1983743075459774,1.609244445617811,0.8939848921265596,,,,,1.2133082651832827,1.277643547145172,,,,,1.1386327129697982,1.3854192591054233,0.48016139878950914,,0.327641286111558,,1.1118160621985917,0.43005240847991094,0.6951588784698369,0.7182223794841389,1.154297353054673,0.7951622878673865,1.0150663151712724,1.1264711119324677,1.4604048857714573,0.8643195324155496,0.8270850129081456,1.1724015940228196,1.525285098407128,,,,,,,,,,,,,,,,,,,,
1935,,,,,0.7522000533446204,0.4002094175225888,1.7955559487103474,0.9233853545588568,1.3304561238916832,2.2378295547657854,1.1738664234403835,0.7339065598198271,1.056398044271589,0.7570791407469338,1.6622702087441772,1.067343419710648,1.1763855654029318,1.4573146982371883,1.391388691102473,0.946825504095409,0.966713525186198,0.6666869846130932,,,,,0.8374297100162996,0.9296154865509914,,,,,0.6793112177670119,0.6945935195075776,0.3778477495832562,,0.6947038256559965,,0.6168788792192442,0.3447276777330722,0.6874258110312381,0.5665093932023256,0.7868099265250026,0.7697142087563956,0.8400867202822212,0.7595606269320129,0.6389773095260658,0.4324452558873667,0.7011367514071041,0.7408037442488677,1.2410740807734784,,,,,,,,,,,,,,,,,,,,
1936,,,,,0.8758103341594812,0.3648629462003915,2.196159762194038,1.127332541598681,1.3734701117295167,2.3906633476178683,1.314267718947877,0.8841426534035793,0.8877183639025763,0.6362923330331386,1.6507221466314448,1.0466897950651435,1.5231552362936638,1.8929232389466595,1.6215191712779986,1.158410858733148,1.0836944349219337,0.8055946043218317,,,,,0.7382580269146791,1.0812033067810236,,,,,0.7055108783483145,0.6486474446402385,0.5186616495474422,,0.9195281722287739,,0.8253882877109678,0.4534790032688081,0.6631069900526846,0.671389158107659,0.8386581106331539,0.6102702160012395,0.8423723228426427,0.5764332100648585,0.9771536874067899,0.48652059582832097,0.8426584977882672,0.9112936947115862,1.5023010970638906,,,,,,,,,,,,,,,,,,,,
1937,,,,,1.3058661668598615,0.6774364238097903,2.7055980998368345,1.2311124011080696,1.6658606818003483,2.3723574657146194,2.0571016522174563,1.4260929918265672,1.2604928556157895,1.522568692196226,1.9671468600217799,1.6507765754219357,1.8263978817952995,2.328893322569407,2.489605564266802,1.496015508891582,1.7566261299834458,1.1067517633245283,,,,,1.174215965174593,1.7389675507240834,,,,,1.2683600589625097,1.9069414328689038,0.4839365595770639,,1.0664668056552873,,1.2310985882706937,0.7123542630682832,0.897455072442581,0.8039917721522087,1.0892130459066982,0.874909409371191,1.3860213928947378,1.0401075769638823,1.0753406749418541,1.1911203498807945,0.9061167043511211,0.9368477933455172,1.6594450175136854,,,,,,,,,,,,,,,,,,,,
1938,,,,,1.4118502895010385,0.4223278256559192,2.7385969738934612,0.9051934661422524,1.4174846942841677,2.2072654033854615,1.3654598954670882,0.9866566007448868,0.8942865800171718,1.2159708498371242,1.9922939753236892,1.631038057055547,1.7828868743425599,1.674049710103901,1.3190192269419654,1.159887872548259,1.527463611878438,1.1094480820948078,,,,,1.2063519530750495,1.4913580759544516,,,,,1.1253233917237349,1.5747048158092956,0.583131557707829,,1.1047496412271385,,1.1386348158362904,0.5664024525742444,0.9965231667523358,0.8750203506041773,0.9909225653490223,0.6632224730231271,1.2892843052620417,1.110882626820682,1.2958245404902198,0.8698410299749856,1.0365882101829946,1.1526201689042654,1.8991112998277895,,,,,,,,,,,,,,,,,,,,
1939,,,,,1.334161343456581,0.44189256158535006,2.4389935059944023,0.8568825612263601,1.4203636104173585,2.1262270414262514,1.508895537721474,0.9901936780969984,0.6780312693561775,1.1987022615558796,1.775038188664042,1.2750920334512486,1.7016498752994473,2.0720644025609123,1.6533824297322477,1.413845966756034,1.508895537721474,1.1803127909969746,,,,,1.0056417581043926,1.4718461569983448,,,,,1.031499762304176,0.9947057117302672,0.5175738303846283,,0.8088385921258385,,0.8731491378843661,0.3939868547364212,1.0421788461970907,0.935010088867587,1.1650956376545119,0.8216265660267644,1.0873898903455579,1.0214062101499208,1.0207402805608234,0.7914874827163406,0.9785140627484809,1.196128879380114,1.6627159362590966,,,,,,,,,,,,,,,,,,,,
1940,,,,,1.1933646506402853,0.38791938168534956,2.1422064030659,1.0616447320353724,1.2986060888075497,2.2349839163920198,1.5382817613661608,0.9661495012152967,0.8143562590048461,1.0774734893316744,1.2674703109063945,1.301867609184916,1.3992906352144823,1.808588793415257,1.3882831497158112,1.33057244472579,1.1886722701465786,0.9285511001362917,,,,,1.2686215387364843,1.3237730137780455,,,,,0.9835124081562533,1.0217743755389384,0.6602841470478008,,0.9232390120980515,,0.8398405673455852,0.470566833693753,0.8224657292396885,0.8948148455726709,0.9948489723600212,0.610253104365304,1.1416684849938619,1.0488284736587459,0.9335368410555298,0.6033053075139123,0.9576269054674227,0.9574447067334886,1.2230890918335955,,,,,,,,,,,,,,,,,,,,
1941,,,,,1.875480463308107,0.6125613032002919,3.184934196106117,1.5225994727569083,1.8460205033558077,2.9113910700685386,2.1058247552816254,1.3634097887446417,1.1051386854054943,1.9541074319659097,2.1601895770493384,2.0264249614236642,2.169639774014968,2.081015320802298,2.4114517245536757,1.7359535029629405,1.544271487206525,1.4683598631222443,,,,,1.5827676723778539,1.7357975137363548,,,,,1.8006482963594184,1.8781485488483316,0.9784507862550962,,1.002478896617999,,1.0882579630396987,0.68731195799268,1.5518082322802649,1.3525758649657205,0.9476545284860167,0.9820618591880271,1.636372668904825,1.4974753815336002,1.4056042278812877,1.2368857534742035,1.2682839943336257,1.059746109385982,2.1481808596447736,,,,,,,,,,,,,,,,,,,,
1942,,,,,1.4053750652724106,0.5224330593612483,1.8778726830668537,1.043744107017305,1.092407377957989,1.86699800907576,1.3394231000331431,0.9202352994330195,0.9297371884843882,1.2902294988974248,1.3830830767048652,1.2392171421777107,1.318353205359996,1.478451355097809,1.5399513373937006,1.0621017906213026,1.1514338930109476,1.0061162719678876,,,,,0.8831217578216516,1.1036837017495134,,,,,1.4110259912882226,1.0274691837477579,0.633299989651961,,0.9300747889550884,,0.9746414398613188,0.5471831834690534,0.8207504021970174,0.7026179842360396,0.9233853545588568,0.6643309194968715,1.0659635421072784,0.9164473842332033,0.9759034654580995,0.717530246171556,0.9169272680137504,0.6967761689871967,1.5237490312999629,,,,,,,,,,,,,,,,,,,,
1943,,,,,1.6369308780231209,0.5436925966114401,2.189316907402152,1.2507952672511968,1.4716877461090951,2.394893097830976,1.083743775074309,0.8977779743551737,0.9762710037652231,1.478451355097809,2.1002407857975536,1.5567189664451617,1.441262478935895,1.6884744152502584,1.7283304573678613,1.3433962577621827,1.6020560153272394,1.3394231000331431,,,,,1.0659635421072784,1.2377129330515602,,,,,1.4120646556223566,1.031499762304176,0.8066568098201699,,0.8115981865626971,,0.8797009788367054,0.5314191319987752,1.0499014644542448,0.7887668113890199,0.9269178675366933,0.691929508310105,1.2234884015582057,1.2015420114954294,0.6962859480330943,0.8603239348871421,0.9230603729084689,1.2365042356173355,1.7973551281170992,,,,,,,,,,,,,,,,,,,,
1944,,,,,1.5175515163139512,0.67822299699292,2.1697468921704433,1.1550178274122815,1.641164207098709,2.0603628445527336,1.4408584526042172,1.0731235201629958,0.9116891710028452,1.2507217890742655,2.0580432820616643,1.2664075787880593,1.626378493718098,1.8798930137876801,1.9594641362163492,1.4539623310058278,1.5589616044570218,1.083743775074309,,,,,1.041266724730388,1.1909508322832303,,,,,1.3634097887446417,1.4260929918265672,0.5254662224817117,,0.6602677752644127,,0.9538217301350276,0.5684670726571153,0.8684813605040058,0.7546116472426905,1.0803639438295305,0.8265833875844827,1.303099088759771,1.133790257786925,1.0228735448887196,0.9447129428020458,0.9671611389805397,1.0294482801202192,1.5117952972385897,,,,,,,,,,,,,,,,,,,,
1945,,,,,1.976964554762183,0.6429677274439096,2.0276979636793384,1.1345701886305968,1.9377054364263568,2.651111411467145,1.5872003378663202,1.277643547145172,1.0689597907048274,1.2741497093449832,1.975247407039183,1.540614671001945,1.4053700710931207,1.6127849812609893,1.8381176134812873,1.6279542273781868,1.6582690097110808,1.3227553007514126,,,,,0.8600453985814489,1.0897744629486863,,,,,1.044591420978022,1.3813192410428417,0.5950787604241738,,0.8074948766897027,,0.9147740765144494,0.41280699009925775,0.7615757614355534,0.8741347589676645,0.9554819920390442,0.9903526671684011,1.0460649555401662,1.1370987495161697,1.0647074828870338,1.0565148846542716,1.143958176419223,1.278814408147853,1.0547649565795176,,,,,,,,,,,,,,,,,,,,
1946,,,,,1.4576280965753046,0.5696487828947664,1.7018552829458953,0.8543777709857956,1.5170861498618862,2.2957597018529663,1.3790137097648825,1.055239200949774,0.9369272455097473,1.0472629748447981,1.4635291388059797,1.335932438474072,1.2650578491454907,1.4054928832368083,1.5708944622671972,1.2249383988938445,1.1888049222111057,0.900203176700301,,,,,0.7060938449896121,1.1168892819509122,,,,,1.1720990220748102,1.3120066234785228,0.5694744922883662,,0.5896933738988416,,0.9366089862942968,0.34152638173982985,0.7637921835445983,0.8725009358248883,0.5796558502413612,0.6172893944313487,1.0209874429237888,0.7608351502151076,1.137468095304056,0.8640344469278597,0.9957907195789052,1.1361757698177546,1.185591788140523,,,,,,,,,,,,,,,,,,,,
1947,,,,,1.2298764259230277,0.5525802217299203,1.3462922451897386,0.7005692976098697,1.3285988358280056,1.8120751234461419,1.2392853197831653,1.0309147808842318,0.7820045479033444,0.9020327459579515,1.5095917913801202,1.334780922496703,1.104926313522552,1.3865170566389862,1.3425603660769512,1.2288711943567463,1.5729390597247865,1.1412527253226614,,,,,0.8115541212983961,1.0399644313241743,,,,,0.7736471889547178,1.065241757750199,0.6479618845950237,,0.5900451572549884,,0.7099209039792813,0.47951836381888147,0.9328521553854879,1.024906935392217,0.6066541325916414,0.29571303374191327,0.8124661775787306,0.6434750698874127,1.0837564547930885,0.811119489392603,0.954925074726084,0.9120588057980589,1.2587966751914643,,,,,,,,,,,,,,,,,,,,
1948,,,,,1.127935808272608,0.4782277921833338,1.790343760558556,0.857147588473956,1.434948145364333,2.361953485916455,1.2415931619861111,0.8568825612263601,0.8948014269833324,0.8403133676599917,1.9402584219461438,1.3339278132094776,1.1083801930254673,1.576808299402602,1.407524890830486,1.2991000447354777,1.7668825766725427,1.2392853197831653,,,,,0.6290060729641785,0.9892033884938685,,,,,0.7766068619902025,1.1898849065407782,0.6126775492898029,,0.5898372345596912,,0.8004249873886152,0.5400721372674226,1.1996355857169039,1.5142940729706553,1.0150663151712724,0.43069917150570536,1.2365097627106987,1.122209204102831,1.3554772098078578,0.8415132841511874,0.7036889707267024,0.9813151946618949,0.6831324258206697,,,,,,,,,,,,,,,,,,,,
1949,,,,,1.5708944622671972,0.9413776597504832,2.181830225206433,0.9099688774086523,1.9219379757150301,2.068013503613303,1.2421000254048624,0.9605357099367655,1.1447456563522538,1.3245189714981858,2.1257555786799562,1.7184265265970273,1.3168161662237632,1.809488741160115,1.8921699592831225,1.2170275847324867,2.0064692718078545,1.384853911446047,,,,,0.8155702690219502,1.2509751252093801,,,,,1.3567361155068525,1.9399554961020413,0.8800690250215703,,0.9112708118172169,,0.9904748077253769,0.6074512728552265,0.9605357099367655,1.55214691375133,1.094658453701076,0.6193899877590945,1.6644600189343821,1.695944265456639,1.4307118990093148,1.1234412643836282,1.0521261697648707,1.136060012923467,0.8260483292574438,,,,,,,,,,,,,,,,,,,,
1950,,,,,2.2445931120349027,1.3484950818406252,2.5999110783104356,1.119361729085167,2.476909266422732,3.4425921982587897,1.2933810363244551,1.1673262624469631,1.5085608046153944,1.8515698746754665,1.9710805349583707,1.7186320864641242,1.483896630309711,2.316821717466296,1.977813275221521,1.5704544819813748,2.059829057850058,1.695944265456639,,,,,0.7926000090163724,1.2552779466481991,,,,,1.5086557769037539,2.119753550560827,0.6710771592528968,,0.6496953226183146,,0.9965159839407598,0.6161107306079621,1.3525758649657205,1.5827254215901896,1.4550067394554735,0.8622437285701021,1.8818840812861481,1.6526535464145813,1.4070782881898478,1.3510828237952688,1.1715879868594719,1.5664697070987514,0.9653369079887292,,,,,,,,,,,,,,,,,,,,
1951,,,,,2.205822590107478,1.0415411844752773,1.9003117726329577,1.0946032345582075,1.6568787933692322,2.1805269610388156,1.0330311155381575,0.5855149868633663,0.923780051441566,1.263720936799798,1.7208621241360929,1.4268297042788152,1.302038663414145,1.9806402512085735,2.4642558267596057,1.5529103265899549,1.6096066218850362,1.1017690309430543,,,,,1.007205564632023,1.0209874429237888,,,,,1.28532384183954,1.8717270700517368,0.7567607671476796,,0.3258971045568793,,0.9458270047878599,0.5109771490269904,0.9164582403078776,1.1806077744163526,1.617024958377194,0.8115312299808581,1.274009724838172,1.3693668275738367,0.8435469868067116,0.8744212134775065,1.090978524605093,1.2607387902044411,0.8485395999978481,,,,,,,,,,,,,,,,,,,,
1952,,,,,1.576808299402602,0.6767931773719753,1.4073470158605528,0.6537905972126038,1.5139862587478568,2.442834118428996,0.7482934736574179,0.6636872846639004,0.6993954776782612,0.821754997841855,1.5836383826232072,1.0433583266244977,0.849546405049974,1.4340431878778475,1.4749448679212782,1.0784718024658773,1.4000329507138787,1.0570550949692774,,,,,0.663546731686548,0.7076318320847009,,,,,0.7583176657395516,1.4279545526916626,0.6845637583892618,,0.5010587849324466,,0.7627422525522868,0.3919745828441038,0.694319005494542,0.7636274175443212,1.0056417581043926,0.7572665698152493,0.7164041666101508,0.8689859694086144,0.5416773139529375,0.47992760907496446,0.8301436233154109,0.7721244906798291,0.7539788517444029,,,,,,,,,,,,,,,,,,,,
1953,,,,,1.9146915749484938,0.7940791878973653,2.039826663303324,1.0471666081269628,1.8174529137572848,2.366936263676227,1.0659540291632155,0.924014261929825,1.1081066314395518,0.9911769092685121,1.786106732941504,1.2978002506113535,1.2057258622768379,1.70927646727222,2.151064781816771,1.4808858384433625,1.5747048158092956,1.6414179422162718,,,,,0.8490716048712899,1.2891271994217923,,,,,1.5225994727569083,2.060228916140035,0.6833407771326484,,0.6385998107852411,,0.7740796444504802,0.674914249941008,1.062616401219299,1.112614521134898,1.06149965486114,0.5683631594213715,1.272595504539914,1.1144064850342708,0.8143873020647278,0.7934389269855222,1.2163974930661468,1.201012007409544,1.1757115479270472,,,,,,,,,,,,,,,,,,,,
1954,,,,,2.1904496237863165,0.8322942118807988,2.4084831986920143,1.5463065960369389,2.013522333862494,2.629961275201718,1.4071446653745243,1.2119272469463194,1.0648366108395795,1.0129045731983526,2.2158657842961667,1.4157208836557453,1.5191411841856775,2.28098133381564,2.6377723260373767,1.6602449794364076,1.5769724698162775,1.2597638526474364,,,,,0.9809590347495171,1.3210000150272874,,,,,1.9092880006414117,2.338416454200819,0.6453053477726918,,0.666411060085313,,0.8833383262085812,0.5091545372928126,0.9514918172833868,0.8989545126113053,1.115721473971274,0.6772127158241917,1.1672715525207036,1.261577975853022,0.9824824581548349,1.3361900786241203,1.1627671145407537,1.1460484333839636,1.2959684542553178,,,,,,,,,,,,,,,,,,,,
1955,,,,,0.821754997841855,0.40676691585817026,1.2318035595548498,0.6577179588886696,1.0745073674507408,1.3066474719745973,0.6568549557036033,0.46602423871952486,0.9510027528120513,0.52800493838325,1.1985197445078761,0.8467232660548576,0.8121070823776698,1.3760607035681847,1.30945224719046,0.887519094332021,1.7029572925648973,1.1887946310922706,,,,,0.6101646751812769,0.768656878271807,,,,,0.689213718689435,1.0080971308545412,0.3391333259448077,,0.13960339633164706,,0.5799440454051784,0.25070879703679877,0.5333388509790118,0.6182548813553493,0.5974058949969996,0.46110188457513807,0.4770734899510245,0.6325269943812476,0.407169239390131,0.6852943622907869,0.8493752677604881,0.697057376983997,0.7419738453001796,,,,,,,,,,,,,,,,,,,,
1956,,,,,0.9911769092685121,0.3490256913394523,1.446979509555073,0.6605000075136437,1.1426346193141677,1.3323891356389188,0.5853969502903891,0.4151521763614043,1.018053245972062,0.444573458075875,0.9738678933966516,0.9398302712099729,1.0631135207131257,1.4657004710573975,0.8468065868111906,0.8894528497588734,2.244021642779825,1.8002691378543199,,,,,0.6626020693764229,0.8758816858262434,,,,,0.6160095079532167,0.7835949212642034,0.2629253203711887,,,,0.5908226036053964,0.40554700981471503,0.755058020757304,0.6789940077240257,0.805972434276235,0.542119191163925,0.6633185917014173,0.6585715690766878,0.37646868199493394,0.34367500922386807,0.6916385673391862,0.8251683280765632,0.891149582520237,,,,,,,,,,,,,,,,,,,,
1957,,,,,0.9073936801568575,0.5630132566749215,2.0079200228414766,1.007205564632023,1.645526723331605,1.3797852006812592,0.5871252478558616,0.6753284030400866,1.0626204613702617,0.7009871818100597,1.2701753541515626,1.3333739692261863,1.1905989087321973,1.7485475101031585,1.1258278980585807,1.180309768903247,2.5197458553814065,1.9025400884437647,,,,,0.8225150537097574,0.9021385801757454,,,,,0.9540703858939109,1.5225994727569083,0.4133662454408135,,,,0.706621552933721,0.44690280917643377,0.9090959271693472,0.760705255393133,0.9892033884938685,0.43340963824057493,1.2209417708824122,1.2231775996997118,0.34424542785070134,0.8034630911247862,0.8712394712857657,0.6927517439137165,0.7861857917038552,,,,,,,,,,,,,,,,,,,,
1958,,,,,0.9715290866251801,0.48591276565767916,1.8288732620949888,1.0351329014310149,1.6082150226822143,1.212493375086446,0.7367855445029827,0.6499777695776089,0.8818241386484745,0.5330937530802312,1.0928844215674556,1.012747502576017,0.8168651203789427,1.3256715370935488,1.1301587565300903,1.0484662033085268,2.2594756698091474,1.8347663995495678,,,,,0.7962663723146166,1.166545879161588,,,,,1.2945117742209025,1.2219443204105034,0.22592196094355643,,,,0.6225478668700472,0.3219315170255099,0.6837766135956446,0.8413772557785428,0.7036735079302764,0.4865475844869697,1.0895027079748691,1.031499762304176,0.6219474902221939,0.6916385673391862,0.9812901081963328,0.7413933061585087,0.5653756964383785,,,,,,,,,,,,,,,,,,,,
1959,,,,,0.9103170808220298,0.2916691125336743,1.1147585092334005,0.5837367283490117,0.9160984478224686,0.8041075113411071,0.3934049632625013,0.5466650304834536,0.8140888830619536,0.47039957767835605,0.9362025198368638,0.8300638224933962,0.6712801830384756,1.071022518011965,0.8125083614444332,0.8266905220692498,1.327741751010942,1.0806187986043747,,,,,0.5314647355974973,0.7958669676277524,,,,,0.8303043527228086,1.174215965174593,0.33693019158775595,,,,0.4946289366006018,0.26386804958331,0.5831093658490172,0.54393649687067,0.6014873494355956,0.10827822543930056,0.585478814723935,0.5655196346898457,0.24334137823131882,0.5808263141905106,0.6082188898974993,0.3805612295705577,0.14930433871186674,,,,,,,,,,,,,,,,,,,,
1960,,,,,1.4019743636201194,0.37003378322307084,1.8042771603514909,1.166545879161588,1.7060141616058662,1.5922663497866716,0.9619901857262646,0.8861073803566444,0.9512198028525434,0.7711362129686148,1.395949168360711,1.0863345803844993,0.9873682070004901,1.4613300197330077,1.285227021614358,1.3422021404749984,1.8006482963594184,1.4998564224382862,,,,,0.74515485510319,0.9011388143519352,,,,,1.2987084673847817,1.5143567070516577,0.3364855948977347,,,,0.5808990402749816,0.35430945555841403,0.8496206058713708,0.9332367033292703,1.0733457733301368,0.37950233273383616,0.8799113480738042,1.0606558458007533,0.8710984160276589,0.9345620078060312,0.8232058735472959,0.5759419732846718,0.1998843621763285,,,,,,,,,,,,,,,,,,,,
1961,,,,,0.9808925056676255,0.4488411723303584,1.802843631431545,0.9550403611533029,1.6727317752531974,1.399806491574044,0.7178904166203237,0.6014873494355956,0.9072681101082589,0.8166255992625631,1.283670614335573,1.0183090745856251,0.9040367583241585,1.2935486256386803,1.1389778094977854,1.0325156900432093,1.2377420976212479,1.3566528260242194,,,,,0.7732554270951612,1.0613097467222679,,,,,0.9359679881917568,1.3408556774725235,0.3369178258156861,,,,0.6662354143477892,0.3577123149519617,0.5831812127136425,0.652610913454757,0.7600490048317158,0.4328662210061906,0.9368200905647036,1.0149485200494233,0.8765719766300747,0.8772387835060087,0.9417832831628216,0.7333962994706538,0.6412915520394563,,,,,,,,,,,,,,,,,,,,
1962,,,,,0.6842175675321542,0.2735673058281621,1.1142137546788533,0.6891061521514799,1.2819608750703733,1.3205777173051558,0.29727676960470667,0.34032914764126293,0.6147474871316938,0.25870972512773605,0.8735898419068118,0.8356959901226625,0.5891358692149212,0.9526733661393503,0.8408066066651423,0.7430224858553436,0.9661495012152967,0.9654388361445735,,,,,0.6959234958480657,0.7962663723146166,,,,,0.6768233710747521,0.8025973000169595,0.4911656850761196,,,,0.42885430922935386,0.3613966963521761,0.4136308102101503,0.6307971700463546,0.5787918038220292,0.1890698977159015,0.697805402400655,0.7431919240117667,0.8104789515290822,0.6152072364588331,0.7199509501317188,0.5045669832743198,0.5339010399200881,,,,,,,,,,,,,,,,,,,,
1963,,,,,0.7925566633288541,0.23483716592559895,1.5107327181782442,0.7163840790375308,1.726654778613864,1.4808858384433625,0.3966283021802594,0.47175455472313393,0.7306946496287717,0.45468501565741715,0.966713525186198,0.9555992760001907,0.7161085308532189,0.956235959432668,0.8227633616658026,0.6308741814722891,0.9419922176781161,0.7927380522792179,,,,,0.8319987490161657,0.9832097608553698,,,,,0.8861073803566444,1.011933429880923,0.6066914498141264,,,,0.5451746310895763,0.37655207793411555,0.5608637483930592,0.8941534616135106,0.5548200063114607,0.4324452558873667,0.9677881104280797,0.818045873246785,0.9217653308024355,0.5297530967790871,0.6526578257075615,0.5349717610421886,0.5645625016751502,,,,,,,,,,,,,,,,,,,,
1964,,,,,1.1819581041958152,0.3534057441776427,1.5919646200834014,0.95551964677754,1.4865944830061353,1.3503325832749449,0.4974244861800106,0.3157046202665614,0.8696076786509348,0.49985061515798557,1.4526116893634433,1.0295143248043501,0.7796137159012471,1.221464597096625,0.8910380531077133,0.6317120443545585,1.0943338695960232,0.9915707554506485,,,,,0.9140221042931865,1.0911196092582425,,,,,1.3075811944252076,1.2987084673847817,0.42129768699309095,,,,0.5968657322954708,0.3629272319651709,0.5840535474931385,0.7989205935556654,0.5566136015071705,0.3784049078664719,0.9421544376687304,0.8953640751240189,0.7121608607625549,0.7999455001463543,0.4402124145500895,0.4656934791905439,0.6772317115752778,,,,,,,,,,,,,,,,,,,,
1965,,,,,0.5820968815374062,0.2559187975040361,1.3536528329348483,0.47831826203774747,1.2674703109063945,0.9540830264069226,0.4239507101121654,0.3698800042076405,0.5959899280843731,0.28355428146885936,0.8089725598607973,0.6109649228221355,0.6537549827090187,0.6342873164944887,0.8288509766012812,0.5201316841450957,0.9227162514205952,0.6217806077250132,,,,,0.5922113608203449,0.6932634863611791,,,,,0.8115541212983961,0.8579706558424437,0.4620960434913923,,,,0.4853287340550166,0.07882557853530858,0.5785980065819518,0.7095054220226589,0.47775364681431454,0.27070917042745335,0.6193899877590945,0.5985186495701158,0.4632873273425441,0.32632891285378074,0.4964653457560456,0.43357299143136613,0.5631614753353378,,,,,,,,,,,,,,,,,,,,
1966,,,,,0.7361566920167707,0.27656242160985245,1.2223688918742437,0.42580277434468,1.403009725300086,1.489833523346113,0.5240835796144863,0.39758114393369326,0.8965790482727806,0.349951622893511,0.87944874623304,0.5654315348213785,0.9073936801568575,0.7923466303830935,0.699903245787022,0.611714648780184,1.297730768569204,0.8728396972897522,,,,,0.6463199872268811,0.9635863788665523,,,,,0.9173005230727604,0.8850767160208297,0.541216600341103,,,,0.6164984526716405,0.19161200538140075,0.649382535091699,0.7424935877635358,0.557203240696784,0.2174602574937464,0.5927925633919452,0.7237344670866716,0.9659357315072363,0.5948816412839047,0.5186130820623472,0.5469858653116586,0.6550660088527995,,,,,,,,,,,,,,,,,,,,
1967,,,,,0.45638534427468247,0.3966611903732639,0.7983802018962749,0.34663174318058954,1.003850620189015,0.8685298299476722,0.375777513866227,0.318502431209543,0.7365436382371033,0.41818294381329935,0.6731995475988114,0.4251713466700969,0.61248572852457,0.6188776638270769,0.6602888586525779,0.5434301444640293,0.9770215360521902,0.6987781061526485,,,,,0.7275181459810237,0.8051600796930635,,,,,0.7629528323108566,0.8079214350310581,0.38946162657502864,,,,0.5093254815541177,0.14654627452983165,0.607808806224878,0.5412787989666129,0.6893225649591201,0.27292671817804853,0.5410208199872388,0.6763995249592086,0.6456480113272927,0.35889061138991246,0.5017685664193395,0.4923289461883873,0.4873740190063216,,,,,,,,,,,,,,,,,,,,
1968,,,,,0.6761679019642031,0.4379633823540625,1.2532070714990544,0.3747280362258815,1.2735502637283036,1.2492363273463298,0.37687114319634785,0.4510692900878727,0.5764332100648585,0.46415824787030757,0.8157554795123578,0.544859817476498,0.6986154341192322,0.7526443906778382,0.6630832112432966,0.633455353049283,1.3316113726270957,1.027125204567687,,,,,0.9738374759770297,0.8871391012257398,,,,,0.9775400111201926,1.019913331651662,0.5481765834932822,,,,0.6895068548824412,0.13276174532631607,0.7508977005580468,0.7387495571310235,0.6632224730231271,0.30165265375695616,0.6490856312702136,0.8793660007914783,0.789735402060711,0.3897092524167927,0.5451171473139329,0.6544946781974654,0.6871451980355262,,,,,,,,,,,,,,,,,,,,
1969,,,,,1.1592147508347552,0.8393072492515342,1.9271727577331046,0.5636120557851444,1.4316822831733318,1.8097819537191686,0.7543278884518769,0.7688597839928647,0.9938805735432653,0.6198247923229255,1.3102909588419003,0.7846112486593297,0.9771336473715984,1.0872108905567257,1.1068299862909383,1.1078383533434644,1.6343770916457336,1.2562371439878262,,,,,1.1899903239953917,1.3459349109553291,,,,,1.4047867085657162,1.2565999297523553,0.703394375909892,,,,0.8532002778507175,0.15747048158092955,1.1559409166237553,1.0601274382625336,0.7421143177015938,0.24737715069484068,1.1096614064893444,1.307501673316587,1.1504132294958083,0.9314266801796122,0.8423721027852994,0.7821759670132208,0.6239642239278024,,,,,,,,,,,,,,,,,,,,
1970,,,,,1.5406740035226818,0.9420882465892738,2.495996247048497,0.6451920736187198,1.7058954878974761,1.8567129609904145,1.1341092722113588,0.9019825633114529,0.9257355223505684,0.84314313961542,1.9033907210997298,1.191620499791505,0.938245005421207,1.311942953394338,1.2425267320648294,1.1305437674980443,1.2097165570254493,1.282357410368191,,,,,1.380310530023331,1.427289971792696,,,,,2.0702658028620298,1.8608096325190282,0.8118556701030928,,,,0.8691152133902778,0.3663428352957814,0.9285114622323778,0.9624115098145903,0.7959823100417007,0.5243490260484448,0.975186310786836,1.0332995591259047,1.041662498213234,1.054093931270036,0.8768702656548883,0.8885030831613395,0.9507347491180108,,,,,,,,,,,,,,,,,,,,
1971,,,,,1.4366802910271426,0.6225054611707617,1.828044208586373,0.6998861536967712,1.3959816400918574,1.5263275418030051,0.9858129654614172,0.8746347315768783,0.9749786551431062,0.5781443523432677,1.6491753098956874,1.2415931619861111,0.7911265624590533,1.0689597907048274,1.3564155958822819,0.9045432034021708,0.909981198887462,1.0080971308545412,,,,,0.8397437676219978,0.9700241946413649,,,,,1.114406481393568,1.3943620728439794,0.4620960434913923,,,,0.6353819360724873,0.40384415795110423,0.8984884060744295,0.7375723312035205,0.7697241599041293,0.527295314930829,0.8408328483428988,0.7835949212642034,0.8242005237353687,0.6944286151993507,0.8944979925350176,0.6509673664590184,1.1938558050750174,,,,,,,,,,,,,,,,,,,,
1972,,,,,1.3724691830007636,0.5834335422830159,2.0996584610903137,1.1849199765826155,1.9602162067174695,2.2290674575660305,1.192702920326245,1.220506208730608,1.0721357730733847,0.8907998255873562,1.9841329511271186,1.313759642255143,1.1781247698131616,1.5615454091829122,1.603439686057241,1.0871083461171924,1.1165729466883996,1.1374764986093275,,,,,0.8950801288811504,1.1090926809738395,,,,,1.3786451299182403,1.6116200183332905,0.618205235046782,,,,0.8478831238126983,0.517100639423177,1.1462145264600492,1.122980977806706,0.6377576827169966,0.5279278209776138,1.2739800992352237,1.1419496045676814,1.3998524691948802,1.395710457443767,0.8671834914996608,0.8104681907900678,1.0482191456726675,,,,,,,,,,,,,,,,,,,,
1973,,,,,1.3090906641397309,0.5231829238886897,2.04667995955179,1.0778046607126277,1.4213520997977567,1.7349039990487949,0.7128008535727938,1.2209417708824122,0.8657279549491126,1.003850620189015,1.800406353400602,1.2215265343064299,1.289408840940889,1.4969801345578309,1.6284687838621799,1.2928570569042688,1.8329164806157552,1.4210928412397814,,,,,1.08423838232785,1.1629450893591327,,,,,0.9285114622323778,1.6168299853303525,0.42650245181890745,,,,0.5213203536553027,0.3375970175171205,1.0590342751784403,1.0104418694180886,1.0911196092582425,0.778484651850516,1.3544051195017965,1.1201156270429615,1.0131870299632908,1.004028358967877,0.964939266314205,0.7313787645309702,0.8823856154806333,,,,,,,,,,,,,,,,,,,,
1974,,,,,0.8227438860269579,0.40290840403480027,1.6167069910689416,0.6492249839846865,1.2437931577382724,1.4439132442389908,0.7147401527149696,0.93006328729562,0.8459514315998798,1.0501203928987768,1.3076854144322163,1.0090071361070376,0.8839248941864315,1.1185017837291655,1.2735502637283036,0.9790422943208457,1.301848135302266,1.247401493752389,,,,,0.6772025597508983,1.0555315817825472,,,,,0.8216265660267644,1.1147585092334005,0.5885068082160165,,,,0.5696685799456471,0.48873441118697863,1.0523001764830446,0.8169414381807305,0.8532473678291435,0.5853136575962921,1.0541864330551012,0.8678987568681774,0.9801253439273983,0.6389773095260658,0.5192359259004954,0.562232764296054,0.7179412746006465,,,,,,,,,,,,,,,,,,,,
1975,,,,,0.690369864830201,0.4442246975219701,1.2172968449712873,0.6220403966339547,1.110148807045519,1.1533354735391252,0.4876741937962966,0.2927394073619675,0.8010280076636197,0.8276913199595824,0.9056315798415437,0.6276009779062215,0.8877183639025763,1.0998536698286359,1.2750920334512486,0.7535288574296709,0.924014261929825,0.7147401527149696,,,,,0.7027909553700674,0.81265525898903,,,,,0.9551787720500409,1.0613395060891122,0.39574765267323664,,,,0.3585481734458088,0.44258058367031394,0.5295922005911957,0.492223270379912,0.6691572075462169,0.6153320264357679,0.568460683556328,0.5903424451218328,0.436855048148744,0.5496489491663192,0.31161494902264814,0.34107641013379675,0.40264463032353287,,,,,,,,,,,,,,,,,,,,
1976,,,,,0.5353869974341413,0.16163246848002463,1.2170355586316506,0.5683631594213715,1.449147051904078,1.8124878482375824,0.5414994082100576,0.3732957234252503,0.5668951288934625,0.6060418180688403,0.8595644967596153,0.5572032425171354,0.9997012303159711,1.305918308473028,0.875393737210547,0.5721103149019308,0.9024990136834292,0.3850059424707605,,,,,0.5413911271965028,0.7594619275355216,,,,,1.0616884964194888,0.9544466284049355,0.07918639857153947,,,,0.47309174094488327,0.2935303387216038,0.6692659041409844,0.3870282466536006,0.5367733864620423,0.5329584132957521,0.7047900465056957,0.6704278387362618,0.8409572626362063,0.4915843085448477,0.4268550264163444,0.4852208397096905,0.5244231887556282,,,,,,,,,,,,,,,,,,,,
1977,,,,,0.960748444566966,0.40446663354974627,2.1381280759184933,0.6772127158241917,1.8324958427497113,1.8114338148800977,0.8802680064702137,0.42826061282957884,0.8291345048555404,0.9456649819977099,1.2421000254048624,0.8491390222087647,1.0033459190436562,1.0814985968096384,1.1933391439494911,0.8022941339597329,0.9579387129234678,0.799356269262466,,,,,0.8945412128726138,1.2468741396770275,,,,,1.514674496452867,1.0080981589951532,0.3562696472231924,,,,0.5984678485299496,0.41340586060549683,0.7574859589423175,0.766604794312985,0.9140221042931865,0.6740647586301769,1.0280572748897028,0.8543777709857956,1.1402149335636798,0.4010885482469728,0.5663456835736881,0.5951910538835121,0.6629438995262747,,,,,,,,,,,,,,,,,,,,
1978,,,,,0.7605812129358326,0.48476700810038564,1.8420185870418015,0.7865855678046472,1.4469725431424842,1.606261788089253,1.4011385952197395,0.4830960478158381,0.9510439377688845,0.7660615060734939,1.5568475437238811,0.7784947623153816,1.049854868680533,1.2183017998266485,1.4194669083126503,1.011525080102624,0.8303043527228086,0.8802680064702137,,,,,0.7575158867608336,1.1106121979914731,,,,,1.1975703028444125,1.0071551454521628,0.43218674165093796,,,,0.6122276438453652,0.27250370547098113,0.9071470231208516,0.9601768655270522,0.5383739643821317,0.562951176581362,0.9993694593554792,0.778410330677633,1.5813128497647364,0.8660826622940321,0.5403767364965839,0.7589805894024045,0.7932497325437654,,,,,,,,,,,,,,,,,,,,
1979,,,,,1.0549616833050182,0.6265043344926907,2.1156439409918097,0.9216026249786725,1.379263396347614,1.6278441110352946,1.1688376206463036,0.48389405521403983,1.5252742397331263,0.9701292109730719,1.4894867247294363,1.0488362026036138,1.2985680886834032,1.379479684036993,1.5115966775626937,1.196883412135293,1.0389667739078254,1.3751915841971518,,,,,1.026379444743465,1.297460225298586,,,,,1.2532070714990544,1.034777003054211,0.625,,,,0.675194035034241,0.4610804012845516,1.0565020205506537,0.889075473508837,0.6463199872268811,0.6487641261284726,1.108140968211377,1.1688376206463036,1.657124461840708,1.213597893372189,1.0199765251884654,0.8270515518845888,1.5016879194098773,,,,,,,,,,,,,,,,,,,,
1980,,,,,1.531076637520102,0.8092380831756834,2.493748279354055,1.3273170171117608,1.8769271470595041,2.193254908946206,1.6379439793355743,0.7806422483540909,1.8385129514025107,1.0628777893399781,2.2931574192727324,1.3210318076756888,1.9229413126055601,1.7445195539286729,2.148369999729743,1.5448410029738207,1.0659635421072784,1.4026051447755643,,,,,1.162196625197298,1.4076169307109072,,,,,1.498912144903526,1.327110620524361,0.8565212412687508,,,,0.8325676652883707,0.5521411796598117,1.340551171311508,1.0943593365574518,1.050859544194812,0.9598552181499289,1.3784750215135761,1.2219582068059045,1.838269527558724,1.1869546813219762,1.379912151556496,1.1676494299879703,1.8586080595956587,,,,,,,,,,,,,,,,,,,,
1981,,,,,0.9463112722084336,0.3845989363178922,1.544021836232048,1.027156011694714,1.404181613734707,1.6507913462089614,1.1453933972034267,0.4039499920168007,0.9793480969538337,0.7249951392950329,1.3324425364540193,0.687666508202784,1.1953763851942136,0.9510027528120513,1.3367097880752168,0.9014265667020314,0.8850767160208297,0.7279751019269219,,,,,0.8108676597138682,1.2198289266444733,,,,,1.0467081036009827,1.169222418314494,0.5061455072906328,,,,0.5950250069345332,0.31172846331776866,1.1202879778599273,0.7973974301314226,0.7574291479821343,0.5950791952391415,1.0286948476243225,0.937140052257349,1.0340276935498178,0.9129419515575768,0.73199388056099,0.5847318081232992,1.1285422077175886,,,,,,,,,,,,,,,,,,,,
1982,,,,,0.7219566221194954,0.3433844811925566,1.567764438902458,0.6496693526358033,1.3382204624096818,1.290941161014166,0.8600453985814489,0.43112186428505106,0.6227390174895525,0.47550137640602563,1.091750171411269,0.5655196346898457,1.4644065056478348,1.2216638951664742,0.7698593713240416,0.6943016417629263,1.0164172892326215,0.7288867073112716,,,,,0.8121275112823599,1.1092196913283634,,,,,0.7258410828210599,0.7983802018962749,0.6564949078105479,,,,0.5599276209227233,0.371849777916945,0.7921864256237813,0.5359772159245378,0.784311804451508,0.5401619466778359,1.0329362230952954,0.990355307457426,0.9282212005722211,0.6329872254846313,0.6065606266144313,0.4512300342995238,0.9981797073899319,,,,,,,,,,,,,,,,,,,,
1983,,,,,1.1307210524893385,0.5849519616161647,1.4888255997903828,1.0300777602775553,1.5937897814525392,1.8372179229692243,0.8891552122091412,0.5410208199872388,0.8168153006580781,0.746572380379512,1.581317485953119,0.8879909406703981,1.5787788083220002,1.2208830832764712,1.018053245972062,1.1142613201635498,1.38603606609072,1.0424792710078168,,,,,1.27757901277576,1.485549196339226,,,,,0.8883170412305174,1.1198871702757507,0.7719962157048249,,,,0.6956110588631415,0.6288010398694865,1.1604896588726272,0.7617153964157711,1.1637912311961418,1.1136033387225288,1.4192189345258523,0.7845487166551245,1.0416837636296992,0.7991199569443123,1.0529704653671834,0.5458534363560971,1.7434254145457553,,,,,,,,,,,,,,,,,,,,
1984,,,,,1.1554610032514587,0.6262543505444255,1.6535458783402859,1.3256528018314586,2.0779129098818196,2.4134530976281314,1.0209874429237888,0.4868142234526602,0.9655399660095716,0.85913994749085,1.5366669945122713,1.0397033620018483,1.3139297427413503,1.198376393547927,1.153056245316667,1.2352868689758563,1.4922124165809219,1.2814295705367034,,,,,1.1735848881656086,1.4595027386198627,,,,,1.0502699792436818,1.311548126790585,0.8842486148279373,,,,0.7605330689053746,0.5527443433546435,1.0980365262321115,1.052405999821301,0.975186310786836,0.9164666912636482,1.2066106150278246,1.3089582601587035,1.3280697598298679,0.7743327148269337,1.3432011818496155,1.0585265850016825,1.746799078228488,,,,,,,,,,,,,,,,,,,,
1985,,,,,1.8114338148800977,0.9508726263174359,2.461926631972709,1.9447189479349865,2.8834359871057313,3.4479653779357666,1.8608096325190282,0.7036877211883649,1.3324425364540193,1.198376393547927,2.8622355832973256,1.5359299762909846,2.1638557812963213,1.5829506059537986,1.78625915264691,1.6144656457159126,2.3325641872421623,2.329945703082492,,,,,1.809915922541737,2.1893426812274446,,,,,1.6167069910689416,2.012900199232659,0.837344677040188,,,,0.9940496823392752,0.9227944502061295,1.577884390203141,0.92104050173032,1.8172838980314265,1.6930115134415136,1.7866127550182938,1.8083924597720133,1.7607140673717674,1.9824443946727832,1.7654264147253564,1.2066507683892784,2.1579442991970104,,,,,,,,,,,,,,,,,,,,
1986,,,,,1.0406766514381076,0.6267606490110814,1.377509254787282,0.8108348547888126,1.7650470947114125,1.9451750706665647,0.7103353955997631,0.487593155393418,0.8976612520492656,0.7462481428067909,1.1297378349045737,0.8924136799055836,1.0948063670646822,0.9738678933966516,1.0628382639975504,0.8694500824776543,1.8942277215993681,1.2318035595548498,,,,,0.7696178021617266,1.1640494328380493,,,,,0.7574291479821343,1.0215541165629731,0.6033717834960071,,,,0.7138041376683151,0.46372468019308893,0.907465039204417,0.583801095447945,1.3281920183516163,1.3256405874001067,0.8279195148133338,0.7892615506664034,0.8074948766897027,0.9523920360302898,1.0780247797186466,0.6899329290111115,0.9706063105510063,,,,,,,,,,,,,,,,,,,,
1987,,,,,1.1078383533434644,0.48577951491238797,1.5405862240987438,1.0000701136471042,2.046039366571217,2.4527277809626122,1.0039600114207383,0.5967200859207669,0.9244625302495156,0.6341465352350291,1.4998564224382862,0.8704928508150185,1.5435324615462482,1.2928570569042688,1.2003487988377335,1.083743775074309,1.7965600204371108,1.4206707911995262,,,,,0.965906100615556,1.5222218024562248,,,,,1.0547641508140972,1.3459349109553291,0.5585164634591516,,,,0.7331853457233919,0.5712659748571289,0.9411903173386641,0.4567887816388125,1.1106121979914731,1.3939831540572252,1.0823430148580175,1.1096400126229213,0.8845400608482622,0.8595709135366905,0.8844492097193329,0.86864965038605,0.8641517153237762,,,,,,,,,,,,,,,,,,,,
1988,,,,,1.1305437674980443,0.44580669336634854,1.9731113053037461,1.3535458521372665,2.3016988694909477,3.333434923065466,0.8746785166541252,0.7318609080712988,0.6585715690766878,0.5897242715703682,1.7019826362849295,1.2219755762056532,1.5936655215884317,1.2750318251620316,1.1794485431407364,0.9684458451929984,1.8818840812861481,1.7437200198360194,,,,,1.1933525548434551,1.2281702318012184,,,,,1.0825964941359458,1.0771999787114686,0.4792020526905425,,,,0.6887955617790392,0.49484482864599527,1.1953728165164546,0.7146722099284768,0.8649734835323907,1.0805873215257236,1.3337123898381822,1.0337109742276025,1.0694568475246664,0.8650816133544695,1.120230398479313,0.7752203265934434,1.4220348792766426,,,,,,,,,,,,,,,,,,,,
1989,,,,,0.8593160432320621,0.22310760723159054,1.3535458521372665,0.9785711587218587,1.706242301791981,2.6239367112196805,0.6104629931516241,0.43340963824057493,0.8562243197897983,0.6830527634796597,1.212987255668823,1.0731235201629958,1.125791645235369,1.0047051432395613,0.9562738688715237,0.8054449475739536,1.0882166399659385,1.1397326126099208,,,,,0.7779988940722731,0.8775349927475088,,,,,0.568858681292321,0.6736279129453923,0.5522269544502996,,,,0.40082934812397547,0.16038019205387857,0.8316047433741031,0.6116069742011617,0.9474344725938798,0.9649626618566096,0.9174997682523938,0.6900886009540099,0.8847558518395368,0.5695316880768432,0.819286937353818,0.564401372591624,0.9189138914876274,,,,,,,,,,,,,,,,,,,,
1990,,,,,1.517422066455248,0.6904970404531277,2.065872446190591,1.8286090117929252,2.7273932018164024,3.0205100207398585,1.1674734566980234,0.7027909553700674,1.2525354256550707,0.9590367276377629,1.8332067458956913,1.6033173924959019,1.7349039990487949,1.4188335809567882,1.370052468053947,1.1412527253226614,1.1940069443502512,1.619054025315177,,,,,1.3623481407384028,1.3193448037058169,,,,,1.274811092648911,1.4066541319668209,0.9473120200035723,,,,0.5703316633704731,0.546265688146441,1.0920290229596432,0.8133216201705845,1.0029704507965669,1.2304144729176663,1.2821156309252113,1.0348060184368846,1.2393283040714151,1.0459982636403222,1.2690868790508674,0.9560123074072772,0.9812959892076247,,,,,,,,,,,,,,,,,,,,
1991,,,,,0.9526315156136718,0.48703943514541315,1.4192189345258523,1.014649835364307,2.3606255819939492,2.242009665899924,0.5567605332362124,0.5143215708366776,0.5901074448937519,0.5263414897097763,1.4625668642897065,1.2813618868675827,1.646963544210099,1.1919798561687462,0.8924920912470121,0.8579667598498835,1.0339838474386802,0.955205555480201,,,,,1.198499394125741,0.965906100615556,,,,,0.5692251507221212,0.8924927429965438,0.8776395511418634,,,,0.533058374505993,0.4466068932660821,0.8391562471545794,0.6416974634466158,0.8386783031994943,1.000644738360498,0.8950284020883896,0.7688597839928647,0.8301662455678466,1.0494997957838164,1.1349366326961026,0.9845312422972285,1.302194778993703,,,,,,,,,,,,,,,,,,,,
1992,,,,,0.6375159125810158,0.4052015623505818,1.0420728038876668,0.7146451020073176,1.439254205211252,1.8283276566423727,0.2918178881301759,0.18975116636691808,0.1726649051303552,0.29799496404218656,1.2933036640680275,0.9051934661422524,1.2890219998378458,1.034514286468593,0.7106033757929063,0.5491662062630877,0.9019825633114529,0.9014218157157725,,,,,0.8390891269578653,0.7493143949017045,,,,,0.5146739454106827,0.5954280717747702,0.5907264632424802,,,,0.4309615234403164,0.36615674269441983,0.8213514772739453,0.571716081605854,0.5942196785356904,0.7703178890298227,0.8415132841511874,0.636693574102202,0.5793726303233411,0.7125888893066368,0.8211246327700975,0.6676005387599421,0.8478696205241879,,,,,,,,,,,,,,,,,,,,
1993,,,,,,,,,,,,,,,,,,,0.5517409527832495,0.6449365516525247,1.0071551454521628,1.2468582492834788,,,,,0.8415132841511874,1.1114269915318185,,,,,,,0.6991089787525702,,,,,,,,0.5135287413662479,0.6526578257075615,,,,,,,0.6928897143311388,,,,,,,,,,,,,,,,,,,,
1994,,,,,,,,,,,,,,,,,,,,,,,,,,,,,,,,,,,,,,,,,,,,,,,,,,,0.8223754379241401,,,,,,,,,,,,,,,,,,,,
