"year","ff203a","ff203b","ff207a","ff207b","ff222a","ff222b","ff225a","ff225b","ff251a","ff253a","ff253c","ff256a","ff256b","ff259a","ff259b"
877,NA,NA,NA,NA,NA,NA,NA,NA,NA,NA,NA,NA,NA,0.999173366378904,NA
878,NA,NA,NA,NA,NA,NA,NA,NA,NA,NA,NA,NA,NA,1.01797003571189,NA
879,NA,NA,NA,NA,NA,NA,NA,NA,NA,NA,NA,NA,NA,1.01320762378476,NA
880,NA,NA,NA,NA,NA,NA,NA,NA,NA,NA,NA,NA,NA,1.02207898597308,NA
881,NA,NA,NA,NA,NA,NA,NA,NA,NA,NA,NA,NA,NA,1.02204055721138,NA
882,NA,NA,NA,NA,NA,NA,NA,NA,NA,NA,NA,NA,NA,1.07263692182491,NA
883,NA,NA,NA,NA,NA,NA,NA,NA,NA,NA,NA,NA,NA,0.97490756785094,NA
884,NA,NA,NA,NA,NA,NA,NA,NA,NA,NA,NA,NA,NA,1.03564435007715,NA
885,NA,NA,NA,NA,NA,NA,NA,NA,NA,NA,NA,NA,NA,0.974340308822648,NA
886,NA,NA,NA,NA,NA,NA,NA,NA,NA,NA,NA,NA,NA,0.975495377639554,NA
887,NA,NA,NA,NA,NA,NA,NA,NA,NA,NA,NA,NA,NA,1.01828066345474,NA
888,NA,NA,NA,NA,NA,NA,NA,NA,NA,NA,NA,NA,NA,1.03233356933622,NA
889,NA,NA,NA,NA,NA,NA,NA,NA,NA,NA,NA,NA,NA,1.00877104791085,NA
890,NA,NA,NA,NA,NA,NA,NA,NA,NA,NA,NA,NA,NA,1.01742869673287,NA
891,NA,NA,NA,NA,NA,NA,NA,NA,NA,NA,NA,NA,NA,1.04135141539489,NA
892,NA,NA,NA,NA,NA,NA,NA,NA,NA,NA,NA,NA,NA,0.914107097853265,NA
893,NA,NA,NA,NA,NA,NA,NA,NA,NA,NA,NA,NA,NA,0.946602373542358,NA
894,NA,NA,NA,NA,NA,NA,NA,NA,NA,NA,NA,NA,NA,0.964140459900417,NA
895,NA,NA,NA,NA,NA,NA,NA,NA,NA,NA,NA,NA,NA,0.991053844544332,NA
896,NA,NA,NA,NA,NA,NA,NA,NA,NA,NA,NA,NA,NA,0.899887959056099,NA
897,NA,NA,NA,NA,NA,NA,NA,NA,NA,NA,NA,NA,NA,0.918042093889006,NA
898,NA,NA,NA,NA,NA,NA,NA,NA,NA,NA,NA,NA,NA,0.982982488583986,NA
899,NA,NA,NA,NA,NA,NA,NA,NA,NA,NA,NA,NA,NA,1.02601953086141,NA
900,NA,NA,NA,NA,NA,NA,NA,NA,NA,NA,NA,NA,NA,0.995067539183419,NA
901,NA,NA,NA,NA,NA,NA,NA,NA,NA,NA,NA,NA,NA,0.981927605385126,NA
902,NA,NA,NA,NA,NA,NA,NA,NA,NA,NA,NA,NA,NA,1.013943093533,NA
903,NA,NA,NA,NA,NA,NA,NA,NA,NA,NA,NA,NA,NA,1.02504823064981,NA
904,NA,NA,NA,NA,NA,NA,NA,NA,NA,NA,NA,NA,NA,1.07151204075449,NA
905,NA,NA,NA,NA,NA,NA,NA,NA,NA,NA,NA,NA,NA,1.05135885990283,NA
906,NA,NA,NA,NA,NA,NA,NA,NA,NA,NA,NA,NA,NA,1.04265577050316,NA
907,NA,NA,NA,NA,NA,NA,NA,NA,NA,NA,NA,NA,NA,0.923049712814832,NA
908,NA,NA,NA,NA,NA,NA,NA,NA,NA,NA,NA,NA,NA,0.990815463572909,NA
909,NA,NA,NA,NA,NA,NA,NA,NA,NA,NA,NA,NA,NA,0.985824783201026,NA
910,NA,NA,NA,NA,NA,NA,NA,NA,NA,NA,NA,NA,NA,0.919013022327883,NA
911,NA,NA,NA,NA,NA,NA,NA,NA,NA,NA,NA,NA,NA,0.947828524979262,NA
912,NA,NA,NA,NA,NA,NA,NA,NA,NA,NA,NA,NA,NA,1.03489738476588,NA
913,NA,NA,NA,NA,NA,NA,NA,NA,NA,NA,NA,NA,NA,0.932501320985519,NA
914,NA,NA,NA,NA,NA,NA,NA,NA,NA,NA,NA,NA,NA,0.907085577730554,NA
915,NA,NA,NA,NA,NA,NA,NA,NA,NA,NA,NA,NA,NA,0.964176026572558,NA
916,NA,NA,NA,NA,NA,NA,NA,NA,NA,NA,NA,NA,NA,1.00283490327002,NA
917,NA,NA,NA,NA,NA,NA,NA,NA,NA,NA,NA,NA,NA,1.00154857802902,NA
918,NA,NA,NA,NA,NA,NA,NA,NA,NA,NA,NA,NA,NA,1.05102860500482,NA
919,NA,NA,NA,NA,NA,NA,NA,NA,NA,NA,NA,NA,NA,1.04779207685206,NA
920,NA,NA,NA,NA,NA,NA,NA,NA,NA,NA,NA,NA,NA,1.01951391574401,NA
921,NA,NA,NA,NA,NA,NA,NA,NA,NA,NA,NA,NA,NA,1.00355105056015,NA
922,NA,NA,NA,NA,NA,NA,NA,NA,NA,NA,NA,NA,NA,1.02732996440955,NA
923,NA,NA,NA,NA,NA,NA,NA,NA,NA,NA,NA,NA,NA,1.01822836008132,NA
924,NA,NA,NA,NA,NA,NA,NA,NA,NA,NA,NA,NA,NA,0.988395637924816,NA
925,NA,NA,NA,NA,NA,NA,NA,NA,NA,NA,NA,NA,NA,0.957643027343858,NA
926,NA,NA,NA,NA,NA,NA,NA,NA,NA,NA,NA,NA,NA,1.03969839761646,NA
927,NA,NA,NA,NA,NA,NA,NA,NA,NA,NA,NA,NA,NA,1.02152181201168,NA
928,NA,NA,NA,NA,NA,NA,NA,NA,NA,NA,NA,NA,NA,1.05964000451877,NA
929,NA,NA,NA,NA,NA,NA,NA,NA,NA,NA,NA,NA,NA,1.03697253605756,NA
930,NA,NA,NA,NA,NA,NA,NA,NA,NA,NA,NA,NA,NA,0.964735557199611,NA
931,NA,NA,NA,NA,NA,NA,NA,NA,NA,NA,NA,NA,NA,0.977591622732199,NA
932,NA,NA,NA,NA,NA,NA,NA,NA,NA,NA,NA,NA,NA,1.03668916200122,NA
933,NA,NA,NA,NA,NA,NA,NA,NA,NA,NA,NA,NA,NA,1.02091453114096,NA
934,NA,NA,NA,NA,NA,NA,NA,NA,NA,NA,NA,NA,NA,1.03156201387264,NA
935,NA,NA,NA,NA,NA,NA,NA,NA,NA,NA,NA,NA,NA,1.01764719015947,NA
936,NA,NA,NA,NA,NA,NA,NA,NA,NA,NA,NA,NA,NA,0.99552498393359,NA
937,NA,NA,NA,NA,NA,NA,NA,NA,NA,NA,NA,NA,NA,1.0448920710631,NA
938,NA,NA,NA,NA,NA,NA,NA,NA,NA,NA,NA,NA,NA,1.05198384888793,NA
939,NA,NA,NA,NA,NA,NA,NA,NA,NA,NA,NA,NA,NA,1.07599233019752,NA
940,NA,NA,NA,NA,NA,NA,NA,NA,NA,NA,NA,NA,NA,1.02290967239745,NA
941,NA,NA,NA,NA,NA,NA,NA,NA,NA,NA,NA,NA,NA,0.995713311821704,NA
942,NA,NA,NA,NA,NA,NA,NA,NA,NA,NA,NA,NA,NA,0.983044875810565,NA
943,NA,NA,NA,NA,NA,NA,NA,NA,NA,NA,NA,NA,NA,1.05648909772575,NA
944,NA,NA,NA,NA,NA,NA,NA,NA,NA,NA,NA,NA,NA,0.961868736342256,NA
945,NA,NA,NA,NA,NA,NA,NA,NA,NA,NA,NA,NA,NA,0.938905443784542,0.873451866058847
946,NA,NA,NA,NA,NA,NA,NA,NA,NA,NA,NA,NA,NA,0.970467636367999,0.885306166660348
947,NA,NA,NA,NA,NA,NA,NA,NA,NA,NA,NA,NA,NA,0.977655270072479,0.938451132403857
948,NA,NA,NA,NA,NA,NA,NA,NA,NA,NA,NA,NA,NA,0.972568273945842,0.844810915733303
949,NA,NA,NA,NA,NA,NA,NA,NA,NA,NA,NA,NA,NA,0.97726688211894,0.886276533576001
950,NA,NA,NA,NA,NA,NA,NA,NA,NA,NA,NA,NA,NA,0.905970485566195,1.03297009203709
951,NA,NA,NA,NA,NA,NA,NA,NA,NA,NA,NA,NA,NA,0.98731130911637,1.02651507010897
952,NA,NA,NA,NA,NA,NA,NA,NA,NA,NA,NA,NA,NA,0.905736436221859,1.0575401368468
953,NA,NA,NA,NA,NA,NA,NA,NA,NA,NA,NA,NA,NA,0.987070745384664,1.28122216087238
954,NA,NA,NA,NA,NA,NA,NA,NA,NA,NA,NA,NA,NA,0.966259508003008,1.30038274243751
955,NA,NA,NA,NA,NA,NA,NA,NA,NA,NA,NA,NA,NA,0.914433933765879,1.1508415513924
956,NA,NA,NA,NA,NA,NA,NA,NA,NA,NA,NA,NA,NA,0.956661212726859,1.17212463656266
957,NA,NA,NA,NA,NA,NA,NA,NA,NA,NA,NA,NA,NA,1.06392164744647,1.12105404178161
958,NA,NA,NA,NA,NA,NA,NA,NA,NA,NA,NA,NA,NA,1.0253542666637,1.14393659556186
959,NA,NA,NA,NA,NA,NA,NA,NA,NA,NA,NA,NA,NA,1.0446788550644,1.01551643268909
960,NA,NA,NA,NA,NA,NA,NA,NA,NA,NA,NA,NA,NA,1.04535439878838,0.745986011330563
961,NA,NA,NA,NA,NA,NA,NA,NA,NA,NA,NA,NA,NA,0.904934102571342,0.884662675631531
962,NA,NA,NA,NA,NA,NA,NA,NA,NA,NA,NA,NA,NA,0.952037290393999,0.916274942355903
963,NA,NA,NA,NA,NA,NA,NA,NA,NA,NA,NA,NA,NA,0.992676445275399,0.965536993092163
964,NA,NA,NA,NA,NA,NA,NA,NA,NA,NA,NA,NA,NA,1.03858752720182,0.991916736132868
965,NA,NA,NA,NA,NA,NA,NA,NA,NA,NA,NA,NA,NA,0.992557377557846,0.832783345852269
966,NA,NA,NA,NA,NA,NA,NA,NA,NA,NA,NA,NA,NA,1.03833081623269,0.895026628859197
967,NA,NA,NA,NA,NA,NA,NA,NA,NA,NA,NA,NA,NA,0.970953434589024,0.735841745813254
968,NA,NA,NA,NA,NA,NA,NA,NA,NA,NA,NA,NA,NA,0.919913874270053,0.850822512891833
969,NA,NA,NA,NA,NA,NA,NA,NA,NA,NA,NA,NA,NA,1.05336723313695,0.908121912029106
970,NA,NA,NA,NA,NA,NA,NA,NA,NA,NA,NA,NA,NA,0.973609323390378,0.96600441800251
971,NA,NA,NA,NA,NA,NA,NA,NA,NA,NA,NA,NA,NA,0.930463636208951,1.1428918449738
972,NA,NA,NA,NA,NA,NA,NA,NA,NA,NA,NA,NA,NA,0.985291227865866,1.09218505913905
973,NA,NA,NA,NA,NA,NA,NA,NA,NA,NA,NA,NA,NA,0.98499886880446,0.980881822041594
974,NA,NA,NA,NA,NA,NA,NA,NA,NA,NA,NA,NA,NA,0.911317602881444,0.940610924567234
975,NA,NA,NA,NA,NA,NA,NA,NA,NA,NA,NA,NA,NA,0.914442488229121,1.00123944954394
976,NA,NA,NA,NA,NA,NA,NA,NA,NA,NA,NA,NA,NA,0.951759782224433,0.908728669260631
977,NA,NA,NA,NA,NA,NA,NA,NA,NA,NA,NA,NA,NA,1.0336983328645,1.05323395342447
978,NA,NA,NA,NA,NA,NA,NA,NA,NA,NA,NA,NA,NA,1.00913045758475,0.989470890556298
979,NA,NA,NA,NA,NA,NA,NA,NA,NA,NA,NA,NA,NA,0.950490964565144,0.867001984864199
980,NA,NA,NA,NA,NA,NA,NA,NA,NA,NA,NA,NA,NA,1.01451495595403,0.928602077930275
981,NA,NA,NA,NA,NA,NA,NA,NA,NA,NA,NA,NA,NA,1.00392244718592,0.908696079418942
982,NA,NA,NA,NA,NA,NA,NA,NA,NA,NA,NA,NA,NA,1.05559685125667,1.03961949587048
983,NA,NA,NA,NA,NA,NA,NA,NA,NA,NA,NA,NA,NA,1.03920616176179,1.02201893274658
984,NA,NA,NA,NA,NA,NA,NA,NA,NA,NA,NA,NA,NA,0.923568289877823,0.802993143287711
985,NA,NA,NA,NA,NA,NA,NA,NA,NA,NA,NA,NA,NA,0.93022422918805,0.691632590957537
986,NA,NA,NA,NA,NA,NA,NA,NA,NA,NA,NA,NA,NA,0.982388496747159,0.936782999209643
987,NA,NA,NA,NA,NA,NA,NA,NA,NA,NA,NA,NA,NA,1.02785016392746,0.938327582192089
988,NA,NA,NA,NA,NA,NA,NA,NA,NA,NA,NA,NA,NA,0.962718912574483,0.85758255568359
989,NA,NA,NA,NA,NA,NA,NA,NA,NA,NA,NA,NA,NA,1.04221449074229,0.97139216223809
990,NA,NA,NA,NA,NA,NA,NA,NA,NA,NA,NA,NA,NA,1.1143221305251,1.16189503269523
991,NA,NA,NA,NA,NA,NA,NA,NA,NA,NA,NA,NA,NA,1.04480683754991,1.16599691286313
992,NA,NA,NA,NA,NA,NA,NA,NA,NA,NA,NA,NA,NA,1.02826985047908,1.13693570172348
993,NA,NA,NA,NA,NA,NA,NA,NA,NA,NA,NA,NA,NA,0.95466110717242,0.848272104209452
994,NA,NA,NA,NA,NA,NA,NA,NA,NA,NA,NA,NA,NA,1.03681117869669,1.13905643589028
995,NA,NA,NA,NA,NA,NA,NA,NA,NA,NA,NA,NA,NA,0.957655974912512,1.01964366741047
996,NA,NA,NA,NA,NA,NA,NA,NA,NA,NA,NA,NA,NA,1.02851326933746,1.04770347024739
997,NA,NA,NA,NA,NA,NA,NA,NA,NA,NA,NA,NA,NA,1.03418827714084,1.13569698971053
998,NA,NA,NA,NA,NA,NA,NA,NA,NA,NA,NA,NA,NA,1.0570310154622,1.18977585338662
999,NA,NA,NA,NA,NA,NA,NA,NA,NA,NA,NA,NA,NA,1.06415363894056,1.15813213417084
1000,NA,NA,NA,NA,NA,NA,NA,NA,NA,NA,NA,NA,NA,1.10500622552766,1.21031812137576
1001,NA,NA,NA,NA,NA,NA,NA,NA,NA,NA,NA,NA,NA,1.06361374079269,1.1057633692416
1002,NA,NA,NA,NA,NA,NA,NA,NA,NA,NA,NA,NA,NA,1.05853067856727,1.04532344615777
1003,NA,NA,NA,NA,NA,NA,NA,NA,NA,NA,NA,NA,NA,1.03314116375677,1.04080034320721
1004,NA,NA,NA,NA,NA,NA,NA,NA,NA,NA,NA,NA,NA,1.02544534124607,1.06864563972054
1005,NA,NA,NA,NA,NA,NA,NA,NA,NA,NA,NA,NA,NA,0.990465337360871,1.0807580139019
1006,NA,NA,NA,NA,NA,NA,NA,NA,NA,NA,NA,NA,NA,0.996171025046681,0.999519948010921
1007,NA,NA,NA,NA,NA,NA,NA,NA,NA,NA,NA,NA,NA,0.970195389672389,1.02024005593637
1008,NA,NA,NA,NA,NA,NA,NA,NA,NA,NA,NA,NA,NA,0.994485482090775,1.0347973675089
1009,NA,NA,NA,NA,NA,NA,NA,NA,NA,NA,NA,NA,NA,0.947537103233546,1.01732415999395
1010,NA,NA,NA,NA,NA,NA,NA,NA,NA,NA,NA,NA,NA,0.984872921594233,1.02204627259352
1011,NA,NA,NA,NA,NA,NA,NA,NA,NA,NA,NA,NA,NA,0.981646342365241,0.834983183103174
1012,NA,NA,NA,NA,NA,NA,NA,NA,NA,NA,NA,NA,NA,0.973759712802751,0.84000999889718
1013,NA,NA,NA,NA,NA,NA,NA,NA,NA,NA,NA,NA,NA,1.01081471956205,0.893180942083002
1014,NA,NA,NA,NA,NA,NA,NA,NA,NA,NA,NA,NA,NA,1.04989680371051,1.21199825971409
1015,NA,NA,NA,NA,NA,NA,NA,NA,NA,NA,NA,NA,NA,1.03834140875661,0.998100259282209
1016,NA,NA,NA,NA,NA,NA,NA,NA,NA,NA,NA,NA,NA,1.03654142605005,1.03416827031029
1017,NA,NA,NA,NA,NA,NA,NA,NA,NA,NA,NA,NA,NA,0.967567166189925,0.858085546228565
1018,NA,NA,NA,NA,NA,NA,NA,NA,NA,NA,NA,NA,NA,1.04270728260536,1.17839944193686
1019,NA,NA,NA,NA,NA,NA,NA,NA,NA,NA,NA,NA,NA,1.06283717210204,1.19477657497871
1020,NA,NA,NA,NA,NA,NA,NA,NA,NA,NA,NA,NA,NA,1.05674848187714,1.2670726415931
1021,NA,NA,NA,NA,NA,NA,NA,NA,NA,NA,NA,NA,NA,0.987928613569543,1.0070149348879
1022,NA,NA,NA,NA,NA,NA,NA,NA,NA,NA,NA,NA,NA,0.940565575479838,0.887952352133846
1023,NA,NA,NA,NA,NA,NA,NA,NA,NA,NA,NA,NA,NA,1.02614721313527,1.03813775017667
1024,NA,NA,NA,NA,NA,NA,NA,NA,NA,NA,NA,NA,NA,1.071101604416,1.05184210562648
1025,NA,NA,NA,NA,NA,NA,NA,NA,NA,NA,NA,NA,NA,1.09357826365227,1.1560297453438
1026,NA,NA,NA,NA,NA,NA,NA,NA,NA,NA,NA,NA,NA,1.10254569798316,1.22924119158476
1027,NA,NA,NA,NA,NA,NA,NA,NA,NA,NA,NA,NA,NA,1.09178093610574,1.27079255441297
1028,NA,NA,NA,NA,NA,NA,NA,NA,NA,NA,NA,NA,NA,1.03944362492981,1.22356129183733
1029,NA,NA,NA,NA,NA,NA,NA,NA,NA,NA,NA,NA,NA,0.955571287544591,1.04415640450319
1030,NA,NA,NA,NA,NA,NA,NA,NA,NA,NA,NA,NA,NA,0.99445808879736,0.889559734955489
1031,NA,NA,NA,NA,NA,NA,NA,NA,NA,NA,NA,NA,NA,0.999391493092242,0.989197519450557
1032,NA,NA,NA,NA,NA,NA,NA,NA,NA,NA,NA,NA,NA,1.04517794908925,1.0767172446553
1033,NA,NA,NA,NA,NA,NA,NA,NA,NA,NA,NA,NA,NA,1.12165055918141,1.2751322541833
1034,NA,NA,NA,NA,NA,NA,NA,NA,NA,NA,NA,NA,NA,1.06909826866862,1.2201965099451
1035,NA,NA,NA,NA,NA,NA,NA,NA,NA,NA,NA,NA,NA,1.01414076504385,1.06361013888219
1036,NA,NA,NA,NA,NA,NA,NA,NA,NA,NA,NA,NA,NA,1.04717334279497,1.12257269387855
1037,NA,NA,NA,NA,NA,NA,NA,NA,NA,NA,NA,NA,NA,0.986061424452598,1.16127633675584
1038,NA,NA,NA,NA,NA,NA,NA,NA,NA,NA,NA,NA,NA,0.914130095028233,0.928816530998276
1039,NA,NA,NA,NA,NA,NA,NA,NA,NA,NA,NA,NA,NA,0.927335462410267,0.722413617548098
1040,NA,NA,NA,NA,NA,NA,NA,NA,NA,NA,NA,NA,NA,0.986007512448891,0.79660420535283
1041,NA,NA,NA,NA,NA,NA,NA,NA,NA,NA,NA,NA,NA,0.990596059257302,0.756380826141064
1042,NA,NA,NA,NA,NA,NA,NA,NA,NA,NA,NA,NA,NA,0.870404343035511,0.769277236880246
1043,NA,NA,NA,NA,NA,NA,NA,NA,NA,NA,NA,NA,NA,1.01886020232573,1.0764912640668
1044,NA,NA,NA,NA,NA,NA,NA,NA,NA,NA,NA,NA,NA,1.03627704924647,1.09019005862348
1045,NA,NA,NA,NA,NA,NA,NA,NA,NA,NA,NA,NA,NA,1.01761500435839,1.12260654886107
1046,NA,NA,NA,NA,NA,NA,NA,NA,NA,NA,NA,NA,NA,1.03049611134578,1.05209365336024
1047,NA,NA,NA,NA,NA,NA,NA,NA,NA,NA,NA,NA,NA,0.992644858822734,0.898390422410865
1048,NA,NA,NA,NA,NA,NA,NA,NA,NA,NA,NA,NA,NA,1.02690283144912,1.02077893074523
1049,NA,NA,NA,NA,NA,NA,NA,NA,NA,NA,NA,NA,NA,0.980744051178296,0.97023566919801
1050,NA,NA,NA,NA,NA,NA,NA,NA,NA,NA,NA,NA,NA,0.994750272331534,0.825047864192542
1051,NA,NA,NA,NA,NA,NA,NA,NA,NA,NA,NA,NA,NA,1.01417632048419,0.98817206763237
1052,NA,NA,NA,NA,NA,NA,NA,NA,NA,NA,NA,NA,NA,0.987499393562327,0.978488944157995
1053,NA,NA,NA,NA,NA,NA,NA,NA,NA,NA,NA,NA,NA,0.978012019238996,0.876339002101893
1054,NA,NA,NA,NA,NA,NA,NA,NA,NA,NA,NA,NA,NA,1.02112950735839,1.04385155782672
1055,NA,NA,NA,NA,NA,NA,NA,NA,NA,NA,NA,NA,NA,0.997255173041135,1.01254306865212
1056,NA,NA,NA,NA,NA,NA,NA,NA,NA,NA,NA,NA,NA,0.998963328089729,0.989111337144633
1057,NA,NA,NA,NA,NA,NA,NA,NA,NA,NA,NA,NA,NA,0.985036803964951,1.03758862474697
1058,NA,NA,NA,NA,NA,NA,NA,NA,NA,NA,NA,NA,NA,0.985162464541885,1.06091176570612
1059,NA,NA,NA,NA,NA,NA,NA,NA,NA,NA,NA,NA,NA,0.974295869470117,0.743121860798266
1060,NA,NA,NA,NA,NA,NA,NA,NA,NA,NA,NA,NA,NA,0.921257288480198,0.875930594640713
1061,NA,NA,NA,NA,NA,NA,NA,NA,NA,NA,NA,NA,NA,1.0371801221687,1.05372726087177
1062,NA,NA,NA,NA,NA,NA,NA,NA,NA,NA,NA,NA,NA,1.02557682712651,1.01888245002136
1063,NA,NA,NA,NA,NA,NA,NA,NA,NA,NA,NA,NA,NA,0.963535892159243,0.966924155816219
1064,NA,NA,NA,NA,NA,NA,NA,NA,NA,NA,NA,NA,NA,0.947736556638145,0.972203345637258
1065,NA,NA,NA,NA,NA,NA,NA,NA,NA,NA,NA,NA,NA,0.938059556250244,1.04594085936343
1066,NA,NA,NA,NA,NA,NA,NA,NA,NA,NA,NA,NA,NA,0.951603848989558,0.864800792481031
1067,NA,NA,NA,NA,NA,NA,NA,NA,NA,NA,NA,NA,NA,0.980908888018106,0.956960278347099
1068,NA,NA,NA,NA,NA,NA,NA,NA,NA,NA,NA,NA,NA,0.940761391547426,0.851898935353606
1069,NA,NA,NA,NA,NA,NA,NA,NA,NA,NA,NA,NA,NA,1.05278871760689,1.06207751827693
1070,NA,NA,NA,NA,NA,NA,NA,NA,NA,NA,NA,NA,NA,1.056284159974,1.2085901333027
1071,NA,NA,NA,NA,NA,NA,NA,NA,NA,NA,NA,NA,NA,0.936784702501677,1.18958343053143
1072,NA,NA,NA,NA,NA,NA,NA,NA,NA,NA,NA,NA,NA,0.971889212549186,1.11895428102943
1073,NA,NA,NA,NA,NA,NA,NA,NA,NA,NA,NA,NA,NA,0.910383474187988,1.00762869642262
1074,NA,NA,NA,NA,NA,NA,NA,NA,NA,NA,NA,NA,NA,0.87619188445535,0.719027421935126
1075,NA,NA,NA,NA,NA,NA,NA,NA,NA,NA,NA,NA,NA,0.883389824026541,0.793271998838395
1076,NA,NA,NA,NA,NA,NA,NA,NA,NA,NA,NA,NA,NA,0.899206580701546,0.835724362599422
1077,NA,NA,NA,NA,NA,NA,NA,NA,NA,NA,NA,NA,NA,0.931640504344998,0.732282645712426
1078,NA,NA,NA,NA,NA,NA,NA,NA,NA,NA,NA,NA,NA,NA,0.766499738917964
1079,NA,NA,NA,NA,NA,NA,NA,NA,NA,NA,NA,NA,NA,NA,1.04662984766465
1080,NA,NA,NA,NA,NA,NA,NA,NA,NA,NA,NA,NA,NA,NA,0.909533036549487
1081,NA,NA,NA,NA,NA,NA,NA,NA,NA,NA,NA,NA,NA,NA,0.677187006520254
1082,NA,NA,NA,NA,NA,NA,NA,NA,NA,NA,NA,NA,NA,NA,0.810699964446751
1083,NA,NA,NA,NA,NA,NA,NA,NA,NA,NA,NA,NA,NA,NA,0.782849581635003
1084,NA,NA,NA,NA,NA,NA,NA,NA,NA,NA,NA,NA,NA,NA,1.06750353348766
1085,NA,NA,NA,NA,NA,NA,NA,NA,NA,NA,NA,NA,NA,NA,0.927209215754929
1086,NA,NA,NA,NA,NA,NA,NA,NA,NA,NA,NA,NA,NA,NA,1.02697861133543
1087,NA,NA,NA,NA,NA,NA,NA,NA,NA,NA,NA,NA,NA,NA,0.94670012291477
1088,NA,NA,NA,NA,NA,NA,NA,NA,NA,NA,NA,NA,NA,NA,0.823039427853671
1089,NA,NA,NA,NA,NA,NA,NA,NA,NA,NA,NA,NA,NA,NA,0.814200379686179
1090,NA,NA,NA,NA,NA,NA,NA,NA,NA,NA,NA,NA,NA,NA,0.815577924506417
1091,NA,NA,NA,NA,NA,NA,NA,NA,NA,NA,NA,NA,NA,NA,0.789213251868194
1092,NA,NA,NA,NA,NA,NA,NA,NA,NA,NA,NA,NA,NA,NA,0.941235266132681
1093,NA,NA,NA,NA,NA,NA,NA,NA,NA,NA,NA,NA,NA,NA,0.936272922101088
1094,NA,NA,NA,NA,NA,NA,NA,NA,NA,NA,NA,NA,NA,NA,0.959206547860751
1095,NA,NA,NA,NA,NA,NA,NA,NA,NA,NA,NA,NA,NA,NA,0.928260761435758
1096,NA,NA,NA,NA,NA,NA,NA,NA,NA,NA,NA,NA,NA,NA,1.00336988731363
1097,NA,NA,NA,NA,NA,NA,NA,NA,NA,NA,NA,NA,NA,NA,1.11654625115241
1098,NA,NA,NA,NA,NA,NA,NA,NA,NA,NA,NA,NA,NA,NA,0.988958118729518
1099,NA,NA,NA,NA,NA,NA,NA,NA,NA,NA,NA,NA,NA,NA,1.06199243445275
1100,NA,NA,NA,NA,NA,NA,NA,NA,NA,NA,NA,NA,NA,NA,1.11464069349615
1101,NA,NA,NA,NA,NA,NA,NA,NA,NA,NA,NA,NA,NA,NA,1.14708018928734
1102,NA,NA,NA,NA,NA,NA,NA,NA,NA,NA,NA,NA,NA,NA,1.03733154575559
1103,NA,NA,NA,NA,NA,NA,NA,NA,NA,NA,NA,NA,NA,NA,1.00507294490674
1104,NA,NA,NA,NA,NA,NA,NA,NA,NA,NA,NA,NA,NA,NA,1.11600700332931
1105,NA,NA,NA,NA,NA,NA,NA,NA,NA,NA,NA,NA,NA,NA,1.06614051507037
1106,NA,NA,NA,NA,NA,NA,NA,NA,NA,NA,NA,NA,NA,NA,0.914920259323205
1107,NA,NA,NA,NA,NA,NA,NA,NA,NA,NA,NA,NA,NA,NA,1.02090564833175
1108,NA,NA,NA,NA,NA,NA,NA,NA,NA,NA,NA,NA,NA,NA,1.08996546794827
1109,NA,NA,NA,NA,NA,NA,NA,NA,NA,NA,NA,NA,NA,NA,1.16151414812119
1110,NA,NA,NA,NA,NA,NA,NA,NA,NA,NA,NA,NA,NA,NA,0.811342608038234
1111,NA,NA,NA,NA,NA,NA,NA,NA,NA,NA,NA,NA,NA,NA,1.03664966549379
1112,NA,NA,NA,NA,NA,NA,NA,NA,NA,NA,NA,NA,NA,NA,1.18394479299845
1113,NA,NA,NA,NA,NA,NA,NA,NA,NA,NA,NA,NA,NA,NA,1.22088365652098
1114,NA,NA,NA,NA,NA,NA,NA,NA,NA,NA,NA,NA,NA,NA,1.20951515920062
1115,NA,NA,NA,NA,NA,NA,NA,NA,NA,NA,NA,NA,NA,NA,0.989679499024153
1116,NA,NA,NA,NA,NA,NA,NA,NA,NA,NA,NA,NA,NA,NA,1.02531207325147
1117,NA,NA,NA,NA,NA,NA,NA,NA,NA,NA,NA,NA,NA,NA,1.16091584590695
1118,NA,NA,NA,NA,NA,NA,NA,NA,NA,NA,NA,NA,NA,NA,1.11204486205363
1119,NA,NA,NA,NA,NA,NA,NA,NA,NA,NA,NA,NA,NA,NA,0.950615115811832
1120,NA,NA,NA,NA,NA,NA,NA,NA,NA,NA,NA,NA,NA,NA,0.942948726714018
1121,NA,NA,NA,NA,NA,NA,NA,NA,NA,NA,NA,NA,NA,NA,0.899895696575761
1122,NA,NA,NA,NA,NA,NA,NA,NA,NA,NA,NA,NA,NA,NA,1.06717614557375
1123,NA,NA,NA,NA,NA,NA,NA,NA,NA,NA,NA,NA,NA,NA,0.974107818116274
1124,NA,NA,NA,NA,NA,NA,NA,NA,NA,NA,NA,NA,NA,NA,0.851299062806675
1125,NA,NA,NA,NA,NA,NA,NA,NA,NA,NA,NA,NA,NA,NA,0.892810113704215
1126,NA,NA,NA,NA,NA,NA,NA,NA,NA,NA,NA,NA,NA,NA,1.02841997704325
1127,NA,NA,NA,NA,NA,NA,NA,NA,NA,NA,NA,NA,NA,NA,1.05500543283799
1128,NA,NA,NA,NA,NA,NA,NA,NA,NA,NA,NA,NA,NA,NA,0.933521649592442
1129,NA,NA,NA,NA,NA,NA,NA,NA,NA,NA,NA,NA,NA,NA,1.03557772574986
1130,NA,NA,NA,NA,NA,NA,NA,NA,NA,NA,NA,NA,NA,NA,0.984852306788144
1131,NA,NA,NA,NA,NA,NA,NA,NA,NA,NA,NA,NA,NA,NA,1.10592153683049
1132,NA,NA,NA,NA,NA,NA,NA,NA,NA,NA,NA,NA,NA,NA,1.18388656344571
1133,NA,NA,NA,NA,NA,NA,NA,NA,NA,NA,NA,NA,NA,NA,1.14869300656157
1134,NA,NA,NA,NA,NA,NA,NA,NA,NA,NA,NA,NA,NA,NA,1.11921355817702
1135,NA,NA,NA,NA,NA,NA,NA,NA,NA,NA,NA,NA,NA,NA,1.37153577620716
1136,NA,NA,NA,NA,NA,NA,NA,NA,NA,NA,NA,NA,NA,NA,1.21292363535105
1137,NA,NA,NA,NA,NA,NA,NA,NA,NA,NA,NA,NA,NA,NA,1.18760181136127
1138,NA,NA,NA,NA,NA,NA,NA,NA,NA,NA,NA,NA,NA,NA,1.30056275463058
1139,NA,NA,NA,NA,NA,NA,NA,NA,NA,NA,NA,NA,NA,NA,1.03159810017366
1140,NA,NA,NA,NA,NA,NA,NA,NA,NA,NA,NA,NA,NA,NA,1.15501534998079
1141,NA,NA,NA,NA,NA,NA,NA,NA,NA,NA,NA,NA,NA,NA,1.19085067372089
1142,NA,NA,NA,NA,NA,NA,NA,NA,NA,NA,NA,NA,NA,NA,1.15925139904382
1143,NA,NA,NA,NA,NA,NA,NA,NA,NA,NA,NA,NA,NA,NA,1.15280543859794
1144,NA,NA,NA,NA,NA,NA,NA,NA,NA,NA,NA,NA,NA,NA,0.817077767843714
1145,NA,NA,NA,NA,NA,NA,NA,NA,NA,NA,NA,NA,NA,NA,0.986939999785426
1146,NA,NA,NA,NA,NA,NA,NA,NA,NA,NA,NA,NA,NA,NA,0.912852524484898
1147,NA,NA,NA,NA,NA,NA,NA,NA,NA,NA,NA,NA,NA,NA,1.08284350630101
1148,NA,NA,NA,NA,NA,NA,NA,NA,NA,NA,NA,NA,NA,NA,0.937909732283221
1149,NA,NA,NA,NA,NA,NA,NA,NA,NA,NA,NA,NA,NA,NA,1.21520644806006
1150,NA,NA,NA,NA,NA,NA,NA,NA,NA,NA,NA,NA,NA,NA,0.889553518390264
1151,NA,NA,NA,NA,NA,NA,NA,NA,NA,NA,NA,NA,NA,NA,0.888033561126172
1152,NA,NA,NA,NA,NA,NA,NA,NA,NA,NA,NA,NA,NA,NA,0.952415918517975
1153,NA,NA,NA,NA,NA,NA,NA,NA,NA,NA,NA,NA,NA,NA,0.954447034441534
1154,NA,NA,NA,NA,NA,NA,NA,NA,NA,NA,NA,NA,NA,NA,0.995667822595624
1155,NA,NA,NA,NA,NA,NA,NA,NA,NA,NA,NA,NA,NA,NA,0.881878734414349
1156,NA,NA,NA,NA,NA,NA,NA,NA,NA,NA,NA,NA,NA,NA,0.951999239697692
1157,NA,NA,NA,NA,NA,NA,NA,NA,NA,NA,NA,NA,NA,NA,1.02322438693384
1158,NA,NA,NA,NA,NA,NA,NA,NA,NA,NA,NA,NA,NA,NA,1.00378834884684
1159,NA,NA,NA,NA,NA,NA,NA,NA,NA,NA,NA,NA,NA,NA,1.15181422825158
1160,NA,NA,NA,NA,NA,NA,NA,NA,NA,NA,NA,NA,NA,NA,0.961407707439814
1161,NA,NA,NA,NA,NA,NA,NA,NA,NA,NA,NA,NA,NA,NA,1.05391775674371
1162,NA,NA,NA,NA,NA,NA,NA,NA,NA,NA,NA,NA,NA,NA,1.2420926651949
1163,NA,NA,NA,NA,NA,NA,NA,NA,NA,NA,NA,NA,NA,NA,0.988797784924043
1164,NA,NA,NA,NA,NA,NA,NA,NA,NA,NA,NA,NA,NA,NA,0.80362586220262
1165,NA,NA,NA,NA,NA,NA,NA,NA,NA,NA,NA,NA,NA,NA,0.981518980801129
1166,NA,NA,NA,NA,NA,NA,NA,NA,NA,NA,NA,NA,NA,NA,1.04077326912357
1167,NA,NA,NA,NA,NA,NA,NA,NA,NA,NA,NA,NA,NA,NA,1.00946667929075
1168,NA,NA,NA,NA,NA,NA,NA,NA,NA,NA,NA,NA,NA,NA,1.08914426238708
1169,NA,NA,NA,NA,NA,NA,NA,NA,NA,NA,NA,NA,NA,NA,0.913549310078993
1170,NA,NA,NA,NA,NA,NA,NA,NA,NA,NA,NA,NA,NA,NA,1.04721878461693
1171,NA,NA,NA,NA,NA,NA,NA,NA,NA,NA,NA,NA,NA,NA,1.0588057801777
1172,NA,NA,NA,NA,NA,NA,NA,NA,NA,NA,NA,NA,NA,NA,1.1252567855452
1173,NA,NA,NA,NA,NA,NA,NA,NA,NA,NA,NA,NA,NA,NA,0.960626209589028
1174,NA,NA,NA,NA,NA,NA,NA,NA,NA,NA,NA,NA,NA,NA,0.948051383099797
1175,NA,NA,NA,NA,NA,NA,NA,NA,NA,NA,NA,NA,NA,NA,0.84521494930484
1176,NA,NA,NA,NA,NA,NA,NA,NA,NA,NA,NA,NA,NA,NA,0.77499470256216
1177,NA,NA,NA,NA,NA,NA,NA,NA,NA,NA,NA,NA,NA,NA,0.841389788595564
1178,NA,NA,NA,NA,NA,NA,NA,NA,NA,NA,NA,NA,NA,NA,0.838006553069876
1179,NA,NA,NA,NA,NA,NA,NA,NA,NA,NA,NA,NA,NA,NA,0.962378169767932
1180,NA,NA,NA,NA,NA,NA,NA,NA,NA,NA,NA,NA,NA,NA,1.05380131585868
1181,NA,NA,NA,NA,NA,NA,NA,NA,NA,NA,NA,NA,NA,NA,0.919380512766945
1182,NA,NA,NA,NA,NA,NA,NA,NA,NA,NA,NA,NA,NA,NA,0.879175011204997
1183,NA,NA,NA,NA,NA,NA,NA,NA,NA,NA,NA,NA,NA,NA,1.04034940119293
1184,NA,NA,NA,NA,NA,NA,NA,NA,NA,NA,NA,NA,NA,NA,0.981116339490995
1185,NA,NA,NA,NA,NA,NA,NA,NA,NA,NA,NA,NA,NA,NA,0.985505582543093
1186,NA,NA,NA,NA,NA,NA,NA,NA,NA,NA,NA,NA,NA,NA,0.866534785381545
1187,NA,NA,NA,NA,NA,NA,NA,NA,NA,NA,NA,NA,NA,NA,0.895865622117131
1188,NA,NA,NA,NA,NA,NA,NA,NA,NA,NA,NA,NA,NA,NA,0.791626595401174
1189,NA,NA,NA,NA,NA,NA,NA,NA,NA,NA,NA,NA,NA,NA,0.614347169411806
1190,NA,NA,NA,NA,NA,NA,NA,NA,NA,NA,NA,NA,NA,NA,0.764583968842317
1191,NA,NA,NA,NA,NA,NA,NA,NA,NA,NA,NA,NA,NA,NA,0.935426738583132
1192,NA,NA,NA,NA,NA,NA,NA,NA,NA,NA,NA,NA,NA,NA,0.91880351776566
1193,NA,NA,NA,NA,NA,NA,NA,NA,NA,NA,NA,NA,NA,NA,1.04323120018442
1194,NA,NA,NA,NA,NA,NA,NA,NA,NA,NA,NA,NA,NA,NA,0.975518854998985
1195,NA,NA,NA,NA,NA,NA,NA,NA,NA,NA,NA,NA,NA,NA,0.511045814660108
1196,NA,NA,NA,NA,NA,NA,NA,NA,NA,NA,NA,NA,NA,NA,0.993589249673352
1197,NA,NA,NA,NA,NA,NA,NA,NA,NA,NA,NA,NA,NA,NA,0.804034719062634
1198,NA,NA,NA,NA,NA,NA,NA,NA,NA,NA,NA,NA,NA,NA,0.7865441772607
1199,NA,NA,NA,NA,NA,NA,NA,NA,NA,NA,NA,NA,NA,NA,1.01012294738886
1200,NA,NA,NA,NA,NA,NA,NA,NA,NA,NA,NA,NA,NA,NA,0.980434795443249
1201,NA,NA,NA,NA,NA,NA,NA,NA,NA,NA,NA,NA,NA,NA,1.23594551567711
1202,NA,NA,NA,NA,NA,NA,NA,NA,NA,NA,NA,NA,NA,NA,0.853537568349566
1203,NA,NA,NA,NA,NA,NA,NA,NA,NA,NA,NA,NA,NA,NA,1.02203298646099
1204,NA,NA,NA,NA,NA,NA,NA,NA,NA,NA,NA,NA,NA,NA,1.13527273190496
1205,NA,NA,NA,NA,NA,NA,NA,NA,NA,NA,NA,NA,NA,NA,1.14557439585223
1206,NA,NA,NA,NA,NA,NA,NA,NA,NA,NA,NA,NA,NA,NA,1.01632504513515
1207,NA,NA,NA,NA,NA,NA,NA,NA,NA,NA,NA,NA,NA,NA,0.910641849216906
1208,NA,NA,NA,NA,NA,NA,NA,NA,NA,NA,NA,NA,NA,NA,0.888017442991176
1209,NA,NA,NA,NA,NA,NA,NA,NA,NA,NA,NA,NA,NA,NA,1.14757818374171
1210,NA,NA,NA,NA,NA,NA,NA,NA,NA,NA,NA,NA,NA,NA,1.10525872941713
1211,NA,NA,NA,NA,NA,NA,NA,NA,NA,NA,NA,NA,NA,NA,1.03602151378551
1212,NA,NA,NA,NA,NA,NA,NA,NA,NA,NA,NA,NA,NA,NA,0.941922650353084
1213,NA,NA,NA,NA,NA,NA,NA,NA,NA,NA,NA,NA,NA,NA,1.11553844027288
1214,NA,NA,NA,NA,NA,NA,NA,NA,NA,NA,NA,NA,NA,NA,1.02927557476258
1215,NA,NA,NA,NA,NA,NA,NA,NA,NA,NA,NA,NA,NA,NA,0.925016418877843
1216,NA,NA,NA,NA,NA,NA,NA,NA,NA,NA,NA,NA,NA,NA,1.06627214901095
1217,NA,NA,NA,NA,NA,NA,NA,NA,NA,NA,NA,NA,NA,NA,1.19221105095767
1218,NA,NA,NA,NA,NA,NA,NA,NA,NA,NA,NA,NA,NA,NA,1.08215054775938
1219,NA,NA,NA,NA,NA,NA,NA,NA,NA,NA,NA,NA,NA,NA,1.18053475373134
1220,NA,NA,NA,NA,NA,NA,NA,NA,NA,NA,NA,NA,NA,NA,1.14587294486142
1221,NA,NA,NA,NA,NA,NA,NA,NA,NA,NA,NA,NA,NA,NA,1.25221753141766
1222,NA,NA,NA,NA,NA,NA,NA,NA,NA,NA,NA,NA,NA,NA,0.941285509149981
1223,NA,NA,NA,NA,NA,NA,NA,NA,NA,NA,NA,NA,NA,NA,1.00180461273666
1224,NA,NA,NA,NA,NA,NA,NA,NA,NA,NA,NA,NA,NA,NA,0.985770704121779
1225,NA,NA,NA,NA,NA,NA,NA,NA,NA,NA,NA,NA,NA,NA,0.970455468910543
1226,NA,NA,NA,NA,NA,NA,NA,NA,NA,NA,NA,NA,NA,NA,0.924824691682046
1227,NA,NA,NA,NA,NA,NA,NA,NA,NA,NA,NA,NA,NA,NA,1.00489362019417
1228,NA,NA,NA,NA,NA,NA,NA,NA,NA,NA,NA,NA,NA,NA,0.929599478143857
1229,NA,NA,NA,NA,NA,NA,NA,NA,NA,NA,NA,NA,NA,NA,0.865626878611148
1230,NA,NA,NA,NA,NA,NA,NA,NA,NA,NA,NA,NA,NA,NA,0.901574278652467
1231,NA,NA,NA,NA,NA,NA,NA,NA,NA,NA,NA,NA,NA,NA,0.949081695122922
1232,NA,NA,NA,NA,NA,NA,NA,NA,NA,NA,NA,NA,NA,NA,0.979104647584418
1233,NA,NA,NA,NA,NA,NA,NA,NA,NA,NA,NA,NA,NA,NA,1.21191394813938
1234,NA,NA,NA,NA,NA,NA,NA,NA,NA,NA,NA,NA,NA,NA,1.12979482629513
1235,NA,NA,NA,NA,NA,NA,NA,NA,NA,NA,NA,NA,NA,NA,1.071794446731
1236,NA,NA,NA,NA,NA,NA,NA,NA,NA,NA,NA,NA,NA,NA,1.02688180699284
1237,NA,NA,NA,NA,NA,NA,NA,NA,NA,NA,NA,NA,NA,NA,1.1804630902073
1238,NA,NA,NA,NA,NA,NA,NA,NA,NA,NA,NA,NA,NA,NA,0.964509681316102
1239,NA,NA,NA,NA,NA,NA,NA,NA,NA,NA,NA,NA,NA,NA,1.10910198592669
1240,NA,NA,NA,NA,NA,NA,NA,NA,NA,NA,NA,NA,NA,NA,1.03504025241986
1241,NA,NA,NA,NA,NA,NA,NA,NA,NA,NA,NA,NA,NA,NA,0.971759061335507
1242,NA,NA,NA,NA,NA,NA,NA,NA,NA,NA,NA,NA,NA,NA,0.972846748363558
1243,NA,NA,NA,NA,NA,NA,NA,NA,NA,NA,NA,NA,NA,NA,0.968553892200246
1244,NA,NA,NA,NA,NA,NA,NA,NA,NA,NA,NA,NA,NA,NA,1.04328013552537
1245,NA,NA,NA,NA,NA,NA,NA,NA,NA,NA,NA,NA,NA,NA,1.12609819879657
1246,NA,NA,NA,NA,NA,NA,NA,NA,NA,NA,NA,NA,NA,NA,1.10709119291698
1247,NA,NA,NA,NA,NA,NA,NA,NA,NA,NA,NA,NA,NA,NA,1.16349018578233
1248,NA,NA,NA,NA,NA,NA,NA,NA,NA,NA,NA,NA,NA,NA,1.11609504772969
1249,NA,NA,NA,NA,NA,NA,NA,NA,NA,NA,NA,NA,NA,NA,0.987280951154773
1250,NA,NA,NA,NA,NA,NA,NA,NA,NA,NA,NA,NA,NA,NA,1.11540067812689
1251,NA,NA,NA,NA,NA,NA,NA,NA,NA,NA,NA,NA,NA,NA,1.21158321351828
1252,NA,NA,NA,NA,NA,NA,NA,NA,NA,NA,NA,NA,NA,NA,1.01555284721955
1253,NA,NA,NA,NA,NA,NA,NA,NA,NA,NA,NA,NA,NA,NA,1.26805671862696
1254,NA,NA,NA,NA,NA,NA,NA,NA,NA,NA,NA,NA,NA,NA,1.11066267858144
1255,NA,NA,NA,NA,NA,NA,NA,NA,NA,NA,NA,NA,NA,NA,0.910286432010829
1256,NA,NA,NA,NA,NA,NA,NA,NA,NA,NA,NA,NA,NA,NA,0.773639773323082
1257,NA,NA,NA,NA,NA,NA,NA,NA,NA,NA,NA,NA,NA,NA,0.933881828179842
1258,NA,NA,NA,NA,NA,NA,NA,NA,NA,NA,NA,NA,NA,NA,0.892670175815362
1259,NA,NA,NA,NA,NA,NA,NA,NA,NA,NA,NA,NA,NA,NA,0.885478109180764
1260,NA,NA,NA,NA,NA,NA,NA,NA,NA,NA,NA,NA,NA,NA,0.953504265787763
1261,NA,NA,NA,NA,NA,NA,NA,NA,NA,NA,NA,NA,NA,NA,0.894154716668952
1262,NA,NA,NA,NA,NA,NA,NA,NA,NA,NA,NA,NA,NA,NA,0.839669625963607
1263,NA,NA,NA,NA,NA,NA,NA,NA,NA,NA,NA,NA,NA,NA,0.628183441921966
1264,NA,NA,NA,NA,NA,NA,NA,NA,NA,NA,NA,NA,NA,NA,0.888992517032316
1265,NA,NA,NA,NA,NA,NA,NA,NA,NA,NA,NA,NA,NA,NA,1.1125421696326
1266,NA,NA,NA,NA,NA,NA,NA,NA,NA,NA,NA,NA,NA,NA,1.01771818361807
1267,NA,NA,NA,NA,NA,NA,NA,NA,NA,NA,NA,NA,NA,NA,0.919944322298203
1268,NA,NA,NA,NA,NA,NA,NA,NA,NA,NA,NA,NA,NA,NA,1.10840661677032
1269,NA,NA,NA,NA,NA,NA,NA,NA,NA,NA,NA,NA,NA,NA,0.989668624920675
1270,NA,NA,NA,NA,NA,NA,NA,NA,NA,NA,NA,NA,NA,NA,0.999272606971058
1271,NA,NA,NA,NA,NA,NA,NA,NA,NA,NA,NA,NA,NA,NA,0.990591432575883
1272,NA,NA,NA,NA,NA,NA,NA,NA,NA,NA,NA,NA,NA,NA,1.03030500709979
1273,NA,NA,NA,NA,NA,NA,NA,NA,NA,NA,NA,NA,NA,NA,1.07651210307366
1274,NA,NA,NA,NA,NA,NA,NA,NA,NA,NA,NA,NA,NA,NA,0.988388805722109
1275,NA,NA,NA,NA,NA,NA,NA,NA,NA,NA,NA,NA,NA,NA,1.10105030264397
1276,NA,NA,NA,NA,NA,NA,NA,NA,NA,NA,NA,NA,NA,NA,0.951900648547488
1277,NA,NA,NA,NA,NA,NA,NA,NA,NA,NA,NA,1.02995450951578,NA,NA,1.09520165354512
1278,NA,NA,NA,NA,NA,NA,NA,NA,NA,NA,NA,0.965310457954444,NA,NA,1.01022609990582
1279,NA,NA,NA,NA,NA,NA,NA,NA,NA,NA,NA,0.931739939496064,NA,NA,0.90662910485943
1280,NA,NA,NA,NA,NA,NA,NA,NA,NA,NA,NA,0.912585333914827,NA,NA,0.943883935498702
1281,NA,NA,NA,NA,NA,NA,NA,NA,NA,NA,NA,0.875871787049493,NA,NA,0.811507332544332
1282,NA,NA,NA,NA,NA,NA,NA,NA,NA,NA,NA,0.903456564938285,NA,NA,0.914986299475419
1283,NA,NA,NA,NA,NA,NA,NA,NA,NA,NA,NA,0.941590289025464,NA,NA,0.999082274673169
1284,NA,NA,NA,NA,NA,NA,NA,NA,NA,NA,NA,1.02902994402565,NA,NA,1.00608791932159
1285,NA,NA,NA,NA,NA,NA,NA,NA,NA,NA,NA,1.11546214248821,NA,NA,0.892239904644461
1286,NA,NA,NA,NA,NA,NA,NA,NA,NA,NA,NA,1.05255090000675,NA,NA,1.02139718959648
1287,NA,NA,NA,NA,NA,NA,NA,NA,NA,NA,NA,0.950896909399047,NA,NA,0.894396583348649
1288,NA,NA,NA,NA,NA,NA,NA,NA,NA,NA,NA,0.994729990137513,NA,NA,1.02386909291648
1289,NA,NA,NA,NA,NA,NA,NA,NA,NA,NA,NA,1.02246274219485,NA,NA,0.958976837679051
1290,NA,NA,NA,NA,NA,NA,NA,NA,NA,NA,NA,0.986146323304626,NA,NA,0.918724896479388
1291,NA,NA,NA,NA,NA,NA,NA,NA,NA,NA,NA,0.976519549303692,NA,NA,1.03608461503021
1292,NA,NA,NA,NA,NA,NA,NA,NA,NA,NA,NA,1.08253268565866,NA,NA,1.13473645009178
1293,NA,NA,NA,NA,NA,NA,NA,NA,NA,NA,NA,1.04495181354229,NA,NA,0.839876386637191
1294,NA,NA,NA,NA,NA,NA,NA,NA,NA,NA,NA,1.09666067345386,NA,NA,1.16005819535726
1295,NA,NA,NA,NA,NA,NA,NA,NA,NA,NA,NA,1.11282296494733,NA,NA,1.14009893611847
1296,NA,NA,NA,NA,NA,NA,NA,NA,NA,NA,NA,1.04782040192306,NA,NA,NA
1297,NA,NA,NA,NA,NA,NA,NA,NA,NA,NA,NA,0.954185447247823,NA,NA,NA
1298,NA,NA,NA,NA,NA,NA,NA,NA,NA,NA,NA,1.03497505097323,NA,NA,NA
1299,NA,NA,NA,NA,NA,NA,NA,NA,NA,NA,NA,1.03501121317204,NA,NA,NA
1300,NA,NA,NA,NA,NA,NA,NA,NA,NA,NA,NA,0.87406160497475,NA,NA,NA
1301,NA,NA,NA,NA,NA,NA,NA,NA,NA,NA,NA,0.920191604635694,NA,NA,NA
1302,NA,NA,NA,NA,NA,NA,NA,NA,NA,NA,NA,0.929540689251467,NA,NA,NA
1303,NA,NA,NA,NA,NA,NA,NA,NA,NA,NA,NA,0.874952381203793,NA,NA,NA
1304,NA,NA,NA,NA,NA,NA,NA,NA,NA,NA,NA,1.04262565198615,NA,NA,NA
1305,NA,NA,NA,NA,NA,NA,NA,NA,NA,NA,NA,1.02492707286196,NA,NA,NA
1306,NA,NA,NA,NA,NA,NA,NA,NA,NA,NA,NA,1.05790690550989,NA,NA,NA
1307,NA,NA,NA,NA,NA,NA,NA,NA,NA,NA,NA,1.08338922798585,NA,NA,NA
1308,NA,NA,NA,NA,NA,NA,NA,NA,NA,NA,NA,1.10450216240009,NA,NA,NA
1309,NA,NA,NA,NA,NA,NA,NA,NA,NA,NA,NA,1.10988990961179,NA,NA,NA
1310,NA,NA,NA,NA,NA,NA,NA,NA,NA,NA,NA,0.996160804319172,NA,NA,NA
1311,NA,NA,NA,NA,NA,NA,NA,NA,NA,NA,NA,1.07267613123744,NA,NA,NA
1312,NA,NA,NA,NA,NA,NA,NA,NA,NA,NA,NA,0.981952767009386,NA,NA,NA
1313,NA,NA,NA,NA,NA,NA,NA,NA,NA,NA,NA,0.941148928815043,NA,NA,NA
1314,NA,NA,NA,NA,NA,NA,NA,NA,NA,NA,NA,0.973328216976823,NA,NA,NA
1315,NA,NA,NA,NA,NA,NA,NA,NA,NA,NA,NA,1.00476762442096,NA,NA,NA
1316,NA,NA,NA,NA,NA,NA,NA,NA,NA,NA,NA,1.06939220835463,NA,NA,NA
1317,NA,NA,NA,NA,NA,NA,NA,NA,NA,NA,NA,0.964923643224367,NA,NA,NA
1318,NA,NA,NA,NA,NA,NA,NA,NA,NA,NA,NA,0.95305728073192,NA,NA,NA
1319,NA,NA,NA,NA,NA,NA,NA,NA,NA,NA,NA,0.940638099456693,NA,NA,NA
1320,NA,NA,NA,NA,NA,NA,NA,NA,NA,NA,NA,0.980044752771933,NA,NA,NA
1321,NA,NA,NA,NA,NA,NA,NA,NA,NA,NA,NA,0.948344651506944,NA,NA,NA
1322,NA,NA,NA,NA,NA,NA,NA,NA,NA,NA,NA,0.942834835323462,NA,NA,NA
1323,NA,NA,NA,NA,NA,NA,NA,NA,NA,0.908637696335411,NA,0.968225289364963,NA,NA,NA
1324,NA,NA,NA,NA,NA,NA,NA,NA,NA,0.819462110680888,NA,0.940944241158246,NA,NA,NA
1325,NA,NA,NA,NA,NA,NA,NA,NA,NA,0.903485016290339,NA,0.897043002615511,NA,NA,NA
1326,NA,NA,NA,NA,NA,NA,NA,NA,NA,0.885108447016944,NA,0.902485192218773,NA,NA,NA
1327,NA,NA,NA,NA,NA,NA,NA,NA,NA,0.957366101718452,NA,1.04857797806429,NA,NA,NA
1328,NA,NA,NA,NA,NA,NA,NA,NA,NA,0.940108247941127,NA,0.989690463316692,NA,NA,NA
1329,NA,NA,NA,NA,NA,NA,NA,NA,NA,1.2002874802183,NA,1.0757238248033,NA,NA,NA
1330,NA,NA,NA,NA,NA,NA,NA,NA,NA,0.973248837013134,NA,1.11180045792657,NA,NA,NA
1331,NA,NA,NA,NA,NA,NA,NA,NA,NA,1.03530021315608,NA,1.14527695570408,NA,NA,NA
1332,NA,NA,NA,NA,NA,NA,NA,NA,NA,1.02929711106643,NA,1.09401120671999,NA,NA,NA
1333,NA,NA,NA,NA,NA,NA,NA,NA,NA,1.09383869852233,NA,1.00356978245478,NA,NA,NA
1334,NA,NA,NA,NA,NA,NA,NA,NA,NA,1.41229597648224,NA,1.13060826148858,NA,NA,NA
1335,NA,NA,NA,NA,NA,NA,NA,NA,NA,1.12691922083707,NA,1.18075861863652,NA,NA,NA
1336,NA,NA,NA,NA,NA,NA,NA,NA,NA,1.20223582875672,NA,1.12775241050504,NA,NA,NA
1337,NA,NA,NA,NA,NA,NA,NA,NA,NA,1.14290645611672,NA,0.931707465414563,NA,NA,NA
1338,NA,NA,NA,NA,NA,NA,NA,NA,NA,1.11709032167307,NA,1.03012950337147,NA,NA,NA
1339,NA,NA,NA,NA,NA,NA,NA,NA,NA,1.07747705049644,NA,1.09615022751467,NA,NA,NA
1340,NA,NA,NA,NA,NA,NA,NA,NA,NA,1.12008849571613,NA,1.09129253726203,NA,NA,NA
1341,NA,NA,NA,NA,NA,NA,NA,NA,NA,0.974059869261395,NA,0.971607062614415,NA,NA,NA
1342,NA,NA,NA,NA,NA,NA,NA,NA,NA,1.11505597175272,NA,0.926599143174137,NA,NA,NA
1343,NA,NA,NA,NA,NA,NA,NA,NA,NA,1.00437095178801,NA,0.892892240401769,NA,NA,NA
1344,NA,NA,NA,NA,NA,NA,NA,NA,NA,0.879098668306396,NA,0.932835392832462,NA,NA,NA
1345,NA,NA,NA,NA,NA,NA,NA,NA,NA,0.896196869624785,NA,0.911777606825535,NA,NA,NA
1346,NA,NA,NA,NA,NA,NA,NA,NA,NA,0.718361941748522,NA,0.989499085433686,NA,NA,NA
1347,NA,NA,NA,NA,NA,NA,NA,NA,NA,1.03261113008485,NA,1.0008076167612,NA,NA,NA
1348,NA,NA,NA,NA,NA,NA,NA,NA,NA,0.75959718667664,NA,0.880945561780882,NA,NA,NA
1349,NA,NA,NA,NA,NA,NA,NA,NA,NA,1.07295282137817,NA,0.948469683025259,NA,NA,NA
1350,NA,NA,NA,NA,NA,NA,NA,NA,NA,1.17939870995268,NA,1.07544990757149,NA,NA,NA
1351,NA,NA,NA,NA,NA,NA,NA,NA,NA,1.27068793367252,NA,1.1299336705137,NA,NA,NA
1352,NA,NA,NA,NA,NA,NA,NA,NA,NA,1.0894012084724,NA,1.06215825390168,NA,NA,NA
1353,NA,NA,NA,NA,NA,NA,NA,NA,NA,0.957168798126063,NA,0.982280972097835,NA,NA,NA
1354,NA,NA,NA,NA,NA,NA,NA,NA,NA,1.02618488280322,NA,1.09008142832585,NA,NA,NA
1355,NA,NA,NA,NA,NA,NA,NA,NA,NA,1.12361527846149,NA,0.94262484437259,NA,NA,NA
1356,NA,NA,NA,NA,NA,NA,NA,NA,NA,1.18035121073608,NA,1.07349173020618,NA,NA,NA
1357,NA,NA,NA,NA,NA,NA,NA,NA,NA,1.15320751387102,NA,1.10606529436783,1.39964979526808,NA,NA
1358,NA,NA,NA,NA,NA,NA,NA,NA,NA,0.904517429255544,NA,1.07648563885876,1.22027007653777,NA,NA
1359,NA,NA,NA,NA,NA,NA,NA,NA,NA,0.850093374061953,NA,0.941292874171151,0.830817420781393,NA,NA
1360,NA,NA,NA,NA,NA,NA,NA,NA,NA,0.993974686534276,NA,0.943947862363926,0.744237853773687,NA,NA
1361,NA,NA,NA,NA,NA,NA,NA,NA,NA,1.00150263592948,NA,0.948193864831526,0.823296436361539,NA,NA
1362,NA,NA,NA,NA,NA,NA,NA,NA,NA,0.976967316767118,NA,0.873675127767323,0.848008425359594,NA,NA
1363,NA,NA,NA,NA,NA,NA,NA,NA,NA,0.9083243720485,NA,0.894280104346246,0.641812566210024,NA,NA
1364,NA,NA,NA,NA,NA,NA,NA,NA,NA,0.978468650949674,NA,0.908756529616505,0.672255289551601,NA,NA
1365,NA,NA,NA,NA,NA,NA,NA,NA,NA,0.671838373413999,NA,0.953329843186157,0.843674099888306,NA,NA
1366,NA,NA,NA,NA,NA,NA,NA,NA,NA,0.908389594563903,NA,1.01034520116647,0.851009042103985,NA,NA
1367,NA,NA,NA,NA,NA,NA,NA,NA,NA,0.970024252576229,NA,1.01082894642725,0.960741179194977,NA,NA
1368,NA,NA,NA,NA,NA,NA,NA,NA,NA,0.954770871372923,NA,1.01761188402924,1.084385931713,NA,NA
1369,NA,NA,NA,NA,NA,NA,NA,NA,NA,0.894861099948787,NA,1.08235861467829,1.22217717470732,NA,NA
1370,NA,NA,NA,NA,NA,NA,NA,NA,NA,0.844499968949971,NA,1.004473123591,1.10547826043742,NA,NA
1371,NA,NA,NA,NA,NA,NA,NA,NA,NA,1.10814315647453,NA,1.05095130685072,1.31589827774219,NA,NA
1372,NA,NA,NA,NA,NA,NA,NA,NA,NA,1.29576492722841,NA,1.13986489264253,1.32132794135541,NA,NA
1373,NA,NA,NA,NA,NA,NA,NA,NA,NA,1.07009247119191,NA,1.00011985298885,0.917664840311526,NA,NA
1374,NA,NA,NA,NA,NA,NA,NA,NA,NA,1.20512923664433,NA,0.980220009880695,0.989565308856769,NA,NA
1375,NA,NA,NA,NA,NA,NA,NA,NA,NA,1.10165138758367,NA,0.90810846713149,0.761718018392351,NA,NA
1376,NA,NA,NA,NA,NA,NA,NA,NA,NA,1.21805172510208,NA,0.930819982830818,0.841919421325627,NA,NA
1377,NA,NA,NA,NA,NA,NA,NA,NA,NA,1.05011568297265,NA,0.945792317635233,0.698087389968568,NA,NA
1378,NA,NA,NA,NA,NA,NA,NA,NA,NA,0.962626152245189,NA,0.982037471993091,0.948341211189925,NA,NA
1379,NA,NA,NA,NA,NA,NA,NA,NA,NA,0.823504177995063,NA,1.12331371502749,1.2632901696135,NA,NA
1380,NA,NA,NA,NA,NA,NA,NA,NA,NA,0.944797007796089,NA,1.11418763944476,1.26549256513564,NA,NA
1381,NA,NA,NA,NA,NA,NA,NA,NA,NA,0.871665204062234,NA,1.07858594254536,1.14799944064397,NA,NA
1382,NA,NA,NA,NA,NA,NA,NA,NA,NA,0.645992202912666,NA,0.958705666491345,0.759221473255299,NA,NA
1383,NA,NA,NA,NA,NA,NA,NA,NA,NA,0.694560606896041,NA,0.940172048129026,0.707929705687483,NA,NA
1384,NA,NA,NA,NA,NA,NA,NA,NA,NA,0.671744966699607,NA,0.971261447291034,0.781063304966471,NA,NA
1385,NA,NA,NA,NA,NA,NA,NA,NA,NA,0.674062417812902,NA,0.984765806953704,0.883114837577285,NA,NA
1386,NA,NA,NA,NA,NA,NA,NA,NA,NA,0.927039660662486,NA,1.06537299259313,1.10495344476418,NA,NA
1387,NA,NA,NA,NA,NA,NA,NA,NA,NA,1.00369026287378,NA,1.11924923977021,1.27730965304915,NA,NA
1388,NA,NA,NA,NA,NA,NA,NA,NA,NA,1.09469120208194,NA,1.09906915822543,1.13279767882143,NA,NA
1389,NA,NA,NA,NA,NA,NA,NA,NA,NA,0.865258748700118,NA,1.03242917271988,0.924759889152351,NA,NA
1390,NA,NA,NA,NA,NA,NA,NA,NA,NA,0.945061041926166,NA,0.975090469092854,0.984676148734273,NA,NA
1391,NA,NA,NA,NA,NA,NA,NA,NA,NA,0.862365268321729,NA,1.0103323994315,1.06561858435428,NA,NA
1392,NA,NA,NA,NA,NA,NA,NA,NA,NA,0.850048249326098,NA,0.994266652752289,1.07625172039312,NA,NA
1393,NA,NA,NA,NA,NA,NA,NA,NA,NA,0.819222502035968,NA,1.00998238364923,1.06251362352365,NA,NA
1394,NA,NA,NA,NA,NA,NA,NA,NA,NA,0.979633544314879,NA,0.97792108912375,1.12651732702272,NA,NA
1395,NA,NA,NA,NA,NA,NA,NA,NA,NA,0.877904512666665,NA,0.909298558564099,1.0686126275445,NA,NA
1396,NA,NA,NA,NA,NA,NA,NA,NA,NA,0.881286525895872,NA,0.96851118268508,1.19317566988338,NA,NA
1397,NA,NA,NA,NA,NA,NA,NA,NA,NA,1.00347013806386,NA,0.962753381174483,1.04996621902845,NA,NA
1398,NA,NA,NA,NA,NA,NA,NA,NA,NA,0.957037061101789,NA,0.789528988325936,0.780432157988755,NA,NA
1399,NA,NA,NA,NA,NA,NA,NA,NA,NA,1.15094563001527,NA,0.953552068540353,1.02045526237555,NA,NA
1400,NA,NA,NA,NA,NA,NA,NA,NA,NA,0.878008106525552,NA,0.870549058042861,0.78549580993592,NA,NA
1401,NA,NA,NA,NA,NA,NA,NA,NA,NA,0.924192272208783,NA,0.876173521239033,0.880105173283419,NA,NA
1402,NA,NA,NA,NA,NA,NA,NA,NA,NA,1.18275655709451,1.29723381234797,1.02684926334888,1.15782884728511,NA,NA
1403,NA,NA,NA,NA,NA,NA,NA,NA,NA,1.24128652987517,1.00101399314444,0.876150523006666,1.04112171908866,NA,NA
1404,NA,NA,NA,NA,NA,NA,NA,NA,NA,1.12667517932039,0.997367572981544,0.987345041069102,0.976237276853909,NA,NA
1405,NA,NA,NA,NA,NA,NA,NA,NA,NA,0.950673337650927,0.858068965622714,0.957123504183886,0.943369716988071,NA,NA
1406,NA,NA,NA,NA,NA,NA,NA,NA,NA,1.21457799668571,0.994852575262927,0.940177397313476,1.14587148529525,NA,NA
1407,NA,NA,NA,NA,NA,NA,NA,NA,NA,1.11827599774485,0.943665658366885,0.87126780682835,0.990843015406462,NA,NA
1408,NA,NA,NA,NA,NA,NA,NA,NA,NA,1.24878972452164,1.07257375782846,0.953019698681419,0.917299411208268,NA,NA
1409,NA,NA,NA,NA,NA,NA,NA,NA,NA,1.30368429170767,1.16682429169783,0.941556037772688,1.18164410835016,NA,NA
1410,NA,NA,NA,NA,NA,NA,NA,NA,NA,1.38299125880857,1.30590135719401,1.03201407163432,1.10926411342992,NA,NA
1411,NA,NA,NA,NA,NA,NA,NA,NA,NA,1.24124781876109,0.886061029746438,1.03797741872533,1.24295711349568,NA,NA
1412,NA,NA,NA,NA,NA,NA,NA,NA,NA,1.2122506602249,1.17887281204432,1.03354148150855,1.11073871952307,NA,NA
1413,NA,NA,NA,NA,NA,NA,NA,NA,NA,0.921692397983693,1.02935652747552,0.999514725815382,1.06753969335179,NA,NA
1414,NA,NA,NA,NA,NA,NA,NA,NA,NA,1.09699078076735,1.06306332972247,1.07968160133712,1.09181535229493,NA,NA
1415,NA,NA,NA,NA,NA,NA,NA,NA,NA,1.23015861766544,1.20151512411827,1.07344059407701,1.00757918768424,NA,NA
1416,NA,NA,NA,NA,NA,NA,NA,NA,NA,1.12613805068003,1.17436758094487,1.03400379813159,1.03826405970421,NA,NA
1417,NA,NA,NA,NA,NA,NA,NA,NA,NA,0.834358147482271,0.85101236227448,0.961640406875398,0.750577955507269,NA,NA
1418,NA,NA,NA,NA,NA,NA,NA,NA,NA,0.884740650024137,0.908981560592784,0.833225272896884,0.58464908886303,NA,NA
1419,NA,NA,NA,NA,NA,NA,NA,NA,NA,0.904783759514813,0.981305238189191,0.813487231749734,0.715709324126521,NA,NA
1420,NA,NA,NA,NA,NA,NA,NA,NA,NA,1.00061307722885,1.30015631227611,0.982668480667536,1.06521073765828,NA,NA
1421,NA,NA,NA,NA,NA,NA,NA,NA,NA,1.01540845789061,1.08856964715628,0.967617019659782,1.0773280706762,NA,NA
1422,NA,NA,NA,NA,NA,NA,NA,NA,NA,0.954267966283628,1.0318918421334,1.01868718607637,1.09167913259439,NA,NA
1423,NA,NA,NA,NA,NA,NA,NA,NA,NA,0.985665011271995,0.988194785191572,0.941698147721483,0.871463221292214,NA,NA
1424,NA,NA,NA,NA,NA,NA,NA,NA,NA,1.23943665637609,1.23412963706298,0.971589336703398,0.925182872731759,NA,NA
1425,NA,NA,NA,NA,NA,NA,NA,NA,NA,1.34313666485651,1.1291061495662,1.07942890568139,1.12412215045698,NA,NA
1426,NA,NA,NA,NA,NA,NA,NA,NA,NA,1.06581677312275,0.962651435368704,0.998932491203821,0.954948927092956,NA,NA
1427,NA,NA,NA,NA,NA,NA,NA,NA,NA,1.06591763384166,0.871842078083965,0.965806640764407,0.923131658375191,NA,NA
1428,NA,NA,NA,NA,NA,NA,NA,NA,NA,1.02954948053364,0.812606982580564,1.02241093202065,0.985071924202848,NA,NA
1429,NA,NA,NA,NA,NA,NA,NA,NA,NA,1.01423802167981,0.780644677018065,1.00568291185239,1.09356516316208,NA,NA
1430,NA,NA,NA,NA,NA,NA,NA,NA,NA,0.800890512291941,0.592294224429719,1.00763892305414,1.03237506053189,NA,NA
1431,NA,NA,NA,NA,NA,NA,NA,NA,NA,1.04009204605951,0.756969780363967,0.918243341149909,0.875527300147982,NA,NA
1432,NA,NA,NA,NA,NA,NA,NA,NA,NA,0.919354210039178,0.873175569716194,0.963854283864565,1.08741235268254,NA,NA
1433,NA,NA,NA,NA,NA,NA,NA,NA,NA,0.991717158464615,0.94241901732328,0.984612091124392,1.24319650308309,NA,NA
1434,NA,NA,NA,NA,NA,NA,NA,NA,NA,0.793427791920258,0.812828329133306,0.99046629698709,1.1068627479506,NA,NA
1435,NA,NA,NA,NA,NA,NA,NA,NA,NA,0.905066585956115,0.525474175448642,1.08770855662385,1.24806910809342,NA,NA
1436,NA,NA,NA,NA,NA,NA,NA,NA,NA,0.752089107285009,0.712450658150111,1.03022804686984,1.2230753750488,NA,NA
1437,NA,NA,NA,NA,NA,NA,NA,NA,NA,0.882433844529873,0.830345613249864,0.971080338576838,0.92163452645185,NA,NA
1438,NA,NA,NA,NA,NA,NA,NA,NA,NA,0.797556792601734,0.761694404139388,0.952512472597103,0.914190247860912,NA,NA
1439,NA,NA,NA,NA,NA,NA,NA,NA,NA,0.690629375674676,0.60398891489266,0.890802134802597,0.823633555321909,NA,NA
1440,NA,NA,NA,NA,NA,NA,NA,NA,NA,0.743616963304573,0.878732693904818,1.02316602714452,1.06890806328155,NA,NA
1441,NA,NA,NA,NA,NA,NA,NA,NA,NA,0.798033835226051,0.892351829122868,0.970338747913128,1.01777466435977,NA,NA
1442,NA,NA,NA,NA,NA,NA,NA,NA,NA,1.06697501081271,0.98902004927708,1.00788865980569,0.926267904935834,NA,NA
1443,NA,NA,NA,NA,NA,NA,NA,NA,NA,0.928494148253543,1.03682771570109,0.847465285214671,0.741118384704676,NA,NA
1444,NA,NA,NA,NA,NA,NA,NA,NA,NA,1.02753291195292,0.919747391274707,1.01117798412159,0.886533498609574,NA,NA
1445,NA,NA,NA,NA,NA,NA,NA,NA,NA,0.977768531897771,0.848560203866044,0.984033028922194,0.908847930433502,NA,NA
1446,NA,NA,NA,NA,NA,NA,NA,NA,NA,0.918612037870636,1.01641145838558,1.05086263298919,1.02632835033281,NA,NA
1447,NA,NA,NA,NA,NA,NA,NA,NA,NA,1.25737455989733,1.11994123981141,1.05820580412649,1.02927960862603,NA,NA
1448,NA,NA,NA,NA,NA,NA,NA,NA,NA,1.02796676153866,0.998621362283439,1.01123610244063,0.903757355784422,NA,NA
1449,NA,NA,NA,NA,NA,NA,NA,NA,NA,1.06313496447422,1.08107965896232,1.08027936466491,0.846125776658649,NA,NA
1450,NA,NA,NA,NA,NA,NA,NA,NA,NA,1.23612923298951,1.30150564870917,1.10673283067018,1.00609296677125,NA,NA
1451,NA,NA,NA,NA,NA,NA,NA,NA,NA,1.15123754028299,0.923989552926988,1.00027617160926,0.67439191608046,NA,NA
1452,NA,NA,NA,NA,NA,NA,NA,NA,NA,0.990453622328947,0.786177562778075,0.944058801421178,0.553971193715832,NA,NA
1453,NA,NA,NA,NA,NA,NA,NA,NA,NA,0.781794753868957,0.631485955416691,0.719438405059145,0.55301452717229,NA,NA
1454,NA,NA,NA,NA,NA,NA,NA,NA,NA,0.806100411372231,0.821722954952126,0.787014007727366,0.158837896035232,NA,NA
1455,NA,NA,NA,NA,NA,NA,NA,NA,NA,0.894068426906814,0.700099549619507,0.884789018154109,0.792133389259717,NA,NA
1456,NA,NA,NA,NA,NA,NA,NA,NA,NA,0.916084775575905,0.804068609258635,0.881902922669408,0.756604801280243,NA,NA
1457,NA,NA,NA,NA,NA,NA,NA,NA,NA,0.581591439383186,0.603036636409113,0.849173506374146,0.476337110626125,NA,NA
1458,NA,NA,NA,NA,NA,NA,NA,NA,NA,0.520281186843757,0.545541481979467,0.717666747675295,0.389681000955032,NA,NA
1459,NA,NA,NA,NA,NA,NA,NA,NA,NA,0.696192128601306,0.420266786977083,NA,NA,NA,NA
1460,NA,NA,NA,NA,NA,NA,NA,NA,NA,0.596732778882955,0.393272465629719,0.742603377865986,0.569439668173047,NA,NA
1461,NA,NA,NA,NA,NA,NA,NA,NA,NA,0.790803739051104,0.7751718488107,0.711719607732667,0.55287229446694,NA,NA
1462,NA,NA,NA,NA,NA,NA,NA,NA,NA,0.908782273722852,0.852641506971569,0.944753762255635,0.524405027358832,NA,NA
1463,NA,NA,NA,NA,NA,NA,NA,NA,NA,0.895345534490314,1.08931909662483,0.999563673406183,0.843282182251973,NA,NA
1464,NA,NA,NA,NA,NA,NA,NA,NA,NA,0.968791914062798,0.895388432058847,0.96820618247628,0.76945411030899,NA,NA
1465,NA,NA,NA,NA,NA,NA,NA,NA,NA,1.09397475923014,1.22753856036608,1.05488989576678,1.16809962470477,NA,NA
1466,NA,NA,NA,NA,NA,NA,NA,NA,NA,1.05251744751322,1.6791097611179,1.10112172086434,1.44986544649928,NA,NA
1467,NA,NA,NA,NA,NA,NA,NA,NA,NA,0.98347961952985,1.47337323383839,1.104343804645,1.42679077272122,NA,NA
1468,NA,NA,NA,NA,NA,NA,NA,NA,NA,0.97552327049261,1.42151219287737,1.10157102841422,1.29282410146843,NA,NA
1469,NA,NA,NA,NA,NA,NA,NA,NA,NA,0.931532670302371,1.33442669047278,1.03650803571637,1.21206785800921,NA,NA
1470,NA,NA,NA,NA,NA,NA,NA,NA,NA,1.02170767614198,1.38840634975837,1.02991248470562,1.27133971178249,NA,NA
1471,NA,NA,NA,NA,NA,NA,NA,NA,NA,0.923039928506029,0.863897621412786,1.05983866980481,1.07648624849573,NA,NA
1472,NA,NA,NA,NA,NA,NA,NA,NA,NA,0.740172031516329,0.730998298209279,0.797344113499203,0.621888599740122,NA,NA
1473,NA,NA,NA,NA,NA,NA,NA,NA,NA,0.865132441139044,1.14354538486948,0.879722475178053,0.661013007711522,NA,NA
1474,NA,NA,NA,NA,NA,NA,NA,NA,NA,0.762154176025719,0.799185901704155,0.650392103310166,0.237546602738005,NA,NA
1475,NA,NA,NA,NA,NA,NA,NA,NA,NA,0.895321103466022,0.9849114733837,0.879221580789052,0.856513202958906,NA,NA
1476,NA,NA,NA,NA,NA,NA,NA,NA,NA,0.991958911659214,1.01280185894913,0.929146096090218,0.906105581437293,NA,NA
1477,NA,NA,NA,NA,NA,NA,NA,NA,NA,0.885651199204092,1.07650416551553,0.925150499237999,0.829873914233542,NA,NA
1478,NA,NA,NA,NA,NA,NA,NA,NA,NA,1.02015114726907,0.954976367364882,0.976585183002421,0.869929179909477,NA,NA
1479,NA,NA,NA,NA,NA,NA,NA,NA,NA,0.933211506738258,1.10678253024145,1.03247855468405,1.0705352114754,NA,NA
1480,NA,NA,NA,NA,NA,NA,NA,NA,NA,1.06749436233187,1.07221748242783,1.13130565231278,1.28400053732141,NA,NA
1481,NA,NA,NA,NA,NA,NA,NA,NA,NA,0.991072967330304,0.928712736944305,1.07269916325889,1.29319030922685,NA,NA
1482,NA,NA,NA,NA,NA,NA,NA,NA,NA,1.28163656010425,1.25269235108265,1.17965934847077,1.9472429600335,NA,NA
1483,NA,NA,NA,NA,NA,NA,NA,NA,NA,1.171608191786,0.932977719067265,0.990457907265073,1.2995498122219,NA,NA
1484,NA,NA,NA,NA,NA,NA,NA,NA,NA,1.34727972972789,1.02213737393586,0.990650261212662,1.42801580132259,NA,NA
1485,NA,NA,NA,NA,NA,NA,NA,NA,NA,1.51749534188197,1.28264810097543,1.11978900901587,1.61300823752314,NA,NA
1486,NA,NA,NA,NA,NA,NA,NA,NA,NA,1.19641660268905,1.20531957220546,1.03718642097321,1.26315747262066,NA,NA
1487,NA,NA,NA,NA,NA,NA,NA,NA,NA,1.14589169164219,1.20934430058471,0.857745494242973,0.972130728151422,NA,NA
1488,NA,NA,NA,NA,NA,NA,NA,NA,NA,1.33987810693908,1.45774338124411,1.00547683166495,1.28795961181668,NA,NA
1489,NA,NA,NA,NA,NA,NA,NA,NA,NA,1.27508561494538,1.71692115511226,1.08457483137684,1.74723316715035,NA,NA
1490,NA,NA,NA,NA,NA,NA,NA,NA,NA,1.21370032634585,1.50660406187771,1.0967487448996,1.28816614295758,NA,NA
1491,NA,NA,NA,NA,NA,NA,NA,NA,NA,1.03456464381061,0.915683650544549,1.06020604104657,1.24438615555407,NA,NA
1492,NA,NA,NA,NA,NA,NA,NA,NA,NA,0.86494536867823,0.981312077863651,1.10549347563496,0.92174262473489,NA,NA
1493,NA,NA,NA,NA,NA,NA,NA,NA,NA,1.06237119034883,0.829992745855119,1.0845502304802,0.687108448890298,NA,NA
1494,NA,NA,NA,NA,NA,NA,NA,NA,NA,1.03993655681797,1.11945728190147,1.1523732030649,1.17997767613753,NA,NA
1495,NA,NA,NA,NA,NA,NA,NA,NA,NA,1.0832529098405,1.05908879059741,1.19195694588117,1.20246947613887,NA,NA
1496,NA,NA,NA,NA,NA,NA,NA,NA,NA,1.33650230028164,1.47000225038653,1.21907068462654,1.32990510668701,NA,NA
1497,NA,NA,NA,NA,NA,NA,NA,NA,NA,1.11108963375944,1.30289795203085,1.17009630484118,1.27315275140931,NA,NA
1498,NA,NA,NA,NA,NA,NA,NA,NA,NA,0.776840717878883,1.17444290229779,1.09793766014079,1.00305145593391,NA,NA
1499,NA,NA,NA,NA,NA,NA,NA,NA,NA,0.896722340469299,1.1122312882843,1.0622167605239,0.966981084408685,NA,NA
1500,NA,NA,NA,NA,NA,NA,NA,NA,NA,0.811538861623218,0.859283910684528,0.985229038761284,1.14532576390551,NA,NA
1501,NA,NA,NA,NA,NA,NA,NA,NA,NA,1.06200532063837,1.21143729765979,1.13893605414929,1.3633135361643,NA,NA
1502,NA,NA,NA,NA,NA,NA,NA,NA,NA,1.04075423007697,1.28839264819273,1.16228437676314,1.17495742914161,NA,NA
1503,NA,NA,NA,NA,NA,NA,NA,NA,NA,1.36258288941943,1.43165128078186,1.22118445752019,1.30976704868524,NA,NA
1504,NA,NA,NA,NA,NA,NA,NA,NA,NA,1.31226410430046,1.09541421229129,1.11681507483457,1.39666672434801,NA,NA
1505,NA,NA,NA,NA,NA,NA,NA,NA,NA,1.52522111766077,1.21110761242487,1.19821912892219,1.39413752518243,NA,NA
1506,NA,NA,NA,NA,NA,NA,NA,NA,NA,1.26135091188261,0.813461872752093,1.21398168248337,1.2315482417668,NA,NA
1507,NA,NA,NA,NA,NA,NA,NA,NA,NA,0.998155175339607,0.676064437761628,1.04696405309864,0.966379781579213,NA,NA
1508,NA,NA,NA,NA,NA,NA,NA,NA,NA,1.30805712161825,0.966842512978357,1.06756813626188,1.08738725758662,NA,NA
1509,NA,NA,NA,NA,NA,NA,NA,NA,NA,1.0349013536991,1.00956031541951,1.10217197937591,1.13247409547091,NA,NA
1510,NA,NA,NA,NA,NA,NA,NA,NA,NA,0.882246021779648,0.50285990989581,1.00765191671298,0.795605029162067,NA,NA
1511,NA,NA,NA,NA,NA,NA,NA,NA,NA,1.15395628317877,1.22726909003755,1.03975903442931,1.11085113064713,NA,NA
1512,NA,NA,NA,NA,NA,NA,NA,NA,NA,1.40825089256219,1.92690302113381,1.13882106183483,1.75034191926766,NA,NA
1513,NA,NA,NA,NA,NA,NA,NA,NA,NA,1.14269120610084,1.26194243603477,1.06584645738394,1.07441710773908,NA,NA
1514,NA,NA,NA,NA,NA,NA,NA,NA,NA,0.796389821678557,0.721912131062121,1.03799836157348,0.74407607581602,NA,NA
1515,NA,NA,NA,NA,NA,NA,NA,NA,NA,1.06290249458171,0.886174040542216,1.03819967119561,0.936074378342079,NA,NA
1516,NA,NA,NA,NA,NA,NA,NA,NA,NA,1.09887538644304,0.934347458942024,1.00945634443502,0.957873761746712,NA,NA
1517,NA,NA,NA,NA,NA,NA,NA,NA,NA,1.15199382505477,1.00368556962215,1.05777839042598,1.03206702789149,NA,NA
1518,NA,NA,NA,NA,NA,NA,NA,NA,NA,1.04703113884878,0.981571445021848,1.04245736768117,0.982623295918868,NA,NA
1519,NA,NA,NA,NA,NA,NA,NA,NA,NA,1.09239247846606,1.18119685852636,0.94756824193819,1.06059533073501,NA,NA
1520,NA,NA,NA,NA,NA,NA,NA,NA,NA,0.83618360630339,0.241836882005846,0.956400490547275,0.980957888646279,NA,NA
1521,NA,NA,NA,NA,NA,NA,NA,NA,NA,0.947748404251577,0.734452273128141,0.867824084036728,1.05587785122099,NA,NA
1522,NA,NA,NA,NA,NA,NA,NA,NA,NA,1.13189476604821,1.07979836057566,1.00312878468767,1.07035857583917,NA,NA
1523,NA,NA,NA,NA,NA,NA,NA,NA,NA,1.14157877608182,1.21059749086362,1.12761913396604,1.29467153519533,NA,NA
1524,NA,NA,NA,NA,NA,NA,NA,NA,NA,0.826785786855122,0.382584768542463,0.928889418413908,0.906663943387599,NA,NA
1525,NA,NA,NA,NA,NA,NA,NA,NA,NA,0.702968392910494,0.298849480115688,1.01535799071782,1.0916789807379,NA,NA
1526,NA,NA,NA,NA,NA,NA,NA,NA,NA,1.16830982545402,0.954469737629373,1.16282731639019,1.41515358403419,NA,NA
1527,NA,NA,NA,NA,NA,NA,NA,NA,NA,0.966651081699779,0.767947636578118,1.04164418677318,0.739716649479494,NA,NA
1528,NA,NA,NA,NA,NA,NA,NA,NA,NA,1.23519064349019,1.37605986142306,1.09029909407306,1.29729101805209,NA,NA
1529,NA,NA,NA,NA,NA,NA,NA,NA,NA,0.950918653354688,0.370994520046016,0.952933783539141,0.961359436481248,NA,NA
1530,NA,NA,NA,NA,NA,NA,NA,NA,NA,1.31274393579904,1.57141912799342,1.06352431713949,1.08997785786866,NA,NA
1531,NA,NA,NA,NA,NA,NA,NA,NA,NA,1.11273371692602,1.56663296756376,1.02247505522729,0.827055177256322,NA,NA
1532,NA,NA,NA,NA,NA,NA,NA,NA,NA,1.20459425742795,NA,0.919044277677924,0.566555260269227,NA,NA
1533,NA,NA,NA,NA,NA,NA,NA,NA,NA,1.0390694931026,NA,0.909832068883243,0.758506029029018,NA,NA
1534,NA,NA,NA,NA,NA,NA,NA,NA,NA,0.890930008571215,NA,1.03080368063189,0.902856212329179,NA,NA
1535,NA,NA,NA,NA,NA,NA,NA,NA,NA,1.13091881677541,NA,1.07465510045111,1.2566124965179,NA,NA
1536,NA,NA,NA,NA,NA,NA,NA,NA,NA,0.913335954498092,NA,NA,0.243500247032331,NA,NA
1537,NA,NA,NA,NA,NA,NA,NA,NA,NA,1.0464685943208,NA,NA,NA,NA,NA
1538,NA,NA,NA,NA,NA,NA,NA,NA,NA,1.07997640181019,NA,NA,NA,NA,NA
1539,NA,NA,NA,NA,NA,NA,NA,NA,NA,1.07482612052525,NA,NA,NA,NA,NA
1540,NA,NA,NA,NA,NA,NA,NA,NA,NA,0.893797239300826,NA,NA,NA,NA,NA
1541,NA,NA,NA,NA,NA,NA,NA,NA,NA,0.909401563912341,NA,NA,NA,NA,NA
1542,NA,NA,NA,NA,NA,NA,NA,NA,NA,0.936551564304237,NA,NA,NA,NA,NA
1543,NA,NA,NA,NA,NA,NA,NA,NA,NA,0.499028170782996,NA,NA,NA,NA,NA
1544,NA,NA,NA,NA,NA,NA,NA,NA,NA,0.666600297405007,NA,NA,NA,NA,NA
1545,NA,NA,NA,NA,NA,NA,NA,NA,NA,0.900821577694925,NA,NA,NA,NA,NA
1546,NA,NA,NA,NA,NA,NA,NA,NA,NA,1.13042359395117,NA,NA,NA,NA,NA
1547,NA,NA,NA,NA,NA,NA,NA,NA,NA,0.830851125414902,NA,NA,NA,NA,NA
1548,NA,NA,NA,NA,NA,NA,NA,NA,NA,0.972786863866893,NA,NA,NA,NA,NA
1549,NA,NA,NA,NA,NA,NA,NA,NA,NA,1.11511543942712,NA,NA,NA,NA,NA
1550,NA,NA,NA,NA,NA,NA,NA,NA,NA,1.10281579210518,NA,NA,NA,NA,NA
1551,NA,NA,NA,NA,NA,NA,NA,NA,NA,1.23594374546142,NA,NA,NA,NA,NA
1552,NA,NA,NA,NA,NA,NA,NA,NA,NA,0.928849053437077,NA,NA,NA,NA,NA
1553,NA,NA,NA,NA,NA,0.908672785285545,NA,NA,NA,1.03722605332476,NA,NA,NA,NA,NA
1554,NA,NA,NA,NA,NA,0.903405416321461,NA,NA,NA,0.808798628055015,NA,NA,NA,NA,NA
1555,NA,NA,NA,NA,NA,0.904885097939643,NA,NA,NA,0.937124813884308,NA,NA,NA,NA,NA
1556,NA,NA,NA,NA,NA,0.891382313731982,NA,NA,NA,0.628570323919364,NA,NA,NA,NA,NA
1557,NA,NA,NA,NA,NA,0.98060048252333,NA,NA,NA,0.863893373653124,NA,NA,NA,NA,NA
1558,NA,NA,NA,NA,NA,1.00351229876054,NA,NA,NA,1.20609994623327,NA,NA,NA,NA,NA
1559,NA,NA,NA,NA,NA,1.02808820345145,NA,NA,NA,1.14477278395855,NA,NA,NA,NA,NA
1560,NA,NA,NA,NA,NA,1.06258171300501,NA,NA,NA,0.836272635458334,NA,NA,NA,NA,NA
1561,NA,NA,NA,NA,1.00997396675663,0.980012166505421,NA,NA,NA,0.9978918791629,NA,NA,NA,NA,NA
1562,NA,NA,NA,NA,1.02456792280474,1.06754606799466,NA,NA,NA,1.10030574316508,NA,NA,NA,NA,NA
1563,NA,NA,NA,NA,0.975738170998678,0.96734064866802,NA,NA,NA,0.778214362252147,NA,NA,NA,NA,NA
1564,NA,NA,NA,NA,0.927228778068771,0.966772517373152,NA,NA,NA,0.407141261276592,NA,NA,NA,NA,NA
1565,NA,NA,NA,NA,0.963568910426176,1.00397278782655,NA,NA,NA,0.871431284320252,NA,NA,NA,NA,NA
1566,NA,NA,NA,NA,0.980475054651276,0.947526897080427,NA,NA,NA,0.900772330057618,NA,NA,NA,NA,NA
1567,NA,NA,NA,NA,0.853983524809486,0.887456668128388,NA,NA,NA,0.547750156845744,NA,NA,NA,NA,NA
1568,NA,NA,NA,NA,0.890236807861443,0.900912775118889,NA,NA,NA,1.01803189698318,NA,NA,NA,NA,NA
1569,NA,NA,NA,NA,0.977522745029406,1.02507434455901,NA,NA,NA,0.918791252995686,NA,NA,NA,NA,NA
1570,NA,NA,NA,NA,0.990966919913848,1.03126868791062,NA,NA,NA,1.36299252031459,NA,NA,NA,NA,NA
1571,NA,NA,NA,NA,0.937313336369045,0.946996149699244,NA,NA,NA,1.21913650774659,NA,NA,NA,NA,NA
1572,NA,NA,NA,NA,0.924022385305323,0.892809154357786,NA,NA,NA,1.16615154361986,NA,NA,NA,NA,NA
1573,NA,NA,NA,NA,1.00809619176095,0.95927911691809,NA,NA,NA,1.30573297366806,NA,NA,NA,NA,NA
1574,NA,NA,NA,NA,1.02342436802792,0.986899444900837,NA,NA,NA,0.826289681082753,NA,NA,NA,NA,NA
1575,NA,NA,NA,NA,1.04572893535543,0.985834215986735,NA,NA,NA,0.781631710992034,NA,NA,NA,NA,NA
1576,NA,NA,NA,NA,1.03537650376336,1.04291961667212,NA,NA,NA,NA,NA,NA,NA,NA,NA
1577,NA,NA,NA,NA,1.04883724496261,1.0004816425146,NA,NA,NA,NA,NA,NA,NA,NA,NA
1578,NA,NA,NA,NA,1.01248746115216,1.01059789556553,NA,NA,NA,NA,NA,NA,NA,NA,NA
1579,NA,NA,NA,NA,1.07895357172552,1.09916877161328,NA,NA,NA,NA,NA,NA,NA,NA,NA
1580,NA,NA,NA,NA,0.981333815602089,0.925294953972575,NA,NA,NA,NA,NA,NA,NA,NA,NA
1581,NA,NA,NA,NA,1.0610274044917,0.990812396374868,NA,NA,NA,NA,NA,NA,NA,NA,NA
1582,NA,NA,NA,NA,1.14178650699846,1.06750100642872,NA,NA,NA,NA,NA,NA,NA,NA,NA
1583,NA,NA,NA,NA,1.15730067966867,1.15115321598593,NA,NA,NA,NA,NA,NA,NA,NA,NA
1584,NA,NA,NA,NA,1.11269145741869,1.06636974792659,NA,NA,NA,NA,NA,NA,NA,NA,NA
1585,NA,NA,NA,NA,1.10702356135116,1.11017802083647,NA,NA,NA,NA,NA,NA,NA,NA,NA
1586,NA,NA,NA,NA,1.08021773763678,1.05143240759633,NA,NA,NA,NA,NA,NA,NA,NA,NA
1587,NA,NA,NA,NA,1.00391481963903,0.95057670757406,NA,NA,NA,NA,NA,NA,NA,NA,NA
1588,NA,NA,NA,NA,0.960099741860581,0.824381748681139,NA,NA,NA,NA,NA,NA,NA,NA,NA
1589,NA,NA,NA,NA,0.952351349870008,0.8811786277937,NA,NA,NA,NA,NA,NA,NA,NA,NA
1590,NA,NA,NA,NA,0.910851338117876,0.905185544534305,NA,NA,NA,NA,NA,NA,NA,NA,NA
1591,NA,NA,NA,NA,0.918099898815165,0.937435242549684,NA,NA,NA,NA,NA,NA,NA,NA,NA
1592,NA,NA,NA,NA,0.907508429367153,0.919433737928363,NA,NA,NA,NA,NA,NA,NA,NA,NA
1593,NA,NA,NA,NA,0.98290214804297,0.989795614629951,NA,NA,NA,NA,NA,NA,NA,NA,NA
1594,NA,NA,NA,NA,1.01205341733619,1.07026888752193,NA,NA,NA,NA,NA,NA,NA,NA,NA
1595,NA,NA,NA,NA,1.08458502565595,1.1320227247462,NA,NA,NA,NA,NA,NA,NA,NA,NA
1596,NA,NA,NA,NA,1.06310783409907,1.13436811073505,NA,NA,NA,NA,NA,NA,NA,NA,NA
1597,NA,NA,NA,NA,0.884893684467933,1.00100281232218,NA,NA,NA,NA,NA,NA,NA,NA,NA
1598,NA,NA,NA,NA,0.900552528381199,0.956463142410865,NA,NA,NA,NA,NA,NA,NA,NA,NA
1599,NA,NA,NA,NA,0.976486984816585,1.06296547975743,NA,NA,NA,NA,NA,NA,NA,NA,NA
1600,NA,NA,NA,NA,0.992444307600338,1.10135192800624,NA,NA,NA,NA,NA,NA,NA,NA,NA
1601,NA,NA,NA,NA,0.833971664269851,0.85501433666669,NA,NA,NA,NA,NA,NA,NA,NA,NA
1602,NA,NA,NA,NA,0.965402424069258,0.969371139779919,NA,NA,NA,NA,NA,NA,NA,NA,NA
1603,NA,NA,NA,NA,1.02588044318964,1.11272862384416,NA,NA,NA,NA,NA,NA,NA,NA,NA
1604,NA,NA,NA,NA,0.921532631818784,0.957906977294881,NA,NA,NA,NA,NA,NA,NA,NA,NA
1605,NA,NA,NA,NA,0.849033250433262,0.792568635567237,NA,NA,NA,NA,NA,NA,NA,NA,NA
1606,NA,NA,NA,NA,0.983174701799725,0.9662619503177,NA,NA,NA,NA,NA,NA,NA,NA,NA
1607,NA,NA,NA,NA,0.96415740886264,0.857963876330265,NA,NA,NA,NA,NA,NA,NA,NA,NA
1608,NA,NA,NA,NA,0.984592874646827,0.924708526029717,NA,NA,1.18007719967401,NA,NA,NA,NA,NA,NA
1609,NA,NA,NA,NA,0.893126567768471,0.916639458391417,NA,NA,1.26044739364174,NA,NA,NA,NA,NA,NA
1610,NA,NA,NA,NA,0.955694184903785,0.998172609433973,NA,NA,1.09467943926161,NA,NA,NA,NA,NA,NA
1611,NA,NA,NA,NA,1.01189581551379,1.12388047237508,NA,NA,1.11321345239778,NA,NA,NA,NA,NA,NA
1612,NA,NA,NA,NA,0.959803961834633,0.990621840712749,NA,NA,1.16130293197139,NA,NA,NA,NA,NA,NA
1613,NA,NA,NA,NA,0.905614508414624,1.04517609172326,NA,NA,1.15364411117485,NA,NA,NA,NA,NA,NA
1614,NA,NA,NA,NA,0.849714229494138,0.965186109642645,NA,NA,0.610575165271981,NA,NA,NA,NA,NA,NA
1615,NA,NA,NA,NA,0.793087188977416,0.872044165111457,NA,NA,0.623717607816375,NA,NA,NA,NA,NA,NA
1616,NA,NA,NA,NA,0.875288239335619,0.83718007538125,NA,NA,0.540344440151062,NA,NA,NA,NA,NA,NA
1617,NA,NA,NA,NA,0.96490970940794,0.988064971077046,NA,NA,0.65626118102821,NA,NA,NA,NA,NA,NA
1618,NA,NA,NA,NA,0.962497004060681,0.968406875175908,NA,NA,0.753290226071374,NA,NA,NA,NA,NA,NA
1619,NA,NA,NA,NA,0.991528676739996,1.02344972509183,NA,NA,0.825655672480373,NA,NA,NA,NA,NA,NA
1620,NA,NA,NA,NA,0.948794392288228,0.963450342977807,NA,NA,0.764067973361775,NA,NA,NA,NA,NA,NA
1621,NA,NA,NA,NA,0.994672355639929,1.06273293850393,NA,NA,0.986174557319499,NA,NA,NA,NA,NA,NA
1622,NA,NA,NA,NA,0.992385450252511,1.0349165499215,NA,NA,1.00902884770631,NA,NA,NA,NA,NA,NA
1623,NA,NA,NA,NA,1.00141175852534,1.05486408686574,NA,NA,1.01661194164643,NA,NA,NA,NA,NA,NA
1624,NA,NA,NA,NA,1.00657367609671,1.11878393986836,NA,NA,1.05740909925423,NA,NA,NA,NA,NA,NA
1625,NA,NA,NA,NA,0.984962875756551,1.10832830773612,NA,NA,1.02584218443362,NA,NA,NA,NA,NA,NA
1626,NA,NA,NA,NA,1.04454911217164,1.16345659902006,NA,NA,1.11103123894788,NA,NA,NA,NA,NA,NA
1627,NA,NA,NA,NA,1.02525974819345,1.1061345800259,NA,NA,0.97163933357034,NA,NA,NA,NA,NA,NA
1628,NA,NA,NA,NA,1.00069741159325,1.09459921256997,NA,NA,0.95607118207283,NA,NA,NA,NA,NA,NA
1629,NA,NA,NA,NA,1.12387041492915,1.13338898203056,NA,NA,1.03350544712352,NA,NA,NA,NA,NA,NA
1630,NA,NA,NA,NA,1.02202654816439,0.935739661216962,NA,NA,1.03840411075563,NA,NA,NA,NA,NA,NA
1631,NA,NA,NA,NA,1.12123374207674,1.09485984407401,NA,NA,1.14363690888164,NA,NA,NA,NA,NA,NA
1632,NA,NA,NA,NA,1.13082970716224,1.13449433062245,NA,NA,1.16917867778063,NA,NA,NA,NA,NA,NA
1633,NA,NA,NA,NA,1.04712882156698,1.09631940238656,NA,NA,1.0094340957985,NA,NA,NA,NA,NA,NA
1634,NA,NA,NA,NA,1.14952542850472,1.16598810762223,NA,NA,1.13532448886455,NA,NA,NA,NA,NA,NA
1635,NA,NA,NA,NA,0.954572548672521,0.986427570893104,NA,NA,1.03593530623973,NA,NA,NA,NA,NA,NA
1636,NA,NA,NA,NA,1.08385805173053,1.00299455503065,NA,NA,1.26990532028097,NA,NA,NA,NA,NA,NA
1637,NA,NA,NA,NA,0.995962715420821,0.955709437168196,NA,NA,1.24272657073145,NA,NA,NA,NA,NA,NA
1638,NA,NA,NA,NA,0.943845838048066,0.9102239103941,NA,NA,1.15652866190293,NA,NA,NA,NA,NA,NA
1639,NA,NA,NA,NA,1.16682026877175,1.0377466509565,NA,NA,1.23101076315021,NA,NA,NA,NA,NA,NA
1640,NA,NA,NA,NA,1.06631243478794,0.963341613968065,NA,NA,1.12205327985646,NA,NA,NA,NA,NA,NA
1641,NA,NA,NA,NA,0.870165537680517,0.749878950612907,NA,NA,1.0069596389101,NA,NA,NA,NA,NA,NA
1642,NA,NA,NA,NA,0.89543141220164,0.623969896073168,NA,NA,1.02533444460732,NA,NA,NA,NA,NA,NA
1643,NA,NA,NA,NA,0.934661595662056,0.97036368911772,NA,NA,1.02741407148991,NA,NA,NA,NA,NA,NA
1644,NA,NA,NA,NA,0.839851699698539,0.792972389772833,NA,NA,0.928564678779441,NA,NA,NA,NA,NA,NA
1645,NA,NA,NA,NA,0.802618097274381,0.58535485057173,NA,NA,0.80644070757379,NA,NA,NA,NA,NA,NA
1646,NA,NA,NA,NA,0.938204084075416,0.784196481619589,NA,NA,0.967822461635694,NA,NA,NA,NA,NA,NA
1647,NA,NA,NA,NA,0.954463897656072,0.874217476000539,NA,NA,0.929170457184817,NA,NA,NA,NA,NA,NA
1648,NA,NA,NA,NA,1.03751691866361,0.972933411135527,NA,NA,1.03005191496174,NA,NA,NA,NA,NA,NA
1649,NA,NA,NA,NA,1.03888598498533,0.990394590651317,NA,NA,1.01050819094421,NA,NA,NA,NA,NA,NA
1650,NA,NA,NA,NA,1.06248133339357,1.00735309447643,NA,NA,0.903222805295236,NA,NA,NA,NA,NA,NA
1651,NA,NA,NA,NA,1.08142041710839,1.05184695513661,NA,NA,0.95214900028437,NA,NA,NA,NA,NA,NA
1652,NA,NA,NA,NA,0.998039517097956,0.988109409773915,NA,NA,1.02380977171662,NA,NA,NA,NA,NA,NA
1653,NA,NA,NA,NA,1.0288401446865,1.02747077879721,NA,NA,1.01200785547965,NA,NA,NA,NA,NA,NA
1654,NA,NA,NA,NA,1.11235777672387,1.0504845365816,NA,NA,1.02318435096308,NA,NA,NA,NA,NA,NA
1655,NA,NA,NA,NA,1.21412167843594,1.12932045621593,NA,NA,1.00884756056402,NA,NA,NA,NA,NA,NA
1656,NA,NA,NA,NA,1.20340138559841,1.10670497327965,NA,NA,1.18683152734234,NA,NA,NA,NA,NA,NA
1657,NA,NA,NA,NA,1.12663801496649,1.05563781643508,NA,NA,1.09019366817746,NA,NA,NA,NA,NA,NA
1658,NA,NA,NA,NA,1.16399421217249,1.17512570941277,NA,NA,1.15693811198959,NA,NA,NA,NA,NA,NA
1659,NA,NA,NA,NA,1.08686899470948,1.09269990571183,NA,NA,1.11957113863913,NA,NA,NA,NA,NA,NA
1660,NA,NA,NA,NA,1.07775395460512,1.11361900344165,NA,NA,1.13726838200341,NA,NA,NA,NA,NA,NA
1661,NA,NA,NA,NA,1.07202291350062,0.978050855550035,NA,NA,1.12594650893537,NA,NA,NA,NA,NA,NA
1662,NA,NA,NA,NA,1.04250635702503,1.06369832725755,NA,NA,1.10124429117751,NA,NA,NA,NA,NA,NA
1663,NA,NA,NA,NA,1.05217401726318,1.07912310532544,NA,NA,1.03231956909181,NA,NA,NA,NA,NA,NA
1664,NA,NA,NA,NA,1.04572083586285,1.08749037444961,NA,NA,0.975837381002594,NA,NA,NA,NA,NA,NA
1665,NA,NA,NA,NA,0.999002991113153,1.12180993346276,NA,NA,0.994711659767365,NA,NA,NA,NA,NA,NA
1666,NA,NA,NA,NA,0.986031297984124,1.0768776831596,NA,NA,0.906289953357519,NA,NA,NA,NA,NA,NA
1667,NA,NA,NA,NA,1.02060311909068,1.02700636859003,NA,NA,0.918150492050536,NA,NA,NA,NA,NA,NA
1668,NA,NA,NA,NA,1.06443264517512,1.14539108567998,NA,NA,1.06138916441852,NA,NA,NA,NA,NA,NA
1669,NA,NA,NA,NA,0.990725465465765,1.03762279183496,NA,1.13421068387822,0.978026018829872,NA,NA,NA,NA,NA,NA
1670,NA,NA,NA,NA,1.04306077928132,1.0235238260499,NA,1.05773318563084,1.03730376737879,NA,NA,NA,NA,NA,NA
1671,NA,NA,NA,NA,1.00855911445426,0.947560954302629,NA,1.10914164397192,1.04701876302492,NA,NA,NA,NA,NA,NA
1672,NA,NA,NA,NA,0.969469234792558,1.04201391915306,NA,1.02565133993763,0.972201146503738,NA,NA,NA,NA,NA,NA
1673,NA,NA,NA,NA,1.00699747242706,1.00340294093885,NA,1.05580104136585,0.97594937477033,NA,NA,NA,NA,NA,NA
1674,NA,NA,NA,NA,1.02756801681907,0.922349181093208,NA,1.05920091488162,1.03412057224007,NA,NA,NA,NA,NA,NA
1675,NA,NA,NA,NA,0.957411631079404,0.846244738761658,NA,0.991997409915536,1.07318994975481,NA,NA,NA,NA,NA,NA
1676,NA,NA,NA,NA,0.964688265333012,0.835043895333489,NA,1.00985135399901,1.12441650466455,NA,NA,NA,NA,NA,NA
1677,NA,NA,NA,NA,1.09965032949177,0.983139228818811,NA,1.02705377857426,1.19230010321887,NA,NA,NA,NA,NA,NA
1678,NA,NA,NA,NA,1.06104264912255,0.97554212441256,NA,0.99969919966758,1.21856907243296,NA,NA,NA,NA,NA,NA
1679,NA,NA,NA,NA,0.969465998455816,0.82576320309874,NA,0.952876699051146,1.01890947808883,NA,NA,NA,NA,NA,NA
1680,NA,NA,NA,NA,0.886414700812294,0.684260748290483,NA,0.784961003327274,0.761775144113185,NA,NA,NA,NA,NA,NA
1681,NA,NA,NA,NA,0.972685809135433,0.865660225024729,NA,0.972658042636118,0.772366563217262,NA,NA,NA,NA,NA,NA
1682,NA,NA,NA,NA,1.06810123551186,1.11573471096412,NA,1.16196007069728,0.926892542629477,NA,NA,NA,NA,NA,NA
1683,NA,NA,NA,NA,1.07841639866625,1.08885061451319,NA,0.95718370456767,0.876971050445294,NA,NA,NA,NA,NA,NA
1684,NA,NA,NA,NA,1.05391597148107,1.05231411317054,NA,1.02161002240949,1.00782199494717,NA,NA,NA,NA,NA,NA
1685,NA,NA,NA,NA,1.14045791172114,1.14127003558081,NA,0.974100397080847,1.13358722322751,NA,NA,NA,NA,NA,NA
1686,NA,NA,NA,NA,0.980827100291058,0.938677586723762,NA,1.00550970888111,1.04974050010159,NA,NA,NA,NA,NA,NA
1687,NA,NA,NA,NA,0.932643783473951,0.929756861629244,NA,0.937840002122313,1.06620507710798,NA,NA,NA,NA,NA,NA
1688,NA,NA,NA,NA,0.989824426359914,0.909628776430017,NA,0.898783787614804,0.969364931206702,NA,NA,NA,NA,NA,NA
1689,NA,NA,NA,NA,0.985745225743695,1.02750666703853,NA,0.916311154324018,0.923536200397823,NA,NA,NA,NA,NA,NA
1690,NA,NA,NA,NA,1.00430628340897,0.964904991930014,NA,0.914210578991296,0.891160570057845,NA,NA,NA,NA,NA,NA
1691,NA,NA,NA,NA,1.01143398889643,1.07210154143403,NA,0.911762454315193,0.96490565298311,NA,NA,NA,NA,NA,NA
1692,NA,NA,NA,NA,1.0586899575903,1.17424427483041,NA,0.927197933075287,1.02213105897863,NA,NA,NA,NA,NA,NA
1693,NA,NA,NA,NA,1.14083581692575,1.25539619286536,NA,0.958118210172798,1.00879623634614,NA,NA,NA,NA,NA,NA
1694,NA,NA,NA,NA,1.1067931569962,1.22843135558805,NA,0.985973309071597,0.964382932881078,NA,NA,NA,NA,NA,NA
1695,NA,NA,NA,NA,1.04932415654286,1.15358321250348,NA,0.860205038355598,0.912356593971037,NA,NA,NA,NA,NA,NA
1696,NA,NA,NA,NA,0.991277922322429,1.09730992767651,NA,0.8950370211674,0.882034113281244,NA,NA,NA,NA,NA,NA
1697,NA,NA,NA,NA,1.01030269072901,1.08363681915645,NA,0.958149573220846,0.934966905787625,NA,NA,NA,NA,NA,NA
1698,NA,NA,NA,NA,1.10545835063988,1.14600395849744,NA,1.07435809337969,1.05264197705688,NA,NA,NA,NA,NA,NA
1699,NA,NA,NA,NA,1.03550055457024,1.16229939065362,1.03171237460129,0.882454948543991,1.01366000857168,NA,NA,NA,NA,NA,NA
1700,NA,NA,NA,NA,1.0819811285773,1.15757849111779,1.02905754163772,0.94420604474352,1.04403196239471,NA,NA,NA,NA,NA,NA
1701,NA,NA,NA,1.06856484730109,1.0110112260214,0.984565007379163,1.02726493719193,0.98267302916169,1.04442931892993,NA,NA,NA,NA,NA,NA
1702,NA,NA,NA,1.10765737982105,1.08537341408417,1.10233606744025,1.02378647698772,1.02908422592755,1.0458068291496,NA,NA,NA,NA,NA,NA
1703,NA,NA,NA,1.11691849073056,1.17062491317645,1.10461362551061,1.02103422141919,0.881765332141876,1.08361166729305,NA,NA,NA,NA,NA,NA
1704,NA,NA,NA,1.06107447203683,1.09338478040683,1.18113725358147,1.02040414858809,1.05309698551262,1.11896021438419,NA,NA,NA,NA,NA,NA
1705,NA,NA,NA,0.979300809997892,0.95304022557576,0.982530605791927,1.01580746870311,0.962303093993545,0.847650261797086,NA,NA,NA,NA,NA,NA
1706,NA,NA,NA,0.909394948356419,0.981740882457277,0.963365557770907,1.01337227953291,0.91513642338529,0.807395412485973,NA,NA,NA,NA,NA,NA
1707,NA,NA,NA,1.09466866079457,1.11201842722363,1.19574936206082,1.01246737012532,1.05833639814408,0.981648241802788,NA,NA,NA,NA,NA,NA
1708,NA,NA,NA,1.11851944405772,1.02174654145453,1.04782677897796,1.00727907686392,0.985657925730123,0.862106359038189,NA,NA,NA,NA,NA,NA
1709,NA,NA,NA,1.08185110619138,0.972631934791653,0.885326164713703,1.00428312877482,0.956021244830061,0.820062910906248,NA,NA,NA,NA,NA,NA
1710,NA,NA,NA,1.06290245750599,1.00031492717528,1.11354991024344,1.00654696066077,1.0729640329151,0.950668531190873,NA,NA,NA,NA,NA,NA
1711,NA,NA,NA,1.09229018354128,1.04881281556448,1.12429028390455,1.0034324492933,1.06803745370181,0.981023073830301,NA,NA,NA,NA,NA,NA
1712,NA,NA,NA,1.00170481296638,1.03906116024568,1.11044156921151,1.00046324894198,1.05360072862585,1.00178043216456,NA,NA,NA,NA,NA,NA
1713,NA,NA,NA,1.03666189800672,0.99802366916987,1.07833927928563,0.996863929152471,0.986368590368557,0.988547240338564,NA,NA,NA,NA,NA,NA
1714,NA,NA,NA,0.904496185698906,0.807597553169937,0.909065629409767,0.994272118288958,0.922434514046178,0.812902214833222,NA,NA,NA,NA,NA,NA
1715,NA,NA,NA,0.926361811592947,0.902592588057302,1.05569646258463,0.993813733037067,1.05986345576348,0.899630630658698,NA,NA,NA,NA,NA,NA
1716,NA,NA,NA,0.89154683406636,0.885369495992715,1.01837545872038,0.991746808446284,1.06519069787126,0.882223296690358,NA,NA,NA,NA,NA,NA
1717,NA,NA,NA,0.942113946599197,0.876818731893848,0.953649190921888,0.991007345582578,1.08798491346097,0.940122219609664,NA,NA,NA,NA,NA,NA
1718,NA,NA,NA,0.871372279729193,0.914757347009955,1.03382655645882,0.990563900472662,1.07586462647444,0.947613296396485,NA,NA,NA,NA,NA,NA
1719,NA,NA,NA,0.807347653550166,0.847761805658865,0.946162324125439,0.988960101570959,1.01744308290738,0.93128853955187,NA,NA,NA,NA,NA,NA
1720,NA,NA,NA,0.913808760999141,0.889638212650078,0.960940428806331,0.991009472980428,1.0429466859038,0.828358485409947,NA,NA,NA,NA,NA,NA
1721,NA,NA,NA,0.935590500431319,0.958589056992192,1.09085134129547,0.991190807546099,1.04025620434801,0.94587606424719,NA,NA,NA,NA,NA,NA
1722,NA,NA,NA,0.950138727509187,0.995650101783867,1.05477041113385,0.9905761440431,1.03778232301694,1.0899185684657,NA,NA,NA,NA,NA,NA
1723,NA,NA,0.945418522504396,0.850741336672625,0.882877500659799,0.887849389847286,0.988551735825797,1.00737998930062,1.05588832456434,NA,NA,NA,NA,NA,NA
1724,NA,NA,0.967739159497475,0.955511541212176,0.946029199250658,1.02883114882792,0.988360292384403,1.10096533793276,1.08373995509317,NA,NA,NA,NA,NA,NA
1725,NA,NA,1.00331431889978,1.00348859475506,0.913006595522481,1.09294032404658,0.987664077979175,1.06647553009969,1.03599108986309,NA,NA,NA,NA,NA,NA
1726,NA,NA,0.951985170007476,0.939169918187887,0.818788331916921,1.01202318810077,0.986994987783951,1.00190956308371,1.01603893473737,NA,NA,NA,NA,NA,NA
1727,NA,NA,0.969796075791172,0.897622611277363,0.843703083566216,0.978994802448037,0.987016467028721,0.960202657867384,0.924304390596446,NA,NA,NA,NA,NA,NA
1728,NA,NA,0.957872073397334,0.84036956484642,0.820351125847224,0.956092599759199,0.9858784687685,0.902676326292781,0.899552058555949,NA,NA,NA,NA,NA,NA
1729,NA,NA,1.01061241243182,0.97647767511327,0.867487488021023,1.06449180467729,0.988158207137555,1.02585092172645,0.925673269395686,NA,NA,NA,NA,NA,NA
1730,NA,NA,1.08182575864202,1.10144696296695,1.0423284676599,1.21379061187776,0.991054467546202,1.11463588812095,1.07102863895436,NA,NA,NA,NA,NA,NA
1731,NA,NA,1.04136988577487,0.989027804387468,0.952276184646704,1.02611616129337,0.989987491222213,1.13550869894655,0.972597533594967,NA,NA,NA,NA,NA,NA
1732,NA,NA,1.04843946689773,1.02681912412827,0.961060669962842,1.07348554831983,0.989341554511523,1.17568968392331,1.10626989391208,NA,NA,NA,NA,NA,NA
1733,NA,NA,1.01641839956356,0.991185030014088,0.953839858408464,0.969591448179524,0.987718580229011,1.05713676619676,1.08523760690713,NA,NA,NA,NA,NA,NA
1734,NA,NA,0.998579317444407,1.02302032893938,0.751846776082927,0.509984350895451,0.98750275773879,0.964635285772445,0.972997211935499,NA,NA,NA,NA,NA,NA
1735,NA,NA,1.03536124189129,1.13439106511494,0.892476702588594,1.00126817474255,0.988408316633008,1.0305387205065,1.10980113718296,NA,NA,NA,NA,NA,NA
1736,NA,NA,1.00295535215378,1.05875848582733,0.964028117531682,1.09649526435069,0.988997994765706,1.09580565120206,1.17728412874094,NA,NA,NA,NA,NA,NA
1737,NA,NA,0.923703553327159,0.87580929755901,0.838779407751772,0.856598172905916,0.987193107893205,0.993428704074412,0.889103057939157,NA,NA,NA,NA,NA,NA
1738,NA,NA,0.946512811042472,0.929908426115026,0.894384451100762,0.997049847679315,0.988513927690599,1.05561593223596,1.01269604803087,NA,NA,NA,NA,NA,NA
1739,NA,NA,0.936972291704344,0.902689357081605,0.874218601954538,0.972788392441697,0.988935658563845,1.0210609787329,0.975449287295863,NA,NA,NA,NA,NA,NA
1740,NA,NA,0.948512501328917,0.93855413777826,0.914959989750788,0.931378844047097,0.987839671645254,0.94282277857897,0.851682669486689,NA,NA,NA,NA,NA,NA
1741,NA,NA,0.929568931113487,0.893723480715491,0.89612388799854,0.884640034680403,0.986594042101102,0.787063707438179,0.793034344215914,NA,NA,NA,NA,NA,NA
1742,NA,NA,0.977061085172219,1.02736163277632,0.886455073292448,0.887277055755356,0.99036870268706,1.01237504425208,0.896790882603734,NA,NA,NA,NA,NA,NA
1743,NA,NA,0.972292099014079,0.969285238368726,0.960366037350853,0.939732487822242,0.990027924261803,0.993919420983034,0.840173145518191,NA,NA,NA,NA,NA,NA
1744,NA,NA,0.982071147270774,1.06168289749799,0.968973673116477,1.05356324838581,0.991276452561101,1.08873612215578,0.902027077378805,NA,NA,NA,NA,NA,NA
1745,NA,NA,1.00795146747935,1.13429231985546,1.02090529356744,0.945407029934049,0.990530709223045,0.921850870785117,0.874632589099062,NA,NA,NA,NA,NA,NA
1746,NA,NA,0.988469648957444,1.07352485152979,0.977904365874504,0.932169862637715,0.990145136309831,0.933374073144884,0.855482373491398,NA,NA,NA,NA,NA,NA
1747,NA,NA,1.0126449555232,1.02016931713486,0.986100114808945,0.822289817835139,0.989356575561255,0.899207065582415,0.790267524709503,NA,NA,NA,NA,NA,NA
1748,NA,NA,1.05758130451565,1.14078056306087,1.05494411951544,1.02737283152932,0.991991879743566,1.03242575061995,0.915638107563009,NA,NA,NA,NA,NA,NA
1749,NA,NA,1.053191787835,1.11271865089139,1.023031848271,1.0439447144714,0.99155478061175,0.976587826143863,0.832957884599695,NA,NA,NA,NA,NA,NA
1750,NA,NA,1.00751265207234,1.14446355222407,1.07991117729252,1.10943669846039,0.99382211006731,1.04210850229746,1.00098498911504,NA,NA,NA,NA,NA,NA
1751,NA,NA,1.00480970324896,1.16149265310731,1.09180823525087,1.08881065634665,0.993423870120239,0.946359082367839,0.908105643969081,NA,NA,NA,NA,NA,NA
1752,NA,NA,1.01474900312024,1.18875127122576,1.0378599172451,1.05367574268468,0.99373846003983,1.03437587313076,1.01427239905999,NA,NA,NA,NA,NA,NA
1753,NA,NA,1.00831459135662,1.11668302926125,1.0636006541373,1.056965444295,0.994131602930637,1.03489718667587,0.963631071446012,NA,NA,NA,NA,NA,NA
1754,NA,NA,0.970155382582116,1.00333246604653,1.04528652898304,1.04665311499882,0.992774146929983,0.968839336948883,1.00735155228444,NA,NA,NA,NA,NA,NA
1755,NA,NA,1.03328082918582,1.01410116643712,1.09933371650598,1.15014266844883,0.993741512473072,1.0270293001222,1.05078602678771,NA,NA,NA,NA,NA,NA
1756,NA,NA,0.963679647925422,0.90713749432051,0.990238667683786,1.05326177520777,0.991325139068671,0.937828210048621,0.970401919550758,NA,NA,NA,NA,NA,NA
1757,NA,NA,0.966398408885789,0.919824288366248,0.99064924217533,0.947242201230203,0.993192271822099,0.990450880716197,1.09018119763435,NA,NA,NA,NA,NA,NA
1758,NA,NA,0.995783511420315,1.03842346028817,1.01316721705612,0.967621038773523,0.995214400793561,1.0549744682756,1.0697803024557,NA,NA,NA,NA,NA,NA
1759,NA,NA,0.980002755863026,0.99366839706429,0.942020565679452,0.916225290029706,0.994420969602053,0.981540732504895,0.884894862766645,NA,NA,NA,NA,NA,NA
1760,NA,NA,1.02800415328642,1.03295497627094,1.01396684750641,0.919160390276736,0.992606234006131,0.916941902508859,0.947474138272998,NA,NA,NA,NA,NA,NA
1761,NA,NA,1.03605712750917,1.0623658899964,1.09074132364773,1.09766757887399,0.993956281665574,0.951239801200151,0.938669388132394,NA,NA,NA,NA,NA,NA
1762,NA,NA,1.03237571858957,1.07985302697679,1.06750934683994,1.08760854304006,0.995848530169347,1.06562689774753,1.05439288118568,NA,NA,NA,NA,NA,NA
1763,NA,NA,1.0063214199419,1.05328284105265,1.01511405025709,0.908015803470969,0.993898047694552,1.02212915061902,1.11661946500275,NA,NA,NA,NA,NA,NA
1764,NA,NA,0.958382307262954,0.917586538558989,0.993317858045673,0.559162062701445,0.991316575899592,0.881843259416588,1.06132015501882,NA,NA,NA,NA,NA,NA
1765,NA,NA,0.99808775070759,0.96527233831365,1.00862170135245,NA,0.995158820405814,0.994488846390189,1.17000461052849,NA,NA,NA,NA,NA,NA
1766,NA,NA,1.01333738906468,0.932943626239246,1.06905449916187,NA,0.996407856851143,1.00472407560083,1.24332398620797,NA,NA,NA,NA,NA,NA
1767,NA,NA,1.03607189665558,1.02827119009853,1.00193542705384,NA,0.995921151568872,0.95404390269708,1.29289537936697,NA,NA,NA,NA,NA,NA
1768,NA,NA,0.963910398590217,0.927026521061272,0.89669528236415,NA,0.993925854035679,0.954484906737513,1.14625426033765,NA,NA,NA,NA,NA,NA
1769,NA,NA,0.91327644821699,0.845592484373256,0.797071429581999,NA,0.993659735050821,0.896652482236993,1.01751214544475,NA,NA,NA,NA,NA,NA
1770,NA,NA,0.945432112487128,0.914899323941526,0.987628552615269,NA,0.993537012643875,0.909393471207661,1.05637921760722,NA,NA,NA,NA,NA,NA
1771,NA,NA,0.960833255377668,0.835751452845267,0.852076968118358,NA,0.991731608638804,0.897441783861045,1.0986934572914,NA,NA,NA,NA,NA,NA
1772,NA,NA,0.940560896070719,0.946185793745703,0.937282518924406,NA,0.992432145353507,0.885076543099018,0.985141373466322,NA,NA,NA,NA,NA,NA
1773,NA,NA,0.975949417861468,0.958589443397564,0.955525621292447,NA,0.994237179870446,0.898200637231411,1.02345830184972,NA,NA,NA,NA,NA,NA
1774,NA,NA,1.03303924255373,1.06928234480902,1.04643570917391,NA,0.996946391239782,1.05428828042504,1.0652457375082,NA,NA,NA,NA,NA,NA
1775,NA,NA,1.0120963132429,1.04652263432957,1.03328320873628,NA,0.997644335475086,1.07192128371321,1.01856877676882,NA,NA,NA,NA,NA,NA
1776,NA,NA,1.03886845685664,1.11204283066449,1.07258028897634,NA,0.996921611738135,0.92366774863579,1.05623714954154,NA,NA,NA,NA,NA,NA
1777,NA,NA,1.03217469353226,1.12506205360896,1.08499527077376,NA,0.998525938688126,1.04669072958526,0.995754903316713,NA,NA,NA,NA,NA,NA
1778,NA,NA,1.00910030419317,1.09300065610888,1.03425057592346,NA,0.998110215164086,1.06464317848909,0.996678948814173,NA,NA,NA,NA,NA,NA
1779,NA,NA,0.988882924113256,0.947730886685112,0.929952755706556,NA,0.999715863885576,0.990397271801987,0.969262293457707,NA,NA,NA,NA,NA,NA
1780,NA,NA,1.0171610736649,0.990935889606416,0.939637349740572,NA,1.00014161133147,1.09063030144289,1.01467107575448,NA,NA,NA,NA,NA,NA
1781,NA,NA,0.932004651181241,0.702238844362201,0.842089869977666,NA,0.997158786577554,0.991139699640895,0.838047603048723,NA,NA,NA,NA,NA,NA
1782,NA,NA,0.904722614844203,0.754392612943589,0.867138522871024,NA,0.997035558554184,0.913738293599987,0.864620765842381,NA,NA,NA,NA,NA,NA
1783,NA,NA,0.941500363096218,0.823638886652316,0.921378896154515,NA,0.99774976683305,0.901667331690356,0.870330784343087,NA,NA,NA,NA,NA,NA
1784,NA,NA,0.942511808783835,0.726522723533739,0.800838487565972,NA,0.998900736931542,0.83326245912455,0.812928102618358,NA,NA,NA,NA,NA,NA
1785,0.883957039071073,NA,0.935989692478338,0.766509869651506,0.921936879704947,NA,1.00010178997922,0.982296904197644,0.892996443661894,NA,NA,NA,NA,NA,NA
1786,0.870683452173017,NA,0.920654330496274,0.706536779788144,0.891012502640852,NA,1.00001104337095,0.88982568534833,0.847246145777583,NA,NA,NA,NA,NA,NA
1787,0.863101852000422,NA,0.980640019269337,0.928678132575445,1.00065957698361,NA,1.00207239820826,1.01319770713243,0.986859969839365,NA,NA,NA,NA,NA,NA
1788,0.932872619706586,NA,0.981737517108745,0.885528868524312,0.941920314638674,NA,1.00031887429891,0.802951118176791,0.953364209441865,NA,NA,NA,NA,NA,NA
1789,1.00237871691417,NA,1.00985481501199,0.912064007783069,1.03073725822093,NA,1.00133052787877,0.877501593912371,1.23467851475122,NA,NA,NA,NA,NA,NA
1790,1.05020311961857,NA,0.985908818348341,0.873422226649968,0.969170172793454,NA,1.0033066592622,0.994329523079682,1.19904319226676,NA,NA,NA,NA,NA,NA
1791,1.01627144380722,NA,1.00185952142661,0.907179859209109,0.977881492130322,NA,1.00512446899413,1.02424344409384,1.19182767224048,NA,NA,NA,NA,NA,NA
1792,1.04037526330188,NA,1.00993549069418,0.914107414971948,1.00981075853317,NA,1.00377291999519,0.974124267235076,1.24220487059655,NA,NA,NA,NA,NA,NA
1793,1.08392256414477,NA,1.02097196267133,0.988756394338708,0.970064010365986,NA,1.00504149417284,0.974451744535763,1.17959130937025,NA,NA,NA,NA,NA,NA
1794,1.06801802634535,NA,1.03446173171549,1.00974256534303,1.01043613364707,NA,1.00537887927333,0.917577877792959,1.21081620295397,NA,NA,NA,NA,NA,NA
1795,1.05025834067119,NA,1.05258064310822,1.08784499573438,0.953112807008031,NA,1.00695477323905,1.15082763075572,1.19979428412152,NA,NA,NA,NA,NA,NA
1796,1.10516400586805,NA,1.06917904421625,1.14755477872227,1.03996375167727,NA,1.00752807036476,1.22016744536148,1.2245564113853,NA,NA,NA,NA,NA,NA
1797,1.02363268820152,NA,1.04947039722059,1.10140994162786,1.00375377419968,NA,1.00726975647263,1.12119366310244,1.08563556657202,NA,NA,NA,NA,NA,NA
1798,1.13484452912494,NA,1.09671591256484,1.26153981491489,1.12072778852945,NA,1.00854953914224,1.1736383260278,1.19621496814102,NA,NA,NA,NA,NA,NA
1799,1.11469139931625,NA,1.06774336860629,1.22500267094246,1.14771526345681,NA,1.00812006862198,1.1140304145994,1.23762352873106,NA,NA,NA,NA,NA,NA
1800,1.05571605184269,NA,1.05571022263532,1.14599721138824,1.06795954878338,NA,1.00701091891136,1.07284248071285,1.08622180176152,NA,NA,NA,NA,NA,NA
1801,1.05575027540984,NA,1.08351211391304,1.09514418438284,1.09308520824539,NA,1.00735478082703,1.12266684316265,1.14545015683407,NA,NA,NA,NA,NA,NA
1802,1.05403982337037,NA,1.08584734964113,1.02836760208639,1.06218430699742,NA,1.00879668872242,1.13848538876556,0.94983615380257,NA,NA,NA,NA,NA,NA
1803,1.04524308356984,NA,1.03707019038732,0.899827519867173,0.955584610835611,NA,1.00617105179934,0.96679679136145,0.892328167603075,NA,NA,NA,NA,NA,NA
1804,1.1069389503129,NA,1.02336635240175,0.879844020374962,1.05629246681624,NA,1.00976811368453,1.09963269550333,1.06823150148181,NA,NA,NA,NA,NA,NA
1805,1.10790222282978,NA,1.04080832810234,0.9837134357279,1.03602806581771,NA,1.01047138488337,1.28509492881817,1.0556207116692,NA,NA,NA,NA,NA,NA
1806,0.990169237582374,NA,0.952521490780958,0.851555237816418,0.928114731006347,NA,1.00620142018905,1.00972260494769,0.852728681109418,NA,NA,NA,NA,NA,NA
1807,0.993971458229296,NA,1.00635104237425,0.984466263167021,0.982985507741901,NA,1.00570055327345,0.989550574864489,0.981314459787453,NA,NA,NA,NA,NA,NA
1808,1.02927096505114,NA,1.02756100230808,1.02097422597459,1.03711808143093,NA,1.00705066291913,0.86920443353607,0.958596929709233,NA,NA,NA,NA,NA,NA
1809,1.01105253184712,NA,0.996165094908818,1.00108613604448,0.948380156820665,NA,1.00637874874277,0.883299066155893,0.957830338668317,NA,NA,NA,NA,NA,NA
1810,0.987433499011646,NA,0.979252298077487,0.974689830564349,0.966879253883375,NA,1.00679256089736,0.735238104931011,0.901535652623797,NA,NA,NA,NA,NA,NA
1811,0.909719332070513,NA,0.948775782579773,0.909192886733612,1.04528130384464,NA,1.00549031603646,0.792064071990364,0.949754576923247,NA,NA,NA,NA,NA,NA
1812,0.907697696518827,NA,0.952558516007724,0.861033574646865,0.87564233609747,NA,1.00638437256311,0.792308227478008,0.890140747104946,NA,NA,NA,NA,NA,NA
1813,0.938671291270918,NA,0.986724777017395,0.935189590692721,1.00932650678576,NA,1.00775165641508,0.856208275674014,0.995687329958866,NA,NA,NA,NA,NA,NA
1814,1.03462683835736,NA,1.00714796551012,0.987254470706996,1.0249033552065,NA,1.00810042180218,0.9701615994845,1.0921450206,NA,NA,NA,NA,NA,NA
1815,1.00898836494479,NA,0.983836888837066,0.982266181249583,1.01010796273631,NA,1.00668060797382,0.898302027622314,0.917043218987799,NA,NA,NA,NA,NA,NA
1816,1.04403072968573,NA,1.03001912021476,1.09339982251166,1.07410731632152,NA,1.00705222941135,0.948048063388988,1.05522378767418,NA,NA,NA,NA,NA,NA
1817,0.980861180471226,NA,1.02727693843707,1.08531348308957,1.06802297668387,NA,1.00649011184178,1.00300215521858,1.12036683746975,NA,NA,NA,NA,NA,NA
1818,0.939356322623775,NA,1.00442108709529,1.12352013948413,1.08765811819734,NA,1.00773246880955,0.992900628105148,1.11861361039313,NA,NA,NA,NA,NA,NA
1819,1.05336661888236,NA,1.03796799630245,1.17384049567129,1.13480511539359,NA,1.00842194847451,1.10475742734234,1.23494940902734,NA,NA,NA,NA,NA,NA
1820,1.08175982656693,NA,1.01235057351692,1.11663469997111,1.15137386780536,NA,1.00952740607214,1.11330746824093,1.10140733283319,NA,NA,NA,NA,NA,NA
1821,1.08966071296772,NA,1.03788061504529,1.11729200987493,1.0563680745831,NA,1.00895808787331,0.993799965589989,1.00563724140433,NA,NA,NA,NA,NA,NA
1822,1.04706183429147,NA,0.960762484080215,0.945665031565968,0.923728097023884,NA,1.00744639418975,1.04392303142945,0.942103722210313,NA,NA,NA,NA,NA,NA
1823,1.20883035496772,NA,0.997353453596581,1.05745206950815,1.07725475339901,NA,1.01110567411132,1.18994920369445,1.10583215328956,NA,NA,NA,NA,NA,NA
1824,1.16358958195407,NA,1.01128801359409,1.07651041857602,1.0437581410288,NA,1.00993743023325,1.13073662957467,1.03013735829,NA,NA,NA,NA,NA,NA
1825,0.963665721335822,NA,0.950895891436774,1.00944072430099,1.00646935246689,NA,1.00916639995433,1.04490584024285,0.834445277287748,NA,NA,NA,NA,NA,NA
1826,1.10217887054132,NA,0.987597564988496,1.09572737778341,1.12711170337343,NA,1.012002187135,1.07276937933287,1.00580179287069,NA,NA,NA,NA,NA,NA
1827,1.09875022061947,NA,1.02760399722932,1.21879729775771,1.05225671653013,NA,1.01109716136176,1.05494448399508,0.989684440902822,NA,NA,NA,NA,NA,NA
1828,1.06871024416454,NA,1.02829443646751,1.15468172255731,1.11663669257433,NA,1.01252191735774,1.27650088070939,0.930298931957931,NA,NA,NA,NA,NA,NA
1829,1.02636998298726,NA,1.03281072895674,1.17084833096727,1.0802121884635,NA,1.01108983251267,1.22640431174576,0.925201296463996,NA,NA,NA,NA,NA,NA
1830,0.999439755497737,NA,1.02369471886314,1.11215674999047,1.0167370533629,NA,1.01154853924301,1.10026738312945,0.846345310153429,NA,NA,NA,NA,NA,NA
1831,0.95383530859678,NA,1.07144800343318,1.22290692855967,1.1182411858918,NA,1.01246872170037,1.1172852793646,1.00183554437435,NA,NA,NA,NA,NA,NA
1832,0.993436510206033,NA,1.02896315844404,1.14696833445373,1.08178468198305,NA,1.01233631221159,1.09250747724186,0.83854555050938,NA,NA,NA,NA,NA,NA
1833,0.916770885035046,NA,1.01731629332761,1.12780526896838,1.06907411894704,NA,1.01188567316809,1.03819291592471,0.897962759538673,NA,NA,NA,NA,NA,NA
1834,0.894597724458602,NA,0.995133852539656,1.05757038316762,0.977001351296274,NA,1.01253467548747,1.08460680553326,0.950991165555093,NA,NA,NA,NA,NA,NA
1835,0.837918801519172,NA,0.957013413694123,0.949720208230304,0.968456282666891,NA,1.01122760837764,1.01918141440789,0.878259100499514,NA,NA,NA,NA,NA,NA
1836,0.839859477379582,NA,0.986177949293109,1.04998531675233,1.01185281949311,NA,1.01278457403148,1.01956515755496,0.966315272177139,NA,NA,NA,NA,NA,NA
1837,0.667802739180963,NA,0.954946172075014,0.869023961668554,0.873144699743744,NA,1.009500217924,0.930527465102669,0.683227748183121,NA,NA,NA,NA,NA,NA
1838,0.816315920745786,NA,0.948926967738013,0.892388394700231,0.951041985318389,NA,1.01054972286523,0.955055874979867,0.878355635306536,NA,NA,NA,NA,NA,NA
1839,0.868801657015869,NA,0.985225068617126,0.914589950113763,0.961165992719803,NA,1.01240146880998,1.09538623958178,0.814731737071622,NA,NA,NA,NA,NA,NA
1840,0.912019988645884,NA,1.01267224354243,0.961150968201588,1.00585285556111,NA,1.01111740107312,1.0505594121732,0.955924575485502,NA,NA,NA,NA,NA,NA
1841,1.00830928085045,NA,1.03630067159961,1.07056483101404,1.07358020291838,NA,1.01125809213701,1.04137530535673,1.01544858742973,NA,NA,NA,NA,NA,NA
1842,1.03891952315353,NA,0.997188027939583,0.903782272804922,1.03848483407503,NA,1.0104889529677,1.00122099574245,0.979672031951812,NA,NA,NA,NA,NA,NA
1843,1.12545069873926,NA,1.00976927199977,0.939169513648891,1.05379707130271,NA,1.00838521985206,0.920073201770073,1.08078908786297,NA,NA,NA,NA,NA,NA
1844,1.20002985060916,NA,1.01489228209213,1.01810157656215,1.15434153058429,NA,1.00879201195302,0.957336579148864,1.12704672436686,NA,NA,NA,NA,NA,NA
1845,1.14478739913214,NA,1.01989122889048,0.991129974675957,1.10218886027933,NA,1.00784729203465,0.907743554470601,1.26133313191665,NA,NA,NA,NA,NA,NA
1846,1.10992787330214,NA,1.03311801685913,1.0207332961678,1.04085208605716,NA,1.00775174592326,0.933867842213852,1.26476850061403,NA,NA,NA,NA,NA,NA
1847,1.06633004833443,NA,1.05467165990064,1.11145646413195,1.06337629415543,NA,1.00850531713479,0.992487743207592,1.2866869896042,NA,NA,NA,NA,NA,NA
1848,0.960253521762033,1.01104164127722,1.01013029725675,1.00665996595162,0.975452146344002,NA,1.0063277910009,0.921946458496648,1.17306607420482,NA,NA,NA,NA,NA,NA
1849,0.912595810203989,1.00758161298087,1.03878509651725,0.990531280186065,0.994011519118426,NA,1.00830034891202,0.947328409156138,1.20843770540873,NA,NA,NA,NA,NA,NA
1850,0.906148046381549,1.0014643935176,1.00639893069986,0.934444769535046,0.8920618286696,NA,1.00676326838275,0.935399201093034,1.09471853659268,NA,NA,NA,NA,NA,NA
1851,0.992024202703035,1.00394081836595,1.02531940547471,1.06482183695961,1.07295172924621,NA,1.00776081375572,1.00490111342652,1.14823501121042,NA,NA,NA,NA,NA,NA
1852,0.95004624312288,1.00723878521619,1.02585539169822,1.11923828445781,0.986946376805794,NA,1.00912061491406,1.05569640899986,1.24354096504181,NA,NA,NA,NA,NA,NA
1853,1.01092261733793,1.00338747372229,1.00552226063582,1.13435380380773,1.0375906560605,NA,1.00622766381711,1.03663237598615,1.17897310382416,NA,NA,NA,NA,NA,NA
1854,1.02840580497028,1.00928476746255,1.02473295070465,1.10393713090532,1.05339440226473,NA,1.00671427816746,1.02698958572621,1.16390181129032,NA,NA,NA,NA,NA,NA
1855,1.05264146137792,1.00542154180562,1.03386862655747,1.06597452245594,1.05405891578765,NA,1.0062077368808,0.897915941886397,1.05201289143691,NA,NA,NA,NA,NA,NA
1856,1.02378720951169,1.0042842920599,1.05965026174549,1.08288387762471,1.06926383083511,NA,1.00667165027534,0.85451315565341,0.961368512737503,NA,NA,NA,NA,NA,NA
1857,0.931702569254541,0.994818437729248,0.977697057298078,0.971009500564129,0.930641772675295,NA,1.00533259734949,0.884605027726163,0.666031198880787,NA,NA,NA,NA,NA,NA
1858,1.00992871273364,1.00662537934667,1.02906041645118,1.08120845113226,0.972102958943281,NA,1.00856148785814,0.997013148104466,0.870337030760561,NA,NA,NA,NA,NA,NA
1859,0.970637166777579,1.00161139324453,1.00361771903002,1.00543690105149,0.920721976799708,NA,1.00613581641563,0.951267183809337,0.898086081353818,NA,NA,NA,NA,NA,NA
1860,0.948346096617069,1.00028652770987,1.00413843965578,0.934542838913412,0.953593012056429,NA,1.00721201482304,0.963685237510296,0.976358297614362,NA,NA,NA,NA,NA,NA
1861,1.00858552421198,1.00593008998737,1.07958593279982,1.14405524173645,1.03507884136889,NA,1.00724660076952,0.98717332162351,0.981728549191562,NA,NA,NA,NA,NA,NA
1862,0.984440320078042,1.00562207257217,1.04979424200979,1.05095504314893,1.06625666914285,NA,1.00632665317977,0.940091879037729,0.888213551521478,NA,NA,NA,NA,NA,NA
1863,0.993546267387778,1.00472445671072,0.997810132134813,1.01806744033185,1.0116433839301,NA,1.00547519569035,0.999119763202777,0.908357342439048,NA,NA,NA,NA,NA,NA
1864,0.946204659526795,1.00133907391254,1.0010028436307,1.05446353202179,1.02081831246464,NA,1.00609331997357,1.05132995413267,0.964059153962579,NA,NA,NA,NA,NA,NA
1865,0.921712092385837,0.999894411192548,0.993352197194757,1.05063978398529,0.9463936158133,NA,1.00580233781553,1.02141197180256,0.834074105015796,NA,NA,NA,NA,NA,NA
1866,0.927242204639281,0.996083261925702,0.963085532463838,1.01100496576426,0.913462363709248,NA,1.00586185031946,0.966155726145807,0.884421199139135,NA,NA,NA,NA,NA,NA
1867,0.900868365499041,0.994414170224652,0.966951590698113,0.959882984188774,0.798977508893854,NA,1.0055721635413,0.90249402461955,0.850877418350133,NA,NA,NA,NA,NA,NA
1868,0.765876567304606,0.984636162347997,0.929841138887535,0.900781065221819,0.833117524674241,NA,1.00405616435268,0.809124085466361,0.775153099029166,NA,NA,NA,NA,NA,NA
1869,0.925122513670435,0.995080405753463,0.980748183808504,0.926280941214177,0.849060718979724,NA,1.00702523728624,1.04369776084076,0.968801193836679,NA,NA,NA,NA,NA,NA
1870,1.01115017638009,0.999055252363234,1.01441602417551,1.08739425390037,0.878070243488679,NA,1.0078839491522,1.12682205367256,1.08669949253969,NA,NA,NA,NA,NA,NA
1871,1.02303549464178,0.9995201832764,1.00986131084495,1.07292366667222,0.960849868328792,NA,1.00754364051421,1.00261289290278,1.11715399196135,NA,NA,NA,NA,NA,NA
1872,1.04595232128731,1.00675759335976,1.05717553835371,1.09126290865191,1.06628943881356,NA,1.00765944939007,1.00306336514822,1.22819240445399,NA,NA,NA,NA,NA,NA
1873,1.09052894971261,1.00813243964226,1.05771366960459,1.12952684464529,1.12255454529417,NA,1.00787328274796,1.03541321385743,1.36533258211066,NA,NA,NA,NA,NA,NA
1874,1.08634004423426,1.00468191762982,1.00615670523511,0.918635280147129,0.973086789055031,NA,1.00576209968191,0.981360930949229,1.1122060719324,NA,NA,NA,NA,NA,NA
1875,0.969766031144587,1.00254264241868,1.01948347130572,0.936256156822882,1.01148242187919,NA,1.00549943001789,1.01533000449066,1.18521530059471,NA,NA,NA,NA,NA,NA
1876,1.14605826392636,1.00685824007247,1.04510666496257,1.12552324674458,1.11191129293325,NA,1.00794636799769,1.13829860977163,1.22966715108048,NA,NA,NA,NA,NA,NA
1877,1.12308585640231,1.00336332454195,0.999454331188986,1.02459479750641,1.06259929436049,NA,1.00742840850092,1.08612138783131,0.939778496038585,NA,NA,NA,NA,NA,NA
1878,1.11344466768402,1.00257740449911,0.99711346291146,1.01999433774616,1.08577336361924,NA,1.00772466022489,1.09582336448427,1.06398696825076,NA,NA,NA,NA,NA,NA
1879,1.15602434355919,1.00307110107358,1.06283505786776,1.13172456200995,1.14025891075962,NA,1.0071008785254,1.14818097372434,1.06209076300866,NA,NA,NA,NA,NA,NA
1880,1.08713122158928,0.998501066071959,1.00093738903906,1.02375656782473,1.16531060206004,NA,1.00677189701996,1.18823933153798,0.998844994262183,NA,NA,NA,NA,NA,NA
1881,1.02630675949185,0.994245301261914,0.973803950184968,0.977092327394977,1.0418480389757,NA,1.00542121828478,1.13257863292758,0.949133594090342,NA,NA,NA,NA,NA,NA
1882,1.06556914421085,1.00463591434193,1.01015289895965,1.06536217818634,1.12362158316279,NA,1.00608871783132,1.14155408735582,0.883814069794647,NA,NA,NA,NA,NA,NA
1883,1.07138183268646,1.00688650093749,1.01591174076598,1.15041717746334,1.14376229889033,NA,1.00717692889347,1.15040447970509,1.01885697409559,NA,NA,NA,NA,NA,NA
1884,1.07377786287425,1.0052778416759,0.997135440252982,1.06933139285632,1.09078105551891,NA,1.00509678152949,1.08978993814435,0.92534435666118,NA,NA,NA,NA,NA,NA
1885,0.858952012198095,0.977413012137457,0.904032409056784,0.810965698657031,0.873993898191368,NA,1.00240634548388,0.86573786683423,0.705376013367945,NA,NA,NA,NA,NA,NA
1886,0.825914024536464,0.979187258963879,0.982732542450149,0.885908381043727,0.950254078297479,NA,1.0048850808636,0.975197968782486,0.733221145753069,NA,NA,NA,NA,NA,NA
1887,0.841966781771201,0.990385198586001,0.95879838039665,0.857823533327155,0.811002018972863,NA,1.00449701072143,0.99904802650556,0.805007093288955,NA,NA,NA,NA,NA,NA
1888,0.885110058547364,0.990561368845826,0.930196492661103,0.791342744610638,0.845739542282555,NA,1.00361560597709,0.999554258070251,0.773157846438405,NA,NA,NA,NA,NA,NA
1889,0.884396441344896,1.00166735326934,0.95194710449206,0.766742683675547,0.890828985989205,NA,1.00351416214549,0.964500951461153,0.785328631638348,NA,NA,NA,NA,NA,NA
1890,1.01869801273323,1.00838953121192,1.00852567150901,0.882852935631679,1.02329555103071,NA,1.00525202605645,1.01182544904734,0.936413586585114,NA,NA,NA,NA,NA,NA
1891,1.02176397806094,1.00634209048114,1.00333201626715,0.912984492254388,1.02412735743798,NA,1.00503057595469,1.02332656079843,0.897604652177598,NA,NA,NA,NA,NA,NA
1892,0.924755448287231,0.993685840497941,0.940830598766798,0.855324704100216,0.954857805776603,NA,1.0023152321154,0.940495698062416,0.880165391359107,NA,NA,NA,NA,NA,NA
1893,0.894529196515147,0.99351661782854,0.965214735904117,0.856928618291615,1.02580721451003,NA,1.00277604696636,0.818914721177806,0.786716784914867,NA,NA,NA,NA,NA,NA
1894,1.00765646102997,0.99945025559949,1.02628781553009,0.985780427093667,1.19003418273343,NA,1.00435579192104,0.966998444481355,0.922596946442553,NA,NA,NA,NA,NA,NA
1895,1.08930141760552,1.00351017167037,1.05672444413589,0.987629188577303,1.12869374414679,NA,1.00555397779873,1.12323981753633,1.06375259418358,NA,NA,NA,NA,NA,NA
1896,1.07942820084845,1.00437427888142,1.01406009182112,1.04800256771361,1.15583476889571,NA,1.00375466878661,1.0675726986505,0.993940634861004,NA,NA,NA,NA,NA,NA
1897,1.01330682498131,0.997904552164423,0.984451141650645,0.941402067836639,1.04686905636135,NA,1.00420092785589,1.07798281643053,1.0561117461267,NA,NA,NA,NA,NA,NA
1898,1.05885483869942,1.00326778991377,1.01768688807824,0.96052208016135,1.07263814422559,NA,1.00356585101552,0.969034699068354,1.06967309723341,NA,NA,NA,NA,NA,NA
1899,0.970007004985915,0.997512542171288,1.01264868499469,1.08067321496764,0.948984967526236,NA,1.00124502845279,0.902359640856164,0.920552291668721,NA,NA,NA,NA,NA,NA
1900,0.833734659249129,0.990354425904112,0.892899666617817,0.796278555971484,0.884829269348172,NA,1.00024450491329,0.821937849226834,0.781189747010978,NA,NA,NA,NA,NA,NA
1901,0.895569472444865,0.989933070501201,0.921190419528967,1.00662788357332,0.973186375361548,NA,1.00299356304867,0.888428092301541,0.78297351614445,NA,NA,NA,NA,NA,NA
1902,0.92895154820738,0.999623671648995,0.916419856991308,0.931995673564281,0.914098075049003,NA,1.00156072072472,0.97109409063259,0.734649290909079,NA,NA,NA,NA,NA,NA
1903,0.832079272282864,NA,0.851174537828188,0.772897287874986,0.856397155395502,NA,1.00165256397999,0.889374548239305,0.590751259065814,NA,NA,NA,NA,NA,NA
1904,0.988490519890534,0.999237382268858,0.906274025544784,0.944765530245531,0.996849411802271,NA,1.00208145456268,0.919142420631525,0.762609490031067,NA,NA,NA,NA,NA,NA
1905,0.996067518114974,1.00552926367859,0.946257847783045,0.927741062134586,0.941936072407574,NA,1.00357538307626,1.04171184432741,0.887764201192629,NA,NA,NA,NA,NA,NA
1906,0.951680284846273,1.00489147966822,0.942244637182084,0.90971804976065,0.988182619754413,NA,1.00384567286448,1.04226836404183,0.873267485006485,NA,NA,NA,NA,NA,NA
1907,0.951112921303716,1.00710939358626,0.955516666642839,0.950090583980235,0.943592583315466,NA,1.00285478887331,1.00959013934432,0.85811054253393,NA,NA,NA,NA,NA,NA
1908,0.940842304139161,1.00876859793957,0.967794563159893,1.00389566942305,1.02980174886046,NA,1.00472453693498,1.11286674407862,0.920679897875623,NA,NA,NA,NA,NA,NA
1909,0.836871733482339,1.00380746609879,0.943422968647842,0.924907393549998,0.957282966140508,NA,1.00279333182135,1.01066980547682,0.807404887885111,NA,NA,NA,NA,NA,NA
1910,0.989117542681113,1.0103006855994,0.97963413905248,0.93647389319375,0.991690685378702,NA,1.00295535028956,0.962574176197371,0.942094596348341,NA,NA,NA,NA,NA,NA
1911,0.996623570891265,1.00711990221277,0.903112051585664,0.928381215279718,1.0030371399465,NA,1.00202087607227,1.01174982803615,0.86819919980385,NA,NA,NA,NA,NA,NA
1912,1.0364556154922,1.01542661080853,1.00044369298557,1.05075271611741,1.06925556523107,NA,1.00347019149792,1.03477308445476,1.02606614329543,NA,NA,NA,NA,NA,NA
1913,0.987558464917426,1.01107689301454,0.96977202977463,1.00503382440654,1.08682659726983,NA,1.0028885652559,1.03532436608066,0.97981250289849,NA,NA,NA,NA,NA,NA
1914,1.0823582496994,1.01854631689625,1.02456857448497,1.07681583648619,1.11889811363725,NA,1.00198505623048,1.01336757347549,1.15772000193207,NA,NA,NA,NA,NA,NA
1915,1.09864487744044,1.01561510346568,1.01661602794713,1.06418842610619,1.11991494287464,NA,1.00278410386224,1.14412106344607,1.05093105745719,NA,NA,NA,NA,NA,NA
1916,1.11402150544446,1.01652390624878,1.02807789433357,1.10205137434351,1.14963691481072,NA,1.00115616118777,1.01444262350856,1.20182653851551,NA,NA,NA,NA,NA,NA
1917,1.1186308840047,1.01590394187062,1.03884864157048,1.03728224609793,1.00850836464587,NA,1.00438377007742,1.10882974786017,1.19382257711167,NA,NA,NA,NA,NA,NA
1918,1.14938308809765,1.01424944865963,1.0773237408088,1.06265658163262,1.13764680618209,NA,1.00425855026675,1.11879787196524,1.16035793545244,NA,NA,NA,NA,NA,NA
1919,1.07703761350965,1.01268429603154,1.05410229637674,0.990171407905649,1.10086086251847,NA,1.0039522640483,1.12860021692078,1.21332705077799,NA,NA,NA,NA,NA,NA
1920,1.04268564924414,1.01072636779469,1.01277737042879,0.901431812626721,1.16748614939528,NA,1.00473309492858,1.13824398570542,1.06713762829521,NA,NA,NA,NA,NA,NA
1921,1.04553969680437,1.01570552777138,1.03793359834365,0.814159383632648,1.10289940872233,NA,1.00474785376181,1.1297799562114,1.02031671835001,NA,NA,NA,NA,NA,NA
1922,1.10609659678113,1.0118438431304,1.05762135128041,0.986608746220505,1.14186386201171,NA,1.00211799245002,1.16568544768586,1.18602716696676,NA,NA,NA,NA,NA,NA
1923,0.979271858944867,1.00862829962378,0.995043677953969,0.858172629114631,0.969591365259557,NA,1.00123426113945,0.981957080204575,1.04741855267788,NA,NA,NA,NA,NA,NA
1924,1.00632605025287,1.00795014095971,1.03127815861334,0.990339934140225,1.00448474855314,NA,1.00258197432711,1.04131314208807,1.14638041751588,NA,NA,NA,NA,NA,NA
1925,1.07177399865803,1.01094199626734,1.06334237352174,1.03649747645885,1.0821232772176,NA,1.00211773050546,0.943432175291855,1.21878286669783,NA,NA,NA,NA,NA,NA
1926,1.00937521290234,1.0102791029614,1.02936372388884,0.911699487543642,1.00637125233437,NA,1.00237360758013,0.900225523661862,1.08051746703886,NA,NA,NA,NA,NA,NA
1927,1.12449400186964,1.01866703840172,1.1036972845925,1.16572098964718,1.13990957729672,NA,1.00190702534995,0.957992869546695,1.13155035773636,NA,NA,NA,NA,NA,NA
1928,1.04954210904486,1.01146282191341,1.0645654925017,0.997872341658029,1.03917950907047,NA,0.999449537114,0.930799045335043,1.01817274751485,NA,NA,NA,NA,NA,NA
1929,0.981571139913027,1.01193440154094,1.04617514650614,0.980553140849294,1.01985916967873,NA,0.999436431762221,0.945337229373448,0.992276744733644,NA,NA,NA,NA,NA,NA
1930,1.12842874483159,1.01583412690251,1.12022876977957,1.23962048949296,1.19175591231546,NA,1.00061673495695,0.997883565098843,1.15526211664298,NA,NA,NA,NA,NA,NA
1931,1.07865053686795,1.01265683758412,1.0723398983455,1.022058239958,0.964667262191223,NA,0.999239503769346,0.985924721808023,1.08998535298396,NA,NA,NA,NA,NA,NA
1932,0.97263365102314,1.01976985857563,1.04232585758551,0.898353385248623,0.91097655065775,NA,0.99962526843912,1.02277760566114,1.03608431771249,NA,NA,NA,NA,NA,NA
1933,0.984670465902355,1.01740451774201,1.00544612743864,0.997868781564697,0.844787961948925,NA,0.999166242399274,1.08838688802923,1.03945319333927,NA,NA,NA,NA,NA,NA
1934,1.0073732965075,1.02165529329302,1.06019965652065,1.11836823700255,0.804821042435804,NA,0.999890183632987,1.05746956271492,1.13175570926795,NA,NA,NA,NA,NA,NA
1935,0.916212522367777,1.01014664235481,1.03016415331369,0.991885063646726,0.968359056214741,NA,0.997529473749084,1.04700655192095,1.05350300944826,NA,NA,NA,NA,NA,NA
1936,0.94550510137023,1.00845653398914,1.04648187819453,1.04981743089798,1.03706618154296,NA,0.99767726631849,0.975456610686066,1.12918610913124,NA,NA,NA,NA,NA,NA
1937,1.0279295302856,1.01607526622348,1.11319518368245,1.21408175532927,1.0767096488673,NA,0.99893443444952,1.09046215983142,1.1715858957693,NA,NA,NA,NA,NA,NA
1938,1.04418381790019,1.0093040808307,1.0522814793692,1.08782513497072,1.08678253238665,NA,0.998195300793971,1.00172164959291,1.23089747379289,NA,NA,NA,NA,NA,NA
1939,1.03098994137687,1.00931953479143,1.06683579811037,1.08994455511086,1.00783039114609,NA,0.998901018815663,1.07069831689974,1.17492550172197,NA,NA,NA,NA,NA,NA
1940,1.00641693273709,1.00699630459777,1.06949856882157,1.08379030981466,1.04106928075202,NA,0.99778331058362,0.977270813158628,1.05509329275402,NA,NA,NA,NA,NA,NA
1941,1.10642353521213,1.0123265255217,1.11664340813016,1.20419618985094,1.06201629351227,NA,0.99728349893197,1.13158014212002,1.29166714969607,NA,NA,NA,NA,NA,NA
1942,1.04047194407861,1.00953720060946,1.04892234111767,1.07095748043172,1.04308568725,NA,0.99691972698729,1.0035521482945,1.1447293430411,NA,NA,NA,NA,NA,NA
1943,1.07375164243818,1.00934450739427,1.01877664509887,1.06426285824163,1.01173813313656,NA,0.996703500255328,1.01617836880683,1.21412369993974,NA,NA,NA,NA,NA,NA
1944,1.05595532034422,1.01150916064714,1.05960240672964,1.12490227569671,0.963887188384694,NA,0.997331476117272,1.07311110136011,1.14286671976975,NA,NA,NA,NA,NA,NA
1945,1.11611239031563,1.01006264891355,1.07381434938783,1.18648377589104,1.01370564556322,NA,0.996413534413659,1.13359108918568,1.00730832127094,NA,NA,NA,NA,NA,NA
1946,1.04653806969688,1.0077098560309,1.05309018521312,1.12141297038141,0.938151694097906,NA,0.99336671866807,0.979876853968871,1.0503050715249,NA,NA,NA,NA,NA,NA
1947,1.0094885288731,1.00654150448363,1.0377681383981,1.11553782640486,0.939066250359566,NA,0.993380539398145,0.781415614202172,1.07405332693291,NA,NA,NA,NA,NA,NA
1948,0.99080781891032,1.00386667840985,1.03817820771693,1.05657578542461,0.939982758605646,NA,0.996025164334836,0.877184844432052,0.864280926382724,NA,NA,NA,NA,NA,NA
1949,1.0617577045218,1.01193734809135,1.03858931647292,1.09471275984915,1.05021543229001,NA,0.996202763940352,0.981125238096139,0.925073739714097,NA,NA,NA,NA,NA,NA
1950,1.1442500839849,1.0158794818152,1.04442006868769,1.16179482103864,0.969541852666025,NA,0.997559487095479,1.08641304118454,0.97663289557758,NA,NA,NA,NA,NA,NA
1951,1.13971839637451,1.01169421859051,1.01254234372646,0.94508592884372,0.818188470558803,NA,0.99789078982574,1.06550898650383,0.932137523796295,NA,NA,NA,NA,NA,NA
1952,1.06177404019396,1.00524439270366,0.968277656588265,0.982573626057302,0.913138790625338,NA,0.994955641258879,1.04357259454662,0.893742695959181,NA,NA,NA,NA,NA,NA
1953,1.10593433807428,1.00654919990419,1.01656605562247,1.08580795055266,0.972395711339068,NA,0.99500196085852,0.955629322486616,1.04508977935007,NA,NA,NA,NA,NA,NA
1954,1.13751859317731,1.00640773141871,1.05644084395249,1.17886567121429,0.986398408688685,NA,0.995033902053657,1.00864878413603,1.08195811507392,NA,NA,NA,NA,NA,NA
1955,0.925286560675201,0.996318941952416,0.951155288425801,0.885098137749857,0.672700449330531,NA,0.991285088496177,0.896234692836507,0.887818524608555,NA,NA,NA,NA,NA,NA
1956,0.962424084676909,0.993574504155493,0.936214659944234,0.856048144026564,NA,NA,0.99272211321763,0.942515375843675,0.947502091356437,NA,NA,NA,NA,NA,NA
1957,0.944629344225843,0.999005338312742,0.936591014179503,0.992673702186026,NA,NA,0.993627631939992,0.880367624760305,0.906227176558998,NA,NA,NA,NA,NA,NA
1958,0.958215458834172,0.996339236759778,0.966232688057041,0.983060067287799,NA,NA,0.991472702547376,0.913175703731743,0.807186796358412,NA,NA,NA,NA,NA,NA
1959,0.94478450527513,0.989017096557338,0.886399829202489,0.934772407768949,NA,NA,0.990337185421933,0.575321739374577,0.504009445383203,NA,NA,NA,NA,NA,NA
1960,1.03409169934017,0.991340766538156,1.00262105267662,1.08278655898267,NA,NA,0.993340263751921,0.84591486591818,0.560715412086872,NA,NA,NA,NA,NA,NA
1961,0.958487630795297,0.993093924748813,0.962894390440107,0.964704047430451,NA,NA,0.991160342580591,0.881685895854449,0.849763207414864,NA,NA,NA,NA,NA,NA
1962,0.888063845832217,0.986008257719741,0.852975721125018,0.814290229087533,NA,NA,0.989376863719855,0.684074261696364,0.795797691007691,NA,NA,NA,NA,NA,NA
1963,0.915741828882688,0.983350085733106,0.887836411163972,0.899898993770154,NA,NA,0.988880102050205,0.882323594673051,0.812082814909105,NA,NA,NA,NA,NA,NA
1964,0.995593011160212,0.987871337547468,0.91593863008686,0.798262906621597,NA,NA,0.988643843874545,0.847139143587715,0.867298958671094,NA,NA,NA,NA,NA,NA
1965,0.857170544358747,0.983039612117134,0.896014718438759,0.837905318705244,NA,NA,0.987547193028912,0.764162372211567,0.812627309837887,NA,NA,NA,NA,NA,NA
1966,0.899931369420607,0.983337283647478,0.922870475693414,0.85728179251448,NA,NA,0.988172712739098,0.713748617631314,0.858878140809364,NA,NA,NA,NA,NA,NA
1967,0.813211550082655,0.987266447097378,0.881409277440187,0.803336273394328,NA,NA,0.989131271303061,0.764691818232803,0.773530940043914,NA,NA,NA,NA,NA,NA
1968,0.882849177160426,0.987859948541086,0.881769931195337,0.893951011601167,NA,NA,0.988677522797793,0.787697214333899,0.874505950831233,NA,NA,NA,NA,NA,NA
1969,0.9885554894118,0.99557436009706,0.970562615698208,1.05195638476608,NA,NA,0.989076928402175,0.740823667289289,0.845396462988502,NA,NA,NA,NA,NA,NA
1970,1.04836454006874,0.996415271547607,1.02676740363498,1.1058629924048,NA,NA,0.989229007670679,0.932437373299208,0.982677876888132,NA,NA,NA,NA,NA,NA
1971,1.03229549758148,0.990435441432666,1.00712845853806,1.09832780048454,NA,NA,0.988806279153187,0.932747019560587,1.06780628287632,NA,NA,NA,NA,NA,NA
1972,1.02224124766282,0.988982624789243,1.03378992228457,1.21631514022832,NA,NA,0.987516673268688,0.933054294420843,1.02082216781551,NA,NA,NA,NA,NA,NA
1973,1.01178866761358,0.986993830675528,0.962960289631165,1.21893655530333,NA,NA,0.990277607019111,1.05152317557565,0.961850796440762,NA,NA,NA,NA,NA,NA
1974,0.917250402280963,0.983056516891611,0.963358011687331,1.12518096564227,NA,NA,0.988659349689312,0.962835048661677,0.896000146595153,NA,NA,NA,NA,NA,NA
1975,0.883855293850697,0.983704900053394,0.913600858751023,0.796125578040829,NA,NA,0.987049547025017,0.977018590830019,0.73120724812779,NA,NA,NA,NA,NA,NA
1976,0.837625853842161,0.970295650856948,0.926674405375816,0.857873798342847,NA,NA,0.98557482795222,0.934263447514423,0.805428382638263,NA,NA,NA,NA,NA,NA
1977,0.947238714167415,0.981365389961599,0.990715907545231,0.894971988928563,NA,NA,0.988304435670582,1.00414747501086,0.878302867433513,NA,NA,NA,NA,NA,NA
1978,0.901693886900619,0.983140100695688,1.05638259056836,0.929267774298135,NA,NA,0.985114836015453,0.949716538887849,0.937946224375268,NA,NA,NA,NA,NA,NA
1979,0.965494279877921,0.985865096191907,1.03059624691473,0.931301728408095,NA,NA,0.985900820828298,0.99172389837602,1.17609111859261,NA,NA,NA,NA,NA,NA
1980,1.04377961089724,0.988587700546674,1.07996588466935,1.0772976928504,NA,NA,0.988380008737596,1.11869474351947,1.2704277693135,NA,NA,NA,NA,NA,NA
1981,0.943236214489864,0.978524826981181,1.02826618588635,0.885487526555496,NA,NA,0.986301135494002,0.9649807189488,1.0659403997478,NA,NA,NA,NA,NA,NA
1982,0.890901568075573,0.976573029749108,0.988705521144679,0.904833269031398,NA,NA,0.986267537262349,0.936036448624622,1.02158379430287,NA,NA,NA,NA,NA,NA
1983,0.978871189385781,0.982837971990328,0.993197361303271,0.969779807446455,NA,NA,0.988236329929095,1.16798557886571,1.245849053515,NA,NA,NA,NA,NA,NA
1984,0.983143062685362,0.983152473253415,1.0125814998348,0.941612843248474,NA,NA,0.987015163289163,1.09941504623931,1.25005940936065,NA,NA,NA,NA,NA,NA
1985,1.08111282102316,0.987946596708009,1.10020593360505,1.05406141834872,NA,NA,0.990256934529927,1.32732641696905,1.35035432391872,NA,NA,NA,NA,NA,NA
1986,0.962366845688977,0.982080484719435,0.963347591562391,0.945803435594744,NA,NA,0.988277961105167,1.22993835303073,1.02017242965452,NA,NA,NA,NA,NA,NA
1987,0.975437550187727,0.978285548172504,1.01023349505409,1.00688321590514,NA,NA,0.987053814170856,1.246524042598,0.980002555800225,NA,NA,NA,NA,NA,NA
1988,0.979778579937286,0.976648230002651,0.991196111540329,1.07324323338013,NA,NA,0.985443556986965,1.15102803983041,1.17040169951806,NA,NA,NA,NA,NA,NA
1989,0.924931756598166,0.967360998277306,0.94348001673468,0.919022412630943,NA,NA,0.985714317714259,1.11159447207629,1.00431463284684,NA,NA,NA,NA,NA,NA
1990,1.04245285438186,0.981124443092589,1.03215508755603,1.06589641777094,NA,NA,0.985795499411498,1.19750894595005,1.03383811940972,NA,NA,NA,NA,NA,NA
1991,0.944985087458404,0.976161658477904,0.932508618880697,0.972127143459319,NA,NA,0.984581972225254,1.12254172265549,1.14843705148689,NA,NA,NA,NA,NA,NA
1992,0.867807515302189,0.973322301642065,0.853355544533985,0.721570607311955,NA,NA,0.982447656826824,1.03400419186113,0.988622553577345,NA,NA,NA,NA,NA,NA
1993,NA,NA,NA,NA,NA,NA,0.981406571851815,0.98254968128819,0.921394649511186,NA,NA,NA,NA,NA,NA
1994,NA,NA,NA,NA,NA,NA,NA,NA,0.981603023925578,NA,NA,NA,NA,NA,NA
