"year","ff205a","ff205b","ff209a","ff209b","ff213a","ff213b","ff220a","ff220b","ff251a","ff252a","ff252b","ff254a","ff254b","ff259a","ff259b"
877,NA,NA,NA,NA,NA,NA,NA,NA,NA,NA,NA,NA,NA,0.999217096338412,NA
878,NA,NA,NA,NA,NA,NA,NA,NA,NA,NA,NA,NA,NA,1.0180107926189,NA
879,NA,NA,NA,NA,NA,NA,NA,NA,NA,NA,NA,NA,NA,1.01324438062494,NA
880,NA,NA,NA,NA,NA,NA,NA,NA,NA,NA,NA,NA,NA,1.02211217142341,NA
881,NA,NA,NA,NA,NA,NA,NA,NA,NA,NA,NA,NA,NA,1.02206977383607,NA
882,NA,NA,NA,NA,NA,NA,NA,NA,NA,NA,NA,NA,NA,1.07266331410998,NA
883,NA,NA,NA,NA,NA,NA,NA,NA,NA,NA,NA,NA,NA,0.974927549547875,NA
884,NA,NA,NA,NA,NA,NA,NA,NA,NA,NA,NA,NA,NA,1.03566115981629,NA
885,NA,NA,NA,NA,NA,NA,NA,NA,NA,NA,NA,NA,NA,0.97435179001144,NA
886,NA,NA,NA,NA,NA,NA,NA,NA,NA,NA,NA,NA,NA,0.9755023307885,NA
887,NA,NA,NA,NA,NA,NA,NA,NA,NA,NA,NA,NA,NA,1.01828294560365,NA
888,NA,NA,NA,NA,NA,NA,NA,NA,NA,NA,NA,NA,NA,1.03233057939103,NA
889,NA,NA,NA,NA,NA,NA,NA,NA,NA,NA,NA,NA,NA,1.00876267369565,NA
890,NA,NA,NA,NA,NA,NA,NA,NA,NA,NA,NA,NA,NA,1.01741446548634,NA
891,NA,NA,NA,NA,NA,NA,NA,NA,NA,NA,NA,NA,NA,1.04133062573252,NA
892,NA,NA,NA,NA,NA,NA,NA,NA,NA,NA,NA,NA,NA,0.914083114279447,NA
893,NA,NA,NA,NA,NA,NA,NA,NA,NA,NA,NA,NA,NA,0.946571317002146,NA
894,NA,NA,NA,NA,NA,NA,NA,NA,NA,NA,NA,NA,NA,0.964102206624573,NA
895,NA,NA,NA,NA,NA,NA,NA,NA,NA,NA,NA,NA,NA,0.99100742902997,NA
896,NA,NA,NA,NA,NA,NA,NA,NA,NA,NA,NA,NA,NA,0.899839117770198,NA
897,NA,NA,NA,NA,NA,NA,NA,NA,NA,NA,NA,NA,NA,0.917985189275129,NA
898,NA,NA,NA,NA,NA,NA,NA,NA,NA,NA,NA,NA,NA,0.982913730013584,NA
899,NA,NA,NA,NA,NA,NA,NA,NA,NA,NA,NA,NA,NA,1.02593934808019,NA
900,NA,NA,NA,NA,NA,NA,NA,NA,NA,NA,NA,NA,NA,0.994981400817241,NA
901,NA,NA,NA,NA,NA,NA,NA,NA,NA,NA,NA,NA,NA,0.981834152059871,NA
902,NA,NA,NA,NA,NA,NA,NA,NA,NA,NA,NA,NA,NA,1.01383769694988,NA
903,NA,NA,NA,NA,NA,NA,NA,NA,NA,NA,NA,NA,NA,1.02493254519058,NA
904,NA,NA,NA,NA,NA,NA,NA,NA,NA,NA,NA,NA,NA,1.0713814487189,NA
905,NA,NA,NA,NA,NA,NA,NA,NA,NA,NA,NA,NA,NA,1.05122116601726,NA
906,NA,NA,NA,NA,NA,NA,NA,NA,NA,NA,NA,NA,NA,1.04250969834304,NA
907,NA,NA,NA,NA,NA,NA,NA,NA,NA,NA,NA,NA,NA,0.922911971215585,NA
908,NA,NA,NA,NA,NA,NA,NA,NA,NA,NA,NA,NA,NA,0.990658605516092,NA
909,NA,NA,NA,NA,NA,NA,NA,NA,NA,NA,NA,NA,NA,0.985659837460788,NA
910,NA,NA,NA,NA,NA,NA,NA,NA,NA,NA,NA,NA,NA,0.918851094342123,NA
911,NA,NA,NA,NA,NA,NA,NA,NA,NA,NA,NA,NA,NA,0.947653263510555,NA
912,NA,NA,NA,NA,NA,NA,NA,NA,NA,NA,NA,NA,NA,1.0346972309321,NA
913,NA,NA,NA,NA,NA,NA,NA,NA,NA,NA,NA,NA,NA,0.932313291294983,NA
914,NA,NA,NA,NA,NA,NA,NA,NA,NA,NA,NA,NA,NA,0.906895481245479,NA
915,NA,NA,NA,NA,NA,NA,NA,NA,NA,NA,NA,NA,NA,0.963966663393716,NA
916,NA,NA,NA,NA,NA,NA,NA,NA,NA,NA,NA,NA,NA,1.00260995372259,NA
917,NA,NA,NA,NA,NA,NA,NA,NA,NA,NA,NA,NA,NA,1.00131718489664,NA
918,NA,NA,NA,NA,NA,NA,NA,NA,NA,NA,NA,NA,NA,1.05077923896513,NA
919,NA,NA,NA,NA,NA,NA,NA,NA,NA,NA,NA,NA,NA,1.0475375303164,NA
920,NA,NA,NA,NA,NA,NA,NA,NA,NA,NA,NA,NA,NA,1.01926105846539,NA
921,NA,NA,NA,NA,NA,NA,NA,NA,NA,NA,NA,NA,NA,1.00329770043719,NA
922,NA,NA,NA,NA,NA,NA,NA,NA,NA,NA,NA,NA,NA,1.027066767736,NA
923,NA,NA,NA,NA,NA,NA,NA,NA,NA,NA,NA,NA,NA,1.01796444404795,NA
924,NA,NA,NA,NA,NA,NA,NA,NA,NA,NA,NA,NA,NA,0.988137277810017,NA
925,NA,NA,NA,NA,NA,NA,NA,NA,NA,NA,NA,NA,NA,0.957391405442207,NA
926,NA,NA,NA,NA,NA,NA,NA,NA,NA,NA,NA,NA,NA,1.03942473284834,NA
927,NA,NA,NA,NA,NA,NA,NA,NA,NA,NA,NA,NA,NA,1.02125342004886,NA
928,NA,NA,NA,NA,NA,NA,NA,NA,NA,NA,NA,NA,NA,1.0593631542527,NA
929,NA,NA,NA,NA,NA,NA,NA,NA,NA,NA,NA,NA,NA,1.03670420912194,NA
930,NA,NA,NA,NA,NA,NA,NA,NA,NA,NA,NA,NA,NA,0.9644893906976,NA
931,NA,NA,NA,NA,NA,NA,NA,NA,NA,NA,NA,NA,NA,0.977346799000979,NA
932,NA,NA,NA,NA,NA,NA,NA,NA,NA,NA,NA,NA,NA,1.03643566428399,NA
933,NA,NA,NA,NA,NA,NA,NA,NA,NA,NA,NA,NA,NA,1.02067217470409,NA
934,NA,NA,NA,NA,NA,NA,NA,NA,NA,NA,NA,NA,NA,1.03132579957641,NA
935,NA,NA,NA,NA,NA,NA,NA,NA,NA,NA,NA,NA,NA,1.01742405124238,NA
936,NA,NA,NA,NA,NA,NA,NA,NA,NA,NA,NA,NA,NA,0.995317719066347,NA
937,NA,NA,NA,NA,NA,NA,NA,NA,NA,NA,NA,NA,NA,1.04468755706942,NA
938,NA,NA,NA,NA,NA,NA,NA,NA,NA,NA,NA,NA,NA,1.05179257476462,NA
939,NA,NA,NA,NA,NA,NA,NA,NA,NA,NA,NA,NA,NA,1.07581323876017,NA
940,NA,NA,NA,NA,NA,NA,NA,NA,NA,NA,NA,NA,NA,1.0227566933523,NA
941,NA,NA,NA,NA,NA,NA,NA,NA,NA,NA,NA,NA,NA,0.995582757361233,NA
942,NA,NA,NA,NA,NA,NA,NA,NA,NA,NA,NA,NA,NA,0.982935658842724,NA
943,NA,NA,NA,NA,NA,NA,NA,NA,NA,NA,NA,NA,NA,1.05639456950548,NA
944,NA,NA,NA,NA,NA,NA,NA,NA,NA,NA,NA,NA,NA,0.961805054140369,NA
945,NA,NA,NA,NA,NA,NA,NA,NA,NA,NA,NA,NA,NA,0.93886669345485,0.868842356459158
946,NA,NA,NA,NA,NA,NA,NA,NA,NA,NA,NA,NA,NA,0.970453419105284,0.88117504025391
947,NA,NA,NA,NA,NA,NA,NA,NA,NA,NA,NA,NA,NA,0.977668612127609,0.936330061748043
948,NA,NA,NA,NA,NA,NA,NA,NA,NA,NA,NA,NA,NA,0.97261065452683,0.839414246791921
949,NA,NA,NA,NA,NA,NA,NA,NA,NA,NA,NA,NA,NA,0.977340245429371,0.882377868712019
950,NA,NA,NA,NA,NA,NA,NA,NA,NA,NA,NA,NA,NA,0.906068359831473,1.03485001094518
951,NA,NA,NA,NA,NA,NA,NA,NA,NA,NA,NA,NA,NA,0.987451849810647,1.02820496183489
952,NA,NA,NA,NA,NA,NA,NA,NA,NA,NA,NA,NA,NA,0.905897560270892,1.06063280112312
953,NA,NA,NA,NA,NA,NA,NA,NA,NA,NA,NA,NA,NA,0.987282522703873,1.2950115466473
954,NA,NA,NA,NA,NA,NA,NA,NA,NA,NA,NA,NA,NA,0.966503209217652,1.31527121516866
955,NA,NA,NA,NA,NA,NA,NA,NA,NA,NA,NA,NA,NA,0.914699837203115,1.15842078233238
956,NA,NA,NA,NA,NA,NA,NA,NA,NA,NA,NA,NA,NA,0.956977112799388,1.18081543526864
957,NA,NA,NA,NA,NA,NA,NA,NA,NA,NA,NA,NA,NA,1.06431576978895,1.12744887191958
958,NA,NA,NA,NA,NA,NA,NA,NA,NA,NA,NA,NA,NA,1.02577614507734,1.15150164223009
959,NA,NA,NA,NA,NA,NA,NA,NA,NA,NA,NA,NA,NA,1.04515229989637,1.01745237969119
960,NA,NA,NA,NA,NA,NA,NA,NA,NA,NA,NA,NA,NA,1.04587255563201,0.73828002076744
961,NA,NA,NA,NA,NA,NA,NA,NA,NA,NA,NA,NA,NA,0.905421736451742,0.881624642496099
962,NA,NA,NA,NA,NA,NA,NA,NA,NA,NA,NA,NA,NA,0.952592047746958,0.914506884251436
963,NA,NA,NA,NA,NA,NA,NA,NA,NA,NA,NA,NA,NA,0.993298997859646,0.965798217194025
964,NA,NA,NA,NA,NA,NA,NA,NA,NA,NA,NA,NA,NA,1.03928557199887,0.993358273615824
965,NA,NA,NA,NA,NA,NA,NA,NA,NA,NA,NA,NA,NA,0.993269560694994,0.828240665284286
966,NA,NA,NA,NA,NA,NA,NA,NA,NA,NA,NA,NA,NA,1.03912338351725,0.892812106989533
967,NA,NA,NA,NA,NA,NA,NA,NA,NA,NA,NA,NA,NA,0.97173930341957,0.728342647879868
968,NA,NA,NA,NA,NA,NA,NA,NA,NA,NA,NA,NA,NA,0.92070098305796,0.847155992258886
969,NA,NA,NA,NA,NA,NA,NA,NA,NA,NA,NA,NA,NA,1.05431732546058,0.906662104546456
970,NA,NA,NA,NA,NA,NA,NA,NA,NA,NA,NA,NA,NA,0.974532525170622,0.966934738481362
971,NA,NA,NA,NA,NA,NA,NA,NA,NA,NA,NA,NA,NA,0.931388807292906,1.15184299375847
972,NA,NA,NA,NA,NA,NA,NA,NA,NA,NA,NA,NA,NA,0.986316020804518,1.09882779286625
973,NA,NA,NA,NA,NA,NA,NA,NA,NA,NA,NA,NA,NA,0.986068039498837,0.982677291973182
974,NA,NA,NA,NA,NA,NA,NA,NA,NA,NA,NA,NA,NA,0.912347664014103,0.94082035600271
975,NA,NA,NA,NA,NA,NA,NA,NA,NA,NA,NA,NA,NA,0.915516528950054,1.00405074906203
976,NA,NA,NA,NA,NA,NA,NA,NA,NA,NA,NA,NA,NA,0.952919078604353,0.907802768920496
977,NA,NA,NA,NA,NA,NA,NA,NA,NA,NA,NA,NA,NA,1.03500160254694,1.0584828158705
978,NA,NA,NA,NA,NA,NA,NA,NA,NA,NA,NA,NA,NA,1.0104449761978,0.991972522416328
979,NA,NA,NA,NA,NA,NA,NA,NA,NA,NA,NA,NA,NA,0.951767947362701,0.864644585180674
980,NA,NA,NA,NA,NA,NA,NA,NA,NA,NA,NA,NA,NA,1.01591835854926,0.928682539964474
981,NA,NA,NA,NA,NA,NA,NA,NA,NA,NA,NA,NA,NA,1.00535004673326,0.908029402046163
982,NA,NA,NA,NA,NA,NA,NA,NA,NA,NA,NA,NA,NA,1.05713750767539,1.04453392672271
983,NA,NA,NA,NA,NA,NA,NA,NA,NA,NA,NA,NA,NA,1.0407605193144,1.0261892281888
984,NA,NA,NA,NA,NA,NA,NA,NA,NA,NA,NA,NA,NA,0.924981867931945,0.798529649940228
985,NA,NA,NA,NA,NA,NA,NA,NA,NA,NA,NA,NA,NA,0.931679080859231,0.683700911923495
986,NA,NA,NA,NA,NA,NA,NA,NA,NA,NA,NA,NA,NA,0.983956287442967,0.937418075099993
987,NA,NA,NA,NA,NA,NA,NA,NA,NA,NA,NA,NA,NA,1.02952168529729,0.939050711806441
988,NA,NA,NA,NA,NA,NA,NA,NA,NA,NA,NA,NA,NA,0.964312114308933,0.85516790271457
989,NA,NA,NA,NA,NA,NA,NA,NA,NA,NA,NA,NA,NA,1.0439673067595,0.973534656184362
990,NA,NA,NA,NA,NA,NA,NA,NA,NA,NA,NA,NA,NA,1.11622418086182,1.17287935208318
991,NA,NA,NA,NA,NA,NA,NA,NA,NA,NA,NA,NA,NA,1.04661446130224,1.17720156924617
992,NA,NA,NA,NA,NA,NA,NA,NA,NA,NA,NA,NA,NA,1.03007068687441,1.14670936840263
993,NA,NA,NA,NA,NA,NA,NA,NA,NA,NA,NA,NA,NA,0.956351362615667,0.845567221247206
994,NA,NA,NA,NA,NA,NA,NA,NA,NA,NA,NA,NA,NA,1.03866465087861,1.14894551076724
995,NA,NA,NA,NA,NA,NA,NA,NA,NA,NA,NA,NA,NA,0.959382335154533,1.02393320128951
996,NA,NA,NA,NA,NA,NA,NA,NA,NA,NA,NA,NA,NA,1.03038061217145,1.05325583963105
997,NA,NA,NA,NA,NA,NA,NA,NA,NA,NA,NA,NA,NA,1.03607699331442,1.1454125547185
998,NA,NA,NA,NA,NA,NA,NA,NA,NA,NA,NA,NA,NA,1.05897043498773,1.20218782529884
999,NA,NA,NA,NA,NA,NA,NA,NA,NA,NA,NA,NA,NA,1.06611281112004,1.16893580616511
1000,NA,NA,NA,NA,NA,NA,NA,NA,NA,NA,NA,NA,NA,1.10704508816901,1.22375645190834
1001,NA,NA,NA,NA,NA,NA,NA,NA,NA,NA,NA,NA,NA,1.06557816989033,1.11397524222329
1002,NA,NA,NA,NA,NA,NA,NA,NA,NA,NA,NA,NA,NA,1.06048530032837,1.05069382777368
1003,NA,NA,NA,NA,NA,NA,NA,NA,NA,NA,NA,NA,NA,1.03504621390196,1.04594445635753
1004,NA,NA,NA,NA,NA,NA,NA,NA,NA,NA,NA,NA,NA,1.02733128713888,1.07504257308563
1005,NA,NA,NA,NA,NA,NA,NA,NA,NA,NA,NA,NA,NA,0.992280055767544,1.0876930812368
1006,NA,NA,NA,NA,NA,NA,NA,NA,NA,NA,NA,NA,NA,0.997987126826832,1.00275598765021
1007,NA,NA,NA,NA,NA,NA,NA,NA,NA,NA,NA,NA,NA,0.971953246875729,1.02435758007088
1008,NA,NA,NA,NA,NA,NA,NA,NA,NA,NA,NA,NA,NA,0.996274110061797,1.03953319389997
1009,NA,NA,NA,NA,NA,NA,NA,NA,NA,NA,NA,NA,NA,0.94922672644403,1.0212484636154
1010,NA,NA,NA,NA,NA,NA,NA,NA,NA,NA,NA,NA,NA,0.986611983895244,1.02614460476859
1011,NA,NA,NA,NA,NA,NA,NA,NA,NA,NA,NA,NA,NA,0.983360667761614,0.831524792189469
1012,NA,NA,NA,NA,NA,NA,NA,NA,NA,NA,NA,NA,NA,0.975439468122854,0.836701188970938
1013,NA,NA,NA,NA,NA,NA,NA,NA,NA,NA,NA,NA,NA,1.01253485393552,0.891823228023932
1014,NA,NA,NA,NA,NA,NA,NA,NA,NA,NA,NA,NA,NA,1.05165699212768,1.22502934049833
1015,NA,NA,NA,NA,NA,NA,NA,NA,NA,NA,NA,NA,NA,1.04005410866272,1.00095568781523
1016,NA,NA,NA,NA,NA,NA,NA,NA,NA,NA,NA,NA,NA,1.03822116942743,1.03856218095909
1017,NA,NA,NA,NA,NA,NA,NA,NA,NA,NA,NA,NA,NA,0.969105378619493,0.855260382591278
1018,NA,NA,NA,NA,NA,NA,NA,NA,NA,NA,NA,NA,NA,1.04433101377486,1.18952184429792
1019,NA,NA,NA,NA,NA,NA,NA,NA,NA,NA,NA,NA,NA,1.06445578247167,1.20666780675628
1020,NA,NA,NA,NA,NA,NA,NA,NA,NA,NA,NA,NA,NA,1.05831972984421,1.28264705501881
1021,NA,NA,NA,NA,NA,NA,NA,NA,NA,NA,NA,NA,NA,0.98936024975427,1.00998695825391
1022,NA,NA,NA,NA,NA,NA,NA,NA,NA,NA,NA,NA,NA,0.941891520347041,0.886043648982444
1023,NA,NA,NA,NA,NA,NA,NA,NA,NA,NA,NA,NA,NA,1.02755171882938,1.04237716001155
1024,NA,NA,NA,NA,NA,NA,NA,NA,NA,NA,NA,NA,NA,1.07252202012469,1.05664373091012
1025,NA,NA,NA,NA,NA,NA,NA,NA,NA,NA,NA,NA,NA,1.0949802259287,1.16566390516523
1026,NA,NA,NA,NA,NA,NA,NA,NA,NA,NA,NA,NA,NA,1.10390884696843,1.24248607132188
1027,NA,NA,NA,NA,NA,NA,NA,NA,NA,NA,NA,NA,NA,1.09307936596914,1.28613954141401
1028,NA,NA,NA,NA,NA,NA,NA,NA,NA,NA,NA,NA,NA,1.04062939739597,1.23639730937987
1029,NA,NA,NA,NA,NA,NA,NA,NA,NA,NA,NA,NA,NA,0.956613731247542,1.04836481586058
1030,NA,NA,NA,NA,NA,NA,NA,NA,NA,NA,NA,NA,NA,0.995492060994014,0.887375245795219
1031,NA,NA,NA,NA,NA,NA,NA,NA,NA,NA,NA,NA,NA,1.00037818783444,0.99093706744126
1032,NA,NA,NA,NA,NA,NA,NA,NA,NA,NA,NA,NA,NA,1.04615377278255,1.08223789754021
1033,NA,NA,NA,NA,NA,NA,NA,NA,NA,NA,NA,NA,NA,1.12263629445567,1.29034371226414
1034,NA,NA,NA,NA,NA,NA,NA,NA,NA,NA,NA,NA,NA,1.06997801812548,1.23251458354607
1035,NA,NA,NA,NA,NA,NA,NA,NA,NA,NA,NA,NA,NA,1.01491747957383,1.06839058900312
1036,NA,NA,NA,NA,NA,NA,NA,NA,NA,NA,NA,NA,NA,1.04791459778326,1.1300126889648
1037,NA,NA,NA,NA,NA,NA,NA,NA,NA,NA,NA,NA,NA,0.986701256398977,1.17051277673646
1038,NA,NA,NA,NA,NA,NA,NA,NA,NA,NA,NA,NA,NA,0.914668497098404,0.927804584688392
1039,NA,NA,NA,NA,NA,NA,NA,NA,NA,NA,NA,NA,NA,0.927825298345293,0.714350551895616
1040,NA,NA,NA,NA,NA,NA,NA,NA,NA,NA,NA,NA,NA,0.986467632521999,0.790777299603996
1041,NA,NA,NA,NA,NA,NA,NA,NA,NA,NA,NA,NA,NA,0.990996571695892,0.749256223758693
1042,NA,NA,NA,NA,NA,NA,NA,NA,NA,NA,NA,NA,NA,0.870701370792825,0.7625171020432
1043,NA,NA,NA,NA,NA,NA,NA,NA,NA,NA,NA,NA,NA,1.01914293380915,1.08148076328334
1044,NA,NA,NA,NA,NA,NA,NA,NA,NA,NA,NA,NA,NA,1.03649785944322,1.09575571072741
1045,NA,NA,NA,NA,NA,NA,NA,NA,NA,NA,NA,NA,NA,1.01776564138375,1.12962200855504
1046,NA,NA,NA,NA,NA,NA,NA,NA,NA,NA,NA,NA,NA,1.03058099883684,1.05587444486682
1047,NA,NA,NA,NA,NA,NA,NA,NA,NA,NA,NA,NA,NA,0.992660888354271,0.895886385049667
1048,NA,NA,NA,NA,NA,NA,NA,NA,NA,NA,NA,NA,NA,1.02685084784659,1.02313019164561
1049,NA,NA,NA,NA,NA,NA,NA,NA,NA,NA,NA,NA,NA,0.980628415055663,0.970455605566792
1050,NA,NA,NA,NA,NA,NA,NA,NA,NA,NA,NA,NA,NA,0.994565568257053,0.819853382225076
1051,NA,NA,NA,NA,NA,NA,NA,NA,NA,NA,NA,NA,NA,1.01391880800449,0.989056881215455
1052,NA,NA,NA,NA,NA,NA,NA,NA,NA,NA,NA,NA,NA,0.987180840498955,0.978946630653768
1053,NA,NA,NA,NA,NA,NA,NA,NA,NA,NA,NA,NA,NA,0.977628956525866,0.872849197356489
1054,NA,NA,NA,NA,NA,NA,NA,NA,NA,NA,NA,NA,NA,1.02065860328738,1.04699124235105
1055,NA,NA,NA,NA,NA,NA,NA,NA,NA,NA,NA,NA,NA,0.996725608687018,1.014318508493
1056,NA,NA,NA,NA,NA,NA,NA,NA,NA,NA,NA,NA,NA,0.998362709283356,0.989887402667871
1057,NA,NA,NA,NA,NA,NA,NA,NA,NA,NA,NA,NA,NA,0.984375053836044,1.0403721297197
1058,NA,NA,NA,NA,NA,NA,NA,NA,NA,NA,NA,NA,NA,0.984430798702633,1.06468084978055
1059,NA,NA,NA,NA,NA,NA,NA,NA,NA,NA,NA,NA,NA,0.97350291548776,0.735159521593758
1060,NA,NA,NA,NA,NA,NA,NA,NA,NA,NA,NA,NA,NA,0.920441652292803,0.87226510601002
1061,NA,NA,NA,NA,NA,NA,NA,NA,NA,NA,NA,NA,NA,1.03618743358459,1.05710974702269
1062,NA,NA,NA,NA,NA,NA,NA,NA,NA,NA,NA,NA,NA,1.0245213868905,1.02075295088128
1063,NA,NA,NA,NA,NA,NA,NA,NA,NA,NA,NA,NA,NA,0.962474667889111,0.966646878215276
1064,NA,NA,NA,NA,NA,NA,NA,NA,NA,NA,NA,NA,NA,0.946624016360994,0.972119375586864
1065,NA,NA,NA,NA,NA,NA,NA,NA,NA,NA,NA,NA,NA,0.936890145222803,1.04890711807244
1066,NA,NA,NA,NA,NA,NA,NA,NA,NA,NA,NA,NA,NA,0.95034812924131,0.860642825321514
1067,NA,NA,NA,NA,NA,NA,NA,NA,NA,NA,NA,NA,NA,0.979542730757436,0.956225185331036
1068,NA,NA,NA,NA,NA,NA,NA,NA,NA,NA,NA,NA,NA,0.939382131128144,0.847267578704894
1069,NA,NA,NA,NA,NA,NA,NA,NA,NA,NA,NA,NA,NA,1.05116777215644,1.06568433031904
1070,NA,NA,NA,NA,NA,NA,NA,NA,NA,NA,NA,NA,NA,1.0545799375917,1.21898944129393
1071,NA,NA,NA,NA,NA,NA,NA,NA,NA,NA,NA,NA,NA,0.935204030242215,1.19904371608067
1072,NA,NA,NA,NA,NA,NA,NA,NA,NA,NA,NA,NA,NA,0.97017729208485,1.12507437533114
1073,NA,NA,NA,NA,NA,NA,NA,NA,NA,NA,NA,NA,NA,0.908712285069432,1.00887798199225
1074,NA,NA,NA,NA,NA,NA,NA,NA,NA,NA,NA,NA,NA,0.87451825718802,0.71022546941368
1075,NA,NA,NA,NA,NA,NA,NA,NA,NA,NA,NA,NA,NA,0.881636579599296,0.786654392301468
1076,NA,NA,NA,NA,NA,NA,NA,NA,NA,NA,NA,NA,NA,0.897354771763206,0.83048533402256
1077,NA,NA,NA,NA,NA,NA,NA,NA,NA,NA,NA,NA,NA,0.929652178820288,0.723839093423996
1078,NA,NA,NA,NA,NA,NA,NA,NA,NA,NA,NA,NA,NA,NA,0.759050267546628
1079,NA,NA,NA,NA,NA,NA,NA,NA,NA,NA,NA,NA,NA,NA,1.04950065239921
1080,NA,NA,NA,NA,NA,NA,NA,NA,NA,NA,NA,NA,NA,NA,0.906900505932316
1081,NA,NA,NA,NA,NA,NA,NA,NA,NA,NA,NA,NA,NA,NA,0.667277084721938
1082,NA,NA,NA,NA,NA,NA,NA,NA,NA,NA,NA,NA,NA,NA,0.804630117888798
1083,NA,NA,NA,NA,NA,NA,NA,NA,NA,NA,NA,NA,NA,NA,0.775900339908475
1084,NA,NA,NA,NA,NA,NA,NA,NA,NA,NA,NA,NA,NA,NA,1.07128848551891
1085,NA,NA,NA,NA,NA,NA,NA,NA,NA,NA,NA,NA,NA,NA,0.925251485058018
1086,NA,NA,NA,NA,NA,NA,NA,NA,NA,NA,NA,NA,NA,NA,1.02902935661279
1087,NA,NA,NA,NA,NA,NA,NA,NA,NA,NA,NA,NA,NA,NA,0.94550126338282
1088,NA,NA,NA,NA,NA,NA,NA,NA,NA,NA,NA,NA,NA,NA,0.817395860826241
1089,NA,NA,NA,NA,NA,NA,NA,NA,NA,NA,NA,NA,NA,NA,0.808273150905527
1090,NA,NA,NA,NA,NA,NA,NA,NA,NA,NA,NA,NA,NA,NA,0.809702492278326
1091,NA,NA,NA,NA,NA,NA,NA,NA,NA,NA,NA,NA,NA,NA,0.782501886347543
1092,NA,NA,NA,NA,NA,NA,NA,NA,NA,NA,NA,NA,NA,NA,0.939864579811006
1093,NA,NA,NA,NA,NA,NA,NA,NA,NA,NA,NA,NA,NA,NA,0.934721037090732
1094,NA,NA,NA,NA,NA,NA,NA,NA,NA,NA,NA,NA,NA,NA,0.958558446332251
1095,NA,NA,NA,NA,NA,NA,NA,NA,NA,NA,NA,NA,NA,NA,0.926424063633701
1096,NA,NA,NA,NA,NA,NA,NA,NA,NA,NA,NA,NA,NA,NA,1.00453052254855
1097,NA,NA,NA,NA,NA,NA,NA,NA,NA,NA,NA,NA,NA,NA,1.12265982764677
1098,NA,NA,NA,NA,NA,NA,NA,NA,NA,NA,NA,NA,NA,NA,0.989553808979182
1099,NA,NA,NA,NA,NA,NA,NA,NA,NA,NA,NA,NA,NA,NA,1.06569168048485
1100,NA,NA,NA,NA,NA,NA,NA,NA,NA,NA,NA,NA,NA,NA,1.12071503449904
1101,NA,NA,NA,NA,NA,NA,NA,NA,NA,NA,NA,NA,NA,NA,1.15467818858328
1102,NA,NA,NA,NA,NA,NA,NA,NA,NA,NA,NA,NA,NA,NA,1.04001101636657
1103,NA,NA,NA,NA,NA,NA,NA,NA,NA,NA,NA,NA,NA,NA,1.0064079824078
1104,NA,NA,NA,NA,NA,NA,NA,NA,NA,NA,NA,NA,NA,NA,1.12221546506416
1105,NA,NA,NA,NA,NA,NA,NA,NA,NA,NA,NA,NA,NA,NA,1.07012377005945
1106,NA,NA,NA,NA,NA,NA,NA,NA,NA,NA,NA,NA,NA,NA,0.912731385788786
1107,NA,NA,NA,NA,NA,NA,NA,NA,NA,NA,NA,NA,NA,NA,1.02297321398189
1108,NA,NA,NA,NA,NA,NA,NA,NA,NA,NA,NA,NA,NA,NA,1.09506655841326
1109,NA,NA,NA,NA,NA,NA,NA,NA,NA,NA,NA,NA,NA,NA,1.16995396250162
1110,NA,NA,NA,NA,NA,NA,NA,NA,NA,NA,NA,NA,NA,NA,0.8055640706832
1111,NA,NA,NA,NA,NA,NA,NA,NA,NA,NA,NA,NA,NA,NA,1.03946304636815
1112,NA,NA,NA,NA,NA,NA,NA,NA,NA,NA,NA,NA,NA,NA,1.19352987457028
1113,NA,NA,NA,NA,NA,NA,NA,NA,NA,NA,NA,NA,NA,NA,1.23231007604208
1114,NA,NA,NA,NA,NA,NA,NA,NA,NA,NA,NA,NA,NA,NA,1.22039969556013
1115,NA,NA,NA,NA,NA,NA,NA,NA,NA,NA,NA,NA,NA,NA,0.990594041252268
1116,NA,NA,NA,NA,NA,NA,NA,NA,NA,NA,NA,NA,NA,NA,1.02773757298852
1117,NA,NA,NA,NA,NA,NA,NA,NA,NA,NA,NA,NA,NA,NA,1.16950235845153
1118,NA,NA,NA,NA,NA,NA,NA,NA,NA,NA,NA,NA,NA,NA,1.1183582489026
1119,NA,NA,NA,NA,NA,NA,NA,NA,NA,NA,NA,NA,NA,NA,0.950028332341313
1120,NA,NA,NA,NA,NA,NA,NA,NA,NA,NA,NA,NA,NA,NA,0.94207810397377
1121,NA,NA,NA,NA,NA,NA,NA,NA,NA,NA,NA,NA,NA,NA,0.897396229328748
1122,NA,NA,NA,NA,NA,NA,NA,NA,NA,NA,NA,NA,NA,NA,1.07154206944476
1123,NA,NA,NA,NA,NA,NA,NA,NA,NA,NA,NA,NA,NA,NA,0.974534005393946
1124,NA,NA,NA,NA,NA,NA,NA,NA,NA,NA,NA,NA,NA,NA,0.847091259092323
1125,NA,NA,NA,NA,NA,NA,NA,NA,NA,NA,NA,NA,NA,NA,0.890113095439383
1126,NA,NA,NA,NA,NA,NA,NA,NA,NA,NA,NA,NA,NA,NA,1.0311695376152
1127,NA,NA,NA,NA,NA,NA,NA,NA,NA,NA,NA,NA,NA,NA,1.05892919012868
1128,NA,NA,NA,NA,NA,NA,NA,NA,NA,NA,NA,NA,NA,NA,0.93241840571852
1129,NA,NA,NA,NA,NA,NA,NA,NA,NA,NA,NA,NA,NA,NA,1.03868922983568
1130,NA,NA,NA,NA,NA,NA,NA,NA,NA,NA,NA,NA,NA,NA,0.985837744960021
1131,NA,NA,NA,NA,NA,NA,NA,NA,NA,NA,NA,NA,NA,NA,1.11221156728902
1132,NA,NA,NA,NA,NA,NA,NA,NA,NA,NA,NA,NA,NA,NA,1.19389990478325
1133,NA,NA,NA,NA,NA,NA,NA,NA,NA,NA,NA,NA,NA,NA,1.15702356804972
1134,NA,NA,NA,NA,NA,NA,NA,NA,NA,NA,NA,NA,NA,NA,1.12617081237175
1135,NA,NA,NA,NA,NA,NA,NA,NA,NA,NA,NA,NA,NA,NA,1.39139291897361
1136,NA,NA,NA,NA,NA,NA,NA,NA,NA,NA,NA,NA,NA,NA,1.22444437191451
1137,NA,NA,NA,NA,NA,NA,NA,NA,NA,NA,NA,NA,NA,NA,1.19788271457329
1138,NA,NA,NA,NA,NA,NA,NA,NA,NA,NA,NA,NA,NA,NA,1.31663269255821
1139,NA,NA,NA,NA,NA,NA,NA,NA,NA,NA,NA,NA,NA,NA,1.03468703119853
1140,NA,NA,NA,NA,NA,NA,NA,NA,NA,NA,NA,NA,NA,NA,1.16375532092464
1141,NA,NA,NA,NA,NA,NA,NA,NA,NA,NA,NA,NA,NA,NA,1.20134752777935
1142,NA,NA,NA,NA,NA,NA,NA,NA,NA,NA,NA,NA,NA,NA,1.16821923988735
1143,NA,NA,NA,NA,NA,NA,NA,NA,NA,NA,NA,NA,NA,NA,1.16147406816616
1144,NA,NA,NA,NA,NA,NA,NA,NA,NA,NA,NA,NA,NA,NA,0.81192932627109
1145,NA,NA,NA,NA,NA,NA,NA,NA,NA,NA,NA,NA,NA,NA,0.988194467423879
1146,NA,NA,NA,NA,NA,NA,NA,NA,NA,NA,NA,NA,NA,NA,0.911159711483135
1147,NA,NA,NA,NA,NA,NA,NA,NA,NA,NA,NA,NA,NA,NA,1.08827836018747
1148,NA,NA,NA,NA,NA,NA,NA,NA,NA,NA,NA,NA,NA,NA,0.937199164020889
1149,NA,NA,NA,NA,NA,NA,NA,NA,NA,NA,NA,NA,NA,NA,1.22698509801656
1150,NA,NA,NA,NA,NA,NA,NA,NA,NA,NA,NA,NA,NA,NA,0.886998810433342
1151,NA,NA,NA,NA,NA,NA,NA,NA,NA,NA,NA,NA,NA,NA,0.885424315067252
1152,NA,NA,NA,NA,NA,NA,NA,NA,NA,NA,NA,NA,NA,NA,0.95229101428658
1153,NA,NA,NA,NA,NA,NA,NA,NA,NA,NA,NA,NA,NA,NA,0.954403546320549
1154,NA,NA,NA,NA,NA,NA,NA,NA,NA,NA,NA,NA,NA,NA,0.997313087726913
1155,NA,NA,NA,NA,NA,NA,NA,NA,NA,NA,NA,NA,NA,NA,0.879040277430587
1156,NA,NA,NA,NA,NA,NA,NA,NA,NA,NA,NA,NA,NA,NA,0.951851517980599
1157,NA,NA,NA,NA,NA,NA,NA,NA,NA,NA,NA,NA,NA,NA,1.0260290316488
1158,NA,NA,NA,NA,NA,NA,NA,NA,NA,NA,NA,NA,NA,NA,1.00575922926765
1159,NA,NA,NA,NA,NA,NA,NA,NA,NA,NA,NA,NA,NA,NA,1.16045939663589
1160,NA,NA,NA,NA,NA,NA,NA,NA,NA,NA,NA,NA,NA,NA,0.961613740862552
1161,NA,NA,NA,NA,NA,NA,NA,NA,NA,NA,NA,NA,NA,NA,1.05802918108156
1162,NA,NA,NA,NA,NA,NA,NA,NA,NA,NA,NA,NA,NA,NA,1.2551767670492
1163,NA,NA,NA,NA,NA,NA,NA,NA,NA,NA,NA,NA,NA,NA,0.990093499759439
1164,NA,NA,NA,NA,NA,NA,NA,NA,NA,NA,NA,NA,NA,NA,0.797996399170596
1165,NA,NA,NA,NA,NA,NA,NA,NA,NA,NA,NA,NA,NA,NA,0.982485455029872
1166,NA,NA,NA,NA,NA,NA,NA,NA,NA,NA,NA,NA,NA,NA,1.04423570027009
1167,NA,NA,NA,NA,NA,NA,NA,NA,NA,NA,NA,NA,NA,NA,1.0115654938564
1168,NA,NA,NA,NA,NA,NA,NA,NA,NA,NA,NA,NA,NA,NA,1.09472159588295
1169,NA,NA,NA,NA,NA,NA,NA,NA,NA,NA,NA,NA,NA,NA,0.911749290057646
1170,NA,NA,NA,NA,NA,NA,NA,NA,NA,NA,NA,NA,NA,NA,1.05087784379364
1171,NA,NA,NA,NA,NA,NA,NA,NA,NA,NA,NA,NA,NA,NA,1.06294911878621
1172,NA,NA,NA,NA,NA,NA,NA,NA,NA,NA,NA,NA,NA,NA,1.13239516071181
1173,NA,NA,NA,NA,NA,NA,NA,NA,NA,NA,NA,NA,NA,NA,0.96057341930909
1174,NA,NA,NA,NA,NA,NA,NA,NA,NA,NA,NA,NA,NA,NA,0.947470218900644
1175,NA,NA,NA,NA,NA,NA,NA,NA,NA,NA,NA,NA,NA,NA,0.840785686211423
1176,NA,NA,NA,NA,NA,NA,NA,NA,NA,NA,NA,NA,NA,NA,0.768228235326339
1177,NA,NA,NA,NA,NA,NA,NA,NA,NA,NA,NA,NA,NA,NA,0.836772076914078
1178,NA,NA,NA,NA,NA,NA,NA,NA,NA,NA,NA,NA,NA,NA,0.833242454151791
1179,NA,NA,NA,NA,NA,NA,NA,NA,NA,NA,NA,NA,NA,NA,0.962202037919644
1180,NA,NA,NA,NA,NA,NA,NA,NA,NA,NA,NA,NA,NA,NA,1.05741248782567
1181,NA,NA,NA,NA,NA,NA,NA,NA,NA,NA,NA,NA,NA,NA,0.917452052052497
1182,NA,NA,NA,NA,NA,NA,NA,NA,NA,NA,NA,NA,NA,NA,0.875718959479875
1183,NA,NA,NA,NA,NA,NA,NA,NA,NA,NA,NA,NA,NA,NA,1.04323969369697
1184,NA,NA,NA,NA,NA,NA,NA,NA,NA,NA,NA,NA,NA,NA,0.981482560693174
1185,NA,NA,NA,NA,NA,NA,NA,NA,NA,NA,NA,NA,NA,NA,0.986001447933577
1186,NA,NA,NA,NA,NA,NA,NA,NA,NA,NA,NA,NA,NA,NA,0.862459617722554
1187,NA,NA,NA,NA,NA,NA,NA,NA,NA,NA,NA,NA,NA,NA,0.892797402647335
1188,NA,NA,NA,NA,NA,NA,NA,NA,NA,NA,NA,NA,NA,NA,0.784963248589105
1189,NA,NA,NA,NA,NA,NA,NA,NA,NA,NA,NA,NA,NA,NA,0.602971690214258
1190,NA,NA,NA,NA,NA,NA,NA,NA,NA,NA,NA,NA,NA,NA,0.757002352005388
1191,NA,NA,NA,NA,NA,NA,NA,NA,NA,NA,NA,NA,NA,NA,0.933623335090224
1192,NA,NA,NA,NA,NA,NA,NA,NA,NA,NA,NA,NA,NA,NA,0.916313781439488
1193,NA,NA,NA,NA,NA,NA,NA,NA,NA,NA,NA,NA,NA,NA,1.04565445231108
1194,NA,NA,NA,NA,NA,NA,NA,NA,NA,NA,NA,NA,NA,NA,0.975087376953023
1195,NA,NA,NA,NA,NA,NA,NA,NA,NA,NA,NA,NA,NA,NA,0.497695445935408
1196,NA,NA,NA,NA,NA,NA,NA,NA,NA,NA,NA,NA,NA,NA,0.993740210218906
1197,NA,NA,NA,NA,NA,NA,NA,NA,NA,NA,NA,NA,NA,NA,0.797291566173508
1198,NA,NA,NA,NA,NA,NA,NA,NA,NA,NA,NA,NA,NA,NA,0.779199371122699
1199,NA,NA,NA,NA,NA,NA,NA,NA,NA,NA,NA,NA,NA,NA,1.01071298103538
1200,NA,NA,NA,NA,NA,NA,NA,NA,NA,NA,NA,NA,NA,NA,0.979753428857725
1201,NA,NA,NA,NA,NA,NA,NA,NA,NA,NA,NA,NA,NA,NA,1.24652074551433
1202,NA,NA,NA,NA,NA,NA,NA,NA,NA,NA,NA,NA,NA,NA,0.848066818854684
1203,NA,NA,NA,NA,NA,NA,NA,NA,NA,NA,NA,NA,NA,NA,1.02276421026637
1204,NA,NA,NA,NA,NA,NA,NA,NA,NA,NA,NA,NA,NA,NA,1.14078489236655
1205,NA,NA,NA,NA,NA,NA,NA,NA,NA,NA,NA,NA,NA,NA,1.15144704452677
1206,NA,NA,NA,NA,NA,NA,NA,NA,NA,NA,NA,NA,NA,NA,1.0165397543146
1207,NA,NA,NA,NA,NA,NA,NA,NA,NA,NA,NA,NA,NA,NA,0.906738906712817
1208,NA,NA,NA,NA,NA,NA,NA,NA,NA,NA,NA,NA,NA,NA,0.883230229961383
1209,NA,NA,NA,NA,NA,NA,NA,NA,NA,NA,NA,NA,NA,NA,1.1530852873408
1210,NA,NA,NA,NA,NA,NA,NA,NA,NA,NA,NA,NA,NA,NA,1.10877204214564
1211,NA,NA,NA,NA,NA,NA,NA,NA,NA,NA,NA,NA,NA,NA,1.03650721716635
1212,NA,NA,NA,NA,NA,NA,NA,NA,NA,NA,NA,NA,NA,NA,0.93866500765748
1213,NA,NA,NA,NA,NA,NA,NA,NA,NA,NA,NA,NA,NA,NA,1.11913113779904
1214,NA,NA,NA,NA,NA,NA,NA,NA,NA,NA,NA,NA,NA,NA,1.02914074793702
1215,NA,NA,NA,NA,NA,NA,NA,NA,NA,NA,NA,NA,NA,NA,0.920829501881766
1216,NA,NA,NA,NA,NA,NA,NA,NA,NA,NA,NA,NA,NA,NA,1.06739172792037
1217,NA,NA,NA,NA,NA,NA,NA,NA,NA,NA,NA,NA,NA,NA,1.19867777060467
1218,NA,NA,NA,NA,NA,NA,NA,NA,NA,NA,NA,NA,NA,NA,1.08366164169185
1219,NA,NA,NA,NA,NA,NA,NA,NA,NA,NA,NA,NA,NA,NA,1.18616948884626
1220,NA,NA,NA,NA,NA,NA,NA,NA,NA,NA,NA,NA,NA,NA,1.149815780011
1221,NA,NA,NA,NA,NA,NA,NA,NA,NA,NA,NA,NA,NA,NA,1.26084445024797
1222,NA,NA,NA,NA,NA,NA,NA,NA,NA,NA,NA,NA,NA,NA,0.93684393094419
1223,NA,NA,NA,NA,NA,NA,NA,NA,NA,NA,NA,NA,NA,NA,0.999437381764364
1224,NA,NA,NA,NA,NA,NA,NA,NA,NA,NA,NA,NA,NA,NA,0.982666436817773
1225,NA,NA,NA,NA,NA,NA,NA,NA,NA,NA,NA,NA,NA,NA,0.966653119011115
1226,NA,NA,NA,NA,NA,NA,NA,NA,NA,NA,NA,NA,NA,NA,0.919287565884733
1227,NA,NA,NA,NA,NA,NA,NA,NA,NA,NA,NA,NA,NA,NA,1.00206420792386
1228,NA,NA,NA,NA,NA,NA,NA,NA,NA,NA,NA,NA,NA,NA,0.923948387071556
1229,NA,NA,NA,NA,NA,NA,NA,NA,NA,NA,NA,NA,NA,NA,0.857773470986051
1230,NA,NA,NA,NA,NA,NA,NA,NA,NA,NA,NA,NA,NA,NA,0.894715757432705
1231,NA,NA,NA,NA,NA,NA,NA,NA,NA,NA,NA,NA,NA,NA,0.943655937903559
1232,NA,NA,NA,NA,NA,NA,NA,NA,NA,NA,NA,NA,NA,NA,0.97456803551756
1233,NA,NA,NA,NA,NA,NA,NA,NA,NA,NA,NA,NA,NA,NA,1.21647538265977
1234,NA,NA,NA,NA,NA,NA,NA,NA,NA,NA,NA,NA,NA,NA,1.13066834082487
1235,NA,NA,NA,NA,NA,NA,NA,NA,NA,NA,NA,NA,NA,NA,1.07017457244583
1236,NA,NA,NA,NA,NA,NA,NA,NA,NA,NA,NA,NA,NA,NA,1.02339300403752
1237,NA,NA,NA,NA,NA,NA,NA,NA,NA,NA,NA,NA,NA,NA,1.18284817827392
1238,NA,NA,NA,NA,NA,NA,NA,NA,NA,NA,NA,NA,NA,NA,0.958480065383376
1239,NA,NA,NA,NA,1.20652210007084,NA,NA,NA,NA,NA,NA,NA,NA,NA,1.1081680516523
1240,NA,NA,NA,NA,1.17808059195384,NA,NA,NA,NA,NA,NA,NA,NA,NA,1.03111472794845
1241,NA,NA,NA,NA,1.02611227094647,NA,NA,NA,NA,NA,NA,NA,NA,NA,0.96544566687381
1242,NA,NA,NA,NA,1.14768499859323,NA,NA,NA,NA,NA,NA,NA,NA,NA,0.966388227894219
1243,NA,NA,NA,NA,0.978316597261534,NA,NA,NA,NA,NA,NA,NA,NA,NA,0.961769968155705
1244,NA,NA,NA,NA,0.893399882943776,NA,NA,NA,NA,NA,NA,NA,NA,NA,1.03886847792626
1245,NA,NA,NA,NA,0.958936081546137,0.784654042117838,NA,NA,NA,NA,NA,NA,NA,NA,1.12456115677864
1246,NA,NA,NA,NA,0.914927607440935,0.920279374184069,NA,NA,NA,NA,NA,NA,NA,NA,1.10460612923315
1247,NA,NA,NA,NA,0.981645985651798,1.01367849445748,NA,NA,NA,NA,NA,NA,NA,NA,1.162963866954
1248,NA,NA,NA,NA,0.787815135776622,0.954131866065264,NA,NA,NA,NA,NA,NA,NA,NA,1.11350308528637
1249,NA,NA,NA,NA,0.948306560261463,1.08999398641537,NA,NA,NA,NA,NA,NA,NA,NA,0.979948850853308
1250,NA,NA,NA,NA,1.03004927488158,1.30254758175484,NA,NA,NA,NA,NA,NA,NA,NA,1.1123232599022
1251,NA,NA,NA,NA,1.19844342994209,1.4172965890642,NA,NA,NA,NA,NA,NA,NA,NA,1.21200520692762
1252,NA,NA,NA,NA,1.15144310132933,1.26377096509018,NA,NA,NA,NA,NA,NA,NA,NA,1.00851854941313
1253,NA,NA,NA,NA,1.10229502012652,1.29620958714795,NA,NA,NA,NA,NA,NA,NA,NA,1.27027815850091
1254,NA,NA,NA,NA,0.859368663159619,1.00052612709944,NA,NA,NA,NA,NA,NA,NA,NA,1.1064635475141
1255,NA,NA,NA,NA,0.948676713090375,0.922497828550313,NA,NA,NA,NA,NA,NA,NA,NA,0.89943245825972
1256,NA,NA,NA,NA,0.824796226224176,0.834983344516673,NA,NA,NA,NA,NA,NA,NA,NA,0.75927113583928
1257,NA,NA,NA,NA,1.02988181443015,1.12969608716885,NA,NA,NA,NA,NA,NA,NA,NA,0.923284447890319
1258,NA,NA,NA,NA,0.924368545678913,0.937550971362288,NA,NA,NA,NA,NA,NA,NA,NA,0.880744108831523
1259,NA,NA,NA,NA,0.936593229169692,0.916661856937456,NA,NA,NA,NA,NA,NA,NA,NA,0.873165934573683
1260,NA,NA,NA,NA,0.848632683987586,0.930536152568384,NA,NA,NA,NA,NA,NA,NA,NA,0.942828567135171
1261,NA,NA,NA,NA,0.850723816001452,0.789010025201964,NA,NA,NA,NA,NA,NA,NA,NA,0.881661393154378
1262,NA,NA,NA,NA,0.985230127271642,0.874386973395322,NA,NA,NA,NA,NA,NA,NA,NA,0.825658007983217
1263,NA,NA,NA,NA,1.02329490166034,0.942567567711967,NA,NA,NA,NA,NA,NA,NA,NA,0.610402660318417
1264,NA,NA,NA,NA,1.09877476621299,1.11925055917965,NA,NA,NA,NA,NA,NA,NA,NA,0.875751136389766
1265,NA,NA,NA,NA,1.11299281298637,1.21214489011743,NA,NA,NA,NA,NA,NA,NA,NA,1.10562331073764
1266,NA,NA,NA,NA,0.930951356455216,1.02422091884375,NA,NA,NA,NA,NA,NA,NA,NA,1.00753627750449
1267,NA,NA,NA,NA,1.06884245664819,0.998465223956025,NA,NA,NA,NA,NA,NA,NA,NA,0.906835577649955
1268,NA,NA,NA,NA,0.987723037122433,1.02064505361933,NA,NA,NA,NA,NA,NA,NA,NA,1.10055125954755
1269,NA,NA,NA,NA,1.0197842826759,1.05942212140641,NA,NA,NA,NA,NA,NA,NA,NA,0.977954912466637
1270,NA,NA,NA,NA,1.02071373717484,0.996687710862201,NA,NA,NA,NA,NA,NA,NA,NA,0.987584806075625
1271,NA,NA,NA,NA,1.12463385405074,1.12084305443605,NA,NA,NA,NA,NA,NA,NA,NA,0.978419570865591
1272,NA,NA,NA,NA,1.03955333262018,1.08399708905436,NA,NA,NA,NA,NA,NA,NA,NA,1.01899823262062
1273,NA,NA,NA,NA,1.11177498516601,1.27124306809369,NA,NA,NA,NA,NA,NA,NA,NA,1.06630761877333
1274,NA,NA,NA,NA,0.956934095616927,1.02844494417787,NA,NA,NA,NA,NA,NA,NA,NA,0.975421859333736
1275,NA,NA,NA,NA,0.982206982019314,1.06809896949003,NA,NA,NA,NA,NA,NA,NA,NA,1.09104789103261
1276,NA,NA,NA,NA,1.03469692060878,1.04176176346962,NA,NA,NA,NA,NA,NA,NA,NA,0.937517129512548
1277,NA,NA,NA,NA,0.965631158333568,1.08129760701902,NA,NA,NA,NA,NA,NA,NA,NA,1.08446505373611
1278,NA,NA,NA,NA,1.09505006051171,0.863562713509973,NA,NA,NA,NA,NA,NA,NA,NA,0.996826902380739
1279,NA,NA,NA,NA,1.02681858784372,0.712879494374655,NA,NA,NA,NA,NA,NA,NA,NA,0.890495369764578
1280,NA,NA,NA,NA,0.857158968768803,0.528841666033615,NA,NA,NA,NA,NA,NA,NA,NA,0.928345931886366
1281,NA,NA,NA,NA,0.839402959711847,0.669959444831342,NA,NA,NA,NA,NA,NA,NA,NA,0.79311338938155
1282,NA,NA,NA,NA,0.91469233711214,0.702963974236635,NA,NA,NA,NA,0.915484472083956,NA,NA,NA,0.898330891515639
1283,NA,NA,NA,NA,0.94354738321952,0.826153944741774,NA,NA,NA,NA,0.918227892296148,NA,NA,NA,0.984106181093963
1284,NA,NA,NA,NA,1.02535693510668,0.916320960359637,NA,NA,NA,NA,0.986248769568673,NA,NA,NA,0.991023155477077
1285,NA,NA,NA,NA,1.27505378779113,1.02396044460872,NA,NA,NA,NA,1.09684675649514,NA,NA,NA,0.874420593771635
1286,NA,NA,NA,NA,1.15333900597045,0.938268844600211,NA,NA,NA,NA,1.00142143291761,NA,NA,NA,1.00617928718789
1287,NA,NA,NA,NA,1.07293545947013,0.778955931140708,NA,NA,NA,NA,0.90865021585469,NA,NA,NA,0.876152611173831
1288,NA,NA,NA,NA,1.01213492386191,0.860903061986979,NA,NA,NA,NA,1.00270578176189,NA,NA,NA,1.00817383048652
1289,NA,NA,NA,NA,1.06048816633785,0.825367831897539,NA,NA,NA,NA,0.910549471921936,NA,NA,NA,0.941544682536365
1290,NA,NA,NA,NA,0.872490471606825,0.854239126596376,NA,NA,NA,NA,0.828327918146785,NA,NA,NA,0.900230814576686
1291,NA,NA,NA,NA,0.833119350652289,0.843747498161947,NA,NA,NA,NA,0.816876065840037,NA,NA,NA,1.01986556620717
1292,NA,NA,NA,NA,1.02616320500276,0.982644742764907,NA,NA,NA,NA,0.917360813007565,NA,NA,NA,1.1207569484311
1293,NA,NA,NA,NA,0.909080837241673,0.860866902848538,NA,NA,NA,NA,0.893543022476487,NA,NA,NA,0.819346008698468
1294,NA,NA,NA,NA,0.936107913449169,0.986669342250187,NA,NA,NA,NA,1.00245110051266,NA,NA,NA,1.14616150656757
1295,NA,NA,NA,NA,1.05990834503782,0.988215452166531,NA,NA,NA,NA,0.944588365886839,NA,NA,NA,1.12535091637676
1296,NA,NA,NA,NA,0.97340632297966,0.864939250848154,NA,NA,NA,NA,1.02605137749297,NA,NA,NA,NA
1297,NA,NA,NA,NA,0.956682830304985,0.865812892315017,NA,NA,NA,NA,1.10580064140578,NA,NA,NA,NA
1298,NA,NA,NA,NA,0.977765498759489,1.08363377214186,NA,NA,NA,NA,1.03185866272462,NA,NA,NA,NA
1299,NA,NA,NA,NA,0.859024283698859,0.930816661802225,NA,NA,NA,NA,0.929173437935063,NA,NA,NA,NA
1300,NA,NA,NA,NA,0.823234305150066,0.813655978018466,NA,NA,NA,NA,0.856907910766976,NA,NA,NA,NA
1301,NA,NA,NA,NA,0.903703540917908,1.02762073928299,NA,NA,NA,NA,0.891446903142885,NA,NA,NA,NA
1302,NA,NA,NA,NA,0.953408004536256,0.980259139286226,NA,NA,NA,NA,0.86348328963117,NA,NA,NA,NA
1303,NA,NA,NA,NA,0.965806292111042,1.0274382366838,NA,NA,NA,NA,0.812179728271874,NA,NA,NA,NA
1304,NA,NA,NA,NA,1.12853815447487,1.29448552622024,NA,NA,NA,NA,1.10894542615114,NA,NA,NA,NA
1305,NA,NA,NA,NA,1.05720852618075,1.0266908446062,NA,NA,NA,NA,1.05924346653364,NA,NA,NA,NA
1306,NA,NA,NA,NA,1.21989326681376,1.17035025342456,NA,NA,NA,NA,1.19109949273805,NA,NA,NA,NA
1307,NA,NA,NA,NA,1.11888708521836,1.01380248702185,NA,NA,NA,NA,1.16199859086905,NA,NA,NA,NA
1308,NA,NA,NA,NA,1.21683805951553,1.32085336208196,NA,NA,NA,NA,1.2038014092179,NA,NA,NA,NA
1309,NA,NA,NA,NA,1.08947967848126,1.27050151142866,NA,NA,NA,NA,1.06551887787528,NA,NA,NA,NA
1310,NA,NA,NA,NA,1.0924838756581,1.05729912468572,NA,NA,NA,NA,0.957357498189387,NA,NA,NA,NA
1311,NA,NA,NA,NA,1.1195758586118,1.27802873157096,NA,NA,NA,NA,1.11401829007156,NA,NA,NA,NA
1312,NA,NA,NA,NA,0.836058118969434,0.766822344734737,NA,NA,NA,NA,1.05739513653583,NA,NA,NA,NA
1313,NA,NA,NA,NA,0.80152311661763,0.64651561691234,NA,NA,NA,NA,0.870467555118495,NA,NA,NA,NA
1314,NA,NA,NA,NA,0.754437738783825,0.73650894721938,NA,NA,NA,NA,0.940770461953412,NA,NA,NA,NA
1315,NA,NA,NA,NA,0.997893199027702,1.09583344843948,NA,NA,NA,NA,1.09275240766294,NA,NA,NA,NA
1316,NA,NA,NA,NA,1.06311200548826,1.0612818077754,NA,NA,NA,NA,1.04579567848588,NA,NA,NA,NA
1317,NA,NA,NA,NA,0.882027680593205,0.789845800934308,NA,NA,NA,NA,0.962171848854477,NA,NA,NA,NA
1318,NA,NA,NA,NA,1.02633310374449,0.95459451540399,NA,NA,NA,NA,0.996208305262734,NA,NA,NA,NA
1319,NA,NA,NA,NA,1.03407885607406,1.00026563665736,NA,NA,NA,NA,0.966065708807366,NA,NA,NA,NA
1320,NA,NA,NA,NA,1.05145473142069,0.98724788469366,NA,NA,NA,NA,0.988902041240742,NA,NA,NA,NA
1321,NA,NA,NA,NA,1.04462908731363,1.08681759622412,NA,NA,NA,NA,1.10457212371834,NA,NA,NA,NA
1322,NA,NA,NA,NA,1.00139578073126,1.00737952001339,NA,NA,NA,NA,1.08531242154642,NA,NA,NA,NA
1323,NA,NA,NA,NA,1.01469883354965,1.00588065311477,NA,NA,NA,NA,1.03134232618269,NA,NA,NA,NA
1324,NA,NA,NA,NA,0.871169960517271,0.754455715286776,NA,NA,NA,NA,0.964347155862002,NA,NA,NA,NA
1325,NA,NA,NA,NA,0.981674376623169,0.920948573401394,NA,NA,NA,NA,0.999266523218969,NA,NA,NA,NA
1326,NA,NA,NA,NA,0.94869968494296,0.819369135763649,NA,NA,NA,NA,0.976924284867682,NA,NA,NA,NA
1327,NA,NA,NA,NA,1.12672034700377,1.29825494186968,NA,NA,NA,NA,1.15601704358266,NA,NA,NA,NA
1328,NA,NA,NA,NA,1.07871786085957,1.08616648684615,NA,NA,NA,NA,1.05233584648905,NA,NA,NA,NA
1329,NA,NA,NA,NA,1.19142752168709,1.29435695741654,NA,NA,NA,NA,1.06558013498042,NA,NA,NA,NA
1330,NA,NA,NA,NA,1.24456405567059,1.32967275875481,NA,NA,NA,NA,1.1382514956487,NA,NA,NA,NA
1331,NA,NA,NA,NA,1.22490382641548,1.3277148050471,NA,NA,NA,NA,1.10280518178669,NA,NA,NA,NA
1332,NA,NA,NA,NA,1.11333382523381,1.12161609196092,NA,NA,NA,NA,1.05302871455448,NA,NA,NA,NA
1333,NA,NA,NA,NA,0.836627632415773,0.716633180615904,NA,NA,NA,NA,1.08832474418721,NA,NA,NA,NA
1334,NA,NA,NA,NA,1.11859819600005,1.07667464016465,NA,NA,NA,NA,1.20246334778279,NA,NA,NA,NA
1335,NA,NA,NA,NA,1.12587615918027,1.15747447377115,NA,NA,NA,NA,1.17637985638731,NA,NA,NA,NA
1336,NA,NA,NA,NA,1.1237178276186,1.13572638502542,NA,NA,NA,NA,1.05853579128291,NA,NA,NA,NA
1337,NA,NA,NA,NA,0.986616045856595,0.996652735517083,NA,NA,NA,NA,1.05845989047426,NA,NA,NA,NA
1338,NA,NA,NA,NA,0.969926369188712,1.02816208768749,NA,NA,NA,NA,1.12074431616696,NA,NA,NA,NA
1339,NA,NA,NA,NA,1.00310586054226,0.960493517674861,NA,NA,NA,NA,1.2141259522431,NA,NA,NA,NA
1340,NA,NA,NA,NA,1.01122772678606,1.17948662418052,NA,NA,NA,NA,1.16193944685342,NA,NA,NA,NA
1341,NA,NA,NA,NA,0.969582671321787,1.04567746961325,NA,NA,NA,NA,0.970554104682188,NA,NA,NA,NA
1342,NA,NA,NA,NA,0.978046498256313,0.814050721910287,NA,NA,NA,NA,0.886212683183702,1.03776403962854,1.06593026467721,NA,NA
1343,NA,NA,NA,NA,0.917971629102121,0.910007551719478,NA,NA,NA,NA,0.881596137215139,0.998673249346944,1.01870756714807,NA,NA
1344,NA,NA,NA,NA,0.772341616229938,0.849385065678062,NA,NA,NA,NA,0.902673009419084,1.00361668289566,0.997381395898957,NA,NA
1345,NA,NA,NA,NA,0.91406484342664,0.942437004792876,NA,NA,NA,NA,0.987482622141525,0.987339687107495,0.959584288758316,NA,NA
1346,NA,NA,NA,NA,0.884659677633524,0.996929110410107,NA,NA,NA,NA,0.979318879168676,0.940862335734282,0.891167800672299,NA,NA
1347,NA,NA,NA,NA,0.9395247579256,0.917681449674114,NA,NA,NA,NA,0.885242098191536,0.945311000383683,0.909500959295634,NA,NA
1348,NA,NA,NA,NA,0.926581771103994,0.994959694572083,NA,NA,NA,NA,0.889331573369271,0.934843215179977,0.911191425971645,NA,NA
1349,NA,NA,NA,NA,1.12323714329969,1.27150804135035,NA,NA,NA,NA,0.972289097262632,1.05220891469385,1.12185904737093,NA,NA
1350,NA,NA,NA,NA,1.1502176941284,1.42799971211765,NA,NA,NA,NA,0.94684349626493,1.00504158930616,1.07011408086448,NA,NA
1351,NA,NA,NA,NA,1.1372384294395,1.36707068416806,NA,NA,NA,NA,1.15386462734882,0.995031370482628,1.03415192346536,NA,NA
1352,NA,NA,NA,NA,1.19676237866894,1.35731172102678,NA,NA,NA,NA,1.14584783319046,0.999253092001732,1.02927272331131,NA,NA
1353,NA,NA,NA,NA,1.02325204813052,1.0951449371313,NA,NA,NA,NA,0.916138583245258,0.935562336762032,0.819137696657629,NA,NA
1354,NA,NA,NA,NA,1.0057054551998,1.22968858638106,NA,NA,NA,NA,0.96669066420366,0.978038550960782,0.885858893341,NA,NA
1355,NA,NA,NA,NA,0.987319559541043,1.10367396979799,NA,NA,NA,NA,0.979078469763282,0.925625809350929,0.930444546602895,NA,NA
1356,NA,NA,NA,NA,1.07614515851155,1.35356745347691,NA,NA,NA,NA,1.07692008809665,1.00542861365546,1.00074100567835,NA,NA
1357,NA,NA,NA,NA,0.892661485745311,0.998964795402047,NA,NA,NA,NA,1.1037988026135,1.00081624490245,1.02722705537525,NA,NA
1358,NA,NA,NA,NA,0.885530693441503,1.04057174367619,NA,NA,NA,NA,0.904961755135351,0.926200726239202,0.930245248956618,NA,NA
1359,NA,NA,NA,NA,0.979345583037509,0.94335766274615,NA,NA,NA,NA,0.827304383601901,0.929702424120666,0.884423886279734,NA,NA
1360,NA,NA,NA,NA,1.01468207785485,1.08044933375391,NA,NA,NA,NA,0.808299110240547,0.956761734604494,0.943459498268883,NA,NA
1361,NA,NA,NA,NA,1.14943549213822,1.1683353274216,NA,NA,NA,NA,0.959959845737068,0.956865018921161,0.907489628467624,NA,NA
1362,NA,NA,NA,NA,1.04939485220411,0.75046368004588,NA,NA,NA,NA,0.947043335739655,0.970217021396259,0.981253903301231,NA,NA
1363,NA,NA,NA,NA,0.817044863652667,0.580386001917559,NA,NA,NA,NA,0.781262299581483,0.98061921390501,0.992105638469838,NA,NA
1364,NA,NA,NA,NA,0.807771096100534,0.682699980544937,NA,NA,NA,NA,0.830750795871435,1.04455144149133,1.0763373962069,NA,NA
1365,NA,NA,NA,NA,1.03446632569442,1.11780780443112,NA,NA,NA,NA,0.90082664113009,1.00754758286406,0.991543871054402,NA,NA
1366,NA,NA,NA,NA,1.06709404035797,1.18472836990037,NA,NA,NA,NA,0.991236792165182,1.04139136815059,1.08535675672611,NA,NA
1367,NA,NA,NA,NA,0.896121873216719,1.05680643493949,NA,NA,NA,NA,0.851487083649604,0.998440754418662,1.01067153587994,NA,NA
1368,NA,NA,NA,NA,0.997856349795063,1.2025177089515,NA,NA,NA,NA,0.845301249712987,1.00764334491434,0.98104264147257,NA,NA
1369,NA,NA,NA,NA,0.99900931448758,0.982769298882286,NA,NA,NA,NA,0.989486155415556,1.02110402070231,1.05833793283513,NA,NA
1370,NA,NA,NA,NA,0.881591552180011,0.810945850731179,NA,NA,NA,NA,0.873041661660197,0.953452483909329,0.994340966208204,NA,NA
1371,NA,NA,NA,NA,1.04174568428586,0.904849383442696,NA,NA,NA,NA,1.02014209645402,0.958802809791743,1.03288892134275,NA,NA
1372,NA,NA,NA,NA,1.21014960230207,1.09494368869824,NA,NA,NA,NA,1.15955134335644,1.02646597813088,1.02598671465851,NA,NA
1373,NA,NA,NA,NA,1.12260978676135,0.86966775936308,NA,NA,NA,NA,0.881764011921715,0.981761467884825,1.00663796276832,NA,NA
1374,NA,NA,NA,NA,1.10656093408871,0.845813499822073,NA,NA,NA,NA,0.729816353528515,1.05808733268531,1.08828252176834,NA,NA
1375,NA,NA,NA,NA,0.983793270622274,0.880559111345044,NA,NA,NA,NA,0.818991972372744,0.980258645251995,0.985179268437249,NA,NA
1376,NA,NA,NA,NA,1.00638648569532,0.809015862447695,NA,NA,NA,NA,0.766573212590578,0.987334712951429,1.04686155782345,NA,NA
1377,NA,NA,NA,NA,0.939320237339907,0.60745977930777,NA,NA,NA,NA,0.781830593108027,0.93013635781206,0.963955995481239,NA,NA
1378,NA,NA,NA,NA,0.963944239864756,0.902302834970106,NA,NA,NA,NA,0.836734635382269,1.02718681105458,1.08915201129278,NA,NA
1379,NA,NA,NA,NA,1.10000386797916,1.05171776662054,NA,NA,NA,NA,1.0947109424013,1.05174232783736,1.14644676934459,NA,NA
1380,NA,NA,NA,NA,1.06387196510791,0.989038543967025,NA,NA,NA,NA,1.15083196896887,1.05278188805823,1.06931509921557,NA,NA
1381,NA,NA,NA,NA,0.822356436141425,0.831457304901646,NA,NA,NA,NA,1.09866401892492,1.01068922158158,0.997227091791438,NA,NA
1382,NA,NA,NA,NA,0.740542468045054,0.575863511260974,NA,NA,NA,NA,1.02540060361967,0.941998194629926,0.964489532610175,NA,NA
1383,NA,NA,NA,NA,0.834220541026139,0.877573732893201,NA,NA,NA,NA,1.04313040884002,0.942314286526355,0.935571763871444,NA,NA
1384,NA,NA,NA,NA,0.728321777655045,0.806241297569466,NA,NA,NA,NA,0.8837082965712,0.936300342518683,0.896280266878633,NA,NA
1385,NA,NA,NA,NA,0.530318031424858,0.756091712823414,NA,NA,NA,NA,0.862734865342253,0.959892832988591,0.955430611316806,NA,NA
1386,NA,NA,NA,NA,0.875897448013618,0.965117779259411,NA,NA,NA,NA,0.879637554221683,1.0239846695743,0.993653152204672,NA,NA
1387,NA,NA,NA,NA,1.05660796730084,1.10758671959287,NA,NA,NA,NA,1.06251822144961,1.00602342377827,0.946568080154695,NA,NA
1388,NA,NA,NA,NA,0.913682093700124,1.02716150577981,NA,NA,NA,NA,0.900804563992863,0.985785601601015,0.885364066529622,NA,NA
1389,NA,NA,NA,NA,0.931546040598258,0.995607224965225,NA,NA,NA,NA,0.868365551803546,0.968407893643953,0.829922142092368,NA,NA
1390,NA,NA,NA,NA,0.956927107568808,1.21888502282979,NA,NA,NA,NA,0.992254485498769,0.972450969341854,0.945471229358438,NA,NA
1391,NA,NA,NA,NA,0.897456466299267,1.17229389382592,NA,NA,NA,NA,0.926692358527575,0.924527828478208,0.89916265360415,NA,NA
1392,NA,NA,NA,NA,0.989324544209376,1.10512709050843,NA,NA,NA,NA,0.894462884953264,0.994733327427986,0.932418768641136,NA,NA
1393,NA,NA,NA,NA,0.989892461861318,1.10464479621106,NA,NA,NA,NA,0.964149502562155,1.00648076661905,0.968199253064539,NA,NA
1394,NA,NA,NA,NA,0.86072932573772,1.02444862830429,NA,NA,NA,NA,1.01903474388217,0.916642415721193,0.87333585366686,NA,NA
1395,NA,NA,NA,NA,0.908576379731736,1.02400706381816,NA,NA,NA,1.02668694226603,0.985430318293683,0.953360121874385,0.846539297911495,NA,NA
1396,NA,NA,NA,NA,0.999029321244736,1.07383190337193,NA,NA,NA,1.05526181196078,1.01785155875795,0.977343588302972,1.01104705392765,NA,NA
1397,NA,NA,NA,NA,0.935783751193299,1.01287547891588,NA,NA,NA,0.950963103227158,0.922009669285453,0.982979444713035,0.974344234338098,NA,NA
1398,NA,NA,NA,NA,0.734554614888718,0.726168565027959,NA,NA,NA,0.669899402942723,0.798643103530491,0.919777460480975,0.946207301462024,NA,NA
1399,NA,NA,NA,NA,0.953451754329596,0.948938890733439,NA,NA,NA,1.06561180540235,1.03114807648851,0.959114110149532,0.956979960547153,NA,NA
1400,NA,NA,NA,NA,0.937141181771306,0.672354491178406,NA,NA,NA,0.731481938161379,0.758359145725945,0.921302727958591,0.88257926286531,NA,NA
1401,NA,NA,NA,NA,0.810412619287885,0.738117094461303,NA,NA,NA,1.15082957418948,1.05778117793223,0.978082462375493,1.01873799044197,NA,NA
1402,NA,NA,NA,NA,1.11605882708859,1.07109785199325,NA,NA,NA,1.0597857020156,1.11565009110027,0.988558930790704,1.07711788882075,NA,NA
1403,NA,NA,NA,NA,1.16312113258917,1.04077689613413,NA,NA,NA,1.15145228130275,1.11771732616669,1.02595795415041,1.09903926233021,NA,NA
1404,NA,NA,NA,NA,1.15232061002966,1.10911722161683,NA,NA,NA,1.10458504320164,1.1044386100153,1.0167601666761,1.08851669089191,NA,NA
1405,NA,NA,NA,NA,1.13542677774469,1.29919523319387,NA,NA,NA,0.957347540531186,1.0827033976593,0.995601781719797,1.00096287841139,NA,NA
1406,NA,NA,NA,NA,1.04681424669275,1.02937955770108,NA,NA,NA,0.948824446884968,1.08189263923713,1.05902277032603,1.12620607272995,NA,NA
1407,NA,NA,NA,NA,0.988773019583612,0.822123145379794,NA,NA,NA,0.977548316146765,1.04552907161133,0.987524604453207,1.02350870835556,NA,NA
1408,NA,NA,NA,NA,1.06802427190952,1.11680905692888,NA,NA,NA,1.04691126920703,1.10941279979865,1.0021139387503,1.051016817113,NA,NA
1409,NA,NA,NA,NA,1.10078725176552,1.17256268577851,NA,NA,NA,1.24538008294552,1.27862615491996,1.04690625385642,1.00962981544762,NA,NA
1410,NA,NA,NA,NA,1.10122048306905,NA,NA,NA,NA,1.20421411264471,1.27313129656025,1.01810778739789,1.0815457636852,NA,NA
1411,NA,NA,NA,NA,1.1555904227168,NA,NA,NA,NA,1.30044558306594,1.39436597121833,1.03179844315821,1.06689626936019,NA,NA
1412,NA,NA,NA,NA,1.06298766080157,NA,NA,NA,NA,1.03476920029913,1.31802349504767,0.980126582842079,1.020385577684,NA,NA
1413,NA,NA,NA,NA,1.12106257062259,NA,NA,NA,NA,1.05551948268072,1.23313055949121,0.953408333109585,0.977563283452195,NA,NA
1414,NA,NA,NA,NA,1.1214892077646,NA,NA,NA,NA,1.12658084257672,1.07852437951459,1.03375523588852,1.01698627812268,NA,NA
1415,NA,NA,NA,NA,1.01463626427445,NA,NA,NA,NA,1.05786214783096,1.06566171262398,1.02898298860706,1.07155821061483,NA,NA
1416,NA,NA,NA,NA,1.13439955532144,NA,NA,NA,NA,1.31930609721779,1.06430286633941,1.0069924276245,1.01126658688064,NA,NA
1417,NA,NA,NA,NA,1.21820606690922,NA,NA,NA,NA,1.10247786470142,1.0859133646132,0.994985681615853,0.972006197391188,NA,NA
1418,NA,NA,NA,NA,1.08534102916708,NA,NA,NA,NA,0.819488664053344,0.884058956427833,0.950082387141022,0.829425904275504,NA,NA
1419,NA,NA,NA,NA,0.985510300746444,NA,NA,NA,NA,0.798731899239222,0.8987780930098,0.977558211889481,0.82925130582559,NA,NA
1420,NA,NA,NA,NA,1.00905161188254,NA,NA,NA,NA,0.869176522503932,0.89420660289412,1.04865383583289,1.00761046684557,NA,NA
1421,NA,NA,NA,NA,1.01692938147405,NA,NA,NA,NA,0.991631639296552,1.11451696828391,1.00013833158697,1.00529502314096,NA,NA
1422,NA,NA,NA,NA,0.953929008602066,NA,NA,NA,NA,1.11589070842989,1.28149147115897,0.989625303968837,0.971851008176288,NA,NA
1423,NA,NA,NA,NA,0.954289026807,NA,NA,NA,NA,0.935559667951253,1.05137104513004,0.992722795330821,0.946026143671107,NA,NA
1424,NA,NA,NA,NA,1.07455754508253,NA,NA,NA,NA,1.00581695389812,1.03578899808179,1.00229419420995,1.01752008455706,NA,NA
1425,NA,NA,NA,NA,1.27671287204304,NA,NA,NA,NA,0.858059730711478,0.955841251442948,1.05053786629278,1.13891690057162,NA,NA
1426,NA,NA,NA,NA,1.04076090618499,NA,NA,NA,NA,0.709901434953412,0.736462308838513,0.986248898712989,0.931383548899507,NA,NA
1427,NA,NA,NA,NA,1.00410128951754,NA,NA,NA,NA,0.938348461939273,0.914427111481033,1.02591845618688,0.964707029621542,NA,NA
1428,NA,NA,NA,NA,1.02704321273333,NA,NA,NA,NA,0.821295092557766,0.854834713245277,1.03154373741103,1.00165871599365,NA,NA
1429,NA,NA,NA,NA,1.12171275236732,NA,NA,NA,NA,1.02651780457955,1.07018688320443,0.989149389437299,0.956358196991162,NA,NA
1430,NA,NA,NA,NA,0.842064580629938,NA,NA,NA,NA,0.753340929617939,0.820778228077714,0.988997952970042,0.9483754950572,NA,NA
1431,NA,NA,NA,NA,0.965616119976031,NA,NA,NA,NA,0.691712205640948,0.755059941152245,1.02394015049333,0.925575842463461,NA,NA
1432,NA,NA,NA,NA,0.894130608598584,NA,NA,NA,NA,0.817132939519026,0.934119136600707,0.997441134861629,0.96367758221107,NA,NA
1433,NA,NA,NA,NA,0.949383390526609,NA,NA,NA,NA,0.999567812116199,0.989710909559998,1.01779068191943,1.00100046567626,NA,NA
1434,NA,NA,NA,NA,0.983152526579246,NA,NA,NA,NA,0.729335032413577,0.851981088758203,1.03223429921631,1.03804182363916,NA,NA
1435,NA,NA,NA,NA,0.885339662856675,NA,NA,NA,NA,1.02603889608606,0.893684111156584,0.989733243591179,0.984302512856263,NA,NA
1436,NA,NA,NA,NA,0.854812961765485,NA,NA,NA,NA,0.960876308839772,0.911539880503992,0.977272350700487,0.991644823674495,NA,NA
1437,NA,NA,NA,NA,0.950854945030512,NA,NA,NA,NA,0.960496127200788,1.06646713141913,0.986952492467069,1.02438607944256,NA,NA
1438,NA,NA,NA,NA,0.95122367378974,NA,NA,NA,NA,1.05736582476188,1.06861484469191,0.953556753040287,0.961214510692942,NA,NA
1439,NA,NA,NA,NA,NA,NA,NA,NA,NA,0.591632608469943,0.832037014438879,0.927688459548188,0.869217334279375,NA,NA
1440,NA,NA,NA,NA,NA,NA,NA,NA,NA,0.938634639681683,0.964400473786657,0.954934897595583,0.9455028552279,NA,NA
1441,NA,NA,NA,NA,NA,NA,NA,NA,NA,0.982224106363216,0.924532156435935,0.992493727133995,0.924524253160391,NA,NA
1442,NA,NA,NA,NA,NA,NA,NA,NA,NA,0.891059366976216,0.978855577666858,0.955737632158341,0.931409253045605,NA,NA
1443,NA,NA,NA,NA,NA,NA,NA,NA,NA,0.863959472224637,0.890802533388651,0.995902166318364,0.912016437307427,NA,NA
1444,NA,NA,NA,NA,NA,NA,NA,NA,NA,0.901441102280874,0.980946868134015,1.02615606795388,0.987420775054289,NA,NA
1445,NA,NA,NA,NA,NA,NA,NA,NA,NA,1.06197421704262,0.999858307112264,0.995502084370803,0.969133668713874,NA,NA
1446,NA,NA,NA,NA,NA,NA,NA,NA,NA,1.10244439843847,1.08397906212327,0.990245755244006,0.948310719790779,NA,NA
1447,NA,NA,NA,NA,NA,NA,NA,NA,NA,0.981962181651758,1.04480244331489,0.959051962316893,0.996892102093754,NA,NA
1448,NA,NA,NA,NA,NA,NA,NA,NA,NA,1.04889040073582,1.11081387610369,0.950025141661338,0.955417087169905,NA,NA
1449,NA,NA,NA,NA,NA,NA,NA,NA,NA,1.1865556062543,1.10090111325562,0.996419267921374,1.01529080632356,NA,NA
1450,NA,NA,NA,NA,NA,NA,NA,NA,NA,1.34153028203713,1.2457268347174,1.00987344208513,1.03927839621816,NA,NA
1451,NA,NA,NA,NA,NA,NA,NA,NA,NA,0.879872010910533,1.07116508628157,0.960764769119667,0.935268406625909,NA,NA
1452,NA,NA,NA,NA,NA,NA,NA,NA,NA,0.985754170412749,1.05909182832063,0.802071572871213,0.845864155149733,NA,NA
1453,NA,NA,NA,NA,NA,NA,NA,NA,NA,0.789176685123621,0.875648098076699,NA,NA,NA,NA
1454,NA,NA,NA,NA,NA,NA,NA,NA,NA,0.846974315465965,0.831640860229643,0.819615305099831,0.903152284986889,NA,NA
1455,NA,NA,NA,NA,NA,NA,NA,NA,NA,0.898810123065984,0.971549065559381,0.782351253115187,0.625360034208428,NA,NA
1456,NA,NA,NA,NA,NA,NA,NA,NA,NA,1.03960336216615,0.999943339602098,0.957302297010861,0.901207649412992,NA,NA
1457,NA,NA,NA,NA,NA,NA,NA,NA,NA,0.796696483539001,0.84560308591779,1.00829244204522,1.03531395677733,NA,NA
1458,NA,NA,NA,NA,NA,NA,NA,NA,NA,0.74997992310614,0.907419791978134,1.08238143791387,1.05434449978292,NA,NA
1459,NA,NA,NA,NA,NA,NA,NA,NA,NA,0.407119752269554,0.708271577708385,1.00716095206034,0.907522598618763,NA,NA
1460,NA,NA,NA,NA,NA,NA,NA,NA,NA,0.647344589285291,0.931423608370499,1.00343989680309,0.914147618897252,NA,NA
1461,NA,NA,NA,NA,NA,NA,NA,NA,NA,0.91800719646407,1.08917795941505,1.00599421679914,0.972810324006666,NA,NA
1462,NA,NA,NA,NA,NA,NA,NA,NA,NA,1.03002965816773,1.02484547299202,1.05924826396422,1.06123864993124,NA,NA
1463,NA,NA,NA,NA,NA,NA,NA,NA,NA,1.02054633896804,1.21292531641883,1.05011805668343,1.03086022110458,NA,NA
1464,NA,NA,NA,NA,NA,NA,NA,NA,NA,0.954801860452402,1.00479033653649,0.980537680251364,1.03917208627816,NA,NA
1465,NA,NA,NA,NA,NA,NA,NA,NA,NA,1.01078446921409,1.06122632966305,1.04244163951874,1.11829780293356,NA,NA
1466,NA,NA,NA,NA,NA,NA,NA,NA,NA,0.964971305789343,1.10414972748912,1.06270630081929,1.17811602531764,NA,NA
1467,NA,NA,NA,NA,NA,NA,NA,NA,NA,0.949072722455428,1.06307936318228,1.01116086357884,1.06522830040147,NA,NA
1468,NA,NA,NA,NA,NA,NA,NA,NA,NA,0.993405483500657,0.967352811062735,1.02795854337032,0.945824739567952,NA,NA
1469,NA,NA,NA,NA,NA,NA,NA,NA,NA,1.08714448895846,1.12971257084095,0.993362152959542,0.909102221567098,NA,NA
1470,NA,NA,NA,NA,NA,NA,NA,NA,NA,1.19075268260718,1.16032645954606,1.02339671866198,0.878294875729307,NA,NA
1471,NA,NA,NA,NA,NA,NA,NA,NA,NA,1.09813768323577,0.985710089019555,0.953555597843382,0.859955170225797,NA,NA
1472,NA,NA,NA,NA,NA,NA,NA,NA,NA,0.932636709095634,0.801740405056779,0.924838506003784,0.793283423241904,NA,NA
1473,NA,NA,NA,NA,NA,NA,NA,NA,NA,0.966974552041733,0.955584165246142,0.968240354466416,0.810608191089599,NA,NA
1474,NA,NA,NA,NA,NA,NA,NA,NA,NA,0.86014424663361,0.963138254362765,1.00651929036941,0.677454740674118,NA,NA
1475,NA,NA,NA,NA,NA,NA,NA,NA,NA,0.906391715033293,1.0039018005193,1.08623907246546,1.03290667853274,NA,NA
1476,NA,NA,NA,NA,NA,NA,NA,NA,NA,1.00190220864455,0.975308186456838,1.08644819019359,1.10358933703227,NA,NA
1477,NA,NA,NA,NA,NA,NA,NA,NA,NA,0.889271208693103,0.882161224614742,1.12482987816111,1.0301688267462,NA,NA
1478,NA,NA,NA,NA,NA,NA,NA,NA,NA,0.962350125940128,0.922475474694256,1.14206561980594,1.25145141798829,NA,NA
1479,NA,NA,NA,NA,NA,NA,NA,NA,NA,1.12951142609126,0.996628363604633,1.14877568358662,1.20715136363111,NA,NA
1480,NA,NA,NA,NA,NA,NA,NA,NA,NA,1.39820472329898,1.20792569056903,1.09916375970256,1.11286558161601,NA,NA
1481,NA,NA,NA,NA,NA,NA,NA,NA,NA,1.25357684184616,1.25164642113507,1.06918131988381,1.07515158991827,NA,NA
1482,NA,NA,NA,NA,NA,NA,NA,NA,NA,1.19247202976146,1.16249748910295,1.09041526092704,1.1748192807891,NA,NA
1483,NA,NA,NA,NA,NA,NA,NA,NA,NA,0.904050451923331,1.01677790695829,1.0712166486982,1.17181812145462,NA,NA
1484,NA,NA,NA,NA,NA,NA,NA,NA,NA,0.896248081959966,0.905920970513853,1.06156124546526,1.09010951200459,NA,NA
1485,NA,NA,NA,NA,NA,NA,NA,NA,NA,1.38634209414638,1.03571293838279,1.06605505307525,1.05267146747849,NA,NA
1486,NA,NA,NA,NA,NA,NA,NA,NA,NA,1.2230760696728,0.875389535748898,0.999735552028362,0.970137527135375,NA,NA
1487,NA,NA,NA,NA,NA,NA,NA,NA,NA,1.28771120416806,0.801922160741826,0.977373373270143,0.938553199440841,NA,NA
1488,NA,NA,NA,NA,NA,NA,NA,NA,NA,1.27811653114328,0.911382338334545,1.05125282000512,1.01652413770964,NA,NA
1489,NA,NA,NA,NA,NA,NA,NA,NA,NA,1.49433340894068,1.04665583641594,1.0900461411418,1.13087827561619,NA,NA
1490,NA,NA,NA,NA,NA,NA,NA,NA,NA,1.34549592454754,1.12051974731362,1.00512768964379,1.02168713071595,NA,NA
1491,NA,NA,NA,NA,NA,NA,NA,NA,NA,1.14138102438271,1.05915335734487,1.0058351669203,1.08536895058515,NA,NA
1492,NA,NA,NA,NA,NA,NA,NA,NA,NA,1.06618257703066,1.01610187581548,0.983298745419301,1.11661250381766,NA,NA
1493,NA,NA,NA,NA,NA,NA,NA,NA,NA,0.988676442149789,1.12363123024868,1.0062709756896,1.0616324145759,NA,NA
1494,NA,NA,NA,NA,NA,NA,NA,NA,NA,0.992452178215168,1.1923159293858,1.02576635011166,1.13982275810672,NA,NA
1495,NA,NA,NA,NA,NA,NA,NA,NA,NA,0.961244416694843,1.22111624178981,1.04811733767382,1.189433750903,NA,NA
1496,NA,NA,NA,NA,NA,NA,NA,NA,NA,1.44855095043274,1.46434122715448,1.03773998723759,1.24046676450153,NA,NA
1497,NA,NA,NA,NA,NA,NA,NA,NA,NA,1.30722354037981,1.44546767512803,1.01289659447176,1.09864953232867,NA,NA
1498,NA,NA,NA,NA,NA,NA,NA,NA,NA,1.10970654359437,1.20431267876092,0.97151941552397,1.11423845825084,NA,NA
1499,NA,NA,NA,NA,NA,NA,NA,NA,NA,1.29723594236339,1.23521421913976,0.962172743844881,1.0470273178969,NA,NA
1500,NA,NA,NA,NA,NA,NA,NA,NA,NA,1.2616044211718,1.22601939125294,0.945459184662442,0.96443005025024,NA,NA
1501,NA,NA,NA,NA,NA,NA,NA,NA,NA,1.23747827049458,1.27570079544002,1.0398098215325,1.05996169459726,NA,NA
1502,NA,NA,NA,NA,NA,NA,NA,NA,NA,1.20704509705042,1.14929514051092,1.02803635171369,1.14814274864617,NA,NA
1503,NA,NA,NA,NA,NA,NA,NA,NA,NA,1.05954614234054,1.04853871231851,1.01398964994659,1.08642722937344,NA,NA
1504,NA,NA,NA,NA,NA,NA,NA,NA,NA,1.0908544972695,1.18165835635179,1.04555665353848,1.11526904018034,NA,NA
1505,NA,NA,NA,NA,NA,NA,NA,NA,NA,1.13080611718932,1.20137445708489,1.12043995507367,1.17499309234147,NA,NA
1506,NA,NA,NA,NA,NA,NA,NA,NA,NA,1.08221511736288,1.07829869247011,1.10996265167805,1.1088032714148,NA,NA
1507,NA,NA,NA,NA,NA,NA,NA,NA,NA,1.00620396638185,1.00550891676558,1.02355178387151,1.03602017844794,NA,NA
1508,NA,NA,NA,NA,NA,NA,NA,NA,NA,1.15753202206298,1.07671546598643,1.08794504310266,1.08913986993103,NA,NA
1509,NA,NA,NA,NA,NA,NA,NA,NA,NA,1.17986873938819,0.935529189723747,1.03596935898445,1.05407631257115,NA,NA
1510,NA,NA,NA,NA,NA,NA,NA,NA,NA,0.886741791537676,0.928906549033321,1.07896646723063,1.04233460273792,NA,NA
1511,NA,NA,NA,NA,NA,NA,NA,NA,NA,1.23433889512171,1.2017054528318,1.05581135485294,1.07188736159967,NA,NA
1512,NA,NA,NA,NA,NA,NA,NA,NA,NA,1.25410031421662,1.21207986843219,1.05490070533624,1.09736022522286,NA,NA
1513,NA,NA,NA,NA,NA,NA,NA,NA,NA,1.06484437092413,1.06898073236747,1.00891660905532,1.08020800146459,NA,NA
1514,NA,NA,NA,NA,NA,NA,NA,NA,NA,0.91930529600646,0.956562255536992,1.00610618030416,1.04994901950756,NA,NA
1515,NA,NA,NA,NA,NA,NA,NA,NA,NA,0.807744366132541,0.815084123598504,1.03571003570978,1.09538173719109,NA,NA
1516,NA,NA,NA,NA,NA,NA,NA,NA,NA,0.627997129045019,0.813241558641986,1.02891635406825,0.976559411385932,NA,NA
1517,NA,NA,NA,NA,NA,NA,NA,NA,NA,0.67610933436064,0.794426002816333,1.0300902525444,1.0578376739974,NA,NA
1518,NA,NA,NA,NA,NA,NA,NA,NA,NA,0.905649701538038,1.14433329824818,1.00028060305009,1.0516102978684,NA,NA
1519,NA,NA,NA,NA,NA,NA,NA,NA,NA,0.843913060466498,1.05155993940649,1.04957969245845,1.03074175704511,NA,NA
1520,NA,NA,NA,NA,NA,NA,NA,NA,NA,0.786005364357221,0.890224233744906,0.963672305532348,0.995883214662791,NA,NA
1521,NA,NA,NA,NA,NA,NA,NA,NA,NA,0.637712287257829,0.888671680886179,0.995181138248326,1.02615547335487,NA,NA
1522,NA,NA,NA,NA,NA,NA,NA,NA,NA,0.808811374102147,0.977742968890949,1.05220642457725,1.07297298119075,NA,NA
1523,NA,NA,NA,NA,NA,NA,NA,NA,NA,0.853666255394891,1.09362994230019,1.06939289763996,1.08942619712785,NA,NA
1524,NA,NA,NA,NA,NA,NA,NA,NA,NA,0.658020676043851,0.8874285366299,1.02139109980251,1.02698732382693,NA,NA
1525,NA,NA,NA,NA,NA,NA,NA,NA,NA,0.815127974332663,1.03598467188992,1.05067327167243,1.09390396598835,NA,NA
1526,NA,NA,NA,NA,NA,NA,NA,NA,NA,1.1899277104072,1.11062075599703,1.06469623838633,1.09660295512287,NA,NA
1527,NA,NA,NA,NA,NA,NA,NA,NA,NA,0.864827367844977,0.859774589758419,0.982501181298109,0.976490034444155,NA,NA
1528,NA,NA,NA,NA,NA,NA,NA,NA,NA,1.24389360335459,1.10532433078177,1.04682944715407,1.08622771021032,NA,NA
1529,NA,NA,NA,NA,NA,NA,NA,NA,NA,1.01397473147998,1.04130616945276,1.0015415812924,1.06533633082967,NA,NA
1530,NA,NA,NA,NA,NA,NA,NA,NA,NA,0.964852829867472,1.04310650703816,1.0543595747416,1.0536830537178,NA,NA
1531,NA,NA,NA,NA,NA,NA,NA,NA,NA,1.15894026034807,1.07702402957471,1.03536932618686,1.08046800247949,NA,NA
1532,NA,NA,NA,NA,NA,NA,NA,NA,NA,1.32656811232631,1.26661746973077,1.03579048717557,1.11177176469623,NA,NA
1533,NA,NA,NA,NA,NA,NA,NA,NA,NA,1.29839697881143,1.22735305655549,1.04436662445658,1.14899808802709,NA,NA
1534,NA,NA,NA,NA,NA,NA,NA,NA,NA,1.26201328474907,1.17716393806457,1.05737147655992,1.15171857090064,NA,NA
1535,NA,NA,NA,NA,NA,NA,NA,NA,NA,1.03258375307588,1.15867860146903,1.10233424978997,1.13125994966602,NA,NA
1536,NA,NA,NA,NA,NA,NA,NA,NA,NA,0.721260282608471,0.783645556221774,1.01683216392496,0.943979818710983,NA,NA
1537,NA,NA,NA,NA,NA,NA,NA,NA,NA,1.17875558456188,1.06606913982745,1.05258510321725,0.966295790411476,NA,NA
1538,NA,NA,NA,NA,NA,NA,NA,NA,NA,1.13739384219706,1.07631927483231,0.992733475745944,0.937215889167819,NA,NA
1539,NA,NA,NA,NA,NA,NA,NA,NA,NA,1.138108884602,1.051359907338,1.07877133430523,1.06154790618405,NA,NA
1540,NA,NA,NA,NA,NA,NA,NA,NA,NA,0.691681909675472,0.866056156569958,0.9873519207027,0.917961810854977,NA,NA
1541,NA,NA,NA,NA,NA,NA,NA,NA,NA,0.561690618198444,0.438243464086743,0.983382910612821,0.915190800131956,NA,NA
1542,NA,NA,NA,NA,NA,NA,NA,NA,NA,0.547984772811621,0.471863892991602,0.988691299972391,0.938782423475771,NA,NA
1543,NA,NA,NA,NA,NA,NA,NA,NA,NA,0.526547153129035,0.574834981014493,0.962772017538996,0.939872404636495,NA,NA
1544,NA,NA,NA,NA,NA,NA,NA,NA,NA,0.777719708159846,0.74627861293773,0.98371814689503,0.953825419768563,NA,NA
1545,NA,NA,NA,NA,NA,NA,NA,NA,NA,0.841375375130458,0.872908513638224,1.02534962011524,1.0361051684966,NA,NA
1546,NA,NA,NA,NA,NA,NA,NA,NA,NA,0.853881278744052,0.858534040441531,1.03822434536091,1.03340704895211,NA,NA
1547,NA,NA,NA,NA,NA,NA,NA,NA,NA,0.660913098278261,0.627722053400427,1.0264430253088,1.028865898097,NA,NA
1548,NA,NA,NA,NA,NA,NA,NA,NA,NA,0.572490855172402,0.84049255117372,0.937494415637633,0.959772385326955,NA,NA
1549,NA,NA,NA,NA,NA,NA,NA,NA,NA,0.685814388469002,0.830574564616158,1.00732732966854,0.975056005945503,NA,NA
1550,NA,NA,NA,NA,NA,NA,NA,NA,NA,0.91917758711872,0.918040635170096,0.969308680900517,0.982874168242089,NA,NA
1551,NA,NA,NA,NA,NA,NA,NA,NA,NA,0.992123789194093,1.16693499454566,0.965997023683851,1.03904845661946,NA,NA
1552,NA,NA,NA,NA,NA,NA,NA,NA,NA,1.05896815657224,1.05811251935761,0.939908106700787,0.997863209093511,NA,NA
1553,NA,NA,NA,NA,NA,NA,NA,NA,NA,1.15719755781352,1.03995282410163,0.93638859304813,1.00573930767623,NA,NA
1554,NA,NA,NA,NA,NA,NA,NA,NA,NA,1.06570222587709,0.990926410368493,0.972649727815068,0.983400074487984,NA,NA
1555,NA,NA,NA,NA,NA,NA,NA,NA,NA,1.08662848773163,0.894851710553766,0.996649321778019,0.94843276948083,NA,NA
1556,NA,NA,NA,NA,NA,NA,NA,NA,NA,1.06514859118177,1.01542497813954,1.01276807539615,0.994985785284589,NA,NA
1557,NA,NA,NA,NA,NA,NA,NA,NA,NA,0.949430341448162,1.06455382923621,0.972500517929346,1.00712520348559,NA,NA
1558,NA,NA,NA,NA,NA,NA,NA,NA,NA,1.08818339652881,1.04336411419133,1.00594364342012,1.02760398817589,NA,NA
1559,NA,NA,NA,NA,NA,NA,NA,NA,NA,1.10923040074975,1.1357468747755,0.995209120144466,1.01714924166927,NA,NA
1560,NA,NA,NA,NA,NA,NA,NA,NA,NA,1.07596824199779,1.09560621264876,0.934719871399557,0.991388500593733,NA,NA
1561,NA,NA,NA,NA,NA,NA,NA,NA,NA,1.15698219125527,0.951276182271704,0.983458769156016,0.896618243373905,NA,NA
1562,NA,NA,NA,NA,NA,NA,NA,NA,NA,1.34020079469701,1.18055385226069,1.02663295519098,1.0215220352406,NA,NA
1563,NA,NA,NA,NA,NA,NA,NA,NA,NA,1.02788698334032,1.07158885853722,0.911517381437233,0.856957554453882,NA,NA
1564,NA,NA,NA,NA,NA,NA,NA,NA,NA,0.760694346091513,0.881444946279925,0.996702138270997,0.796134075173761,NA,NA
1565,NA,NA,NA,NA,NA,NA,NA,NA,NA,1.14099715169487,1.09044081346283,1.03131057224018,0.95624115410857,NA,NA
1566,NA,NA,NA,NA,NA,NA,NA,NA,NA,1.05364154521469,0.986622757165762,1.02319384421671,1.02243594455793,NA,NA
1567,NA,NA,NA,NA,NA,NA,NA,NA,NA,0.9549177634209,0.886852778817271,0.986420369971136,0.910586330047074,NA,NA
1568,NA,NA,NA,NA,NA,NA,NA,NA,NA,0.872868323248572,0.887399881802865,0.963969921381023,0.86129190053423,NA,NA
1569,NA,NA,NA,NA,NA,NA,NA,NA,NA,1.02299534826669,1.05867343422904,0.990360343200209,0.938995720192468,NA,NA
1570,NA,NA,NA,NA,NA,NA,NA,NA,NA,1.39710544170315,1.17501946471505,1.00267825856105,0.961493918390275,NA,NA
1571,NA,NA,NA,NA,NA,NA,NA,NA,NA,1.05187423485933,0.951464917159193,0.956058735454917,0.977367684932912,NA,NA
1572,NA,NA,NA,NA,NA,NA,NA,NA,NA,1.12107503697503,1.06663102376709,0.986795623710653,0.902642874195023,NA,NA
1573,NA,NA,NA,NA,NA,NA,NA,NA,NA,1.30482932188982,1.14016176412844,0.939011913425174,0.933847590806598,NA,NA
1574,NA,NA,NA,NA,NA,NA,NA,NA,NA,1.10598468324021,1.02057643269212,0.883993037914425,0.909882699027404,NA,NA
1575,NA,NA,NA,NA,NA,NA,NA,NA,NA,0.965713969601438,1.01373785744201,0.875625065426523,0.863651041534684,NA,NA
1576,NA,NA,NA,NA,NA,NA,NA,NA,NA,0.980631949761378,1.05506142571807,0.943300986679128,0.805334361606223,NA,NA
1577,NA,NA,NA,NA,NA,NA,NA,NA,NA,1.06351429168622,1.08179451514792,NA,NA,NA,NA
1578,NA,NA,NA,NA,NA,NA,NA,NA,NA,0.994472869523007,0.979395153902296,NA,NA,NA,NA
1579,NA,NA,NA,NA,NA,NA,NA,NA,NA,1.11005929855059,1.07612717863438,NA,NA,NA,NA
1580,NA,NA,NA,NA,NA,NA,NA,NA,NA,0.935010945592149,1.01246507380129,NA,NA,NA,NA
1581,NA,NA,NA,NA,NA,NA,NA,NA,NA,0.981467628742946,1.11360955691724,NA,NA,NA,NA
1582,NA,NA,NA,NA,NA,NA,NA,NA,NA,1.09551314974169,1.06899535373605,NA,NA,NA,NA
1583,NA,NA,NA,NA,NA,NA,NA,NA,NA,1.29655753280772,1.1912973507044,NA,NA,NA,NA
1584,NA,NA,NA,NA,NA,NA,NA,NA,NA,1.28616845012063,1.18845532374255,NA,NA,NA,NA
1585,NA,NA,NA,NA,NA,NA,NA,NA,NA,1.04873169533769,1.02833076932654,NA,NA,NA,NA
1586,NA,NA,NA,NA,NA,NA,NA,NA,NA,1.16316593240473,1.1359145270218,NA,NA,NA,NA
1587,NA,NA,NA,NA,NA,NA,NA,NA,NA,1.20739058130856,1.15059879830205,NA,NA,NA,NA
1588,NA,NA,NA,NA,NA,NA,NA,NA,NA,1.14347395047151,0.957626936631001,NA,NA,NA,NA
1589,NA,NA,NA,NA,NA,NA,NA,NA,NA,1.12400410748202,1.1574943677474,NA,NA,NA,NA
1590,NA,NA,NA,NA,NA,NA,NA,NA,NA,1.02636125719753,0.998647851258427,NA,NA,NA,NA
1591,NA,NA,NA,NA,NA,NA,NA,NA,NA,1.0254323316021,0.861842194504912,NA,NA,NA,NA
1592,NA,NA,NA,NA,NA,NA,NA,NA,NA,0.746437911271014,0.850179167715317,NA,NA,NA,NA
1593,NA,NA,NA,NA,NA,NA,NA,NA,NA,0.81491362112559,0.839667809218025,NA,NA,NA,NA
1594,NA,NA,NA,NA,NA,NA,NA,NA,NA,1.27797328936527,1.16638477113795,NA,NA,NA,NA
1595,NA,NA,NA,NA,NA,NA,NA,NA,NA,1.07482624220846,1.09823094896181,NA,NA,NA,NA
1596,NA,NA,NA,NA,NA,NA,NA,NA,NA,1.09707670894914,1.00322625798256,NA,NA,NA,NA
1597,NA,NA,NA,NA,NA,NA,NA,NA,NA,0.97891056908907,0.973118918684426,NA,NA,NA,NA
1598,NA,NA,NA,NA,NA,NA,NA,NA,NA,0.976078322035862,1.01545595138859,NA,NA,NA,NA
1599,NA,NA,NA,NA,NA,NA,NA,NA,NA,1.35611671727251,1.19433416630047,NA,NA,NA,NA
1600,NA,NA,NA,NA,NA,NA,NA,NA,NA,1.14535478996644,1.0133088332915,NA,NA,NA,NA
1601,NA,NA,NA,NA,NA,NA,NA,NA,NA,0.731558209116142,0.749246121354412,NA,NA,NA,NA
1602,NA,NA,NA,NA,NA,NA,NA,NA,NA,0.810119793653736,0.941445291317825,NA,NA,NA,NA
1603,NA,NA,NA,NA,NA,NA,NA,NA,NA,0.889910508080662,0.971801350658354,NA,NA,NA,NA
1604,NA,NA,NA,NA,NA,NA,NA,NA,NA,0.773940217325737,0.872332231944564,NA,NA,NA,NA
1605,NA,NA,NA,NA,NA,NA,NA,NA,NA,0.5731239463537,0.659921533378029,NA,NA,NA,NA
1606,NA,NA,NA,NA,NA,NA,NA,NA,NA,0.762155599739048,0.80414768201583,NA,NA,NA,NA
1607,NA,NA,NA,NA,NA,NA,NA,NA,NA,0.791283847672508,0.839403669883405,NA,NA,NA,NA
1608,NA,NA,NA,NA,NA,NA,NA,NA,1.11401599349901,0.726198541118547,0.866215980884963,NA,NA,NA,NA
1609,NA,NA,NA,NA,NA,NA,NA,NA,1.19428559747092,0.52717173727315,0.889463468057206,NA,NA,NA,NA
1610,NA,NA,NA,NA,NA,NA,NA,NA,1.03384750165912,0.755838664543541,0.95183712739637,NA,NA,NA,NA
1611,NA,NA,NA,NA,NA,NA,NA,NA,1.05348477505033,NA,1.06411017584034,NA,NA,NA,NA
1612,NA,NA,NA,NA,NA,NA,NA,NA,1.10215056628332,NA,1.04765567697775,NA,NA,NA,NA
1613,NA,NA,NA,NA,NA,NA,NA,NA,1.09621273626011,NA,0.95225454924283,NA,NA,NA,NA
1614,NA,NA,NA,NA,NA,NA,NA,NA,0.56875030953483,NA,0.851220531083773,NA,NA,NA,NA
1615,NA,NA,NA,NA,NA,NA,NA,NA,0.582270043938271,NA,0.751994633039199,NA,NA,NA,NA
1616,NA,NA,NA,NA,NA,NA,NA,NA,0.502788069531098,NA,0.667897587074334,NA,NA,NA,NA
1617,NA,NA,NA,NA,NA,NA,NA,NA,0.615624730604075,NA,0.900123623793256,NA,NA,NA,NA
1618,NA,NA,NA,NA,NA,NA,NA,NA,0.711084757358164,NA,NA,NA,NA,NA,NA
1619,NA,NA,NA,NA,NA,NA,NA,NA,0.783082944576017,NA,NA,NA,NA,NA,NA
1620,NA,NA,NA,NA,NA,NA,NA,NA,0.723963676791958,NA,NA,NA,NA,NA,NA
1621,NA,NA,NA,NA,NA,NA,NA,NA,0.943943535358159,NA,NA,NA,NA,NA,NA
1622,NA,NA,NA,NA,NA,NA,NA,NA,0.968062012882422,NA,NA,NA,NA,NA,NA
1623,NA,NA,NA,NA,NA,NA,NA,NA,0.977060429117254,NA,NA,NA,NA,NA,NA
1624,NA,NA,NA,NA,NA,NA,NA,NA,1.01912181067583,NA,NA,NA,NA,NA,NA
1625,NA,NA,NA,NA,NA,NA,NA,NA,0.989133154765808,NA,NA,NA,NA,NA,NA
1626,NA,NA,NA,NA,NA,NA,NA,NA,1.07568802667693,NA,NA,NA,NA,NA,NA
1627,NA,NA,NA,NA,NA,NA,NA,NA,0.937841073886915,NA,NA,NA,NA,NA,NA
1628,NA,NA,NA,NA,NA,NA,NA,NA,0.923611391409604,NA,NA,NA,NA,NA,NA
1629,NA,NA,NA,NA,NA,NA,NA,NA,1.00242068830248,NA,NA,NA,NA,NA,NA
1630,NA,NA,NA,NA,NA,NA,NA,NA,1.00871938518623,NA,NA,NA,NA,NA,NA
1631,NA,NA,NA,NA,NA,NA,NA,NA,1.11606447245652,NA,NA,NA,NA,NA,NA
1632,NA,NA,NA,NA,NA,NA,NA,NA,1.14337104233919,NA,NA,NA,NA,NA,NA
1633,NA,NA,NA,NA,NA,NA,NA,NA,0.983598167216761,NA,NA,NA,NA,NA,NA
1634,NA,NA,NA,NA,NA,NA,NA,NA,1.11206728469725,NA,NA,NA,NA,NA,NA
1635,NA,NA,NA,NA,NA,NA,NA,NA,1.0128615606324,NA,NA,NA,NA,NA,NA
1636,NA,NA,NA,NA,NA,NA,NA,NA,1.25161847429763,NA,NA,NA,NA,NA,NA
1637,NA,NA,NA,NA,NA,NA,NA,NA,1.22531882065774,NA,NA,NA,NA,NA,NA
1638,NA,NA,NA,NA,NA,NA,NA,NA,1.13877137428177,NA,NA,NA,NA,NA,NA
1639,NA,NA,NA,NA,NA,NA,NA,NA,1.21581029878493,NA,NA,NA,NA,NA,NA
1640,NA,NA,NA,NA,NA,NA,NA,NA,1.1057059434344,NA,NA,NA,NA,NA,NA
1641,NA,NA,NA,NA,NA,NA,NA,NA,0.989434085541001,NA,NA,NA,NA,NA,NA
1642,NA,NA,NA,NA,NA,NA,NA,NA,1.00873591304375,NA,NA,NA,NA,NA,NA
1643,NA,NA,NA,NA,NA,NA,NA,NA,1.01136399151802,NA,NA,NA,NA,NA,NA
1644,NA,NA,NA,NA,NA,NA,NA,NA,0.911315175805736,NA,NA,NA,NA,NA,NA
1645,NA,NA,NA,NA,NA,NA,NA,NA,0.787938303914129,NA,NA,NA,NA,NA,NA
1646,NA,NA,NA,NA,NA,NA,NA,NA,0.951575030092805,NA,NA,NA,NA,NA,NA
1647,NA,NA,NA,NA,NA,NA,NA,NA,0.912385469787847,NA,NA,NA,NA,NA,NA
1648,NA,NA,NA,NA,NA,NA,NA,NA,1.0149352287317,NA,NA,NA,NA,NA,NA
1649,NA,NA,NA,NA,NA,NA,NA,NA,0.994964372863788,NA,NA,NA,NA,NA,NA
1650,NA,NA,NA,NA,NA,NA,NA,NA,0.885879101318292,NA,NA,NA,NA,NA,NA
1651,NA,NA,NA,NA,NA,NA,NA,NA,0.935373636769792,NA,NA,NA,NA,NA,NA
1652,NA,NA,NA,NA,NA,NA,NA,NA,1.00804533484459,NA,NA,NA,NA,NA,NA
1653,NA,NA,NA,NA,NA,NA,NA,NA,0.995855115642978,NA,NA,NA,NA,NA,NA
1654,NA,NA,NA,NA,NA,NA,NA,NA,1.0070439245639,NA,NA,NA,NA,NA,NA
1655,NA,NA,NA,NA,NA,NA,NA,NA,0.992300895781811,NA,NA,NA,NA,NA,NA
1656,NA,NA,NA,NA,NA,NA,NA,NA,1.17358109063333,NA,NA,NA,NA,NA,NA
1657,NA,NA,NA,NA,NA,NA,NA,NA,1.07483976633895,NA,NA,NA,NA,NA,NA
1658,NA,NA,NA,NA,NA,NA,NA,NA,1.14283753305782,NA,NA,NA,NA,NA,NA
1659,NA,NA,NA,NA,NA,NA,NA,NA,1.1046716479403,NA,NA,NA,NA,NA,NA
1660,NA,NA,NA,NA,NA,NA,NA,NA,1.12272943525987,NA,NA,NA,NA,NA,NA
1661,NA,NA,NA,NA,NA,NA,NA,NA,1.11122687566397,NA,NA,NA,NA,NA,NA
1662,NA,NA,NA,NA,NA,NA,NA,NA,1.08612446873442,NA,NA,NA,NA,NA,NA
1663,NA,NA,NA,NA,NA,NA,NA,NA,1.0160546841929,NA,NA,NA,NA,NA,NA
1664,NA,NA,NA,NA,NA,NA,NA,NA,0.958787270984581,NA,NA,NA,NA,NA,NA
1665,NA,NA,NA,NA,NA,NA,NA,NA,0.978124617470718,NA,NA,NA,NA,NA,NA
1666,NA,NA,NA,NA,NA,NA,NA,NA,0.888569674850146,NA,NA,NA,NA,NA,NA
1667,NA,NA,NA,NA,NA,NA,NA,NA,0.900782592723831,NA,NA,NA,NA,NA,NA
1668,NA,NA,NA,NA,NA,NA,NA,NA,1.04662930625738,NA,NA,NA,NA,NA,NA
1669,NA,NA,NA,NA,NA,NA,NA,NA,0.962021178220952,NA,NA,NA,NA,NA,NA
1670,NA,NA,NA,NA,NA,NA,NA,NA,1.02261175212983,NA,NA,NA,NA,NA,NA
1671,NA,NA,NA,NA,NA,NA,NA,NA,1.03279348812136,NA,NA,NA,NA,NA,NA
1672,NA,NA,NA,NA,NA,NA,NA,NA,0.95688012280219,NA,NA,NA,NA,NA,NA
1673,NA,NA,NA,NA,NA,NA,NA,NA,0.960970240764857,NA,NA,NA,NA,NA,NA
1674,NA,NA,NA,NA,NA,NA,NA,NA,1.02052658723126,NA,NA,NA,NA,NA,NA
1675,NA,NA,NA,NA,NA,NA,NA,NA,1.06071386113011,NA,NA,NA,NA,NA,NA
1676,NA,NA,NA,NA,NA,NA,NA,NA,1.11341424208601,NA,NA,NA,NA,NA,NA
1677,NA,NA,NA,NA,NA,NA,NA,NA,1.18330725357004,NA,NA,NA,NA,NA,NA
1678,NA,NA,NA,NA,NA,NA,NA,NA,1.21061875020327,NA,NA,NA,NA,NA,NA
1679,NA,NA,NA,NA,NA,NA,NA,NA,1.00649803792702,NA,NA,NA,NA,NA,NA
1680,NA,NA,NA,NA,NA,NA,NA,NA,0.745405388627482,NA,NA,NA,NA,NA,NA
1681,NA,NA,NA,NA,NA,NA,NA,NA,0.756332862547989,NA,NA,NA,NA,NA,NA
1682,NA,NA,NA,NA,NA,NA,NA,NA,0.913474074918683,NA,NA,NA,NA,NA,NA
1683,NA,NA,NA,NA,NA,NA,NA,NA,0.862909151759886,NA,NA,NA,NA,NA,NA
1684,NA,NA,NA,NA,NA,NA,NA,NA,0.99657038020807,NA,NA,NA,NA,NA,NA
1685,NA,NA,NA,NA,NA,NA,NA,NA,1.12566751946128,NA,NA,NA,NA,NA,NA
1686,NA,NA,NA,NA,NA,NA,NA,NA,1.04000598162156,NA,NA,NA,NA,NA,NA
1687,NA,NA,NA,NA,NA,NA,NA,NA,1.05715664831893,NA,NA,NA,NA,NA,NA
1688,NA,NA,NA,NA,NA,NA,NA,NA,0.958334344682387,NA,NA,NA,NA,NA,NA
1689,NA,NA,NA,NA,NA,NA,NA,NA,0.911794122244012,NA,NA,NA,NA,NA,NA
1690,NA,NA,NA,NA,NA,NA,NA,NA,0.879019492202339,NA,NA,NA,NA,NA,NA
1691,NA,NA,NA,NA,NA,NA,NA,NA,0.954567096234518,NA,NA,NA,NA,NA,NA
1692,NA,NA,NA,NA,NA,NA,NA,NA,1.01342253262339,NA,NA,NA,NA,NA,NA
1693,NA,NA,NA,NA,NA,NA,NA,NA,1.00005095883105,NA,NA,NA,NA,NA,NA
1694,NA,NA,NA,NA,NA,NA,NA,NA,0.954864608183716,NA,NA,NA,NA,NA,NA
1695,NA,NA,NA,NA,NA,NA,NA,NA,0.901949918054799,NA,NA,NA,NA,NA,NA
1696,NA,NA,NA,NA,NA,NA,NA,NA,0.871261268589147,NA,NA,NA,NA,NA,NA
1697,NA,NA,NA,NA,NA,NA,NA,NA,0.925657472868501,NA,NA,NA,NA,NA,NA
1698,NA,NA,NA,NA,NA,NA,NA,NA,1.04666719715865,NA,NA,NA,NA,NA,NA
1699,NA,NA,NA,NA,NA,NA,NA,NA,1.00698490544695,NA,NA,NA,NA,NA,NA
1700,NA,NA,NA,NA,NA,NA,NA,NA,1.0385620291862,NA,NA,NA,NA,NA,NA
1701,NA,NA,NA,NA,NA,NA,NA,NA,1.03936233064539,NA,NA,NA,NA,NA,NA
1702,NA,NA,NA,NA,NA,NA,NA,NA,1.04118572309908,NA,NA,NA,NA,NA,NA
1703,NA,NA,NA,NA,NA,NA,NA,NA,1.08054594254562,NA,NA,NA,NA,NA,NA
1704,NA,NA,NA,NA,NA,NA,0.950937761815972,NA,1.11746339879407,NA,NA,NA,NA,NA,NA
1705,NA,NA,NA,NA,NA,NA,0.862785688978588,NA,0.839030697738468,NA,NA,NA,NA,NA,NA
1706,NA,NA,NA,NA,NA,NA,0.862322664183929,NA,0.798236728682628,NA,NA,NA,NA,NA,NA
1707,NA,NA,NA,NA,NA,NA,1.21244511804226,NA,0.977341124435286,NA,NA,NA,NA,NA,NA
1708,NA,NA,NA,NA,NA,NA,1.05387801626656,0.996011162032459,0.854993604688996,NA,NA,NA,NA,NA,NA
1709,NA,NA,NA,NA,NA,NA,1.01270373184482,0.962858914994179,0.812322827491115,NA,NA,NA,NA,NA,NA
1710,NA,NA,NA,NA,NA,NA,0.924969914813416,1.00008589306821,0.946836838957922,NA,NA,NA,NA,NA,NA
1711,NA,NA,NA,NA,NA,NA,1.13597919440352,1.02251063056974,0.978585303170226,NA,NA,NA,NA,NA,NA
1712,NA,NA,NA,NA,NA,NA,1.12211968774489,1.0092401571053,1.000497313513,NA,NA,NA,NA,NA,NA
1713,NA,NA,NA,NA,NA,NA,1.09258268732215,0.980121085004059,0.987344999281929,NA,NA,NA,NA,NA,NA
1714,NA,NA,NA,NA,NA,NA,0.765427482678251,0.902149032366007,0.807020524642068,NA,NA,NA,NA,NA,NA
1715,NA,NA,NA,NA,NA,NA,0.986522105518282,0.930488741852127,0.896630537629195,NA,NA,NA,NA,NA,NA
1716,NA,NA,NA,NA,NA,NA,0.987158848539288,0.931533621647375,0.879166709772242,NA,NA,NA,NA,NA,NA
1717,NA,NA,NA,NA,NA,NA,0.864712166397159,0.951326627215408,0.939360214430632,NA,NA,NA,NA,NA,NA
1718,NA,NA,NA,NA,NA,NA,0.924781875068216,0.933349003410062,0.947598998598692,NA,NA,NA,NA,NA,NA
1719,NA,NA,NA,NA,NA,NA,0.892532027511366,0.917202397176135,0.931225606538073,NA,NA,NA,NA,NA,NA
1720,NA,NA,NA,NA,NA,NA,0.875084602671734,0.967923129088492,0.825492545295059,NA,NA,NA,NA,NA,NA
1721,NA,NA,NA,NA,NA,NA,1.09278382444701,1.05316146358384,0.947308009531445,NA,NA,NA,NA,NA,NA
1722,NA,NA,NA,NA,NA,NA,1.04068349134287,1.02807713908993,1.09734832717295,NA,NA,NA,NA,NA,NA
1723,NA,NA,NA,NA,NA,NA,0.827163911188695,0.946807854872745,1.06251200808428,NA,NA,NA,NA,NA,NA
1724,NA,NA,NA,NA,NA,NA,0.860867533196435,0.959919985335038,1.09205879300949,NA,NA,NA,NA,NA,NA
1725,NA,NA,NA,NA,NA,NA,0.982552492676044,1.03387545308739,1.04290447258761,NA,NA,NA,NA,NA,NA
1726,NA,NA,NA,NA,NA,NA,0.986599938025147,1.02898142227815,1.02267421860379,NA,NA,NA,NA,NA,NA
1727,NA,NA,NA,NA,NA,NA,0.933892539401642,0.994083884394538,0.927860910294683,NA,NA,NA,NA,NA,NA
1728,NA,NA,NA,NA,NA,NA,0.812416978423193,0.89367635442919,0.902641556497055,NA,NA,NA,NA,NA,NA
1729,NA,NA,NA,NA,NA,NA,0.943554621419257,0.967570768636498,0.930202172460412,NA,NA,NA,NA,NA,NA
1730,NA,NA,NA,NA,NA,NA,1.18860007043037,1.05330413503602,1.08207110115739,NA,NA,NA,NA,NA,NA
1731,NA,NA,NA,NA,NA,NA,1.03871607494858,1.0240706577646,0.97992052890069,NA,NA,NA,NA,NA,NA
1732,NA,NA,NA,NA,NA,NA,0.899796650857005,1.02083160266053,1.1199492024804,NA,NA,NA,NA,NA,NA
1733,NA,NA,NA,NA,NA,NA,0.911120830932598,0.980234574490888,1.09845552110756,NA,NA,NA,NA,NA,NA
1734,NA,NA,NA,NA,NA,NA,0.876577072223206,0.969937780336858,0.981691652708536,NA,NA,NA,NA,NA,NA
1735,NA,NA,NA,NA,NA,NA,1.08352277771368,1.02381969219855,1.12516685043789,NA,NA,NA,NA,NA,NA
1736,NA,NA,NA,NA,NA,NA,1.14752816005609,1.05939541361501,1.19646661562614,NA,NA,NA,NA,NA,NA
1737,NA,NA,NA,NA,NA,NA,0.891376058821359,0.913213853470236,0.89549904094044,NA,NA,NA,NA,NA,NA
1738,NA,NA,NA,NA,NA,NA,0.936951230697057,0.932946368494054,1.02486514320085,NA,NA,NA,NA,NA,NA
1739,NA,NA,NA,NA,NA,NA,1.01782595192849,0.979603549140396,0.986325927269606,NA,NA,NA,NA,NA,NA
1740,NA,NA,NA,NA,NA,NA,0.974240608256796,1.00137933829853,0.85760311446367,NA,NA,NA,NA,NA,NA
1741,NA,NA,NA,NA,NA,NA,0.743505458665589,0.917558317923879,0.796939897346639,NA,NA,NA,NA,NA,NA
1742,NA,NA,NA,NA,NA,NA,0.999541010769978,1.03761048054376,0.905263642379266,NA,NA,NA,NA,NA,NA
1743,NA,NA,NA,NA,NA,NA,1.00374437543321,1.09487126585893,0.846558464320573,NA,NA,NA,NA,NA,NA
1744,NA,NA,NA,NA,NA,NA,1.18201350134542,1.15219435194306,0.911363136495779,NA,NA,NA,NA,NA,NA
1745,NA,NA,NA,NA,NA,NA,1.08087833319843,1.04282098933512,0.883063623653659,NA,NA,NA,NA,NA,NA
1746,NA,NA,NA,0.920423070971791,NA,NA,0.848302304235862,0.965692733502538,0.863362724204053,NA,NA,NA,NA,NA,NA
1747,NA,NA,NA,1.05417948801468,NA,NA,0.822817567135878,0.952960253805016,0.795672539120368,NA,NA,NA,NA,NA,NA
1748,NA,NA,NA,0.923951009582836,NA,NA,1.00595732534315,1.0476075008339,0.926737238901886,NA,NA,NA,NA,NA,NA
1749,NA,NA,NA,1.04269543292295,NA,NA,1.07031720267781,1.03912813128135,0.840619528131196,NA,NA,NA,NA,NA,NA
1750,NA,NA,NA,1.06003274617418,NA,NA,1.1507965345513,1.14468722108233,1.01671051218931,NA,NA,NA,NA,NA,NA
1751,NA,NA,1.30102359556511,0.997992593489124,NA,NA,1.14465499783511,1.11662288713004,0.919599522387955,NA,NA,NA,NA,NA,NA
1752,NA,NA,1.27800130178868,1.13257382955767,NA,NA,1.08087300633841,1.10622877454757,1.03117624476196,NA,NA,NA,NA,NA,NA
1753,NA,NA,1.03643060535496,1.10019140513809,NA,NA,0.986871454652822,1.04907552891601,0.978233939192162,NA,NA,NA,NA,NA,NA
1754,NA,NA,0.908153178019764,0.938770996038184,NA,NA,0.983755489828576,1.02509793691369,1.02436164692605,NA,NA,NA,NA,NA,NA
1755,NA,NA,0.932344534451394,1.04126616627289,NA,NA,0.942260726914471,0.980850609767751,1.07026103776664,NA,NA,NA,NA,NA,NA
1756,NA,NA,0.445632878145718,0.844627156463725,NA,NA,0.951547808597355,0.962231895993201,0.985939762896501,NA,NA,NA,NA,NA,NA
1757,NA,NA,0.731324885875194,0.872124962359072,NA,NA,1.02287166171272,1.03541310850329,1.11216578487611,NA,NA,NA,NA,NA,NA
1758,NA,NA,0.85900246800872,1.00547372709754,NA,NA,1.06095744607894,1.08226795494814,1.09084032139401,NA,NA,NA,NA,NA,NA
1759,NA,NA,0.774426154842291,0.923916676901042,NA,NA,1.1196729131134,1.06462906822497,0.896725355198235,NA,NA,NA,NA,NA,NA
1760,NA,NA,0.697064185178889,0.866431582035384,NA,NA,1.11184613764678,1.04210597917966,0.962475023235629,NA,NA,NA,NA,NA,NA
1761,NA,NA,0.795023689555136,1.0651670573348,NA,NA,1.12033857736997,1.07638980066893,0.953348546912413,NA,NA,NA,NA,NA,NA
1762,NA,NA,0.984424282499938,1.07021108141567,NA,NA,1.12879094023538,1.07942524947486,1.07518142842535,NA,NA,NA,NA,NA,NA
1763,NA,NA,0.795880937363287,0.977334423551726,NA,NA,0.900674028037627,1.00857030089345,1.14093341146162,NA,NA,NA,NA,NA,NA
1764,NA,NA,0.894590779381179,0.780896114270518,NA,NA,0.719784830666373,0.903054848017449,1.08266955251176,NA,NA,NA,NA,NA,NA
1765,NA,NA,1.27372135260227,0.964871710992948,NA,NA,0.79460776848565,0.958721887489765,1.19752625301263,NA,NA,NA,NA,NA,NA
1766,NA,NA,1.33507319344248,1.03146449893894,NA,NA,1.0537586378682,1.03328133561715,1.27522962598592,NA,NA,NA,NA,NA,NA
1767,NA,NA,1.32373590606858,1.07272601418028,NA,NA,1.15415865045073,1.01473840004099,1.32785758744342,NA,NA,NA,NA,NA,NA
1768,NA,NA,1.29883559898249,0.86355243093008,NA,NA,1.01502286739951,0.990256298491011,1.17252808241519,NA,NA,NA,NA,NA,NA
1769,NA,NA,1.06722351044488,0.73149390072154,NA,NA,0.811000836487717,0.890129847966544,1.03668620649893,NA,NA,NA,NA,NA,NA
1770,NA,NA,0.93290211240179,0.841948142921242,NA,NA,0.829863096353109,0.92015846535287,1.07762465421002,NA,NA,NA,NA,NA,NA
1771,NA,NA,0.941335076982119,0.930884971528976,NA,NA,0.97546818068878,1.01122676237636,1.12223354003346,NA,NA,NA,NA,NA,NA
1772,NA,NA,1.08262245714936,1.01036795599155,NA,NA,1.11088591229702,1.10544786082141,1.00252717442191,NA,NA,NA,NA,NA,NA
1773,NA,NA,1.16243150620736,1.04174539946019,NA,NA,1.17592070631196,1.06595445957798,1.04278907080344,NA,NA,NA,NA,NA,NA
1774,NA,NA,1.36453611046239,1.13089148387072,NA,NA,1.24247272729758,1.10283266782448,1.08673813664764,NA,NA,NA,NA,NA,NA
1775,NA,NA,1.36057003269322,1.15841189042496,NA,NA,1.24524753422801,1.13578151232357,1.03746069318139,NA,NA,NA,NA,NA,NA
1776,1.22487543806436,NA,1.31377026631868,1.11561024366858,NA,NA,1.24282107179211,1.08487310837499,1.07701958542846,NA,NA,NA,NA,NA,NA
1777,0.955984942930339,1.07618805838391,1.22087098475619,1.18511451494301,NA,NA,1.21376016392309,1.11700805938717,1.01321295534318,NA,NA,NA,NA,NA,NA
1778,1.11784343128369,1.03674831887601,1.15550121045787,1.06086439205418,NA,NA,1.21642883497668,1.10679438798209,1.01404067381553,NA,NA,NA,NA,NA,NA
1779,0.967654577349937,1.01387463304526,0.969259122239085,0.951993050014398,NA,NA,1.10411668298457,1.0653047336895,0.985069301505211,NA,NA,NA,NA,NA,NA
1780,0.993548512429067,1.02302885436794,1.20558534683342,1.04094369322703,NA,NA,1.18301410079484,1.10506523392812,1.03262552681686,NA,NA,NA,NA,NA,NA
1781,1.03750027813778,0.99027921189972,1.0650103082672,0.923413183864333,NA,NA,0.938989427665552,0.838723776292778,0.847265263316407,NA,NA,NA,NA,NA,NA
1782,1.04033458891978,0.975820635796291,0.984088853391563,0.84081981907249,NA,NA,0.686153870705512,0.659683276387595,0.87487044521482,NA,NA,NA,NA,NA,NA
1783,1.01481064932532,0.83479260329479,0.998565882317897,0.978514115146047,NA,NA,0.818704724025842,0.738703054045952,0.880653251468322,NA,NA,NA,NA,NA,NA
1784,0.934377941621187,0.822633569273906,0.875075077331623,0.945119759105715,NA,NA,0.864485875214109,0.822212102779291,0.820501943757227,NA,NA,NA,NA,NA,NA
1785,1.01755057212649,1.01440153199448,0.728667388330001,0.981938389017498,NA,NA,0.849003284639904,0.913126245637119,0.903941975317654,NA,NA,NA,NA,NA,NA
1786,0.951128353294298,1.01004400515525,0.689665238338199,0.880231149825427,NA,NA,0.876642269114979,0.940264692653017,0.855901413594633,NA,NA,NA,NA,NA,NA
1787,1.00353845926894,1.01965730937844,0.958547999042691,1.21308318857901,NA,NA,1.12309916378815,1.03799822143392,1.00178714794494,NA,NA,NA,NA,NA,NA
1788,1.03638236930893,1.07763708769953,0.93605052171017,1.20750132416645,NA,NA,1.07400135878856,0.986568162798381,0.966394172192071,NA,NA,NA,NA,NA,NA
1789,1.08635651527036,1.12361216979217,1.14408370003998,1.19295883130644,NA,NA,1.06284107771508,0.994434208185036,1.26208620798441,NA,NA,NA,NA,NA,NA
1790,1.04839200927832,1.03444868843258,1.12491394944649,1.12981082230097,NA,NA,1.11743223950748,1.03247365503862,1.22408494684531,NA,NA,NA,NA,NA,NA
1791,1.0377690746701,1.01641517173284,1.15006687327046,1.14891483322654,NA,NA,1.10038415667623,1.03164085549492,1.21608953458221,NA,NA,NA,NA,NA,NA
1792,1.13839115987405,1.03500044896306,1.26250558241547,1.23410144243155,NA,NA,1.12198183785329,1.05486677634154,1.26884013158419,NA,NA,NA,NA,NA,NA
1793,1.09921037739504,1.07487466243397,1.11021504484193,1.23485620900024,NA,NA,1.16796639789214,1.09665246432181,1.20239154380263,NA,NA,NA,NA,NA,NA
1794,1.03365179752682,1.02618889340789,0.78296749582361,1.23126905168693,NA,NA,1.13288941733093,1.10390201921146,1.23487472577329,NA,NA,NA,NA,NA,NA
1795,1.05839539202323,1.04438441837091,1.06746182982628,1.18936666053787,NA,NA,1.26595502813134,1.14376588000726,1.22282415583828,NA,NA,NA,NA,NA,NA
1796,1.16529081392308,1.16438831914703,1.30361465017313,1.29856846366184,NA,NA,1.43331872733075,1.17427121164068,1.24846272819995,NA,NA,NA,NA,NA,NA
1797,1.08942378809071,1.0308876499245,1.0904236626908,1.15622277709093,NA,NA,1.32005950952607,1.05232222135457,1.1019589184875,NA,NA,NA,NA,NA,NA
1798,1.14147861945215,1.09634760187631,1.30176431451864,1.39965391802709,NA,NA,1.36452103508134,1.12233735540641,1.21769576265745,NA,NA,NA,NA,NA,NA
1799,1.10619341943073,1.13315804319433,1.31841864521636,1.30681316141878,NA,NA,1.39260205721972,1.13564630366077,1.26080018931241,NA,NA,NA,NA,NA,NA
1800,0.985578674292838,1.04460537443152,1.03967999600471,1.1497522896467,NA,NA,1.13986180175541,1.05453093996892,1.1012992784156,NA,NA,NA,NA,NA,NA
1801,1.1126851398654,1.23836125022817,1.24146776043326,1.32755385790711,NA,NA,1.1549546402224,1.05618369023743,1.1629577618881,NA,NA,NA,NA,NA,NA
1802,1.15672898152275,1.18412459712654,1.26708124100489,1.23854963257482,NA,NA,1.37505374319363,1.13085723834499,0.957931080280724,NA,NA,NA,NA,NA,NA
1803,1.06517228790034,1.04101153562334,1.0464950952596,1.06042914517369,NA,NA,1.11313375015974,1.03709788262793,0.897685651275765,NA,NA,NA,NA,NA,NA
1804,1.15894159789464,1.12278690948491,1.08308320670201,1.14590284968013,NA,NA,1.1614587136701,1.05768875906994,1.0807080452097,NA,NA,NA,NA,NA,NA
1805,1.14122201066814,1.12764449761887,1.1897585046551,1.27417557042014,NA,NA,1.31840800843494,1.13751120930752,1.06708580024991,NA,NA,NA,NA,NA,NA
1806,0.980430958257519,1.01565584356656,0.618522663316398,0.905889507475665,NA,NA,0.817754652819551,0.973990569561542,0.855488010786485,NA,NA,NA,NA,NA,NA
1807,1.02296114472672,1.04892297942229,0.662886457623701,0.896273417364893,NA,NA,0.766579991357639,0.976550944257045,0.988729266307546,NA,NA,NA,NA,NA,NA
1808,0.975576396363645,1.02743100134617,0.665763700020619,0.910925346279288,NA,NA,0.685429622163709,0.889936037783692,0.964682158041835,NA,NA,NA,NA,NA,NA
1809,0.974960252766132,1.09989897639328,0.695695104142643,0.972767029358777,NA,NA,0.699142308800071,0.876991543543484,0.963486331843622,NA,NA,NA,NA,NA,NA
1810,0.858809527785314,1.06708721007995,0.585476684930209,0.789297916015776,NA,NA,0.634249648300364,0.843922059750964,0.904645598672097,NA,NA,NA,NA,NA,NA
1811,0.762529772595942,0.910751267806295,0.572680817801649,0.609055094708642,NA,NA,0.688827369020837,0.885864513913555,0.954305762583765,NA,NA,NA,NA,NA,NA
1812,0.739179016692333,0.884122259308491,0.559460936126112,0.585013431810282,NA,NA,0.702527584990693,0.956876968598704,0.89209920360473,NA,NA,NA,NA,NA,NA
1813,0.843031434511558,0.849982398944127,0.447433919160568,0.671662023194152,NA,NA,0.965569985506522,1.04628893002565,1.0012287894225,NA,NA,NA,NA,NA,NA
1814,0.982538653000118,0.888175592004967,0.761674032752386,0.944280647039727,NA,NA,1.06957142339094,1.08082605643096,1.10119051862843,NA,NA,NA,NA,NA,NA
1815,0.891009270926816,0.890355448542467,0.639533423295047,0.934084556365617,NA,NA,0.787422535900953,0.96482387392538,0.918867468781664,NA,NA,NA,NA,NA,NA
1816,0.958644808693458,0.91004230259548,0.941501734452774,1.04160719275047,NA,NA,0.889721426362316,0.989780204440574,1.06189072562229,NA,NA,NA,NA,NA,NA
1817,0.934666601714635,0.845811203275783,0.870889906055719,1.0173391361719,NA,NA,0.871866891656274,0.962045356562434,1.12926891763141,NA,NA,NA,NA,NA,NA
1818,0.871428744385244,0.897299738011689,0.910132608454345,1.08930207802269,NA,NA,0.882669415851555,0.968470233469111,1.12700371244421,NA,NA,NA,NA,NA,NA
1819,1.07282915162693,0.967334527740099,1.19640711761349,1.20090713479388,NA,NA,1.17588425327272,1.03432280330112,1.24786673488099,NA,NA,NA,NA,NA,NA
1820,1.25266123197896,1.05592537393397,1.38379052993046,1.29149312989628,NA,NA,1.15707176655505,0.969581625325572,1.10824135217649,NA,NA,NA,NA,NA,NA
1821,1.15047012612516,1.11860398931402,1.42630559569578,1.07464241339699,NA,NA,1.12357381424009,1.01625222807835,1.00841377824999,NA,NA,NA,NA,NA,NA
1822,1.17403029382426,1.16067689593489,1.41966642297915,1.04039699076168,NA,NA,0.760743746515664,0.921838626546054,0.942287502743073,NA,NA,NA,NA,NA,NA
1823,1.12871862409618,1.17231477778761,1.73976018179157,1.28819702236085,NA,NA,1.10458814103203,1.05950740486232,1.11159802679835,NA,NA,NA,NA,NA,NA
1824,1.18258477314703,1.06755960523739,1.44544453997193,1.19644628816058,NA,NA,1.19644139529864,1.07852815257536,1.03267239307376,NA,NA,NA,NA,NA,NA
1825,0.976887765277768,0.983343801854737,1.25503520696591,1.0468591430518,NA,NA,0.870688922781149,0.963219287523969,0.830309849120687,NA,NA,NA,NA,NA,NA
1826,0.986711191643663,1.06858850237446,1.39175133152514,1.19153841101715,NA,NA,0.910257187631756,0.99693389140895,1.00674883891209,NA,NA,NA,NA,NA,NA
1827,0.95689952327245,1.03646046696255,1.28127366767182,1.18458094395201,NA,NA,1.15257311832857,1.06705396139793,0.989733256204897,NA,NA,NA,NA,NA,NA
1828,0.863744268329012,1.04951700870565,1.25191853950994,1.24954001738833,NA,NA,1.09583292115208,1.01941684999967,0.92809585662483,NA,NA,NA,NA,NA,NA
1829,0.892706928386803,0.860567945656984,1.02924943317839,1.0310491490129,NA,NA,1.01854609197066,1.03267791673544,0.922527039215637,NA,NA,NA,NA,NA,NA
1830,0.866564262866399,0.835211763716528,0.803446523130192,0.954513212593588,NA,NA,1.00293593295062,0.98897664311077,0.841100449713032,NA,NA,NA,NA,NA,NA
1831,0.843737208578268,0.830322659456317,1.05667614422538,1.08614554332989,NA,NA,1.16425483733489,1.0671324408111,1.00094681387331,NA,NA,NA,NA,NA,NA
1832,0.877895439324589,0.968125223194228,0.961782624563075,1.22150441119568,NA,NA,1.1076586275319,1.0178171492406,0.832548760446384,NA,NA,NA,NA,NA,NA
1833,0.970114266474307,0.964852923524649,0.834575734797968,1.00926150314239,NA,NA,1.0705933386203,0.965327662023255,0.893308070491336,NA,NA,NA,NA,NA,NA
1834,1.01741639537353,1.01874370345477,0.862470348736224,0.935840897523936,NA,NA,1.02343739805589,0.964363873621033,0.947590193298427,NA,NA,NA,NA,NA,NA
1835,1.02974276000163,1.05384251050998,0.651457877371176,0.660739523883665,NA,NA,0.859062603142947,0.925216823795658,0.872521042262684,NA,NA,NA,NA,NA,NA
1836,1.12212777698364,1.22309837785076,0.726792017409666,0.665365764372664,NA,NA,0.817240556106122,0.966062151130253,0.962797077050141,NA,NA,NA,NA,NA,NA
1837,0.844510847474554,0.899646821839798,0.452129560635552,0.6506067907158,NA,NA,0.669243338176659,0.857487749911215,0.672675393538445,NA,NA,NA,NA,NA,NA
1838,1.01486673891489,1.05703711668276,0.471093297219009,0.763034070889514,NA,NA,0.78472463707317,0.930855842091402,0.871859196283319,NA,NA,NA,NA,NA,NA
1839,1.0044396838448,1.17460676699479,0.524820206482146,0.716187057866644,NA,NA,0.892363143212945,1.05665797602733,0.806444906889733,NA,NA,NA,NA,NA,NA
1840,0.966098852381295,1.22314529997718,0.700835455044119,0.773039425291322,NA,NA,1.08489776411529,1.13682877547319,0.951029358370924,NA,NA,NA,NA,NA,NA
1841,0.976351565027097,1.13770469273874,1.16444893180319,1.07687605030681,NA,NA,1.20225452422939,1.1694647615732,1.01202967866486,NA,NA,NA,NA,NA,NA
1842,0.96192926835864,1.0294417929839,1.30964987492478,1.01208996916836,NA,NA,0.987648956505584,1.1038297096586,0.974948195331509,NA,NA,NA,NA,NA,NA
1843,1.04516331396135,1.12864178814583,1.24526255115795,1.01817009621256,NA,NA,0.943241936445891,0.984078843263598,1.0788559773618,NA,NA,NA,NA,NA,NA
1844,1.1802226615521,1.15147480073135,1.53899676654671,1.3588136879703,NA,NA,0.875695769259307,1.05049783475789,1.12633781585192,NA,NA,NA,NA,NA,NA
1845,1.06335540025492,1.09264914877368,1.43909023154664,1.22269509396202,NA,NA,0.998626419632468,1.0473921390713,1.26500700966368,NA,NA,NA,NA,NA,NA
1846,1.08714636132445,1.17180599796142,1.67713943404467,1.20857087398222,NA,NA,1.04171875189357,1.05662212022923,1.26827497101002,NA,NA,NA,NA,NA,NA
1847,0.985962491193772,1.09238998322675,1.6494969647348,1.40837628828147,NA,NA,0.982464639281078,1.01736188879295,1.29070856664831,NA,NA,NA,NA,NA,NA
1848,0.897213432077566,0.964965278308724,1.04021291397985,1.03363942148307,NA,NA,0.888414479512639,0.94755393349546,1.17283467033055,NA,NA,NA,NA,NA,NA
1849,0.96875095201992,0.960487990984906,1.13622643061194,1.1140727169983,NA,NA,0.95663078460813,1.00797870053855,1.20914984554861,NA,NA,NA,NA,NA,NA
1850,0.909413975917359,0.824112143007321,0.901720915742556,0.960940994057328,NA,NA,0.826054183014742,0.935667383627188,1.09151757872334,NA,NA,NA,NA,NA,NA
1851,1.03612776914266,0.880314316569217,1.18336059808814,1.02181212119828,NA,NA,1.04535319119617,0.942755397726013,1.14648810022131,NA,NA,NA,NA,NA,NA
1852,1.07645801248181,1.00437040340623,1.13744806428108,1.17724579251778,NA,NA,1.10994204397578,1.00398332365713,1.24474087446092,NA,NA,NA,NA,NA,NA
1853,1.00434110670593,0.912636751861443,0.979917600017338,1.13444886893254,NA,NA,0.995400010723788,0.997850541267174,1.17779072477249,NA,NA,NA,NA,NA,NA
1854,1.05927481062456,0.962415750076829,1.09058549454601,1.02098934121216,NA,NA,0.902123820827442,0.969617080934454,1.16203365863758,NA,NA,NA,NA,NA,NA
1855,1.04747706164306,0.915342546321699,0.876109526639563,0.935729919029255,NA,NA,0.782627387264818,0.922698356732616,1.0465989480989,NA,NA,NA,NA,NA,NA
1856,0.923589411713296,0.832053438622415,0.721409960658232,0.57048151869597,NA,NA,0.913281533969647,0.941530328548917,0.953387474348856,NA,NA,NA,NA,NA,NA
1857,0.888444784658972,0.682468901521153,0.457310142600881,0.438437647372918,NA,NA,0.829936285629367,0.854305052896344,0.652325715624183,NA,NA,NA,NA,NA,NA
1858,1.05291797787821,0.773043766617619,0.660591374875417,0.72411814308547,NA,NA,1.09879735213244,1.07121801837133,0.859992765431686,NA,NA,NA,NA,NA,NA
1859,1.02182399041546,0.874640798981113,0.73575925339702,0.915776816098148,NA,NA,0.99047103374704,1.07560720515114,0.888232359081049,NA,NA,NA,NA,NA,NA
1860,1.10313613684597,1.08052035168444,0.792966640041703,0.705917509843183,NA,NA,1.0000703769512,1.05012989203849,0.968240040834204,NA,NA,NA,NA,NA,NA
1861,1.07149796973234,1.02754153727082,1.10111130759161,0.772944201105819,NA,NA,1.1765989358339,1.09690833382701,0.97363685886298,NA,NA,NA,NA,NA,NA
1862,0.936510371417314,0.976788756806668,1.10054496372567,1.12932945477828,NA,NA,0.798251908887855,0.933842114360554,0.877850676407267,NA,NA,NA,NA,NA,NA
1863,0.872808694148249,0.884564968540347,0.990298016022107,1.01983896493146,NA,NA,0.736699844073921,0.89299644762833,0.898351677952251,NA,NA,NA,NA,NA,NA
1864,0.869611801526452,0.757238711429165,0.873381490072283,0.874603184011489,NA,NA,0.984829869160875,0.962518049179238,0.955265227618753,NA,NA,NA,NA,NA,NA
1865,0.810947954732972,0.727987925018748,0.544784945583939,0.553647581409248,NA,NA,0.918923349922989,0.978983608011424,0.822399854381977,NA,NA,NA,NA,NA,NA
1866,0.867678747317981,0.803247623215824,0.626393134548148,0.584958225123673,NA,NA,0.96777970498336,0.959485450146422,0.873701422764779,NA,NA,NA,NA,NA,NA
1867,0.927314516907387,0.82902747435913,0.333886530661309,0.405427060152283,NA,NA,0.889730036801509,0.976239547081967,0.839428071623052,NA,NA,NA,NA,NA,NA
1868,0.804706881286022,0.696800810101049,0.182606618428425,0.296362244528102,NA,NA,0.698566156094378,0.832971950291684,0.762300356960237,NA,NA,NA,NA,NA,NA
1869,0.953629026721054,0.914830206713239,0.434992145922232,0.296646446816648,NA,NA,0.901389678992776,0.938918997016861,0.959854499665219,NA,NA,NA,NA,NA,NA
1870,1.05366415075425,1.00343616307783,0.670245370295256,0.824545844356147,NA,NA,1.02495972031444,1.01022901354352,1.08078880751562,NA,NA,NA,NA,NA,NA
1871,1.05552854222162,1.05857487596993,0.982778969117412,0.95120218336941,NA,NA,1.09302766739288,1.03751135396477,1.11208710016867,NA,NA,NA,NA,NA,NA
1872,1.08930298709999,1.06395381345032,1.39751750019207,1.08897308179267,NA,NA,1.11783515760328,1.05532489179221,1.22650173678011,NA,NA,NA,NA,NA,NA
1873,1.10370066665775,0.975793901233189,1.19181101941369,0.934975171223285,NA,NA,1.16482842077439,1.04096517437676,1.36830128206746,NA,NA,NA,NA,NA,NA
1874,0.99600604547975,0.905167973243003,0.651566467523896,0.407080576468067,NA,NA,0.851454738684651,0.933316965061693,1.10699379938437,NA,NA,NA,NA,NA,NA
1875,1.00523106344489,0.967664410148879,0.809018366770227,0.694845410763755,NA,NA,0.884748153052213,0.925991424465394,1.18219915459011,NA,NA,NA,NA,NA,NA
1876,1.13150535865319,1.0184454553036,1.27423408937964,0.95137098882993,NA,NA,1.35830275791892,1.06221382429943,1.22808516518576,NA,NA,NA,NA,NA,NA
1877,1.10642807470262,0.88788891742331,1.20708157586443,0.718060735257108,NA,NA,1.40215925552606,1.02746171192218,0.930176208511252,NA,NA,NA,NA,NA,NA
1878,1.02585985541088,0.831902090387711,1.23800349479048,0.916457678342998,NA,NA,1.49540551919201,1.06108438516498,1.05755511724522,NA,NA,NA,NA,NA,NA
1879,1.04212374361477,0.86298540388355,1.27900913125753,0.966042336092799,NA,NA,1.52947865446375,1.12590963885858,1.05566209357103,NA,NA,NA,NA,NA,NA
1880,0.954797649492526,0.750786652713222,1.0656611916418,0.914954451549908,NA,NA,1.06802734772954,1.04259614265756,0.990816940979881,NA,NA,NA,NA,NA,NA
1881,0.952897709823576,0.76839009448616,0.787918195946299,0.738477208288961,NA,NA,0.85657856985199,0.966370339767041,0.939959463671626,NA,NA,NA,NA,NA,NA
1882,1.1028072122573,0.84393317113297,1.28332940058215,0.930048772873537,NA,NA,0.93165325921793,1.00537316068387,0.873248509709132,NA,NA,NA,NA,NA,NA
1883,1.03025157979834,0.910522744477675,1.32294250520293,1.06795507123196,NA,NA,1.03627404191808,1.03432935407929,1.01157668913955,NA,NA,NA,NA,NA,NA
1884,0.999126650149958,0.957295344612643,1.31033736574904,1.30449067074643,NA,NA,1.0102306939244,1.05328850589456,0.915857288441361,NA,NA,NA,NA,NA,NA
1885,0.778594224527103,0.653072111168454,0.578531623086118,0.484724815346157,NA,NA,0.597861881130314,0.822668302741019,0.691888481095956,NA,NA,NA,NA,NA,NA
1886,0.860715904172561,0.663201799085517,0.821281074916549,0.835739695652143,NA,NA,0.694835955814998,0.803245972998297,0.720215958453295,NA,NA,NA,NA,NA,NA
1887,0.949779645019758,0.829562078520698,0.806639522609798,0.834351565355163,NA,NA,0.71001224485984,0.894885544109129,0.793304609704528,NA,NA,NA,NA,NA,NA
1888,0.977088154434693,0.82012379467952,0.680966975473063,0.904728099561805,NA,NA,0.827566083634624,0.942508503928776,0.760984704332361,NA,NA,NA,NA,NA,NA
1889,1.07404696039653,0.880277292538914,0.942996581931008,1.04346551892443,NA,NA,0.927613193567935,0.931427601577637,0.773473930707349,NA,NA,NA,NA,NA,NA
1890,1.08721559274127,1.06836880900188,1.03594631052125,1.05568045738731,NA,NA,1.03426415841305,1.04315445854546,0.927870508993392,NA,NA,NA,NA,NA,NA
1891,1.06153146224899,1.04399961954764,0.902880381887908,0.882363799735932,NA,NA,0.9597637240254,0.981287758957988,0.888288419583078,NA,NA,NA,NA,NA,NA
1892,0.853139832521804,0.845835724759258,0.602232280715744,0.826450289189832,NA,NA,0.806590623424389,0.929937503336088,0.870595746097343,NA,NA,NA,NA,NA,NA
1893,0.839348810981523,0.909427634059587,0.570308612814216,0.786208221458546,NA,NA,0.794919291068932,0.922395284936506,0.77536851891506,NA,NA,NA,NA,NA,NA
1894,0.902742006568378,0.973068052285794,0.770066643622801,0.926958089138392,NA,NA,0.991911036205284,1.05772959758679,0.914319969588105,NA,NA,NA,NA,NA,NA
1895,1.06865219782994,1.17138725623063,1.11599133507138,1.24439533711218,NA,NA,1.20391358282405,1.15841031564716,1.0594475264278,NA,NA,NA,NA,NA,NA
1896,1.05261498604482,1.07323565153598,0.918922286442116,1.21878158592562,NA,NA,1.0495331919572,1.08702025524971,0.987853503212218,NA,NA,NA,NA,NA,NA
1897,1.03197863533425,1.0712758644725,0.892914520098149,1.09365600487405,NA,NA,0.945412867694287,0.980369359192874,1.05198825012158,NA,NA,NA,NA,NA,NA
1898,1.06933400122821,1.16022354038725,0.939403765579171,0.980099120963489,NA,NA,1.01499102812925,1.00478539617286,1.06616928485624,NA,NA,NA,NA,NA,NA
1899,0.919113135854677,0.864598847748965,0.736261895086115,0.735105993565155,NA,NA,0.860351517651623,0.944943002223947,0.913120118751338,NA,NA,NA,NA,NA,NA
1900,0.78998832575045,0.68814474017319,0.4311748077272,0.592473313791487,NA,NA,0.64158065521789,0.799672425583437,0.770795359253061,NA,NA,NA,NA,NA,NA
1901,0.724764325307621,0.839574017568439,0.621781234012084,0.688491733019943,NA,NA,0.734494599305783,0.81532083599124,0.772787417285652,NA,NA,NA,NA,NA,NA
1902,0.754704282440709,0.695375975038247,0.635102136702604,0.843098656314988,NA,NA,0.720908033489106,0.903786480628596,0.723710985429089,NA,NA,NA,NA,NA,NA
1903,0.682375479397394,0.610156082370146,0.496512396842314,0.614021418753641,NA,NA,0.706927731505957,0.817187138935335,0.577852844792679,NA,NA,NA,NA,NA,NA
1904,0.81644032351972,0.788945210979341,0.794513627007431,0.888904469680131,NA,NA,1.02146205700673,0.962247185520722,0.752558031695512,NA,NA,NA,NA,NA,NA
1905,0.917937406225606,0.959884512721147,0.867550546751919,0.886609895526456,NA,NA,1.10363015356909,1.0545176969632,0.880759371441585,NA,NA,NA,NA,NA,NA
1906,0.93514156977752,0.939830309674508,0.971680078301221,0.900181910017937,NA,NA,1.13860011937709,1.10404849396391,0.866120026624505,NA,NA,NA,NA,NA,NA
1907,0.852091963573544,0.866246999113821,1.00375810817983,0.797056943285834,NA,NA,1.21165291703292,1.07319711342074,0.850809793533616,NA,NA,NA,NA,NA,NA
1908,0.93959808199144,1.01249757266124,0.886762514687899,1.01137155769573,NA,NA,1.15755461848435,1.06107212186323,0.915248461191484,NA,NA,NA,NA,NA,NA
1909,0.781219212511968,0.928724238923735,0.69609201670673,0.674381777031216,NA,NA,0.967938552903702,0.956023056718021,0.799332852583793,NA,NA,NA,NA,NA,NA
1910,0.869591676119532,0.980876661611648,0.760448634652595,1.07063510963987,NA,NA,0.926899027311472,0.944586289690489,0.937775076987645,NA,NA,NA,NA,NA,NA
1911,0.888419840653409,1.0182523098717,0.693626050050162,0.933468492219368,NA,NA,1.04815345593085,0.945747275429558,0.862097776700918,NA,NA,NA,NA,NA,NA
1912,1.04924810302141,1.19889254920616,1.03869931286496,1.14776198417982,NA,NA,1.2487992682276,1.0246606103777,1.02487517677235,NA,NA,NA,NA,NA,NA
1913,1.02998234165072,1.05179070270271,1.40500669390251,0.997976495583859,NA,NA,1.02203029671241,0.968839130194682,0.977448087711874,NA,NA,NA,NA,NA,NA
1914,1.06232739656255,1.08028070051749,1.6242828297515,1.08354841877874,NA,NA,1.11465540394492,0.966020402373023,1.16175236023996,NA,NA,NA,NA,NA,NA
1915,1.10144723781675,1.09318959607124,1.26809016501379,0.951893156190668,NA,NA,1.16660235860963,1.00140511376147,1.05149076002399,NA,NA,NA,NA,NA,NA
1916,1.18996185000209,1.07684471705863,1.15706341883668,0.89166157090349,NA,NA,1.26189890766685,1.01654999645477,1.20825895726331,NA,NA,NA,NA,NA,NA
1917,1.11005971261564,1.12739934317007,0.953315549862824,0.904074237709672,NA,NA,1.17742543269166,1.02118740351092,1.20031477093932,NA,NA,NA,NA,NA,NA
1918,1.12417414044163,1.08326621713605,1.00686256085258,0.9442804942151,NA,NA,1.12834490993784,1.02246197411089,1.16592160397702,NA,NA,NA,NA,NA,NA
1919,1.04300701450403,1.0620448866414,1.32654015587976,1.13750345382125,NA,NA,1.19630119699836,1.03036933306112,1.2213587404993,NA,NA,NA,NA,NA,NA
1920,1.16688363801024,1.05049723840694,1.26769594646898,1.03017413466817,NA,NA,0.979909849009683,0.985243951807502,1.06992921452582,NA,NA,NA,NA,NA,NA
1921,1.11488907404148,1.27071839045429,1.24659709891019,1.18459728890524,NA,NA,0.86944921835409,0.994168045868116,1.02177891901211,NA,NA,NA,NA,NA,NA
1922,1.1088719320666,1.33167866324473,1.38515867498135,1.10645619045735,NA,NA,0.982102869573028,1.02756660339624,1.19412848471134,NA,NA,NA,NA,NA,NA
1923,0.875504920214908,1.05591799837538,1.08372928422766,0.889809551125852,NA,NA,0.737859101530923,0.917092200048771,1.05053397276779,NA,NA,NA,NA,NA,NA
1924,1.00146938149392,1.12499052438263,1.26039202936726,1.08951469027577,NA,NA,0.847720325170768,0.965497085082594,1.15366237197725,NA,NA,NA,NA,NA,NA
1925,1.02246610082308,1.15861420007531,1.02858681690584,1.06399452019458,NA,NA,0.942558747216154,0.999104436676371,1.22946104403673,NA,NA,NA,NA,NA,NA
1926,1.02423112631578,1.15276796951955,1.05862669627171,1.17940098268805,NA,NA,0.909772029535077,0.963520702427165,1.08596017361466,NA,NA,NA,NA,NA,NA
1927,1.07176081617997,1.29386025396816,1.58474871942308,1.3346696510373,NA,NA,1.08576904067395,1.00156109901742,1.13940220488648,NA,NA,NA,NA,NA,NA
1928,0.92980065136442,1.04400053322541,1.2726425370315,1.20308944528806,NA,NA,0.851464306746766,0.937967148470602,1.02196675054137,NA,NA,NA,NA,NA,NA
1929,0.93128813761877,1.08576273042822,0.903968859191577,1.13991168838229,NA,NA,0.77200347422283,0.913161532855833,0.995460421577547,NA,NA,NA,NA,NA,NA
1930,1.11154202931348,1.29625870294854,1.33432822477647,1.38316652047879,NA,NA,1.07052787442434,1.03081417920629,1.16530393371637,NA,NA,NA,NA,NA,NA
1931,1.02281822875576,1.19549611639102,1.05208311008229,1.37158632419614,NA,NA,1.03274385874465,0.994663127714742,1.09770448196932,NA,NA,NA,NA,NA,NA
1932,0.88235851374526,1.22577318030517,1.04053509767606,1.15179301352709,NA,NA,0.938609105367451,0.921908524397085,1.04201861505359,NA,NA,NA,NA,NA,NA
1933,0.86465638222428,1.21654583962879,1.12057339907228,1.11842933438867,NA,NA,0.916721983900662,0.958075387284468,1.04589464265453,NA,NA,NA,NA,NA,NA
1934,1.10082164128415,1.33926763707424,1.51279564210339,1.1561828948933,NA,NA,1.04601662666388,1.02137935591704,1.14243429048372,NA,NA,NA,NA,NA,NA
1935,0.94506461653586,1.12738158693275,1.13793962824945,1.10271615078371,NA,NA,0.832039472345312,0.884171986631032,1.06127491887056,NA,NA,NA,NA,NA,NA
1936,0.957417668280659,1.15593051697913,1.12690366864883,1.08965580215444,NA,NA,0.84600019972467,0.872043103601285,1.14058161258495,NA,NA,NA,NA,NA,NA
1937,1.03124896274903,1.15049936319581,1.25985314022496,1.33574635142388,NA,NA,1.09752085840627,1.09366904511444,1.18530731893694,NA,NA,NA,NA,NA,NA
1938,0.970744961121584,1.11503895265435,1.26789409377383,1.32445669550528,NA,NA,1.04047868072311,1.05103939204582,1.24783743513596,NA,NA,NA,NA,NA,NA
1939,0.971898598714407,1.09620568499107,1.17228459883485,1.18110404470282,NA,NA,1.00034607715115,0.955282835721435,1.18967781770586,NA,NA,NA,NA,NA,NA
1940,0.939491059027764,1.11708184319119,0.937198479543449,1.18776595091968,NA,NA,0.979937425729532,0.961241341855009,1.06488955859973,NA,NA,NA,NA,NA,NA
1941,1.07425231195559,1.24417204451859,1.32816581416366,1.44656887186524,NA,NA,1.28125033776574,1.09287729718018,1.31302689535099,NA,NA,NA,NA,NA,NA
1942,0.880740656756219,1.03266108315115,0.988688123950787,1.15432039769004,NA,NA,1.14917612299449,0.963463772686563,1.1593912596646,NA,NA,NA,NA,NA,NA
1943,0.986965272207243,1.14346399605146,1.29872761141857,1.27661698210781,NA,NA,1.15036958877917,0.964570597232075,1.23256986555584,NA,NA,NA,NA,NA,NA
1944,1.02938606642946,1.07274633673168,1.27940801524787,1.15872021891121,NA,NA,1.13344586673286,1.0333438918649,1.15831880535324,NA,NA,NA,NA,NA,NA
1945,1.0970206175802,1.18973240389662,1.24152826585499,1.26271341513772,NA,NA,1.0066056024294,1.02693332021577,1.01700141697964,NA,NA,NA,NA,NA,NA
1946,1.00049815565772,1.11910303063118,1.01647754811382,1.18141579159387,NA,NA,1.059235318579,1.01629168292094,1.06230683914492,NA,NA,NA,NA,NA,NA
1947,0.951919648808249,1.01315052820305,1.03611683691332,1.17892756183406,NA,NA,0.88146527469373,0.973769820350394,1.08756036834171,NA,NA,NA,NA,NA,NA
1948,0.980785760643896,1.1296823431906,1.22000900346057,1.17646949124108,NA,NA,0.882371354569677,0.99763469438184,0.869131283086126,NA,NA,NA,NA,NA,NA
1949,1.09641492364513,1.06769505015464,1.29251090598898,1.31697810178735,NA,NA,1.13005162313371,1.10587278905686,0.932751365693334,NA,NA,NA,NA,NA,NA
1950,1.20715795658095,1.31795421344654,1.22748189360287,1.31428584689215,NA,NA,1.18537677735581,1.12726445099452,0.986917098873523,NA,NA,NA,NA,NA,NA
1951,1.03579310920705,1.08801653694692,1.12227908745545,1.20459482299087,NA,NA,1.10399716030801,1.09927851044862,0.940850565521401,NA,NA,NA,NA,NA,NA
1952,1.00025642682984,1.13798643782993,1.06245096506257,1.04230354548595,NA,NA,0.873190629828194,1.03892873895654,0.901180665315591,NA,NA,NA,NA,NA,NA
1953,1.07178674377223,1.12035152591202,1.14959324071007,1.14652158969585,NA,NA,1.18902047166602,1.12256883119097,1.05975125988528,NA,NA,NA,NA,NA,NA
1954,1.11434310809138,1.16814591761993,1.32369711422803,1.1887634534026,NA,NA,1.31417905408923,1.15390583630405,1.09885119249469,NA,NA,NA,NA,NA,NA
1955,0.877536744475409,0.871965062265003,0.883026078636112,0.938684535115333,NA,NA,0.835849208760349,0.967762434748645,0.896078308706261,NA,NA,NA,NA,NA,NA
1956,0.897786899334389,0.877097153160425,0.769092204176823,0.981537852845838,NA,NA,0.794079307170605,0.918387942393965,0.958792197961459,NA,NA,NA,NA,NA,NA
1957,1.03011605434815,0.88795995725472,0.914372706055167,1.14664034462966,NA,NA,0.963302647945845,1.05606148299931,0.916027220493775,NA,NA,NA,NA,NA,NA
1958,1.02041583474395,0.839268985526709,0.825704306686594,1.00962405930977,NA,NA,1.10219718907719,1.00888053255052,0.813085463096936,NA,NA,NA,NA,NA,NA
1959,0.823546321383816,0.705825222550806,0.743936772971846,0.920010865277045,NA,NA,0.905027588598907,1.00102936793824,0.499940487535433,NA,NA,NA,NA,NA,NA
1960,1.04234117159495,0.935389032811613,0.965411597031189,1.03638063391542,NA,NA,1.10445963100781,1.05587900758335,0.558410700109453,NA,NA,NA,NA,NA,NA
1961,1.03275175763814,0.884817484750496,0.912053209914436,1.0039476175989,NA,NA,0.955568010066312,1.02941654774859,0.858508389711042,NA,NA,NA,NA,NA,NA
1962,0.932612994843505,0.860632179192401,0.706356600544219,0.914874296974773,NA,NA,0.827881462093784,0.924571464874609,0.802553682533587,NA,NA,NA,NA,NA,NA
1963,1.04423416427572,0.900231251263726,0.753939783428997,0.968701749455911,NA,NA,0.933546566556501,0.971288353837661,0.81987631663597,NA,NA,NA,NA,NA,NA
1964,0.986258640950335,0.865030394282562,0.983680096169829,0.998414870970988,NA,NA,1.10901805882023,1.02441877348425,0.877925336122271,NA,NA,NA,NA,NA,NA
1965,0.928095343288241,0.74733942229309,0.667955213934687,0.784959698591824,NA,NA,0.89789241262047,0.939939586489944,0.821136438440159,NA,NA,NA,NA,NA,NA
1966,0.964573273594123,0.897835488517193,0.704644010108678,0.755592417465448,NA,NA,0.948576535218384,0.946910475254911,0.869854064728016,NA,NA,NA,NA,NA,NA
1967,0.849392342018269,0.716337742778187,0.589560356671815,0.661932776200097,NA,NA,0.873509731077596,0.929780027942063,0.781004805651125,NA,NA,NA,NA,NA,NA
1968,0.929636720318765,0.831850973680676,0.666759238668059,0.73848135587795,NA,NA,0.974292503991364,0.976766963839854,0.886977790626679,NA,NA,NA,NA,NA,NA
1969,0.971943833380415,0.968928677545524,0.907659625406832,0.868373120539161,NA,NA,1.14400675220621,1.0214180201111,0.856850698628916,NA,NA,NA,NA,NA,NA
1970,1.03800748446835,0.97792721214557,1.15628304792957,1.04668687875635,NA,NA,1.35951087360641,1.11011994524982,1.00146725309456,NA,NA,NA,NA,NA,NA
1971,0.961312369043852,0.899354430444284,1.0498618713769,1.06359620674431,NA,NA,1.03392653285726,1.04524232413016,1.09173771147796,NA,NA,NA,NA,NA,NA
1972,1.09379338992544,1.05039152032438,1.18288117738222,1.08909026223016,NA,NA,1.13794833041753,1.07775715320653,1.04258557512605,NA,NA,NA,NA,NA,NA
1973,0.968162679005597,0.945343801059763,1.10690300223331,1.05056007422999,NA,NA,0.955549081703416,1.07898280532368,0.980832738359275,NA,NA,NA,NA,NA,NA
1974,0.919985866250077,0.874608472679151,0.894355607080933,0.960283200652963,NA,NA,0.906387372091826,0.998847537791421,0.911918125979475,NA,NA,NA,NA,NA,NA
1975,0.880960530949983,0.795115426826207,0.700934159326012,0.771143543428111,NA,NA,0.969622926921872,0.98980165533821,0.739473269447174,NA,NA,NA,NA,NA,NA
1976,0.975431988432667,0.957885863715704,0.676064454773802,0.728146555891951,NA,NA,1.01713113993167,0.969265454233368,0.817547640752152,NA,NA,NA,NA,NA,NA
1977,1.06719472789479,0.957019083762568,0.860485205391082,0.879431598143578,NA,NA,1.1915766987339,0.981446307273954,0.894518360250441,NA,NA,NA,NA,NA,NA
1978,0.976389990926546,0.909873273780539,0.995895465565685,0.842928500830724,NA,NA,1.07401468814091,0.982571189831913,0.957807582510384,NA,NA,NA,NA,NA,NA
1979,0.959224241820718,0.91434865540752,0.964877665510724,0.962199732089344,NA,NA,1.09612003623696,0.989075327041368,1.21070027063665,NA,NA,NA,NA,NA,NA
1980,1.07869330990608,1.03400919035234,1.27667948748977,1.06513386888054,NA,NA,1.18604708867899,1.0432066349821,1.31180832418547,NA,NA,NA,NA,NA,NA
1981,0.966094200046325,0.917936869679477,0.890774128502382,0.789279253451287,NA,NA,1.01115145985364,1.01676523557783,1.09471005771485,NA,NA,NA,NA,NA,NA
1982,0.948530953868768,0.827470352036771,0.780222867850038,0.720644318901632,NA,NA,0.859779716819431,0.939332574400165,1.04815244442702,NA,NA,NA,NA,NA,NA
1983,1.01260716387183,0.956745207601283,0.9930633221714,0.881587885356228,NA,NA,0.940900206989945,1.00921292369111,1.28739383420193,NA,NA,NA,NA,NA,NA
1984,1.11917537177293,1.06896305873127,0.972314038777163,0.943843860640144,NA,NA,1.01442413269202,1.04359533549231,1.29250363927773,NA,NA,NA,NA,NA,NA
1985,1.26692204933247,1.23722158953125,1.45991973720023,1.12436560404399,NA,NA,1.22953890054703,1.14241838038423,1.40049098781173,NA,NA,NA,NA,NA,NA
1986,1.05140905160196,0.973448111280953,0.789788513946961,0.877084339032755,NA,NA,0.877555431699809,0.991675262110594,1.04864977448453,NA,NA,NA,NA,NA,NA
1987,1.11135453212253,1.0702186891927,0.950293439624054,0.864472336679407,NA,NA,1.01772330153007,1.05167679467741,1.00648868956745,NA,NA,NA,NA,NA,NA
1988,1.1621673195663,1.21322881877204,1.02991658011365,1.00535511623716,NA,NA,1.03034404299436,1.00473551115439,1.20980156604467,NA,NA,NA,NA,NA,NA
1989,1.03714001835956,1.09679042919797,0.821895202593357,0.945894826835166,NA,NA,0.774862401621096,0.911435052460297,1.03331425398357,NA,NA,NA,NA,NA,NA
1990,1.23869551241715,1.16097652665305,1.0771824873587,1.13103504978748,NA,NA,1.10922250150243,1.06407231098856,1.06524929157875,NA,NA,NA,NA,NA,NA
1991,1.17259960284873,1.02372164625872,0.927596606974638,1.0185861529361,NA,NA,0.776551405270583,0.968361739250306,1.18809896871695,NA,NA,NA,NA,NA,NA
1992,0.971152377774279,0.939142811230377,0.853200726684916,0.868214556765469,NA,NA,0.743614931186489,0.89041960127751,1.01814614566792,NA,NA,NA,NA,NA,NA
1993,NA,NA,NA,NA,NA,NA,NA,NA,0.947147812157533,NA,NA,NA,NA,NA,NA
1994,NA,NA,NA,NA,NA,NA,NA,NA,1.01169523967975,NA,NA,NA,NA,NA,NA
