"year","ff212a","ff212b","ff214a","ff214b","ff223a","ff223b","ff230a","ff230b","ff251a","ff258a","ff258b","ff259a","ff259b","ff263a","ff263b"
877,NA,NA,NA,NA,NA,NA,NA,NA,NA,NA,NA,0.999172744246279,NA,NA,NA
878,NA,NA,NA,NA,NA,NA,NA,NA,NA,NA,NA,1.01796925771356,NA,NA,NA
879,NA,NA,NA,NA,NA,NA,NA,NA,NA,NA,NA,1.01320670539923,NA,NA,NA
880,NA,NA,NA,NA,NA,NA,NA,NA,NA,NA,NA,1.02207791402765,NA,NA,NA
881,NA,NA,NA,NA,NA,NA,NA,NA,NA,NA,NA,1.02203934003219,NA,NA,NA
882,NA,NA,NA,NA,NA,NA,NA,NA,NA,NA,NA,1.07263549282784,NA,NA,NA
883,NA,NA,NA,NA,NA,NA,NA,NA,NA,NA,NA,0.974906132857332,NA,NA,NA
884,NA,NA,NA,NA,NA,NA,NA,NA,NA,NA,NA,1.0356426835879,NA,NA,NA
885,NA,NA,NA,NA,NA,NA,NA,NA,NA,NA,NA,0.974338610717815,NA,NA,NA
886,NA,NA,NA,NA,NA,NA,NA,NA,NA,NA,NA,0.97549355163405,NA,NA,NA
887,NA,NA,NA,NA,NA,NA,NA,NA,NA,NA,NA,1.01827863192299,NA,NA,NA
888,NA,NA,NA,NA,NA,NA,NA,NA,NA,NA,NA,1.03233138999434,NA,NA,NA
889,NA,NA,NA,NA,NA,NA,NA,NA,NA,NA,NA,1.00876880988065,NA,NA,NA
890,NA,NA,NA,NA,NA,NA,NA,NA,NA,NA,NA,1.01742634027537,NA,NA,NA
891,NA,NA,NA,NA,NA,NA,NA,NA,NA,NA,NA,1.04134891389898,NA,NA,NA
892,NA,NA,NA,NA,NA,NA,NA,NA,NA,NA,NA,0.914104835189025,NA,NA,NA
893,NA,NA,NA,NA,NA,NA,NA,NA,NA,NA,NA,0.94659997496088,NA,NA,NA
894,NA,NA,NA,NA,NA,NA,NA,NA,NA,NA,NA,0.964137975815717,NA,NA,NA
895,NA,NA,NA,NA,NA,NA,NA,NA,NA,NA,NA,0.991051266275169,NA,NA,NA
896,NA,NA,NA,NA,NA,NA,NA,NA,NA,NA,NA,0.89988561249884,NA,NA,NA
897,NA,NA,NA,NA,NA,NA,NA,NA,NA,NA,NA,0.918039713187261,NA,NA,NA
898,NA,NA,NA,NA,NA,NA,NA,NA,NA,NA,NA,0.982979975059716,NA,NA,NA
899,NA,NA,NA,NA,NA,NA,NA,NA,NA,NA,NA,1.02601696819106,NA,NA,NA
900,NA,NA,NA,NA,NA,NA,NA,NA,NA,NA,NA,0.995065137200399,NA,NA,NA
901,NA,NA,NA,NA,NA,NA,NA,NA,NA,NA,NA,0.981925342595954,NA,NA,NA
902,NA,NA,NA,NA,NA,NA,NA,NA,NA,NA,NA,1.01394089514631,NA,NA,NA
903,NA,NA,NA,NA,NA,NA,NA,NA,NA,NA,NA,1.02504617650372,NA,NA,NA
904,NA,NA,NA,NA,NA,NA,NA,NA,NA,NA,NA,1.07151010047158,NA,NA,NA
905,NA,NA,NA,NA,NA,NA,NA,NA,NA,NA,NA,1.0513571906457,NA,NA,NA
906,NA,NA,NA,NA,NA,NA,NA,NA,NA,NA,NA,1.04265437976646,NA,NA,NA
907,NA,NA,NA,NA,NA,NA,NA,NA,NA,NA,NA,0.923048745116147,NA,NA,NA
908,NA,NA,NA,NA,NA,NA,NA,NA,NA,NA,NA,0.990814739683865,NA,NA,NA
909,NA,NA,NA,NA,NA,NA,NA,NA,NA,NA,NA,0.985824408668208,NA,NA,NA
910,NA,NA,NA,NA,NA,NA,NA,NA,NA,NA,NA,0.919013026168677,NA,NA,NA
911,NA,NA,NA,NA,NA,NA,NA,NA,NA,NA,NA,0.947828925057589,NA,NA,NA
912,NA,NA,NA,NA,NA,NA,NA,NA,NA,NA,NA,1.03489828942165,NA,NA,NA
913,NA,NA,NA,NA,NA,NA,NA,NA,NA,NA,NA,0.932502589689461,NA,NA,NA
914,NA,NA,NA,NA,NA,NA,NA,NA,NA,NA,NA,0.907087284297786,NA,NA,NA
915,NA,NA,NA,NA,NA,NA,NA,NA,NA,NA,NA,0.964178375951129,NA,NA,NA
916,NA,NA,NA,NA,NA,NA,NA,NA,NA,NA,NA,1.00283793819713,NA,NA,NA
917,NA,NA,NA,NA,NA,NA,NA,NA,NA,NA,NA,1.00155223392188,NA,NA,NA
918,NA,NA,NA,NA,NA,NA,NA,NA,NA,NA,NA,1.05103313292942,NA,NA,NA
919,NA,NA,NA,NA,NA,NA,NA,NA,NA,NA,NA,1.04779731533401,NA,NA,NA
920,NA,NA,NA,NA,NA,NA,NA,NA,NA,NA,NA,1.01951975160165,NA,NA,NA
921,NA,NA,NA,NA,NA,NA,NA,NA,NA,NA,NA,1.00355755495894,NA,NA,NA
922,NA,NA,NA,NA,NA,NA,NA,NA,NA,NA,NA,1.0273374336908,NA,NA,NA
923,NA,NA,NA,NA,NA,NA,NA,NA,NA,NA,NA,1.01823659856143,NA,NA,NA
924,NA,NA,NA,NA,NA,NA,NA,NA,NA,NA,NA,0.988404475954404,NA,NA,NA
925,NA,NA,NA,NA,NA,NA,NA,NA,NA,NA,NA,0.957652433342401,NA,NA,NA
926,NA,NA,NA,NA,NA,NA,NA,NA,NA,NA,NA,1.03970955427272,NA,NA,NA
927,NA,NA,NA,NA,NA,NA,NA,NA,NA,NA,NA,1.0215337296692,NA,NA,NA
928,NA,NA,NA,NA,NA,NA,NA,NA,NA,NA,NA,1.05965338620249,NA,NA,NA
929,NA,NA,NA,NA,NA,NA,NA,NA,NA,NA,NA,1.0369866546232,NA,NA,NA
930,NA,NA,NA,NA,NA,NA,NA,NA,NA,NA,NA,0.964749666567751,NA,NA,NA
931,NA,NA,NA,NA,NA,NA,NA,NA,NA,NA,NA,0.977606928680921,NA,NA,NA
932,NA,NA,NA,NA,NA,NA,NA,NA,NA,NA,NA,1.03670648360757,NA,NA,NA
933,NA,NA,NA,NA,NA,NA,NA,NA,NA,NA,NA,1.02093268174411,NA,NA,NA
934,NA,NA,NA,NA,NA,NA,NA,NA,NA,NA,NA,1.03158147484283,NA,NA,NA
935,NA,NA,NA,NA,NA,NA,NA,NA,NA,NA,NA,1.01766750949376,NA,NA,NA
936,NA,NA,NA,NA,NA,NA,NA,NA,NA,NA,NA,0.995545970668574,NA,NA,NA
937,NA,NA,NA,NA,NA,NA,NA,NA,NA,NA,NA,1.04491527365923,NA,NA,NA
938,NA,NA,NA,NA,NA,NA,NA,NA,NA,NA,NA,1.05200840089526,NA,NA,NA
939,NA,NA,NA,NA,NA,NA,NA,NA,NA,NA,NA,1.07601866821858,NA,NA,NA
940,NA,NA,NA,NA,NA,NA,NA,NA,NA,NA,NA,1.02293588007378,NA,NA,NA
941,NA,NA,NA,NA,NA,NA,NA,NA,NA,NA,NA,0.995739961849607,NA,NA,NA
942,NA,NA,NA,NA,NA,NA,NA,NA,NA,NA,NA,0.98307231009076,NA,NA,NA
943,NA,NA,NA,NA,NA,NA,NA,NA,NA,NA,NA,1.05651978466224,NA,NA,NA
944,NA,NA,NA,NA,NA,NA,NA,NA,NA,NA,NA,0.961897763719789,NA,NA,NA
945,NA,NA,NA,NA,NA,NA,NA,NA,NA,NA,NA,0.938934832022038,0.873706285434977,NA,NA
946,NA,NA,NA,NA,NA,NA,NA,NA,NA,NA,NA,0.970499089807783,0.885565182073233,NA,NA
947,NA,NA,NA,NA,NA,NA,NA,NA,NA,NA,NA,0.977688027144257,0.938726915281734,NA,NA
948,NA,NA,NA,NA,NA,NA,NA,NA,NA,NA,NA,0.972601908925821,0.845060283644163,NA,NA
949,NA,NA,NA,NA,NA,NA,NA,NA,NA,NA,NA,0.977301714169992,0.886539304071623,NA,NA
950,NA,NA,NA,NA,NA,NA,NA,NA,NA,NA,NA,0.906003716420764,1.03327771694697,NA,NA
951,NA,NA,NA,NA,NA,NA,NA,NA,NA,NA,NA,0.987348525451887,1.02682213116952,NA,NA
952,NA,NA,NA,NA,NA,NA,NA,NA,NA,NA,NA,0.905771474856839,1.05785788242046,NA,NA
953,NA,NA,NA,NA,NA,NA,NA,NA,NA,NA,NA,0.98710988316206,1.28160881751355,NA,NA
954,NA,NA,NA,NA,NA,NA,NA,NA,NA,NA,NA,0.966298727605472,1.30077691142508,NA,NA
955,NA,NA,NA,NA,NA,NA,NA,NA,NA,NA,NA,0.914471883075175,1.15119191947412,NA,NA
956,NA,NA,NA,NA,NA,NA,NA,NA,NA,NA,NA,0.956701759223634,1.17248303226278,NA,NA
957,NA,NA,NA,NA,NA,NA,NA,NA,NA,NA,NA,1.06396764874421,1.12139829001,NA,NA
958,NA,NA,NA,NA,NA,NA,NA,NA,NA,NA,NA,1.02539944608569,1.14428935025941,NA,NA
959,NA,NA,NA,NA,NA,NA,NA,NA,NA,NA,NA,1.0447257164836,1.01583087871448,NA,NA
960,NA,NA,NA,NA,NA,NA,NA,NA,NA,NA,NA,1.04540209012658,0.746217928932271,NA,NA
961,NA,NA,NA,NA,NA,NA,NA,NA,NA,NA,NA,0.9049760524374,0.884938780161522,NA,NA
962,NA,NA,NA,NA,NA,NA,NA,NA,NA,NA,NA,0.952082094257323,0.916561992582545,NA,NA
963,NA,NA,NA,NA,NA,NA,NA,NA,NA,NA,NA,0.992723830436311,0.965840574883698,NA,NA
964,NA,NA,NA,NA,NA,NA,NA,NA,NA,NA,NA,1.03863777192277,0.992229697334201,NA,NA
965,NA,NA,NA,NA,NA,NA,NA,NA,NA,NA,NA,0.992606003584473,0.833046969988072,NA,NA
966,NA,NA,NA,NA,NA,NA,NA,NA,NA,NA,NA,1.03838228938107,0.895310847360489,NA,NA
967,NA,NA,NA,NA,NA,NA,NA,NA,NA,NA,NA,0.97100210369235,0.736076107233994,NA,NA
968,NA,NA,NA,NA,NA,NA,NA,NA,NA,NA,NA,0.919960465222238,0.85109424777057,NA,NA
969,NA,NA,NA,NA,NA,NA,NA,NA,NA,NA,NA,1.05342110151194,0.908412697573694,NA,NA
970,NA,NA,NA,NA,NA,NA,NA,NA,NA,NA,NA,0.973659563279346,0.966314478273937,NA,NA
971,NA,NA,NA,NA,NA,NA,NA,NA,NA,NA,NA,0.930512052657596,1.14325948734715,NA,NA
972,NA,NA,NA,NA,NA,NA,NA,NA,NA,NA,NA,0.985342895244054,1.09253709284029,NA,NA
973,NA,NA,NA,NA,NA,NA,NA,NA,NA,NA,NA,0.985050890335219,0.981198549326795,NA,NA
974,NA,NA,NA,NA,NA,NA,NA,NA,NA,NA,NA,0.911366048919342,0.940915133390423,NA,NA
975,NA,NA,NA,NA,NA,NA,NA,NA,NA,NA,NA,0.914491391663626,1.00156371751499,NA,NA
976,NA,NA,NA,NA,NA,NA,NA,NA,NA,NA,NA,0.951810958135633,0.909023325156241,NA,NA
977,NA,NA,NA,NA,NA,NA,NA,NA,NA,NA,NA,1.03375418699028,1.05357579923942,NA,NA
978,NA,NA,NA,NA,NA,NA,NA,NA,NA,NA,NA,1.00918522303725,0.989792287693741,NA,NA
979,NA,NA,NA,NA,NA,NA,NA,NA,NA,NA,NA,0.950542747475336,0.867283759015336,NA,NA
980,NA,NA,NA,NA,NA,NA,NA,NA,NA,NA,NA,1.01457041384153,0.928903976382221,NA,NA
981,NA,NA,NA,NA,NA,NA,NA,NA,NA,NA,NA,1.00397748543,0.908991545715134,NA,NA
982,NA,NA,NA,NA,NA,NA,NA,NA,NA,NA,NA,1.05565486363369,1.03995750592792,NA,NA
983,NA,NA,NA,NA,NA,NA,NA,NA,NA,NA,NA,1.03926338682787,1.02235112389706,NA,NA
984,NA,NA,NA,NA,NA,NA,NA,NA,NA,NA,NA,0.923619225828886,0.803254012665168,NA,NA
985,NA,NA,NA,NA,NA,NA,NA,NA,NA,NA,NA,0.930275589468079,0.691857122542368,NA,NA
986,NA,NA,NA,NA,NA,NA,NA,NA,NA,NA,NA,0.982442774926804,0.937086836340319,NA,NA
987,NA,NA,NA,NA,NA,NA,NA,NA,NA,NA,NA,1.02790697017961,0.938631576978267,NA,NA
988,NA,NA,NA,NA,NA,NA,NA,NA,NA,NA,NA,0.96277211312008,0.857860020733261,NA,NA
989,NA,NA,NA,NA,NA,NA,NA,NA,NA,NA,NA,1.04227205508456,0.971705967008669,NA,NA
990,NA,NA,NA,NA,NA,NA,NA,NA,NA,NA,NA,1.11438362273712,1.16226972730415,NA,NA
991,NA,NA,NA,NA,NA,NA,NA,NA,NA,NA,NA,1.04486442059549,1.16637220347308,NA,NA
992,NA,NA,NA,NA,NA,NA,NA,NA,NA,NA,NA,1.0283264293753,1.13730086005831,NA,NA
993,NA,NA,NA,NA,NA,NA,NA,NA,NA,NA,NA,0.954713530891582,0.848543918235848,NA,NA
994,NA,NA,NA,NA,NA,NA,NA,NA,NA,NA,NA,1.03686797955057,1.13942051075971,NA,NA
995,NA,NA,NA,NA,NA,NA,NA,NA,NA,NA,NA,0.957708297522409,1.01996869573297,NA,NA
996,NA,NA,NA,NA,NA,NA,NA,NA,NA,NA,NA,1.02856929218088,1.04803648091445,NA,NA
997,NA,NA,NA,NA,NA,NA,NA,NA,NA,NA,NA,1.03424441856284,1.13605686333105,NA,NA
998,NA,NA,NA,NA,NA,NA,NA,NA,NA,NA,NA,1.05708818380853,1.1901516409584,NA,NA
999,NA,NA,NA,NA,NA,NA,NA,NA,NA,NA,NA,1.06421095999328,1.1584966767136,NA,NA
1000,NA,NA,NA,NA,NA,NA,NA,NA,NA,NA,NA,1.10506548755026,1.21069772190044,NA,NA
1001,NA,NA,NA,NA,NA,NA,NA,NA,NA,NA,NA,1.06367051612454,1.1061088725296,NA,NA
1002,NA,NA,NA,NA,NA,NA,NA,NA,NA,NA,NA,1.0585869006908,1.0456487807525,NA,NA
1003,NA,NA,NA,NA,NA,NA,NA,NA,NA,NA,NA,1.033195746763,1.04112294351685,NA,NA
1004,NA,NA,NA,NA,NA,NA,NA,NA,NA,NA,NA,1.02549921435039,1.06897546092577,NA,NA
1005,NA,NA,NA,NA,NA,NA,NA,NA,NA,NA,NA,0.990517065856226,1.08109010108082,NA,NA
1006,NA,NA,NA,NA,NA,NA,NA,NA,NA,NA,NA,0.996222729328003,0.999825670132136,NA,NA
1007,NA,NA,NA,NA,NA,NA,NA,NA,NA,NA,NA,0.970245419186417,1.02055064365219,NA,NA
1008,NA,NA,NA,NA,NA,NA,NA,NA,NA,NA,NA,0.994536416800352,1.03511085512431,NA,NA
1009,NA,NA,NA,NA,NA,NA,NA,NA,NA,NA,NA,0.947585290806152,1.01763081234721,NA,NA
1010,NA,NA,NA,NA,NA,NA,NA,NA,NA,NA,NA,0.984922640183339,1.02235276537286,NA,NA
1011,NA,NA,NA,NA,NA,NA,NA,NA,NA,NA,NA,0.981695520367151,0.835232259946779,NA,NA
1012,NA,NA,NA,NA,NA,NA,NA,NA,NA,NA,NA,0.973808110347527,0.840259223943014,NA,NA
1013,NA,NA,NA,NA,NA,NA,NA,NA,NA,NA,NA,1.010864548101,0.893444482134053,NA,NA
1014,NA,NA,NA,NA,NA,NA,NA,NA,NA,NA,NA,1.04994812155557,1.21235385856183,NA,NA
1015,NA,NA,NA,NA,NA,NA,NA,NA,NA,NA,NA,1.03839171917867,0.998391423479878,NA,NA
1016,NA,NA,NA,NA,NA,NA,NA,NA,NA,NA,NA,1.03659119767156,1.03446819897398,NA,NA
1017,NA,NA,NA,NA,NA,NA,NA,NA,NA,NA,NA,0.967613195599412,0.858332935700548,NA,NA
1018,NA,NA,NA,NA,NA,NA,NA,NA,NA,NA,NA,1.04275641387874,1.17873714228104,NA,NA
1019,NA,NA,NA,NA,NA,NA,NA,NA,NA,NA,NA,1.06288676118889,1.19511689091268,NA,NA
1020,NA,NA,NA,NA,NA,NA,NA,NA,NA,NA,NA,1.05679729059042,1.26743133708966,NA,NA
1021,NA,NA,NA,NA,NA,NA,NA,NA,NA,NA,NA,0.987973772151483,1.00729824723378,NA,NA
1022,NA,NA,NA,NA,NA,NA,NA,NA,NA,NA,NA,0.940608113320823,0.888200611195208,NA,NA
1023,NA,NA,NA,NA,NA,NA,NA,NA,NA,NA,NA,1.02619311709566,1.03842618089077,NA,NA
1024,NA,NA,NA,NA,NA,NA,NA,NA,NA,NA,NA,1.07114898577504,1.05213250663313,NA,NA
1025,NA,NA,NA,NA,NA,NA,NA,NA,NA,NA,NA,1.09362608754601,1.15634690107044,NA,NA
1026,NA,NA,NA,NA,NA,NA,NA,NA,NA,NA,NA,1.10259335109329,1.22957630881663,NA,NA
1027,NA,NA,NA,NA,NA,NA,NA,NA,NA,NA,NA,1.09182756020997,1.27113682184751,NA,NA
1028,NA,NA,NA,NA,NA,NA,NA,NA,NA,NA,NA,1.03948747156751,1.22389068893209,NA,NA
1029,NA,NA,NA,NA,NA,NA,NA,NA,NA,NA,NA,0.95561109257554,1.04443575489857,NA,NA
1030,NA,NA,NA,NA,NA,NA,NA,NA,NA,NA,NA,0.994498984628327,0.889796256946153,NA,NA
1031,NA,NA,NA,NA,NA,NA,NA,NA,NA,NA,NA,0.999432055422459,0.98945892892707,NA,NA
1032,NA,NA,NA,NA,NA,NA,NA,NA,NA,NA,NA,1.04521980414157,1.07700006951074,NA,NA
1033,NA,NA,NA,NA,NA,NA,NA,NA,NA,NA,NA,1.12169486490779,1.27546521345181,NA,NA
1034,NA,NA,NA,NA,NA,NA,NA,NA,NA,NA,NA,1.06913991120056,1.22051327325987,NA,NA
1035,NA,NA,NA,NA,NA,NA,NA,NA,NA,NA,NA,1.01417970592028,1.06388468360443,NA,NA
1036,NA,NA,NA,NA,NA,NA,NA,NA,NA,NA,NA,1.04721296902872,1.12286085419412,NA,NA
1037,NA,NA,NA,NA,NA,NA,NA,NA,NA,NA,NA,0.98609818580481,1.16157283031721,NA,NA
1038,NA,NA,NA,NA,NA,NA,NA,NA,NA,NA,NA,0.914163659741673,0.929052441939273,NA,NA
1039,NA,NA,NA,NA,NA,NA,NA,NA,NA,NA,NA,0.927368986788717,0.722596187228253,NA,NA
1040,NA,NA,NA,NA,NA,NA,NA,NA,NA,NA,NA,0.986042596653951,0.796804562029192,NA,NA
1041,NA,NA,NA,NA,NA,NA,NA,NA,NA,NA,NA,0.990630740209888,0.756570200871964,NA,NA
1042,NA,NA,NA,NA,NA,NA,NA,NA,NA,NA,NA,0.870434316052853,0.769469012974126,NA,NA
1043,NA,NA,NA,NA,NA,NA,NA,NA,NA,NA,NA,1.01889469979316,1.07675854622616,NA,NA
1044,NA,NA,NA,NA,NA,NA,NA,NA,NA,NA,NA,1.03631153627674,1.09045973033903,NA,NA
1045,NA,NA,NA,NA,NA,NA,NA,NA,NA,NA,NA,1.01764827877165,1.12288328655781,NA,NA
1046,NA,NA,NA,NA,NA,NA,NA,NA,NA,NA,NA,1.03052920579556,1.05235220334337,NA,NA
1047,NA,NA,NA,NA,NA,NA,NA,NA,NA,NA,NA,0.992676156664821,0.898610590424828,NA,NA
1048,NA,NA,NA,NA,NA,NA,NA,NA,NA,NA,NA,1.02693460646642,1.02102849199994,NA,NA
1049,NA,NA,NA,NA,NA,NA,NA,NA,NA,NA,NA,0.980773820323862,0.970472394110262,NA,NA
1050,NA,NA,NA,NA,NA,NA,NA,NA,NA,NA,NA,0.994779879090599,0.825248837978322,NA,NA
1051,NA,NA,NA,NA,NA,NA,NA,NA,NA,NA,NA,1.01420590478679,0.988412484976299,NA,NA
1052,NA,NA,NA,NA,NA,NA,NA,NA,NA,NA,NA,0.987527613318471,0.978726818927851,NA,NA
1053,NA,NA,NA,NA,NA,NA,NA,NA,NA,NA,NA,0.97803938569703,0.876551971249246,NA,NA
1054,NA,NA,NA,NA,NA,NA,NA,NA,NA,NA,NA,1.02115747101484,1.04410526601069,NA,NA
1055,NA,NA,NA,NA,NA,NA,NA,NA,NA,NA,NA,0.997281886464571,1.01278931248885,NA,NA
1056,NA,NA,NA,NA,NA,NA,NA,NA,NA,NA,NA,0.998989488478509,0.989352141078877,NA,NA
1057,NA,NA,NA,NA,NA,NA,NA,NA,NA,NA,NA,0.985062007929917,1.03784162767658,NA,NA
1058,NA,NA,NA,NA,NA,NA,NA,NA,NA,NA,NA,0.985187078677593,1.06117099347601,NA,NA
1059,NA,NA,NA,NA,NA,NA,NA,NA,NA,NA,NA,0.974319624397732,0.743303909761897,NA,NA
1060,NA,NA,NA,NA,NA,NA,NA,NA,NA,NA,NA,0.921279193409233,0.876145848684544,NA,NA
1061,NA,NA,NA,NA,NA,NA,NA,NA,NA,NA,NA,1.03720415528389,1.05398715341994,NA,NA
1062,NA,NA,NA,NA,NA,NA,NA,NA,NA,NA,NA,1.02559996905808,1.0191348019762,NA,NA
1063,NA,NA,NA,NA,NA,NA,NA,NA,NA,NA,NA,0.963557048355143,0.967164773120003,NA,NA
1064,NA,NA,NA,NA,NA,NA,NA,NA,NA,NA,NA,0.947756788643876,0.972446554606571,NA,NA
1065,NA,NA,NA,NA,NA,NA,NA,NA,NA,NA,NA,0.938079009200849,1.04620404035792,NA,NA
1066,NA,NA,NA,NA,NA,NA,NA,NA,NA,NA,NA,0.951623000981528,0.865019783045237,NA,NA
1067,NA,NA,NA,NA,NA,NA,NA,NA,NA,NA,NA,0.980928028927166,0.957204285019778,NA,NA
1068,NA,NA,NA,NA,NA,NA,NA,NA,NA,NA,NA,0.940779171676142,0.852117776924638,NA,NA
1069,NA,NA,NA,NA,NA,NA,NA,NA,NA,NA,NA,1.05280796769009,1.06235253923472,NA,NA
1070,NA,NA,NA,NA,NA,NA,NA,NA,NA,NA,NA,1.05630282326939,1.20890577047124,NA,NA
1071,NA,NA,NA,NA,NA,NA,NA,NA,NA,NA,NA,0.936800676208208,1.18989692688704,NA,NA
1072,NA,NA,NA,NA,NA,NA,NA,NA,NA,NA,NA,0.971905183869788,1.11925199838532,NA,NA
1073,NA,NA,NA,NA,NA,NA,NA,NA,NA,NA,NA,0.910397870756794,1.00789950880606,NA,NA
1074,NA,NA,NA,NA,NA,NA,NA,NA,NA,NA,NA,0.876205196464208,0.719222724224513,NA,NA
1075,NA,NA,NA,NA,NA,NA,NA,NA,NA,NA,NA,0.883402696014024,0.793489865557612,NA,NA
1076,NA,NA,NA,NA,NA,NA,NA,NA,NA,NA,NA,0.899219122866932,0.835956554251622,NA,NA
1077,NA,NA,NA,NA,NA,NA,NA,NA,NA,NA,NA,0.931652917282433,0.732488556659689,NA,NA
1078,NA,NA,NA,NA,NA,NA,NA,NA,NA,NA,NA,NA,0.76671797492315,NA,NA
1079,NA,NA,NA,NA,NA,NA,NA,NA,NA,NA,NA,NA,1.04693171179933,NA,NA
1080,NA,NA,NA,NA,NA,NA,NA,NA,NA,NA,NA,NA,0.909798878956384,NA,NA
1081,NA,NA,NA,NA,NA,NA,NA,NA,NA,NA,NA,NA,0.677387674197795,NA,NA
1082,NA,NA,NA,NA,NA,NA,NA,NA,NA,NA,NA,NA,0.810943610440049,NA,NA
1083,NA,NA,NA,NA,NA,NA,NA,NA,NA,NA,NA,NA,0.783088289235492,NA,NA
1084,NA,NA,NA,NA,NA,NA,NA,NA,NA,NA,NA,NA,1.06783389951216,NA,NA
1085,NA,NA,NA,NA,NA,NA,NA,NA,NA,NA,NA,NA,0.92750054346245,NA,NA
1086,NA,NA,NA,NA,NA,NA,NA,NA,NA,NA,NA,NA,1.027306309147,NA,NA
1087,NA,NA,NA,NA,NA,NA,NA,NA,NA,NA,NA,NA,0.947006991754487,NA,NA
1088,NA,NA,NA,NA,NA,NA,NA,NA,NA,NA,NA,NA,0.823310508948208,NA,NA
1089,NA,NA,NA,NA,NA,NA,NA,NA,NA,NA,NA,NA,0.814472930820302,NA,NA
1090,NA,NA,NA,NA,NA,NA,NA,NA,NA,NA,NA,NA,0.815855454583933,NA,NA
1091,NA,NA,NA,NA,NA,NA,NA,NA,NA,NA,NA,NA,0.789486304729824,NA,NA
1092,NA,NA,NA,NA,NA,NA,NA,NA,NA,NA,NA,NA,0.941566418943657,NA,NA
1093,NA,NA,NA,NA,NA,NA,NA,NA,NA,NA,NA,NA,0.936607942472025,NA,NA
1094,NA,NA,NA,NA,NA,NA,NA,NA,NA,NA,NA,NA,0.959555664611947,NA,NA
1095,NA,NA,NA,NA,NA,NA,NA,NA,NA,NA,NA,NA,0.928604446442319,NA,NA
1096,NA,NA,NA,NA,NA,NA,NA,NA,NA,NA,NA,NA,1.00374782233,NA,NA
1097,NA,NA,NA,NA,NA,NA,NA,NA,NA,NA,NA,NA,1.11697413232248,NA,NA
1098,NA,NA,NA,NA,NA,NA,NA,NA,NA,NA,NA,NA,0.989343713743353,NA,NA
1099,NA,NA,NA,NA,NA,NA,NA,NA,NA,NA,NA,NA,1.06241373367824,NA,NA
1100,NA,NA,NA,NA,NA,NA,NA,NA,NA,NA,NA,NA,1.11509059852068,NA,NA
1101,NA,NA,NA,NA,NA,NA,NA,NA,NA,NA,NA,NA,1.14755126424276,NA,NA
1102,NA,NA,NA,NA,NA,NA,NA,NA,NA,NA,NA,NA,1.03776496735459,NA,NA
1103,NA,NA,NA,NA,NA,NA,NA,NA,NA,NA,NA,NA,1.00550017993464,NA,NA
1104,NA,NA,NA,NA,NA,NA,NA,NA,NA,NA,NA,NA,1.11648960131351,NA,NA
1105,NA,NA,NA,NA,NA,NA,NA,NA,NA,NA,NA,NA,1.06660948942011,NA,NA
1106,NA,NA,NA,NA,NA,NA,NA,NA,NA,NA,NA,NA,0.915329609235664,NA,NA
1107,NA,NA,NA,NA,NA,NA,NA,NA,NA,NA,NA,NA,1.02137019455248,NA,NA
1108,NA,NA,NA,NA,NA,NA,NA,NA,NA,NA,NA,NA,1.09046982440676,NA,NA
1109,NA,NA,NA,NA,NA,NA,NA,NA,NA,NA,NA,NA,1.16206062955604,NA,NA
1110,NA,NA,NA,NA,NA,NA,NA,NA,NA,NA,NA,NA,0.811730687729832,NA,NA
1111,NA,NA,NA,NA,NA,NA,NA,NA,NA,NA,NA,NA,1.03715368737552,NA,NA
1112,NA,NA,NA,NA,NA,NA,NA,NA,NA,NA,NA,NA,1.18452982583355,NA,NA
1113,NA,NA,NA,NA,NA,NA,NA,NA,NA,NA,NA,NA,1.22149668551707,NA,NA
1114,NA,NA,NA,NA,NA,NA,NA,NA,NA,NA,NA,NA,1.21013217827156,NA,NA
1115,NA,NA,NA,NA,NA,NA,NA,NA,NA,NA,NA,NA,0.990192338174726,NA,NA
1116,NA,NA,NA,NA,NA,NA,NA,NA,NA,NA,NA,NA,1.02585165487153,NA,NA
1117,NA,NA,NA,NA,NA,NA,NA,NA,NA,NA,NA,NA,1.16153618334619,NA,NA
1118,NA,NA,NA,NA,NA,NA,NA,NA,NA,NA,NA,NA,1.11264809375719,NA,NA
1119,NA,NA,NA,NA,NA,NA,NA,NA,NA,NA,NA,NA,0.951138482936762,NA,NA
1120,NA,NA,NA,NA,NA,NA,NA,NA,NA,NA,NA,NA,0.943475509948801,NA,NA
1121,NA,NA,NA,NA,NA,NA,NA,NA,NA,NA,NA,NA,0.900405705301056,NA,NA
1122,NA,NA,NA,NA,NA,NA,NA,NA,NA,NA,NA,NA,1.06778956826191,NA,NA
1123,NA,NA,NA,NA,NA,NA,NA,NA,NA,NA,NA,NA,0.974675576077832,NA,NA
1124,NA,NA,NA,NA,NA,NA,NA,NA,NA,NA,NA,NA,0.851802056552412,NA,NA
1125,NA,NA,NA,NA,NA,NA,NA,NA,NA,NA,NA,NA,0.893344743529604,NA,NA
1126,NA,NA,NA,NA,NA,NA,NA,NA,NA,NA,NA,NA,1.02904394957094,NA,NA
1127,NA,NA,NA,NA,NA,NA,NA,NA,NA,NA,NA,NA,1.05565382191063,NA,NA
1128,NA,NA,NA,NA,NA,NA,NA,NA,NA,NA,NA,NA,0.93410264746196,NA,NA
1129,NA,NA,NA,NA,NA,NA,NA,NA,NA,NA,NA,NA,1.03623022974251,NA,NA
1130,NA,NA,NA,NA,NA,NA,NA,NA,NA,NA,NA,NA,0.985480366864146,NA,NA
1131,NA,NA,NA,NA,NA,NA,NA,NA,NA,NA,NA,NA,1.10663514767297,NA,NA
1132,NA,NA,NA,NA,NA,NA,NA,NA,NA,NA,NA,NA,1.1846592972054,NA,NA
1133,NA,NA,NA,NA,NA,NA,NA,NA,NA,NA,NA,NA,1.14945120043624,NA,NA
1134,NA,NA,NA,NA,NA,NA,NA,NA,NA,NA,NA,NA,1.11996038133644,NA,NA
1135,NA,NA,NA,NA,NA,NA,NA,NA,NA,NA,NA,NA,1.37246071005645,NA,NA
1136,NA,NA,NA,NA,NA,NA,NA,NA,NA,NA,NA,NA,1.21375006152241,NA,NA
1137,NA,NA,NA,NA,NA,NA,NA,NA,NA,NA,NA,NA,1.18841909908079,NA,NA
1138,NA,NA,NA,NA,NA,NA,NA,NA,NA,NA,NA,NA,1.30146647370687,NA,NA
1139,NA,NA,NA,NA,NA,NA,NA,NA,NA,NA,NA,NA,1.03232165789231,NA,NA
1140,NA,NA,NA,NA,NA,NA,NA,NA,NA,NA,NA,NA,1.15583281908157,NA,NA
1141,NA,NA,NA,NA,NA,NA,NA,NA,NA,NA,NA,NA,1.19170087190185,NA,NA
1142,NA,NA,NA,NA,NA,NA,NA,NA,NA,NA,NA,NA,1.16008599436434,NA,NA
1143,NA,NA,NA,NA,NA,NA,NA,NA,NA,NA,NA,NA,1.15364208845183,NA,NA
1144,NA,NA,NA,NA,NA,NA,NA,NA,NA,NA,NA,NA,0.817675342517517,NA,NA
1145,NA,NA,NA,NA,NA,NA,NA,NA,NA,NA,NA,NA,0.987667126174238,NA,NA
1146,NA,NA,NA,NA,NA,NA,NA,NA,NA,NA,NA,NA,0.913529787005581,NA,NA
1147,NA,NA,NA,NA,NA,NA,NA,NA,NA,NA,NA,NA,1.0836522368142,NA,NA
1148,NA,NA,NA,NA,NA,NA,NA,NA,NA,NA,NA,NA,0.938614624652751,NA,NA
1149,NA,NA,NA,NA,NA,NA,NA,NA,NA,NA,NA,NA,1.21612515030961,NA,NA
1150,NA,NA,NA,NA,NA,NA,NA,NA,NA,NA,NA,NA,0.890229751380147,NA,NA
1151,NA,NA,NA,NA,NA,NA,NA,NA,NA,NA,NA,NA,0.888712119158186,NA,NA
1152,NA,NA,NA,NA,NA,NA,NA,NA,NA,NA,NA,NA,0.953147139200618,NA,NA
1153,NA,NA,NA,NA,NA,NA,NA,NA,NA,NA,NA,NA,0.955183013892931,NA,NA
1154,NA,NA,NA,NA,NA,NA,NA,NA,NA,NA,NA,NA,0.996438628507263,NA,NA
1155,NA,NA,NA,NA,NA,NA,NA,NA,NA,NA,NA,NA,0.882563871574069,NA,NA
1156,NA,NA,NA,NA,NA,NA,NA,NA,NA,NA,NA,NA,0.952741166865518,NA,NA
1157,NA,NA,NA,NA,NA,NA,NA,NA,NA,NA,NA,NA,1.02402397426014,NA,NA
1158,NA,NA,NA,NA,NA,NA,NA,NA,NA,NA,NA,NA,1.00457452173016,NA,NA
1159,NA,NA,NA,NA,NA,NA,NA,NA,NA,NA,NA,NA,1.15271797302259,NA,NA
1160,NA,NA,NA,NA,NA,NA,NA,NA,NA,NA,NA,NA,0.962163079227177,NA,NA
1161,NA,NA,NA,NA,NA,NA,NA,NA,NA,NA,NA,NA,1.05474655262775,NA,NA
1162,NA,NA,NA,NA,NA,NA,NA,NA,NA,NA,NA,NA,1.2430698478725,NA,NA
1163,NA,NA,NA,NA,NA,NA,NA,NA,NA,NA,NA,NA,0.989575639397855,NA,NA
1164,NA,NA,NA,NA,NA,NA,NA,NA,NA,NA,NA,NA,0.804257687170475,NA,NA
1165,NA,NA,NA,NA,NA,NA,NA,NA,NA,NA,NA,NA,0.982289832569558,NA,NA
1166,NA,NA,NA,NA,NA,NA,NA,NA,NA,NA,NA,NA,1.04158934196172,NA,NA
1167,NA,NA,NA,NA,NA,NA,NA,NA,NA,NA,NA,NA,1.01025650345881,NA,NA
1168,NA,NA,NA,NA,NA,NA,NA,NA,NA,NA,NA,NA,1.08999412311546,NA,NA
1169,NA,NA,NA,NA,NA,NA,NA,NA,NA,NA,NA,NA,0.91425981875302,NA,NA
1170,NA,NA,NA,NA,NA,NA,NA,NA,NA,NA,NA,NA,1.04803010672157,NA,NA
1171,NA,NA,NA,NA,NA,NA,NA,NA,NA,NA,NA,NA,1.05962241137191,NA,NA
1172,NA,NA,NA,NA,NA,NA,NA,NA,NA,NA,NA,NA,1.12612024433403,NA,NA
1173,NA,NA,NA,NA,NA,NA,NA,NA,NA,NA,NA,NA,0.961359104784075,NA,NA
1174,NA,NA,NA,NA,NA,NA,NA,NA,NA,NA,NA,NA,0.948770043765129,NA,NA
1175,NA,NA,NA,NA,NA,NA,NA,NA,NA,NA,NA,NA,0.845851099987738,NA,NA
1176,NA,NA,NA,NA,NA,NA,NA,NA,NA,NA,NA,NA,0.77557343394722,NA,NA
1177,NA,NA,NA,NA,NA,NA,NA,NA,NA,NA,NA,NA,0.842012709835882,NA,NA
1178,NA,NA,NA,NA,NA,NA,NA,NA,NA,NA,NA,NA,0.838621162973816,NA,NA
1179,NA,NA,NA,NA,NA,NA,NA,NA,NA,NA,NA,NA,0.963076817405335,NA,NA
1180,NA,NA,NA,NA,NA,NA,NA,NA,NA,NA,NA,NA,1.05455790433826,NA,NA
1181,NA,NA,NA,NA,NA,NA,NA,NA,NA,NA,NA,NA,0.920032735526974,NA,NA
1182,NA,NA,NA,NA,NA,NA,NA,NA,NA,NA,NA,NA,0.879790709707101,NA,NA
1183,NA,NA,NA,NA,NA,NA,NA,NA,NA,NA,NA,NA,1.04106791671678,NA,NA
1184,NA,NA,NA,NA,NA,NA,NA,NA,NA,NA,NA,NA,0.981783901188807,NA,NA
1185,NA,NA,NA,NA,NA,NA,NA,NA,NA,NA,NA,NA,0.986165469174175,NA,NA
1186,NA,NA,NA,NA,NA,NA,NA,NA,NA,NA,NA,NA,0.86710512573223,NA,NA
1187,NA,NA,NA,NA,NA,NA,NA,NA,NA,NA,NA,NA,0.896444514361284,NA,NA
1188,NA,NA,NA,NA,NA,NA,NA,NA,NA,NA,NA,NA,0.792128149937891,NA,NA
1189,NA,NA,NA,NA,NA,NA,NA,NA,NA,NA,NA,NA,0.614728282981749,NA,NA
1190,NA,NA,NA,NA,NA,NA,NA,NA,NA,NA,NA,NA,0.76504770173076,NA,NA
1191,NA,NA,NA,NA,NA,NA,NA,NA,NA,NA,NA,NA,0.935980558859461,NA,NA
1192,NA,NA,NA,NA,NA,NA,NA,NA,NA,NA,NA,NA,0.919333622355335,NA,NA
1193,NA,NA,NA,NA,NA,NA,NA,NA,NA,NA,NA,NA,1.04381667147176,NA,NA
1194,NA,NA,NA,NA,NA,NA,NA,NA,NA,NA,NA,NA,0.976050336637482,NA,NA
1195,NA,NA,NA,NA,NA,NA,NA,NA,NA,NA,NA,NA,0.511315531193081,NA,NA
1196,NA,NA,NA,NA,NA,NA,NA,NA,NA,NA,NA,NA,0.994096045085463,NA,NA
1197,NA,NA,NA,NA,NA,NA,NA,NA,NA,NA,NA,NA,0.804430052890862,NA,NA
1198,NA,NA,NA,NA,NA,NA,NA,NA,NA,NA,NA,NA,0.786915924430217,NA,NA
1199,NA,NA,NA,NA,NA,NA,NA,NA,NA,NA,NA,NA,1.01058042886972,NA,NA
1200,NA,NA,NA,NA,NA,NA,NA,NA,NA,NA,NA,NA,0.980858804884658,NA,NA
1201,NA,NA,NA,NA,NA,NA,NA,NA,NA,NA,NA,NA,1.23645392074836,NA,NA
1202,NA,NA,NA,NA,NA,NA,NA,NA,NA,NA,NA,NA,0.85387004283182,NA,NA
1203,NA,NA,NA,NA,NA,NA,NA,NA,NA,NA,NA,NA,1.02240806559244,NA,NA
1204,NA,NA,NA,NA,NA,NA,NA,NA,NA,NA,NA,NA,1.13566297796103,NA,NA
1205,NA,NA,NA,NA,NA,NA,NA,NA,NA,NA,NA,NA,1.14594072678124,NA,NA
1206,NA,NA,NA,NA,NA,NA,NA,NA,NA,NA,NA,NA,1.01662494777681,NA,NA
1207,NA,NA,NA,NA,NA,NA,NA,NA,NA,NA,NA,NA,0.910887411902147,NA,NA
1208,NA,NA,NA,NA,NA,NA,NA,NA,NA,NA,NA,NA,0.888233669966616,NA,NA
1209,NA,NA,NA,NA,NA,NA,NA,NA,NA,NA,NA,NA,1.14782673207173,NA,NA
1210,NA,NA,NA,NA,NA,NA,NA,NA,NA,NA,NA,NA,1.10546754192991,NA,NA
1211,NA,NA,NA,NA,NA,NA,NA,NA,NA,NA,NA,NA,1.03618780800579,NA,NA
1212,NA,NA,NA,NA,NA,NA,NA,NA,NA,NA,NA,NA,0.942046360140923,NA,NA
1213,NA,NA,NA,NA,NA,NA,NA,NA,NA,NA,NA,NA,1.11565155209062,NA,NA
1214,NA,NA,NA,NA,NA,NA,NA,NA,NA,NA,NA,NA,1.02934832842574,NA,NA
1215,NA,NA,NA,NA,NA,NA,NA,NA,NA,NA,NA,NA,0.925052675410895,NA,NA
1216,NA,NA,NA,NA,NA,NA,NA,NA,NA,NA,NA,NA,1.06627953318075,NA,NA
1217,NA,NA,NA,NA,NA,NA,NA,NA,NA,NA,NA,NA,1.19217989656722,NA,NA
1218,NA,NA,NA,NA,NA,NA,NA,NA,NA,NA,NA,NA,1.08208564063163,NA,NA
1219,NA,NA,NA,NA,NA,NA,NA,NA,NA,NA,NA,NA,1.18042304686509,NA,NA
1220,NA,NA,NA,NA,NA,NA,NA,NA,NA,NA,NA,NA,1.1457239025391,NA,NA
1221,NA,NA,NA,NA,NA,NA,NA,NA,NA,NA,NA,NA,1.25200926410915,NA,NA
1222,NA,NA,NA,NA,NA,NA,NA,NA,NA,NA,NA,NA,0.941094072114382,NA,NA
1223,NA,NA,NA,NA,NA,NA,NA,NA,NA,NA,NA,NA,1.00156292584906,NA,NA
1224,NA,NA,NA,NA,NA,NA,NA,NA,NA,NA,NA,NA,0.985494744909127,NA,NA
1225,NA,NA,NA,NA,NA,NA,NA,NA,NA,NA,NA,NA,0.970145451580821,NA,NA
1226,NA,NA,NA,NA,NA,NA,NA,NA,NA,NA,NA,NA,0.924491945263998,NA,NA
1227,NA,NA,NA,NA,NA,NA,NA,NA,NA,NA,NA,NA,1.00449069606556,NA,NA
1228,NA,NA,NA,NA,NA,NA,NA,NA,NA,NA,NA,NA,0.929187700105385,NA,NA
1229,NA,NA,NA,NA,NA,NA,NA,NA,NA,NA,NA,NA,0.865206356950865,NA,NA
1230,NA,NA,NA,NA,NA,NA,NA,NA,NA,NA,NA,NA,0.901096915667964,NA,NA
1231,NA,NA,NA,NA,NA,NA,NA,NA,NA,NA,NA,NA,0.948536924989856,NA,NA
1232,NA,NA,NA,NA,NA,NA,NA,NA,NA,NA,NA,NA,0.978498226370455,NA,NA
1233,NA,NA,NA,NA,NA,NA,NA,NA,NA,NA,NA,NA,1.21110732500862,NA,NA
1234,NA,NA,NA,NA,NA,NA,NA,NA,NA,NA,NA,NA,1.12898968421182,NA,NA
1235,NA,NA,NA,NA,NA,NA,NA,NA,NA,NA,NA,NA,1.07097927679721,NA,NA
1236,NA,NA,NA,NA,NA,NA,NA,NA,NA,NA,NA,NA,1.02605070685262,NA,NA
1237,NA,NA,NA,NA,NA,NA,NA,NA,NA,NA,NA,NA,1.17944909507645,NA,NA
1238,NA,NA,NA,NA,NA,NA,NA,NA,NA,NA,NA,NA,0.963632479433864,NA,NA
1239,NA,NA,NA,NA,NA,NA,NA,NA,NA,NA,NA,NA,1.10803631416429,NA,NA
1240,NA,NA,NA,NA,NA,NA,NA,NA,NA,NA,NA,NA,1.03399168431436,NA,NA
1241,NA,NA,NA,NA,NA,NA,NA,NA,NA,0.910110215812917,NA,NA,0.970723005815883,NA,NA
1242,NA,NA,NA,NA,NA,NA,NA,NA,NA,0.886505956984305,NA,NA,0.971757033363087,NA,NA
1243,NA,NA,NA,NA,NA,NA,NA,NA,NA,0.842980135847086,NA,NA,0.967415866549636,NA,NA
1244,NA,NA,NA,NA,NA,NA,NA,NA,NA,0.966852772860162,0.953048562223426,NA,1.04199615666383,NA,NA
1245,NA,NA,NA,NA,NA,NA,NA,NA,NA,1.10467308771117,1.00795878843814,NA,1.12464848906957,NA,NA
1246,NA,NA,NA,NA,NA,NA,NA,NA,NA,0.966371428125891,1.0641143170439,NA,1.10560217299116,NA,NA
1247,NA,NA,NA,NA,NA,NA,NA,NA,NA,1.07657555973074,1.09843354764229,NA,1.16185715318138,NA,NA
1248,NA,NA,NA,NA,NA,NA,NA,NA,NA,1.10681366915216,1.0877947090916,NA,1.11446205883633,NA,NA
1249,NA,NA,NA,NA,NA,NA,NA,NA,NA,1.07205724199714,1.04024994474356,NA,0.985776653333564,NA,NA
1250,NA,NA,NA,NA,NA,NA,NA,NA,NA,1.1173502549834,1.10917251030051,NA,1.11363253470121,NA,NA
1251,NA,NA,NA,NA,NA,NA,NA,NA,NA,1.23735799121426,1.13986882695393,NA,1.20958687497078,NA,NA
1252,NA,NA,NA,NA,NA,NA,NA,NA,NA,1.13993341683143,1.10347878225396,NA,1.0138150745404,NA,NA
1253,NA,NA,NA,NA,NA,NA,NA,NA,NA,1.16695192094236,1.19110001871619,NA,1.26580526269102,NA,NA
1254,NA,NA,NA,NA,NA,NA,NA,NA,NA,1.11445731282257,1.14737476603741,NA,1.10861824464415,NA,NA
1255,NA,NA,NA,NA,NA,NA,NA,NA,NA,0.979362439133762,1.00897459494029,NA,0.908550748734669,NA,NA
1256,NA,NA,NA,NA,NA,NA,NA,NA,NA,0.765064357630635,0.89652029689921,NA,0.772113014866197,NA,NA
1257,NA,NA,NA,NA,NA,NA,NA,NA,NA,1.06367860166941,0.996136340026955,NA,0.93197590995586,NA,NA
1258,NA,NA,NA,NA,NA,NA,NA,NA,NA,1.04023659641257,0.924458083233329,NA,0.890787682072748,NA,NA
1259,NA,NA,NA,NA,NA,NA,NA,NA,NA,0.97070981444977,0.914114600580406,NA,0.883550102130826,NA,NA
1260,NA,NA,NA,NA,NA,NA,NA,NA,NA,0.91019759972963,0.891726446038077,NA,0.951362316191685,NA,NA
1261,NA,NA,NA,NA,NA,NA,NA,NA,NA,0.914072396545415,0.917987301848544,NA,0.892083941007767,NA,NA
1262,NA,NA,NA,NA,NA,NA,NA,NA,NA,0.795848431786715,0.845992679847946,NA,0.837666298854636,NA,NA
1263,NA,NA,NA,NA,NA,NA,NA,NA,NA,0.745304620137306,0.811716244429147,NA,0.626640482680829,NA,NA
1264,NA,NA,NA,NA,NA,NA,NA,NA,NA,0.954969876792353,0.966302882124679,NA,0.886746019209446,NA,NA
1265,NA,NA,NA,NA,NA,NA,NA,NA,NA,1.07652001291282,1.03855791976158,NA,1.10965152124952,NA,NA
1266,NA,NA,NA,NA,NA,NA,NA,NA,NA,1.07938689473599,1.04192186193717,NA,1.01500097321449,NA,NA
1267,NA,NA,NA,NA,NA,NA,NA,NA,NA,0.88997064990688,0.938565444372122,NA,0.917421808919092,NA,NA
1268,NA,NA,NA,NA,NA,NA,NA,NA,NA,0.993112251720023,0.972525748798926,NA,1.10528687745605,NA,NA
1269,NA,NA,NA,NA,NA,NA,NA,NA,NA,0.995727632685803,0.992814249902246,NA,0.98681077884113,NA,NA
1270,NA,NA,NA,NA,NA,NA,NA,NA,NA,1.04883205430504,1.00298956864656,NA,0.996313530383228,NA,NA
1271,NA,NA,NA,NA,NA,NA,NA,NA,NA,1.11400543467332,1.06215102652062,NA,0.98758471008676,NA,NA
1272,NA,NA,NA,NA,NA,NA,NA,NA,NA,1.10376665537414,1.05157564129005,NA,1.02710092489479,NA,NA
1273,NA,NA,NA,NA,NA,NA,NA,NA,NA,1.14417199752398,1.04469471323399,NA,1.07308350698564,NA,NA
1274,NA,NA,NA,NA,NA,NA,NA,NA,NA,1.0532677417532,1.02918134523408,NA,0.985166163268613,NA,NA
1275,NA,NA,NA,NA,NA,NA,NA,NA,NA,1.06921477316822,1.03301101243582,NA,1.0973765375227,NA,NA
1276,NA,NA,NA,NA,NA,NA,NA,NA,NA,1.02944410883207,1.03133912558733,NA,0.948651618225825,NA,NA
1277,NA,NA,NA,NA,NA,NA,NA,NA,NA,0.983929335463215,1.02524458652736,NA,1.09137907566891,NA,NA
1278,NA,NA,NA,NA,NA,NA,NA,NA,NA,1.05961515396742,1.03957711135099,NA,1.00662175028072,NA,NA
1279,NA,NA,NA,NA,NA,NA,NA,NA,NA,0.925713326051518,0.974651041021739,NA,0.903323631182277,NA,NA
1280,NA,NA,NA,NA,NA,NA,NA,NA,NA,0.969631687688119,0.988936242440448,NA,0.94036856355044,NA,NA
1281,NA,NA,NA,NA,NA,NA,NA,NA,NA,0.951032567622954,0.931231614490137,NA,0.808420950693168,NA,NA
1282,NA,NA,NA,NA,NA,NA,NA,NA,NA,0.90949599178568,0.925257001253991,NA,0.911433794355379,NA,NA
1283,NA,NA,NA,NA,NA,NA,NA,NA,NA,0.899341655520687,0.903894183773904,NA,0.995123647044681,NA,NA
1284,NA,NA,NA,NA,NA,NA,NA,NA,NA,1.03131727632268,0.984941728947216,NA,1.00202100607681,NA,NA
1285,NA,NA,NA,NA,NA,NA,NA,NA,NA,1.16247540002307,1.04476295064047,NA,0.888561489046476,NA,NA
1286,NA,NA,NA,NA,NA,NA,NA,NA,NA,1.01805999289317,0.945810229576533,NA,1.01710389239706,NA,NA
1287,NA,NA,NA,NA,NA,NA,NA,NA,NA,0.779321681246618,0.876666956636675,NA,0.890564695878453,NA,NA
1288,NA,NA,NA,NA,NA,NA,NA,NA,NA,0.837899334995553,0.924987268492747,NA,1.01939932667008,NA,NA
1289,NA,NA,NA,NA,NA,NA,NA,NA,NA,0.958026997755392,0.949159433326077,NA,0.954712218898,NA,NA
1290,NA,NA,NA,NA,NA,NA,NA,NA,NA,0.94919725000381,0.953885999115852,NA,0.914564199047213,NA,NA
1291,NA,NA,NA,NA,NA,NA,NA,NA,NA,0.939991446966644,1.01473698805267,NA,1.03130751598979,NA,NA
1292,NA,NA,NA,NA,NA,NA,NA,NA,NA,0.984366596089808,1.04107886212807,NA,1.12941126018699,NA,NA
1293,NA,NA,NA,NA,NA,NA,NA,NA,NA,0.881717041289512,1.02202320301422,NA,0.835865761763043,NA,NA
1294,NA,NA,NA,NA,NA,NA,NA,NA,NA,1.04491078968906,1.06678998524596,NA,1.15442283833355,NA,NA
1295,NA,NA,NA,NA,NA,NA,NA,NA,NA,1.05386490256189,1.05560743548138,NA,1.13446618478597,NA,NA
1296,NA,NA,NA,NA,NA,NA,NA,NA,NA,1.08925955860103,1.02824966749799,NA,NA,NA,NA
1297,NA,NA,NA,NA,NA,NA,NA,NA,NA,1.01746494934811,1.04773837055899,NA,NA,NA,NA
1298,NA,NA,NA,NA,NA,NA,NA,NA,NA,0.985200974089228,0.981447799274704,NA,NA,NA,NA
1299,NA,NA,NA,NA,NA,NA,NA,NA,NA,1.07024180400773,0.979353892814776,NA,NA,NA,NA
1300,NA,NA,NA,NA,NA,NA,NA,NA,NA,0.927063738729791,0.947781145317329,NA,NA,NA,NA
1301,NA,NA,NA,NA,NA,NA,NA,NA,NA,0.919640695784187,0.895734933188298,NA,NA,NA,NA
1302,NA,NA,NA,NA,NA,NA,NA,NA,NA,0.920712613731766,0.892178354297298,NA,NA,NA,NA
1303,NA,NA,NA,NA,NA,NA,NA,NA,NA,0.84300507157993,0.86401827370885,NA,NA,NA,NA
1304,NA,NA,NA,NA,NA,NA,NA,NA,NA,1.0345795251589,0.969425868788003,NA,NA,NA,NA
1305,NA,NA,NA,NA,NA,NA,NA,NA,NA,0.94155560053479,0.96362509021434,NA,NA,NA,NA
1306,NA,NA,NA,NA,NA,NA,NA,NA,NA,0.912142512108331,0.963986985354744,NA,NA,NA,NA
1307,NA,NA,NA,NA,NA,NA,NA,NA,NA,1.00188310356068,0.992101481147919,NA,NA,NA,NA
1308,NA,NA,NA,NA,NA,NA,NA,NA,NA,0.955435899848292,0.988811488305517,NA,NA,NA,NA
1309,NA,NA,NA,NA,NA,NA,NA,NA,NA,0.856045114830722,0.954308081986559,NA,NA,NA,NA
1310,NA,NA,NA,NA,NA,NA,NA,NA,NA,0.810769596454187,0.995421533696534,NA,NA,NA,NA
1311,NA,NA,NA,NA,NA,NA,NA,NA,NA,0.938324052670662,1.07057074221284,NA,NA,NA,NA
1312,NA,NA,NA,NA,NA,NA,NA,NA,NA,0.927428347511236,0.969511107351257,NA,NA,NA,NA
1313,NA,NA,NA,NA,NA,NA,NA,NA,NA,0.848493813032073,0.934761568224394,NA,NA,NA,NA
1314,NA,NA,NA,NA,NA,NA,NA,NA,NA,0.830448718790416,0.963366251996554,NA,NA,NA,NA
1315,NA,NA,NA,NA,NA,NA,NA,NA,NA,0.961607486042269,1.00558964109069,NA,NA,NA,NA
1316,NA,NA,NA,NA,NA,NA,NA,NA,NA,1.05656365570924,0.997650230732654,NA,NA,NA,NA
1317,NA,NA,NA,NA,NA,NA,NA,NA,NA,0.953297096736986,0.928690372013768,NA,NA,NA,NA
1318,NA,NA,NA,NA,NA,NA,NA,NA,NA,0.989554803864781,1.00093776848443,NA,NA,NA,NA
1319,NA,NA,NA,NA,NA,NA,NA,NA,NA,0.960484484722967,0.959931571195867,NA,NA,NA,NA
1320,NA,NA,NA,NA,NA,NA,NA,NA,NA,0.919844080898832,0.978062547774696,NA,NA,NA,NA
1321,NA,NA,NA,NA,NA,NA,NA,NA,NA,0.870605599069837,0.969831705763156,NA,NA,NA,NA
1322,NA,NA,NA,NA,NA,NA,NA,NA,NA,0.841166602463436,0.94574057734493,NA,NA,NA,NA
1323,NA,NA,NA,NA,NA,NA,NA,NA,NA,0.935965875711431,0.986437402791905,NA,NA,NA,NA
1324,NA,NA,NA,NA,NA,NA,NA,NA,NA,0.824602014407817,0.95473865044782,NA,NA,NA,NA
1325,NA,NA,NA,NA,NA,NA,NA,NA,NA,0.858983957809744,0.964371016016071,NA,NA,NA,NA
1326,NA,NA,NA,NA,NA,NA,NA,NA,NA,0.846163504671637,0.994365232706654,NA,NA,NA,NA
1327,NA,NA,NA,NA,NA,NA,NA,NA,NA,1.02153978380715,1.06431098727889,NA,NA,NA,NA
1328,NA,NA,NA,NA,NA,NA,NA,NA,NA,0.885258826170236,0.985679361024232,NA,NA,NA,NA
1329,NA,NA,NA,NA,NA,NA,NA,NA,NA,1.06411554096071,1.05886682349595,NA,NA,NA,NA
1330,NA,NA,NA,NA,NA,NA,NA,NA,NA,1.18125221866296,1.06289724983222,NA,NA,NA,NA
1331,NA,NA,NA,NA,NA,NA,NA,NA,NA,1.13977656165396,1.02079994709318,NA,NA,NA,NA
1332,NA,NA,NA,NA,NA,NA,NA,NA,NA,1.02982438588518,1.01829005486005,NA,NA,NA,NA
1333,NA,NA,NA,NA,NA,NA,NA,NA,NA,1.0208518913757,0.993383310683216,NA,NA,NA,NA
1334,NA,NA,NA,NA,NA,NA,NA,NA,NA,1.18690892626757,1.10545481220337,NA,NA,NA,NA
1335,NA,NA,NA,NA,NA,NA,NA,NA,NA,1.14981299125135,1.06877040059444,NA,NA,NA,NA
1336,NA,NA,NA,NA,NA,NA,NA,NA,NA,1.12668343445219,1.05527433773768,NA,NA,NA,NA
1337,NA,NA,NA,NA,NA,NA,NA,NA,NA,1.11762963377846,1.06898647330309,NA,NA,NA,NA
1338,NA,NA,NA,NA,NA,NA,NA,NA,NA,1.09864369524414,1.05937566182454,NA,NA,NA,NA
1339,NA,NA,NA,NA,NA,NA,NA,NA,NA,1.21476403904902,1.08589630860404,NA,NA,NA,NA
1340,NA,NA,NA,NA,NA,NA,NA,NA,NA,1.09629617604484,1.04183672779598,NA,NA,NA,NA
1341,NA,NA,NA,NA,NA,NA,NA,NA,NA,1.00127829425853,1.01170403869461,NA,NA,NA,NA
1342,NA,NA,NA,NA,NA,NA,NA,NA,NA,1.06821980227146,1.0116296585041,NA,NA,NA,NA
1343,NA,NA,NA,NA,NA,NA,NA,NA,NA,1.04270548336979,1.00260745988102,NA,NA,NA,NA
1344,NA,NA,NA,NA,NA,NA,NA,NA,NA,0.896152210213662,0.952225676781526,NA,NA,NA,NA
1345,NA,NA,NA,NA,NA,NA,NA,NA,NA,0.940013402282595,0.978846409942451,NA,NA,NA,NA
1346,NA,NA,NA,NA,NA,NA,NA,NA,NA,0.98343213276305,1.0204655977751,NA,NA,NA,NA
1347,NA,NA,NA,NA,NA,NA,NA,NA,NA,1.0836384389882,1.06691435151323,NA,NA,NA,NA
1348,NA,NA,NA,NA,NA,NA,NA,NA,NA,0.991375020789129,1.00105079169372,NA,NA,NA,NA
1349,NA,NA,NA,NA,NA,NA,NA,NA,NA,1.09677570452195,1.03976705680273,NA,NA,NA,NA
1350,NA,NA,NA,NA,NA,NA,NA,NA,NA,1.07835452415221,1.05071189171821,NA,NA,NA,NA
1351,NA,NA,NA,NA,NA,NA,NA,NA,NA,1.21744037258056,1.06106581974323,NA,NA,NA,NA
1352,NA,NA,NA,NA,NA,NA,NA,NA,NA,1.19188897309506,1.07417345809825,NA,NA,NA,NA
1353,NA,NA,NA,NA,NA,NA,NA,NA,NA,1.13163524045434,1.03687695471311,NA,NA,NA,NA
1354,NA,NA,NA,NA,NA,NA,NA,NA,NA,1.14238474944595,1.09739960973671,NA,NA,NA,NA
1355,NA,NA,NA,NA,NA,NA,NA,NA,NA,1.0776149557655,1.06668354466085,NA,NA,NA,NA
1356,NA,NA,NA,NA,NA,NA,NA,NA,NA,1.18179861936105,1.10171592291928,NA,NA,NA,NA
1357,NA,NA,NA,NA,NA,NA,NA,NA,NA,1.16230218270306,1.06394691842895,NA,NA,NA,NA
1358,NA,NA,NA,NA,NA,NA,NA,NA,NA,1.09641564733593,1.00718986186666,NA,NA,0.919709007343072,NA
1359,NA,NA,NA,NA,NA,NA,NA,NA,NA,1.07014923900103,0.95400608066561,NA,NA,0.943748687450491,NA
1360,NA,NA,NA,NA,NA,NA,NA,NA,NA,0.896928346636058,0.946514245547776,NA,NA,0.8918613107914,NA
1361,NA,NA,NA,NA,NA,NA,NA,NA,NA,0.970057203287238,1.000951420869,NA,NA,0.875798064698721,NA
1362,NA,NA,NA,NA,NA,NA,NA,NA,NA,1.04248385890747,1.00060735452908,NA,NA,1.00884768038419,NA
1363,NA,NA,NA,NA,NA,NA,NA,NA,NA,0.957920469942868,0.971764678015438,NA,NA,0.966184166871799,NA
1364,NA,NA,NA,NA,NA,NA,NA,NA,NA,1.10003975769287,1.05846295954961,NA,NA,1.0431587073448,NA
1365,NA,NA,NA,NA,NA,NA,NA,NA,NA,1.12598457025728,1.09131639232219,NA,NA,1.00752154233556,NA
1366,NA,NA,NA,NA,NA,NA,NA,NA,NA,0.995286565881287,1.04635949821931,NA,NA,1.04894338785727,NA
1367,NA,NA,NA,NA,NA,NA,NA,NA,NA,0.990279645293816,0.984045948061176,NA,NA,0.924774500933208,NA
1368,NA,NA,NA,NA,NA,NA,NA,NA,NA,0.90551666168368,1.0143183036856,NA,NA,1.04807518237176,NA
1369,NA,NA,NA,NA,NA,NA,NA,NA,NA,0.951000634207285,1.01437221814494,NA,NA,1.13040268345575,NA
1370,NA,NA,NA,NA,NA,NA,NA,NA,NA,0.899146081593491,0.998195106822362,NA,NA,1.00715812034364,NA
1371,NA,NA,NA,NA,NA,NA,NA,NA,NA,1.077990060976,1.0941298507098,NA,NA,1.03404525292059,NA
1372,NA,NA,NA,NA,NA,NA,NA,NA,NA,1.18491890366803,1.10926077979681,NA,NA,1.25199264130651,NA
1373,NA,NA,NA,NA,NA,NA,NA,NA,NA,1.02787500835574,1.0044534280071,NA,NA,1.12860776817053,NA
1374,NA,NA,NA,NA,NA,NA,NA,NA,NA,1.0449666195859,1.01962368957508,NA,NA,1.13915233306364,NA
1375,NA,NA,NA,NA,NA,NA,NA,NA,NA,0.887468227520627,0.962670475045684,NA,NA,0.965065591351432,0.884115746612982
1376,NA,NA,NA,NA,NA,NA,NA,NA,NA,0.832994184318654,0.948537313562487,NA,NA,0.957866517292068,0.948709614252592
1377,NA,NA,NA,NA,NA,NA,NA,NA,NA,0.768798198275999,0.944587363350553,NA,NA,0.949954890103714,0.939573742680898
1378,NA,NA,NA,NA,NA,NA,NA,NA,NA,0.951315549482561,0.982496869471085,NA,NA,1.02357771275976,1.07552559133224
1379,NA,NA,NA,NA,NA,NA,NA,NA,NA,1.10421978177039,1.0573600939905,NA,NA,1.01509379491926,1.11724942392585
1380,NA,NA,NA,NA,NA,NA,NA,NA,NA,1.08099884440724,1.04331802618082,NA,NA,1.06060550964137,1.14808936194371
1381,NA,NA,NA,NA,NA,NA,NA,NA,NA,1.11899014191587,1.02592120537255,NA,NA,1.04297366429654,1.04694087136227
1382,NA,NA,NA,NA,NA,NA,NA,NA,NA,0.941065923058792,0.924187222684327,NA,NA,0.896908854145041,0.854178962092978
1383,NA,NA,NA,NA,NA,NA,NA,NA,NA,0.927298194454317,0.954163126167305,NA,NA,0.85881135355816,0.926391801817484
1384,NA,NA,NA,NA,NA,NA,NA,NA,NA,0.923239549724845,0.953024783540506,NA,NA,0.888583236191303,0.896035591034789
1385,NA,NA,NA,NA,NA,NA,NA,NA,NA,0.852407633499146,0.916991081768357,NA,NA,0.885387943630118,0.908713182589556
1386,NA,NA,NA,NA,NA,NA,NA,NA,NA,1.01217774324658,0.997493239187455,NA,NA,1.05122634468327,1.03297059205796
1387,NA,NA,NA,NA,NA,NA,NA,NA,NA,1.18725612263308,1.04321137119226,NA,NA,1.08479140512992,1.09846996683377
1388,NA,NA,NA,NA,NA,NA,NA,NA,NA,1.01316528129422,0.983838596907114,NA,NA,1.08013467149988,1.01249596649949
1389,NA,NA,NA,NA,NA,NA,NA,NA,NA,0.932734544082052,0.922269317330644,NA,NA,0.999583207000513,0.946494556316681
1390,NA,NA,NA,NA,NA,NA,NA,NA,NA,0.942998932226822,0.957126443516845,NA,NA,1.12233918080484,1.00398076035489
1391,NA,NA,NA,NA,NA,NA,NA,NA,NA,0.934528689605995,1.02187946430859,NA,NA,1.23630253669623,1.074121388442
1392,NA,NA,NA,NA,NA,NA,NA,NA,NA,1.03002823816814,0.979063949101256,NA,NA,1.14290143084614,1.0104213152879
1393,NA,NA,NA,NA,NA,NA,NA,NA,NA,1.07051201749907,1.00170036887389,NA,NA,1.17515676738408,1.03399610428813
1394,NA,NA,NA,NA,NA,NA,NA,NA,NA,1.03022387371229,0.972624002207305,NA,NA,1.08041375540044,1.0116512335957
1395,NA,NA,NA,NA,NA,NA,NA,NA,NA,0.997188709593175,0.979695037993077,NA,NA,1.03670706065549,0.974298581041721
1396,NA,NA,NA,NA,NA,NA,NA,NA,NA,1.09443417361169,1.06208155556906,NA,NA,1.08430153415554,1.058967473791
1397,NA,NA,NA,NA,NA,NA,NA,NA,NA,0.969655467608348,0.947008725106285,NA,NA,0.947843862911502,0.96572453738812
1398,NA,NA,NA,NA,NA,NA,NA,NA,NA,0.871967590577133,0.925660392927715,NA,NA,0.808979759849943,0.879719686433158
1399,NA,NA,NA,NA,NA,NA,NA,NA,NA,1.00476121466036,1.02320202353052,NA,NA,0.902519867662425,0.947259370406044
1400,NA,NA,NA,NA,NA,NA,NA,NA,NA,0.7591195025964,0.917117543841033,NA,NA,0.918065747701112,0.898752330702619
1401,NA,NA,NA,NA,NA,NA,NA,NA,NA,0.951418479648994,0.984956245303973,NA,NA,0.973579888072907,1.00676798308118
1402,NA,NA,NA,NA,NA,NA,NA,NA,NA,0.997135331114211,1.03946934916387,NA,NA,1.00288727401063,1.09773598262117
1403,NA,NA,NA,NA,NA,NA,NA,NA,NA,1.00661311352705,1.04229543711964,NA,NA,0.943029761406365,1.11060060733544
1404,NA,NA,NA,NA,NA,NA,NA,NA,NA,1.08550713194578,1.01440357928882,NA,NA,0.952822887611152,1.10060073167419
1405,NA,NA,NA,NA,NA,NA,NA,NA,NA,0.962844272201419,0.942493257618488,NA,NA,0.805136215967006,0.878848805600364
1406,NA,NA,NA,NA,NA,NA,NA,NA,NA,1.17943228394202,1.05536668248171,NA,NA,0.813917796206867,0.846276889442463
1407,NA,NA,NA,NA,NA,NA,NA,NA,NA,NA,0.955441515483255,NA,NA,0.778216636393212,0.777307155960912
1408,NA,NA,NA,NA,NA,NA,NA,NA,NA,NA,0.973496230408652,NA,NA,0.848231425478595,0.817746614537261
1409,NA,NA,NA,NA,NA,NA,NA,NA,NA,NA,1.00300190670428,NA,NA,0.854178316235411,0.880344327418993
1410,NA,NA,NA,NA,NA,NA,NA,NA,NA,NA,0.984085973731856,NA,NA,0.999566877489033,0.972839606198378
1411,NA,NA,NA,NA,NA,NA,NA,NA,NA,NA,0.97031966245737,NA,NA,1.07404009783962,1.05417146667446
1412,NA,NA,NA,NA,NA,NA,NA,NA,NA,NA,0.91886317533223,NA,NA,0.873714017856499,1.00685561570871
1413,NA,NA,NA,NA,NA,NA,NA,NA,NA,NA,0.936852364880422,NA,NA,0.943647889528303,0.955055753606068
1414,NA,NA,NA,NA,NA,NA,NA,NA,NA,NA,NA,NA,NA,0.939617491673833,0.957715665413958
1415,NA,NA,NA,NA,NA,NA,NA,NA,NA,NA,NA,NA,NA,0.900921621249619,1.00024547287793
1416,NA,NA,NA,NA,NA,NA,NA,NA,NA,NA,NA,NA,NA,0.889865186690919,0.936501048404504
1417,NA,NA,NA,NA,NA,NA,NA,NA,NA,NA,NA,NA,NA,0.835502169078215,0.877235575328421
1418,NA,NA,NA,NA,NA,NA,NA,NA,NA,NA,NA,NA,NA,0.751915075460002,0.796200445346612
1419,NA,NA,NA,NA,NA,NA,NA,NA,NA,NA,NA,NA,NA,0.778428001758995,0.864155687962513
1420,NA,NA,NA,NA,NA,NA,NA,NA,NA,NA,NA,NA,NA,1.03356890743983,0.905592662540686
1421,NA,NA,NA,NA,NA,NA,NA,NA,NA,NA,NA,NA,NA,1.07707505766242,0.977623007533775
1422,NA,NA,NA,NA,NA,NA,NA,NA,NA,NA,NA,NA,NA,0.974001343829809,0.965604981671737
1423,NA,NA,NA,NA,NA,NA,NA,NA,NA,NA,NA,NA,NA,1.00669431863344,0.969697271800435
1424,NA,NA,NA,NA,NA,NA,NA,NA,NA,NA,NA,NA,NA,1.05096920773505,1.00875231914883
1425,NA,NA,NA,NA,NA,NA,NA,NA,NA,NA,NA,NA,NA,1.11080886213568,1.05277096140273
1426,NA,NA,NA,NA,NA,NA,NA,NA,NA,NA,NA,NA,NA,1.03647609049093,1.0380199497908
1427,NA,NA,NA,NA,NA,NA,NA,NA,NA,NA,NA,NA,NA,1.01557129123433,1.00865887785856
1428,NA,NA,NA,NA,NA,NA,NA,NA,NA,NA,NA,NA,NA,1.0558754801977,0.964524199933526
1429,NA,NA,NA,NA,NA,NA,NA,NA,NA,NA,NA,NA,NA,1.10732319706828,1.03420597142689
1430,NA,NA,NA,NA,NA,NA,NA,NA,NA,NA,NA,NA,NA,0.986790353270023,0.846170543494695
1431,NA,NA,NA,NA,NA,NA,NA,NA,NA,NA,NA,NA,NA,0.884321584699486,0.847844414127507
1432,NA,NA,NA,NA,NA,NA,NA,NA,NA,NA,NA,NA,NA,0.974775787610747,0.955962177800351
1433,NA,NA,NA,NA,NA,NA,NA,NA,NA,NA,NA,NA,NA,1.11801514866728,1.0876661782668
1434,NA,NA,NA,NA,NA,NA,NA,NA,NA,NA,NA,NA,NA,1.07011415597422,1.06224465038848
1435,NA,NA,NA,NA,NA,NA,NA,NA,NA,NA,NA,NA,NA,1.03378974801419,0.926458170451389
1436,NA,NA,NA,NA,NA,NA,NA,NA,NA,NA,NA,NA,NA,0.85800772622752,0.783586418778811
1437,NA,NA,NA,NA,NA,NA,NA,NA,NA,NA,NA,NA,NA,0.994053039003525,0.966974922680642
1438,NA,NA,NA,NA,NA,NA,NA,NA,NA,NA,NA,NA,NA,1.01497257863365,0.985535184831225
1439,NA,NA,NA,NA,NA,NA,NA,NA,NA,NA,NA,NA,NA,0.973635485881418,0.889180772944254
1440,NA,NA,NA,NA,NA,NA,NA,NA,NA,NA,NA,NA,NA,1.0529107209681,1.02278415514326
1441,NA,NA,NA,1.06817814552185,NA,NA,NA,NA,NA,NA,NA,NA,NA,1.10112050011708,1.01281641979835
1442,NA,NA,NA,1.0600669441718,NA,NA,NA,NA,NA,NA,NA,NA,NA,1.04206108611609,1.10016199905052
1443,NA,NA,NA,1.04326668561027,NA,NA,NA,NA,NA,NA,NA,NA,NA,1.0358454716103,1.13377720896159
1444,NA,NA,NA,1.02855605938371,NA,NA,NA,NA,NA,NA,NA,NA,NA,1.14297724344391,1.18732169921212
1445,NA,NA,NA,1.01588348549313,NA,NA,NA,NA,NA,NA,NA,NA,NA,1.21599751476847,1.24958790797675
1446,NA,NA,NA,1.01273514565825,NA,NA,NA,NA,NA,NA,NA,NA,NA,1.31115800637197,1.29897032050574
1447,NA,NA,NA,1.00063891590633,NA,NA,NA,NA,NA,NA,NA,NA,NA,1.44030276162471,1.43503607314465
1448,NA,NA,NA,0.996146624168072,NA,NA,NA,NA,NA,NA,NA,NA,NA,1.31983977696736,1.40994806286031
1449,NA,NA,NA,0.983748713690633,NA,NA,NA,NA,NA,NA,NA,NA,NA,1.16648511236253,1.22469872700187
1450,NA,NA,NA,0.983036422394461,NA,NA,NA,NA,NA,NA,NA,NA,NA,1.24752668639693,1.3378745900694
1451,NA,NA,NA,0.973977690749306,NA,NA,NA,NA,NA,NA,NA,NA,NA,0.942146831113504,1.02273021399765
1452,NA,NA,NA,0.951940363612462,NA,NA,NA,NA,NA,NA,NA,NA,NA,0.854598956845218,0.87655380115294
1453,NA,NA,NA,0.946231843666729,NA,NA,NA,NA,NA,NA,NA,NA,NA,0.738354954652792,0.69308164151033
1454,NA,NA,NA,0.936463115171973,NA,NA,NA,NA,NA,NA,NA,NA,NA,0.680899925425406,0.693070680401486
1455,NA,NA,NA,0.938142919677115,NA,NA,NA,NA,NA,NA,NA,NA,NA,0.572458325278635,0.655899765254563
1456,NA,NA,NA,0.931541611781411,NA,NA,NA,NA,NA,NA,NA,NA,NA,0.809248728284077,0.823337579733067
1457,NA,NA,NA,0.927125501236329,NA,NA,NA,NA,NA,NA,NA,NA,NA,0.710902410212738,0.772374609949371
1458,NA,NA,NA,0.928095370238591,NA,NA,NA,NA,NA,NA,NA,NA,NA,0.807054983948998,0.861001494993681
1459,NA,NA,NA,0.918175942052174,NA,NA,NA,NA,NA,NA,NA,NA,NA,0.645131909016805,0.67876951273688
1460,NA,NA,NA,0.905224694607766,NA,NA,NA,NA,NA,NA,NA,NA,NA,0.695034918535794,0.686972891310458
1461,NA,NA,NA,0.921339303279786,NA,NA,NA,NA,NA,NA,NA,NA,NA,0.867663198380492,0.857927741608198
1462,NA,NA,NA,0.920882593552052,NA,NA,NA,NA,NA,NA,NA,NA,NA,0.805360488919007,0.850034161235867
1463,NA,NA,NA,0.920255112513046,NA,NA,NA,NA,NA,NA,NA,NA,NA,0.967666089908629,0.933105297652977
1464,NA,NA,NA,0.924174707961591,NA,NA,NA,NA,NA,NA,NA,NA,NA,0.988514426916629,0.874796699356399
1465,NA,NA,NA,0.930739659418548,NA,NA,NA,NA,NA,NA,NA,NA,NA,0.985728304785422,0.958184895136651
1466,NA,NA,NA,0.932799552213593,NA,NA,NA,NA,NA,NA,NA,NA,NA,0.952901742992931,1.09508334832376
1467,NA,NA,NA,0.934045436899433,NA,NA,NA,NA,NA,NA,NA,NA,NA,0.957965830342647,1.10790612619408
1468,NA,NA,NA,0.938626324355085,NA,NA,NA,NA,NA,NA,NA,NA,NA,1.08625004022214,1.10169905158014
1469,NA,NA,NA,0.936181287223247,NA,NA,NA,NA,NA,NA,NA,NA,NA,1.04459175238639,1.03028288143526
1470,NA,NA,NA,0.941895351270762,NA,NA,NA,NA,NA,NA,NA,NA,NA,1.11926687612195,1.0603565540239
1471,NA,NA,NA,0.939493303996289,NA,NA,NA,NA,NA,NA,NA,NA,NA,1.03160313017988,1.03288770312174
1472,NA,NA,NA,0.928636056373567,NA,NA,NA,NA,NA,NA,NA,NA,NA,0.877798884194752,0.85349637955866
1473,NA,NA,NA,0.947587637281434,NA,NA,NA,NA,NA,NA,NA,NA,NA,0.959958193713333,0.907104049130501
1474,NA,NA,NA,0.956015671710899,NA,NA,NA,NA,NA,NA,NA,NA,NA,0.877390392274852,0.837836717453644
1475,NA,NA,NA,0.959467396237154,NA,NA,NA,NA,NA,NA,NA,NA,NA,0.894275937860105,0.850735844578084
1476,NA,NA,NA,0.951078169341957,NA,NA,NA,NA,NA,NA,NA,NA,NA,0.891366196614689,0.883120369116989
1477,NA,NA,NA,0.965730072425539,NA,NA,NA,NA,NA,NA,NA,NA,NA,0.597294973466891,0.633511773503276
1478,NA,NA,NA,0.955525974369255,NA,NA,NA,NA,NA,NA,NA,NA,NA,0.714316497944443,0.726895636806018
1479,NA,NA,NA,0.959652107729354,NA,NA,NA,NA,NA,NA,NA,NA,NA,1.13380985694907,0.935747639187954
1480,NA,NA,NA,0.965728409205253,NA,NA,NA,NA,NA,NA,NA,NA,NA,1.11143009066644,1.06876211872016
1481,NA,NA,NA,0.971881499076562,NA,NA,NA,NA,NA,NA,NA,NA,NA,1.10329319718823,1.03499127090158
1482,NA,NA,NA,0.981681867140743,NA,NA,NA,NA,NA,NA,NA,NA,NA,1.14571176441588,1.19731342121662
1483,NA,NA,NA,0.981190911478858,NA,NA,NA,NA,NA,NA,NA,NA,NA,1.08798446024988,1.20030936532337
1484,NA,NA,NA,0.980436866343154,NA,NA,NA,NA,NA,NA,NA,NA,NA,1.15492408890848,1.33874077653915
1485,NA,NA,NA,0.992026830651196,NA,NA,NA,NA,NA,NA,NA,NA,NA,1.15110004021426,1.27690932347434
1486,NA,NA,NA,0.983867627160187,NA,NA,NA,NA,NA,NA,NA,NA,NA,0.970335829819414,1.07407975591525
1487,NA,NA,NA,0.982848216341692,NA,NA,NA,NA,NA,NA,NA,NA,NA,1.07012387252032,1.12803961260032
1488,NA,NA,NA,0.988473096031626,NA,NA,NA,NA,NA,NA,NA,NA,NA,1.07167757334906,1.15866488676798
1489,NA,NA,NA,1.00068463530254,NA,NA,NA,NA,NA,NA,NA,NA,NA,1.2261791561159,1.28608947160122
1490,NA,NA,NA,0.995696989089348,NA,NA,NA,NA,NA,NA,NA,NA,NA,1.28839532631061,1.211997598838
1491,NA,NA,NA,1.00188916240579,NA,NA,NA,NA,NA,NA,NA,NA,NA,1.26994433722077,1.09091754824726
1492,NA,NA,NA,1.00429507126822,NA,NA,NA,NA,NA,NA,NA,NA,NA,1.12607780878302,0.938000612045154
1493,NA,NA,NA,1.00814336380456,NA,NA,NA,NA,NA,NA,NA,NA,NA,1.11223208240116,0.952314274026405
1494,NA,NA,NA,1.01091904581863,NA,NA,NA,NA,NA,NA,NA,NA,NA,1.11119342420765,0.948630832975114
1495,NA,NA,NA,1.0084140926299,NA,NA,NA,NA,NA,NA,NA,NA,NA,1.06773521568003,0.968839020116735
1496,NA,NA,NA,1.01918601347721,NA,NA,NA,NA,NA,NA,NA,NA,NA,1.07990752984758,1.08876363426201
1497,NA,NA,NA,1.01240515216716,NA,NA,NA,NA,NA,NA,NA,NA,NA,1.08959627890958,1.05599497671518
1498,NA,NA,NA,1.00854288280693,NA,NA,NA,NA,NA,NA,NA,NA,NA,1.00734555673725,0.998273651587095
1499,NA,NA,NA,1.00469367029487,NA,NA,NA,NA,NA,NA,NA,NA,NA,0.987253074979655,0.958594846624018
1500,NA,NA,NA,1.00474730474484,NA,NA,NA,NA,NA,NA,NA,NA,NA,1.02496942825944,0.954440258720166
1501,NA,NA,NA,1.01294344167767,NA,NA,NA,NA,NA,NA,NA,NA,NA,0.995580535637906,1.00188502566689
1502,NA,NA,NA,1.01416005912085,NA,NA,NA,NA,NA,NA,NA,NA,NA,1.0210010255643,1.0408884803322
1503,NA,NA,NA,1.01956575893639,NA,NA,NA,NA,NA,NA,NA,NA,NA,1.0098743096248,1.03143589777491
1504,NA,NA,NA,1.02216889508216,NA,NA,NA,NA,NA,NA,NA,NA,NA,1.09453802259271,1.06732850761744
1505,NA,NA,NA,1.02802816371764,NA,NA,NA,NA,NA,NA,NA,NA,NA,1.25312011608681,1.17785216958305
1506,NA,NA,NA,1.02533149454685,NA,NA,NA,NA,NA,NA,NA,NA,NA,1.10794180773086,1.10241733474362
1507,NA,NA,NA,1.02250106967443,NA,NA,NA,NA,NA,NA,NA,NA,NA,1.05452446566892,1.06282481855788
1508,NA,NA,NA,1.02785171871658,NA,NA,NA,NA,NA,NA,NA,NA,NA,1.09051500323907,1.05905652168382
1509,NA,NA,NA,1.02501773968306,NA,NA,NA,NA,NA,NA,NA,NA,NA,0.900782744167657,1.01546550649364
1510,NA,NA,NA,1.01377135000956,NA,NA,NA,NA,NA,NA,NA,NA,NA,0.96762030642602,0.995497804254568
1511,NA,NA,NA,1.02024325708341,NA,NA,NA,NA,NA,NA,NA,NA,NA,1.0328075166372,1.0826523376526
1512,NA,NA,NA,1.02936337016627,NA,NA,NA,NA,NA,NA,NA,NA,NA,1.12787950354156,1.03653890836954
1513,NA,NA,NA,1.02163800828078,NA,NA,NA,NA,NA,NA,NA,NA,NA,1.04054693580212,0.97903228285785
1514,NA,NA,NA,1.01468423156317,NA,NA,NA,NA,NA,NA,NA,NA,NA,0.945991765577044,0.88475269700907
1515,NA,NA,NA,1.02780585488686,NA,NA,NA,NA,NA,NA,NA,NA,NA,0.909107982343922,0.905405489117378
1516,NA,NA,NA,1.02076277665746,NA,NA,NA,NA,NA,NA,NA,NA,NA,0.863549647345643,0.921480734283108
1517,NA,NA,NA,1.02559658201584,NA,NA,NA,NA,NA,NA,NA,NA,NA,1.03138101392947,0.966660275849414
1518,NA,NA,NA,1.02136621535834,NA,NA,NA,NA,NA,NA,NA,NA,NA,1.04392441679613,1.01993479063162
1519,NA,NA,NA,1.02559140173962,NA,NA,NA,NA,NA,NA,NA,NA,NA,1.12813580300224,0.967793232448687
1520,NA,NA,NA,1.02180140980358,NA,NA,NA,NA,NA,NA,NA,NA,NA,1.07314561257301,0.95482620587307
1521,NA,NA,1.01044682652935,1.01780619376813,NA,NA,NA,NA,NA,NA,NA,NA,NA,0.970959267586276,0.931319715129569
1522,NA,NA,1.03145024412764,1.02680629559861,NA,NA,NA,NA,NA,NA,NA,NA,NA,0.998301573706843,1.02311512095969
1523,NA,NA,1.05543108390452,1.02645016163595,NA,NA,NA,NA,NA,NA,NA,NA,NA,1.13943897486831,1.13480642946702
1524,NA,NA,0.998744370211376,1.01498955457049,NA,NA,NA,NA,NA,NA,NA,NA,NA,0.991126294253737,1.05695139930292
1525,NA,NA,1.02174500924833,1.01970897162439,NA,NA,NA,NA,NA,NA,NA,NA,NA,1.00808415457188,1.02713451824258
1526,NA,NA,1.02550352514464,1.02119346203192,NA,NA,NA,NA,NA,NA,NA,NA,NA,1.10786607293854,1.14083853298741
1527,NA,NA,0.992608534651598,1.00890557106315,NA,NA,NA,NA,NA,NA,NA,NA,NA,0.884599438009172,0.876067579293308
1528,NA,NA,1.03100497753289,1.01915271587074,NA,NA,NA,NA,NA,NA,NA,NA,NA,1.00910291594726,1.03168038324449
1529,NA,NA,1.03524898217679,1.02428278991526,NA,NA,NA,NA,NA,NA,NA,NA,NA,0.964096878131895,0.843812611245044
1530,NA,NA,1.02377011337067,1.01513261746084,NA,NA,NA,NA,NA,NA,NA,NA,NA,1.07254724383291,0.986546380677687
1531,NA,NA,1.03105665366037,1.01118460243752,NA,NA,NA,NA,NA,NA,NA,NA,NA,1.06513812236313,1.04663734828112
1532,NA,NA,1.0353115754089,1.01075587245085,NA,NA,NA,NA,NA,NA,NA,NA,NA,1.04545112303917,1.02942797022789
1533,NA,NA,1.03279699021398,1.01384303070208,NA,NA,NA,NA,NA,NA,NA,NA,NA,1.03587400440705,1.05151758878604
1534,NA,NA,1.05790973477419,1.02211863265362,NA,NA,NA,NA,NA,NA,NA,NA,NA,0.967976611034069,1.04583612886852
1535,NA,NA,1.05152275311753,1.02053439858823,NA,NA,NA,NA,NA,NA,NA,NA,NA,1.12462388050594,1.21671796173963
1536,NA,NA,0.965562365886388,0.996697065372369,NA,NA,NA,NA,NA,NA,NA,NA,NA,0.863904286115868,0.930497789079005
1537,NA,NA,1.00080557977279,1.00401096616407,NA,NA,NA,NA,NA,NA,NA,NA,NA,0.879229913457395,0.975397964173181
1538,NA,NA,1.01474500266322,1.00424381210329,NA,NA,NA,NA,NA,NA,NA,NA,NA,0.959697830291471,1.09178447552999
1539,NA,NA,1.03731701410016,1.0091677919454,NA,NA,NA,NA,NA,NA,NA,NA,NA,1.07234263529993,1.05839356392973
1540,NA,NA,NA,0.977929450397639,NA,NA,NA,NA,NA,NA,NA,NA,NA,0.895974583076883,0.884176897876505
1541,NA,NA,0.978837704003153,NA,NA,NA,NA,NA,NA,NA,NA,NA,NA,0.776038229420419,0.833146111629273
1542,NA,NA,NA,NA,NA,NA,NA,NA,NA,NA,NA,NA,NA,0.804817362235804,0.799194996000629
1543,NA,NA,0.934916811016945,NA,NA,NA,NA,NA,NA,NA,NA,NA,NA,0.800282400420184,0.760971643863971
1544,NA,NA,0.935015336188081,0.979592289453381,NA,NA,NA,NA,NA,NA,NA,NA,NA,0.875355162346938,0.966934580674931
1545,NA,NA,0.998993312726388,1.00207320787236,NA,NA,NA,NA,NA,NA,NA,NA,NA,0.835360029061785,0.980636473098028
1546,NA,NA,1.02104150182143,1.00042174070256,NA,NA,NA,NA,NA,NA,NA,NA,NA,0.921366802362531,1.02291199494046
1547,NA,NA,0.990159619635134,0.983359185154955,NA,NA,NA,NA,NA,NA,NA,NA,NA,0.807706576302988,0.986907056628411
1548,NA,NA,0.947592191535721,0.983008858843362,NA,NA,NA,NA,NA,NA,NA,NA,NA,0.864499702275709,0.981840706376598
1549,NA,NA,0.969575537810631,0.984596479433102,NA,NA,NA,NA,NA,NA,NA,NA,NA,0.896109428056742,0.972077733215413
1550,NA,NA,0.985019369877223,0.999009350563262,NA,NA,NA,NA,NA,NA,NA,NA,NA,0.847447456845207,0.987018763882134
1551,NA,NA,1.00494379602681,0.994892847723788,NA,NA,NA,NA,NA,NA,NA,NA,NA,1.0522300741671,1.11431795489206
1552,NA,NA,0.987385050757806,0.995399017054871,NA,NA,NA,NA,NA,NA,NA,NA,NA,1.08201981224637,1.02699465786232
1553,NA,NA,1.00266510106425,0.996617216344672,NA,NA,NA,NA,NA,NA,NA,NA,NA,1.05752086257713,1.05771578147107
1554,NA,NA,0.996272043397978,1.00175625142443,NA,NA,NA,NA,NA,NA,NA,NA,NA,1.08775047798741,0.994017428909153
1555,NA,NA,0.991442095365774,0.998032780997055,NA,NA,NA,NA,NA,NA,NA,NA,NA,1.05352253980093,0.899342864564897
1556,NA,NA,0.988652512876974,1.0000791410715,NA,NA,NA,NA,NA,NA,NA,NA,NA,1.08570921496847,0.939763955313201
1557,NA,NA,1.00117254719018,0.996087147835065,NA,NA,NA,NA,NA,NA,NA,NA,NA,0.899262591157358,1.0239070974523
1558,NA,NA,0.998695765666988,1.00243056013602,NA,NA,NA,NA,NA,NA,NA,NA,NA,0.996168302842058,1.01126799951469
1559,NA,NA,1.01055337295328,1.00121615462095,NA,NA,NA,NA,NA,NA,NA,NA,NA,1.17168180701342,1.13077175271459
1560,NA,NA,1.02631355153125,1.00044618983133,NA,NA,NA,NA,NA,NA,NA,NA,NA,1.11875062669501,1.18122129989291
1561,NA,NA,0.994802761518515,0.997486874160609,NA,NA,NA,NA,NA,NA,NA,NA,NA,1.07379850146757,1.04950467825946
1562,NA,NA,1.008520956841,0.999391318806795,NA,NA,NA,NA,NA,NA,NA,NA,NA,1.01533059698568,1.07960978778281
1563,NA,NA,0.986772377274023,0.996346340543271,NA,NA,NA,NA,NA,NA,NA,NA,NA,1.03473155939777,1.08195618871397
1564,NA,NA,1.00023858632204,0.995462377485572,NA,NA,NA,NA,NA,NA,NA,NA,NA,0.917205990158638,0.902437632889982
1565,NA,NA,1.00771303057037,0.999587070820611,NA,NA,NA,NA,NA,NA,NA,NA,NA,1.04124869832512,0.945665196928037
1566,NA,NA,0.998593898759502,0.996184101929859,NA,NA,NA,NA,NA,NA,NA,NA,NA,1.08947070878146,0.919491355832177
1567,NA,NA,0.981166685522669,0.986414726969158,NA,NA,NA,NA,NA,NA,NA,NA,NA,0.883087529062059,0.877761956966587
1568,NA,NA,0.97250588847048,0.990085117822849,NA,NA,NA,NA,NA,NA,NA,NA,NA,0.972233940119987,1.01051649950059
1569,NA,NA,1.01407572801547,1.00239883357317,NA,NA,NA,NA,NA,NA,NA,NA,NA,1.03345518646991,1.02041141887704
1570,NA,NA,1.0192518472462,1.00325080048452,NA,NA,NA,NA,NA,NA,NA,NA,NA,1.01473612031467,1.13793009475082
1571,NA,NA,1.00829970040771,1.00042759773772,NA,NA,NA,NA,NA,NA,NA,NA,NA,1.00453790451516,1.05870696834624
1572,NA,NA,1.01744608747435,1.0006344137464,NA,NA,NA,NA,NA,NA,NA,NA,NA,0.925173992386928,1.06166088861486
1573,NA,NA,1.01420221047039,1.0023137768989,NA,NA,NA,NA,NA,NA,NA,NA,NA,1.06517826266988,0.975926457702866
1574,NA,NA,0.991615018183378,0.996178303886073,NA,NA,NA,NA,NA,NA,NA,NA,NA,0.965628433132702,0.969644124645554
1575,NA,NA,1.0004652222281,0.997021938759898,NA,NA,NA,NA,NA,NA,NA,NA,NA,1.02244463575895,0.999201341538862
1576,NA,NA,1.01272276672136,1.00180879055007,NA,NA,NA,NA,NA,NA,NA,NA,NA,1.11081210358263,1.0064657239477
1577,NA,NA,0.990780022130353,0.997197073494324,NA,NA,NA,NA,NA,NA,NA,NA,NA,0.976851506706792,0.865806645224895
1578,NA,NA,0.986403053123441,0.999254199336131,NA,NA,NA,NA,NA,NA,NA,NA,NA,1.01442858947579,0.999348597755074
1579,NA,NA,1.01569692328276,1.0020792080722,NA,NA,NA,NA,NA,NA,NA,NA,NA,1.04936740118585,0.955834379661871
1580,NA,NA,0.991626937017757,0.99859556494356,NA,NA,NA,NA,NA,NA,NA,NA,NA,0.840242974185659,0.852921068887007
1581,NA,NA,1.00852487955507,1.00514770687223,NA,NA,NA,NA,NA,NA,NA,NA,NA,1.07514810311783,1.11177049224885
1582,NA,NA,1.0246406975861,1.0050513061709,NA,NA,NA,NA,NA,NA,NA,NA,NA,0.969994869110449,1.07898958455156
1583,NA,NA,1.02878039638648,1.00720795120797,NA,NA,NA,NA,NA,NA,NA,NA,NA,1.14677177434233,1.10143003106094
1584,NA,NA,1.00736887044751,1.00406282029339,NA,NA,NA,NA,NA,NA,NA,NA,NA,1.14922220539335,1.10603013540843
1585,NA,NA,1.00064793379277,1.00085131858124,NA,NA,NA,NA,NA,NA,NA,NA,NA,1.11822816648408,1.09943849280452
1586,NA,NA,0.99735785270135,1.00181558584213,NA,NA,NA,NA,NA,NA,NA,NA,NA,1.0158234527205,0.994680361159113
1587,NA,NA,0.984881313782105,0.993726973357004,NA,NA,NA,NA,NA,NA,NA,NA,NA,1.06355384111176,1.01335801919803
1588,NA,NA,0.9691149541072,0.985693989991423,NA,NA,NA,NA,NA,NA,NA,NA,NA,0.858418554103484,0.764097552791649
1589,NA,NA,0.981971555192595,0.993110608357445,NA,NA,NA,NA,NA,NA,NA,NA,NA,1.01803494788796,1.02876328565912
1590,NA,NA,0.97789237712074,0.990564315253061,NA,NA,NA,NA,NA,NA,NA,NA,NA,0.970672698822175,0.932538203148344
1591,NA,NA,0.971624026354957,0.990573473853996,NA,NA,NA,NA,NA,NA,NA,NA,NA,0.999339976377831,0.993492874935572
1592,NA,NA,0.971125749306405,0.985705968594884,NA,NA,NA,NA,NA,NA,NA,NA,NA,0.964861804361735,0.912681015219093
1593,NA,NA,0.976390164013028,0.991307693207273,NA,NA,NA,NA,NA,NA,NA,NA,NA,1.00282334745831,0.95702503221222
1594,NA,NA,1.00980895219078,0.999354846647778,NA,NA,NA,NA,NA,NA,NA,NA,NA,1.10426426768407,1.19160364661758
1595,NA,NA,1.00103938035838,1.00016992408045,NA,NA,NA,NA,NA,NA,NA,NA,NA,1.07764344166317,1.1637410032008
1596,NA,NA,1.00179883842614,0.99785660180476,NA,NA,NA,NA,NA,NA,NA,NA,NA,1.17524261675492,1.11307413723134
1597,NA,NA,1.0025785240685,0.996109109641153,NA,NA,NA,NA,NA,NA,NA,NA,NA,1.07673448195945,1.10517616881565
1598,NA,NA,0.994140559494353,0.994116094822606,NA,NA,NA,NA,NA,NA,NA,NA,NA,1.16030582739952,1.09713429464193
1599,NA,NA,1.01716273656178,0.997722796803002,NA,NA,NA,NA,NA,NA,NA,NA,NA,1.23184385390482,1.11748268745703
1600,NA,NA,1.00996350341458,0.995444448522028,NA,NA,NA,NA,NA,NA,NA,NA,NA,1.19998917325878,1.16784159201646
1601,NA,NA,0.96425875460591,0.984418730788251,NA,NA,NA,NA,NA,NA,NA,NA,NA,1.02610539754239,0.927239774227931
1602,NA,NA,0.9758707325777,0.985649734377203,NA,NA,NA,NA,NA,NA,NA,NA,NA,0.934799241008273,0.834184469582711
1603,NA,NA,0.992294739356765,0.988641434681179,NA,NA,NA,NA,NA,NA,NA,NA,NA,0.979668138947258,0.919277428201021
1604,NA,NA,0.943093272108847,0.984937655091777,NA,NA,NA,NA,NA,NA,NA,NA,NA,0.921102685148244,0.932424912264342
1605,NA,NA,0.936228848082822,0.985142414684085,NA,NA,NA,NA,NA,NA,NA,NA,NA,0.734032691652189,0.652729988176328
1606,NA,NA,0.974453357892557,0.98925843866415,NA,NA,NA,NA,NA,NA,NA,NA,NA,0.632453659199072,0.683390689600669
1607,NA,NA,0.957827802128676,0.98180611978565,NA,NA,NA,NA,NA,NA,NA,NA,NA,0.524401968793949,0.396728922027001
1608,NA,NA,0.9731826100176,0.988870555692673,NA,NA,NA,NA,1.10254864247219,NA,NA,NA,NA,0.701645515404582,0.674264287121734
1609,NA,NA,0.947478040220353,0.98080839993183,NA,NA,NA,NA,1.18276675613044,NA,NA,NA,NA,0.638209056974668,0.731944225290514
1610,NA,NA,0.970129553597862,0.997072342056053,NA,NA,NA,NA,1.03170277686921,NA,NA,NA,NA,0.716263681050459,0.671107413330435
1611,NA,NA,0.99461079686605,0.997911655153055,NA,NA,NA,NA,1.05376520114351,NA,NA,NA,NA,0.849799942839252,0.755303165495318
1612,NA,NA,1.00356164489908,0.99972829198826,NA,NA,NA,NA,1.10409746159245,NA,NA,NA,NA,0.922146728780396,0.792669067953579
1613,NA,NA,1.00309320777905,0.997481919466498,NA,NA,NA,NA,1.10157894645061,NA,NA,NA,NA,0.899591154984943,0.785882806498263
1614,NA,NA,0.997827040456281,0.993240797395438,NA,NA,NA,NA,0.585512994978399,NA,NA,NA,NA,0.881261687994201,0.764647501397323
1615,NA,NA,0.979018898494919,0.979120830165636,NA,NA,NA,NA,0.60061631891944,NA,NA,NA,NA,0.8165897719499,0.761522742668253
1616,NA,NA,0.972015889813455,0.971464591810377,NA,NA,NA,NA,0.522444689697146,NA,NA,NA,NA,0.855462322325783,0.783109719865648
1617,NA,NA,0.997697463381188,0.998967383820153,NA,NA,NA,NA,0.637017908989279,NA,NA,NA,NA,0.973595974190347,0.910214106694996
1618,NA,NA,1.01158404763721,1.0084220669071,NA,NA,NA,NA,0.733981859631333,NA,NA,NA,NA,0.956780474254307,0.845268401810016
1619,NA,NA,0.990961194176173,1.0018925498734,NA,NA,NA,NA,0.807443186567076,NA,NA,NA,NA,0.875377516082381,0.911134449428101
1620,NA,NA,0.979766417833032,1.0013032270218,NA,NA,NA,NA,0.749853045270614,NA,NA,NA,NA,0.857772170076705,0.829255545142105
1621,NA,NA,1.01141011606381,1.00807942233897,NA,NA,NA,NA,0.97111038632502,NA,NA,NA,NA,1.07316911048417,1.01950378392168
1622,NA,NA,1.01681486857669,1.00817937465813,NA,NA,NA,NA,0.99684172635557,NA,NA,NA,NA,1.0576258219655,1.10919425082163
1623,NA,NA,1.02658050982827,1.00998687603383,NA,NA,NA,NA,1.00744733091446,NA,NA,NA,NA,1.14301746283362,1.13328158475017
1624,NA,NA,1.03204228499845,1.00639988071393,NA,NA,NA,NA,1.05097609228118,NA,NA,NA,NA,1.10981903856424,1.14993735920524
1625,NA,NA,1.02529549864321,1.00769394162049,NA,NA,NA,NA,1.02247780162416,NA,NA,NA,NA,1.16520337063945,1.17027593040132
1626,NA,NA,1.04148692729686,1.01140472124489,NA,NA,NA,NA,1.11036913596368,NA,NA,NA,NA,1.18109811763237,1.19784972052343
1627,NA,NA,1.04420453393121,1.01252333336377,NA,NA,NA,NA,0.973557286770842,NA,NA,NA,NA,1.03212344844071,1.19361092535865
1628,NA,NA,1.02302162753948,1.00831977882562,NA,NA,NA,NA,0.960312840576556,NA,NA,NA,NA,1.13036348934588,1.22225863965903
1629,NA,NA,1.01872072360706,1.00923089341143,NA,NA,NA,NA,1.04053149756018,NA,NA,NA,NA,1.13172749246783,1.17263663068555
1630,NA,NA,0.980449675485553,1.00309786064872,NA,NA,NA,NA,1.04781859939649,NA,NA,NA,NA,0.938330839959481,0.985650544080408
1631,NA,NA,1.01239997671158,1.01287271645268,NA,NA,NA,NA,1.15649735665756,NA,NA,NA,NA,1.0201869364419,1.10411706598752
1632,NA,NA,0.997767048380175,1.01153816888685,NA,NA,NA,NA,1.1847716284088,NA,NA,NA,NA,1.07075369026892,1.1992307546922
1633,NA,NA,0.956077716358838,1.00325814082259,NA,NA,NA,NA,1.02491631824166,NA,NA,NA,NA,0.968870918126685,1.03759412872522
1634,NA,NA,1.00567475350463,1.01332032026388,NA,NA,NA,NA,1.15489972300356,NA,NA,NA,NA,1.12532941497932,1.03710080556364
1635,NA,NA,0.991515773614591,1.00905001315508,NA,NA,NA,NA,1.05566130555953,NA,NA,NA,NA,0.972524300530662,0.939334550786447
1636,NA,NA,1.01470121256949,1.01102458635772,NA,NA,NA,NA,1.29622505451056,NA,NA,NA,NA,1.02439342432269,0.877076213221823
1637,NA,NA,1.0281877504203,1.01789669442467,NA,NA,NA,NA,1.27041709377096,NA,NA,NA,NA,1.09071491779199,0.978036258608118
1638,NA,NA,1.01429370220787,1.01380852424597,NA,NA,NA,NA,1.183934197036,NA,NA,NA,NA,1.17955602713166,1.06773896005289
1639,NA,NA,1.02843830662152,1.01390536340825,NA,NA,1.51809197907796,NA,1.26173243882622,NA,NA,NA,NA,1.28989076849066,1.17460561635546
1640,NA,NA,1.03583973541076,1.0181784900907,NA,NA,1.36761702573445,NA,1.15128834753373,NA,NA,NA,NA,1.27791653672253,1.24617579699599
1641,NA,NA,0.970283695211561,1.00869315290742,NA,NA,1.04013980388874,NA,1.03413483356604,NA,NA,NA,NA,0.992661342205137,0.981212038427235
1642,NA,NA,0.971580395370484,1.01102884530346,NA,NA,0.796854274114744,NA,1.05379024891786,NA,NA,NA,NA,0.970200228428706,0.936558084278685
1643,NA,NA,1.00212442517716,1.01367524892073,NA,NA,1.01345198413413,NA,1.056545401088,NA,NA,NA,NA,0.975583326482077,1.17396962857842
1644,NA,NA,0.993564207081524,1.00390671123399,NA,NA,0.959205291195849,NA,0.955304857110183,NA,NA,NA,NA,1.06423801373483,1.00844910646139
1645,NA,NA,1.00007901610196,1.0062681929027,NA,NA,0.837263273650592,NA,0.829899734825813,NA,NA,NA,NA,0.960289011297008,1.0184430304795
1646,NA,NA,1.0298363034805,1.01709439196559,NA,NA,0.953028423453035,NA,0.996122158199991,NA,NA,NA,NA,1.04220284962097,1.16043394604314
1647,NA,NA,1.02657408935273,1.01804470728384,NA,NA,0.861187429662701,NA,0.956360690961594,NA,NA,NA,NA,1.05134673499084,1.15994155594505
1648,NA,NA,NA,1.0201828876229,NA,NA,0.784081294073197,NA,1.06009894900861,NA,NA,NA,NA,1.16638204264214,1.3745890587149
1649,NA,NA,NA,1.02502615520074,NA,NA,1.00021169025671,NA,1.03979006295182,NA,NA,NA,NA,1.07544170916873,1.32261803295945
1650,NA,NA,NA,1.02082423099962,NA,NA,0.841029542714515,NA,0.929143088586138,NA,NA,NA,NA,1.12365981369591,1.31620235933249
1651,NA,NA,NA,1.02546841871009,NA,NA,1.15018232423385,NA,0.979136500030035,NA,NA,NA,NA,1.13195681309728,1.33287619040744
1652,NA,NA,NA,1.01973358487162,NA,NA,1.32826798681145,NA,1.05240305513449,NA,NA,NA,NA,1.03809192052279,1.08624806621363
1653,NA,NA,NA,1.02275381083176,NA,NA,0.725965103810428,NA,1.03980094870195,NA,NA,NA,NA,1.02577518124626,1.16150456845969
1654,NA,NA,NA,1.02670520373464,NA,NA,1.04675443644621,NA,1.05076976961836,NA,NA,NA,NA,1.07112383338683,1.085221789354
1655,NA,NA,NA,1.03261854193676,NA,NA,0.9979776462236,NA,1.03551121950295,NA,NA,NA,NA,1.02724781220124,1.17142758993443
1656,NA,NA,NA,1.02833158805932,NA,NA,1.27769131594527,NA,1.21754737006635,NA,NA,NA,NA,1.03891219233407,1.11431256567805
1657,NA,NA,NA,1.02590751796304,NA,NA,1.32873809151956,NA,1.11779651265196,NA,NA,NA,NA,0.981376692460051,1.08476897456215
1658,NA,NA,NA,1.03255224969772,NA,NA,1.2966758405559,NA,1.18557337354254,NA,NA,NA,NA,1.10110674618925,1.095370040967
1659,NA,NA,NA,1.02861917421669,NA,NA,1.02832889713322,NA,1.14664207016839,NA,NA,NA,NA,0.985971698532148,1.10942944742241
1660,NA,NA,NA,1.03122726523363,NA,NA,0.930140124390708,NA,1.16411789348582,NA,NA,NA,NA,1.08193065507855,1.17339065012893
1661,NA,NA,NA,1.02718887081498,NA,NA,0.74644724221389,NA,1.15188827577797,NA,NA,NA,NA,0.896717830503563,1.17949355225476
1662,NA,NA,NA,1.03278782797806,NA,NA,1.01778881866504,NA,1.12599388948955,NA,NA,NA,NA,0.971238853200042,1.04393288045556
1663,NA,NA,NA,1.03273826354915,NA,NA,1.10203697785936,NA,1.05493902726891,NA,NA,NA,NA,1.01979234053474,1.12704586435561
1664,NA,NA,NA,1.03379263771924,NA,NA,1.09676671751571,NA,0.996671726991445,NA,NA,NA,NA,1.00447843823261,1.01424187631264
1665,NA,NA,NA,1.03226469402044,NA,NA,1.031838063406,NA,1.01539150045083,NA,NA,NA,NA,1.00366363195181,1.10798678779335
1666,NA,NA,NA,1.03706419101572,NA,NA,0.994875645783126,NA,0.924622905026243,NA,NA,NA,NA,0.994994659621142,1.10362438288238
1667,NA,NA,NA,1.03356933082594,NA,NA,1.07089061771106,NA,0.936206205758564,NA,NA,NA,NA,1.00592251257734,1.1366272670888
1668,NA,NA,NA,1.03897647589818,NA,NA,1.05530525293097,NA,1.08166044327759,NA,NA,NA,NA,1.09307634018459,1.33108333367129
1669,NA,NA,NA,1.03601537438042,NA,NA,0.869610913922324,NA,0.996146811763068,NA,NA,NA,NA,0.890691324040415,1.13552776207922
1670,NA,NA,NA,1.03007284840511,NA,NA,0.925219116193636,NA,1.05592473682634,NA,NA,NA,NA,0.977803932151028,1.17256892089818
1671,NA,NA,NA,1.03178018390241,NA,NA,0.962360932220715,NA,1.06520265082121,NA,NA,NA,NA,1.10900819244326,1.13871239212186
1672,NA,NA,NA,1.02927522279485,NA,NA,0.962970694146927,NA,0.988508871328472,NA,NA,NA,NA,1.08046514581728,1.00412578514601
1673,NA,NA,NA,1.02719738260892,NA,NA,0.974856107974088,NA,0.991730300698057,NA,NA,NA,NA,1.10259520368729,1.17841717503257
1674,NA,NA,NA,1.02239067302051,NA,NA,1.0010523996255,NA,1.05020440055449,NA,NA,NA,NA,1.04688258635515,1.18496267302616
1675,NA,NA,NA,1.01829467051321,NA,NA,0.966490371084367,NA,1.08920483362664,NA,NA,NA,NA,1.04322217645296,1.21232320000535
1676,NA,NA,NA,1.0262438698631,NA,NA,1.06355258645418,NA,1.14047021967088,NA,NA,NA,NA,1.16108243133738,1.13671531898205
1677,NA,NA,NA,1.02673179878227,NA,NA,0.999344054304928,NA,1.20853539481722,NA,NA,NA,NA,1.09012745534745,1.07602752678956
1678,NA,NA,NA,1.02907318213503,NA,NA,1.02217456515937,NA,1.23433894037888,NA,NA,NA,NA,1.11285532394641,1.10752016902082
1679,NA,NA,NA,1.02633325800476,NA,NA,0.920466225780083,NA,1.03139260666712,NA,NA,NA,NA,0.912571765482116,1.10443026824062
1680,NA,NA,NA,1.00807709028665,NA,NA,0.887940733175703,NA,0.770572153751369,NA,NA,NA,NA,0.778817400296475,0.855687620974707
1681,NA,NA,NA,1.01758510177747,NA,NA,0.898836315072283,NA,0.780732944418467,NA,NA,NA,NA,0.935086787173396,0.914120674262793
1682,NA,NA,NA,1.02460573406691,NA,NA,1.05057767079716,NA,0.936259032540022,NA,NA,NA,NA,1.03212390729573,0.962967756451481
1683,NA,NA,NA,1.0232065892195,NA,NA,1.07230842938739,NA,0.88518730459958,NA,NA,NA,NA,1.04885878964762,1.02685860240489
1684,NA,NA,NA,1.02644004268261,NA,NA,1.10307460187422,NA,1.01651364723977,NA,NA,NA,NA,1.05415476871833,1.0841078439422
1685,NA,NA,NA,1.03827281523244,NA,NA,1.17824794471127,1.17497097517451,1.14251108048178,NA,NA,NA,NA,1.16785433972188,1.09471394458219
1686,NA,NA,NA,1.02900671943492,NA,NA,1.10486959814971,1.17647683347374,1.05720847208017,NA,NA,NA,NA,0.972958041107474,0.944102082506447
1687,NA,NA,NA,1.02612206832046,NA,NA,0.974263048153851,0.94400341228354,1.07297651571686,NA,NA,NA,NA,0.939438147909003,0.971570733757941
1688,NA,NA,NA,1.03142763713887,NA,NA,1.02931113768105,0.986452932365187,0.974777971472974,NA,NA,NA,NA,0.987994825158012,0.897377490559199
1689,NA,NA,NA,1.04024406702157,NA,NA,1.10863971341886,0.960477185889864,0.927983069939657,NA,NA,NA,NA,1.04390252058077,1.00900180129103
1690,NA,NA,NA,1.0390370163934,NA,NA,0.787611319469512,0.884414427678777,0.894765733874016,NA,NA,NA,NA,1.00605425429594,1.01788394607728
1691,NA,NA,NA,1.03860412881083,NA,NA,1.00258765768441,1.03163670621156,0.968067824680009,NA,NA,NA,NA,1.04016361943037,0.982276484699612
1692,NA,NA,NA,1.045628702904,NA,NA,0.978928132041983,0.980598999188062,1.0246985714103,NA,NA,NA,NA,1.08650176038865,1.09931367884929
1693,NA,NA,NA,NA,NA,NA,1.01792521929483,0.963342626164628,1.01056301995648,NA,NA,NA,NA,1.01896585824033,1.05807588652071
1694,NA,NA,NA,NA,NA,NA,0.870586347717108,0.834836505296971,0.965344503215788,NA,NA,NA,NA,1.08823077116268,1.1367063922187
1695,NA,NA,NA,NA,NA,NA,0.906379023826957,0.786115927133065,0.91258488079471,NA,NA,NA,NA,1.0100553658811,0.993225057796221
1696,NA,NA,NA,NA,NA,NA,1.01151752436936,0.847877316232047,0.881603278615375,NA,NA,NA,NA,0.99175243482748,0.892605071951632
1697,NA,NA,NA,NA,NA,NA,0.982828466140716,0.858301352920762,0.93382764613933,NA,NA,NA,NA,1.01167772726743,0.921548154953177
1698,NA,NA,NA,NA,NA,NA,1.10554628605037,0.980703843494721,1.05060015163479,NA,NA,NA,NA,1.1207842739014,0.870955420075663
1699,NA,NA,NA,NA,NA,NA,1.19149678018392,0.971530696661918,1.01097167843212,NA,NA,NA,NA,0.968215718168948,0.91185749172525
1700,NA,NA,NA,NA,NA,NA,1.34804784185036,1.15057845708013,1.04052830981574,NA,NA,NA,NA,1.11841950536193,0.887453714966505
1701,NA,NA,NA,NA,NA,NA,1.10608789601037,1.03946893918941,1.04019794123407,NA,NA,NA,NA,0.881960970816277,0.9494042138041
1702,NA,NA,NA,NA,NA,NA,1.35450059187049,1.14266840186974,1.04085100488175,NA,NA,NA,NA,0.974994327763936,0.980086008745531
1703,NA,NA,NA,NA,NA,NA,1.40544832048607,1.26213529301709,1.07774047309441,NA,NA,NA,NA,1.17766532997545,1.09733302874955
1704,NA,NA,NA,NA,NA,NA,1.43900444247265,1.28266152847254,1.11214610972889,NA,NA,NA,NA,1.32239982516394,1.12747850824216
1705,NA,NA,NA,NA,NA,NA,1.02582307390301,0.981119979512309,0.841926100890824,NA,NA,NA,NA,1.00243166748137,0.842900907994222
1706,NA,NA,NA,NA,NA,NA,1.13101974751397,1.11490614184497,0.801414705565366,NA,NA,NA,NA,0.953892728364034,0.87310648831437
1707,NA,NA,NA,NA,NA,NA,1.29344181108708,1.28533355987256,0.973743725319648,NA,NA,NA,NA,1.21203971458401,1.03664573268474
1708,NA,NA,NA,NA,NA,NA,1.26939757140423,1.19902289435248,0.854617360174057,NA,NA,NA,NA,1.1773238484833,1.07945598260466
1709,NA,NA,NA,NA,NA,NA,1.30891209284975,1.21933052833929,0.812427985119683,NA,NA,NA,NA,1.04838671404936,0.911412537433197
1710,NA,NA,NA,NA,NA,NA,1.39244474641164,1.34049503365184,0.94123690306924,NA,NA,NA,NA,1.07033275037687,0.99873776527875
1711,NA,NA,NA,NA,NA,NA,1.35792689429587,1.23479190089017,0.970704552341792,NA,NA,NA,NA,1.12366481383933,1.08332456499254
1712,NA,NA,NA,NA,NA,NA,1.12741534852834,1.13737099726759,0.990660822467772,NA,NA,NA,NA,1.13729174126331,1.02720231798385
1713,NA,NA,NA,NA,NA,NA,0.975497026510558,1.12303075369973,0.977016321125203,NA,NA,NA,NA,1.13263684628729,1.13740559903921
1714,NA,NA,NA,NA,NA,NA,0.767561886305306,0.9336503464465,0.80297649709172,NA,NA,NA,NA,0.849119209103451,0.736610801485318
1715,NA,NA,NA,NA,NA,NA,0.965740083967919,0.94944107717406,0.888173854822702,NA,NA,NA,NA,1.00571011629826,0.872991106189304
1716,NA,NA,NA,NA,NA,NA,0.920879853682215,0.95593026887136,0.870545335781826,NA,NA,NA,NA,1.03350992907868,0.928103533741248
1717,NA,NA,NA,NA,NA,NA,0.835718931027631,0.969459459659825,0.927228851356658,NA,NA,NA,NA,0.929322452883003,0.893676660018282
1718,NA,NA,NA,NA,NA,NA,0.659276489711741,0.820890060444493,0.934189149542052,NA,NA,NA,NA,0.86657904257323,0.677966534902622
1719,NA,NA,NA,NA,NA,NA,0.58159785123345,0.784531991599365,0.917700296181727,NA,NA,NA,NA,0.92596618066074,0.703994698767884
1720,NA,NA,NA,NA,NA,NA,0.757284771005249,0.915833017806528,0.815943601525046,NA,NA,NA,NA,0.931711581913501,0.763465154912717
1721,NA,NA,NA,NA,NA,NA,1.03755656110444,0.95936702443399,0.931351691014171,NA,NA,NA,NA,0.846170832106413,0.906509065577817
1722,NA,NA,NA,NA,NA,NA,1.02474686846589,0.96049975841336,1.07281222742597,NA,NA,NA,NA,0.891294565756322,0.875173948332197
1723,0.912673812187405,NA,NA,NA,NA,NA,0.921097432552805,0.923675310945387,1.03898769117519,NA,NA,NA,NA,0.872529972050632,0.798306715832948
1724,0.92814555137216,0.948264471470736,NA,NA,NA,NA,0.862744724498507,0.955171719934542,1.06608736042001,NA,NA,NA,NA,1.00477916803798,1.03771653844881
1725,0.944576360234355,0.939730981811827,NA,NA,NA,NA,0.838986804557797,0.995771159833041,1.01885298927168,NA,NA,NA,NA,1.03821165733688,0.998540732088809
1726,0.944995468768713,0.951800321649791,NA,NA,NA,NA,0.765550345656451,0.819671669760242,0.999001376154864,NA,NA,NA,NA,0.987752707562269,0.927273471771771
1727,0.940192007578893,0.94778431711615,NA,NA,NA,NA,0.653280302187537,0.687628605208998,0.908622189224628,NA,NA,NA,NA,0.921287622855385,0.827721849915962
1728,0.946298807442796,0.917672111985212,NA,NA,NA,NA,0.361009312550455,0.69613170647184,0.8841367744963,NA,NA,NA,NA,0.742439110927346,NA
1729,0.935062480688315,0.905173604922977,NA,NA,NA,NA,0.703025750582678,0.877436691363215,0.909678204629557,NA,NA,NA,NA,0.904195090258158,NA
1730,0.963943662735546,0.968840939886302,NA,NA,NA,NA,0.908194009260436,0.962856040155418,1.05239772359745,NA,NA,NA,NA,0.916507781300235,NA
1731,0.927082198963679,0.992755250861082,NA,NA,NA,NA,0.73416276238539,0.901622215178484,0.955591471333281,NA,NA,NA,NA,0.888578220791281,NA
1732,0.914473103093242,0.961656909731304,NA,NA,NA,NA,0.695469945562265,0.922558697319877,1.08685511901511,NA,NA,NA,NA,0.967802029743615,NA
1733,0.924380921200018,0.919174764048249,NA,NA,NA,NA,0.711165348324793,0.912742221641251,1.06614831489862,NA,NA,NA,NA,0.864363587853114,NA
1734,0.927849377577825,0.922553255807148,NA,NA,NA,NA,0.658243954732659,0.906542078118901,0.955865811465873,NA,NA,NA,NA,0.814433396621788,NA
1735,0.943883975154262,0.958124313070073,NA,NA,NA,NA,0.911931479561986,1.12718071576985,1.09026699258791,NA,NA,NA,NA,0.972286635299468,NA
1736,0.976506925426278,1.01521443612766,NA,NA,NA,NA,1.0878155598459,1.33496336493119,1.15659328417316,NA,NA,NA,NA,1.09624808720766,NA
1737,0.951613279517308,0.945856436306859,NA,NA,NA,NA,0.77931404084007,1.12716166022682,0.873518226311789,NA,NA,NA,NA,0.86164889163478,NA
1738,0.964400449627052,0.982976696897053,NA,NA,NA,NA,0.746021720033441,0.971739033633928,0.995010895903567,NA,NA,NA,NA,0.96138157169917,NA
1739,0.966102277786507,0.994355703585805,NA,NA,NA,0.920616553168017,0.949325207580541,0.987074455451895,0.958495830000691,NA,NA,NA,NA,1.02525851900722,NA
1740,0.923591379244707,0.935218876389224,NA,NA,NA,0.871092890726918,0.85308706760888,0.837892184412148,0.836965843003817,NA,NA,NA,NA,0.902298503856795,NA
1741,0.917897368484953,0.895528501352236,NA,NA,NA,0.794463025950578,0.687526014072998,0.638828545627229,0.779423595387172,NA,NA,NA,NA,0.956090783108857,NA
1742,0.952113400325888,0.971620664256017,NA,NA,NA,0.849805246207988,0.928388222979933,0.731149984509044,0.88151813468185,NA,NA,NA,NA,0.978404603044208,NA
1743,0.942335081337106,0.901418796617606,NA,NA,NA,0.848643835546016,0.786988659468957,0.815850012053025,0.825988295413587,NA,NA,NA,NA,0.916619292360055,NA
1744,0.953947816439727,0.940819453448381,NA,NA,NA,0.926683800511887,0.92703962687283,0.814968156377393,0.886943265746707,NA,NA,NA,NA,0.965608397804819,NA
1745,0.888599579750222,0.817833273515283,NA,NA,0.956320153827085,0.923581776874102,0.933902367412779,0.801627160915217,0.860159173419331,NA,NA,NA,NA,1.03961716729751,NA
1746,0.893972960733249,0.81656524710099,NA,NA,0.963722649015164,0.914422043103082,0.847670407407971,0.817903185535815,0.841485141808435,NA,NA,NA,NA,1.05524850858879,NA
1747,0.920557665501643,0.864068386596669,NA,NA,0.968860237358251,0.991378857111259,0.773540407886072,0.770961881963064,0.777493222557757,NA,NA,NA,NA,0.857564615840637,NA
1748,0.961299299167723,0.917870154018841,NA,NA,0.9723937061638,1.01497454045466,0.990298516835243,0.878898718511093,0.901027088215988,NA,NA,NA,NA,1.03008262305319,NA
1749,0.979022846103265,0.917956566384158,NA,NA,0.97703500446487,1.08165454959377,1.08906772677062,0.987480863712772,0.819846409503448,NA,NA,NA,NA,1.08744442258547,NA
1750,1.02845018209843,1.0232484045444,NA,NA,0.977514656341943,1.02577546784511,1.28972400851513,1.01453138522163,0.985453125886759,NA,NA,NA,NA,1.07351943604796,NA
1751,1.00288323762708,0.990804558101894,NA,NA,0.978064996774228,1.08115130635279,1.10960929474084,0.914057090616582,0.89422489890657,NA,NA,NA,NA,1.07868655853814,NA
1752,0.997391076005902,1.00630735937077,NA,NA,0.983181617046975,1.00444343814024,1.2360968550761,1.05295204003703,0.999009341504334,NA,NA,NA,NA,1.06958505592609,NA
1753,1.00283921483483,0.972431560692322,NA,NA,0.987537274054902,1.06396906132811,1.23895243863655,1.15975407273729,0.949363325940758,NA,NA,NA,NA,0.9705983925237,NA
1754,1.0034915947308,1.02383656297554,NA,NA,0.986520082044887,0.988452687486379,1.11882362010323,1.12738986506748,0.992684358335398,NA,NA,NA,NA,0.992075651699497,NA
1755,1.00781275911274,1.04236249559967,NA,NA,0.989672917566579,1.03425302065991,1.16519811066847,1.12691866505433,1.03574830678481,NA,NA,NA,NA,1.01384772036408,NA
1756,1.01015840229957,1.01419665346171,NA,NA,0.989690830609849,0.976153047508063,0.832497118687965,0.897963186602583,0.956758675721555,NA,NA,NA,NA,0.896466816240382,NA
1757,1.04135778185854,1.0557854327622,NA,NA,0.992219667237738,0.971563102437434,1.07457645059007,1.01732688493334,1.07512984696359,NA,NA,NA,NA,0.924100623184793,NA
1758,1.01734775563231,1.00560126631906,NA,NA,0.99177675828787,0.994576161790085,1.07683351985904,1.10175349650757,1.05528222078949,NA,NA,NA,NA,0.898128405440822,NA
1759,0.994461227585031,0.98839575396654,NA,NA,0.992292568807092,0.961884031543183,0.982863662966028,1.03609321694267,0.873127207297712,NA,NA,NA,NA,0.95144928669733,NA
1760,0.980858957750087,0.987241365833311,NA,NA,0.993993932779667,0.998356867197663,0.947977479146022,1.01829324571459,0.935114509551557,NA,NA,NA,NA,0.939648538458928,NA
1761,0.998222725927159,0.991648651601612,NA,NA,0.996671023957649,0.991816660597146,1.19687541455692,1.05505788661046,0.926661630238972,NA,NA,NA,NA,1.09789836381523,NA
1762,1.00799134152407,1.03501286816794,NA,NA,0.9977277782437,0.949446739501418,1.12845151890203,1.10111283621617,1.04116932248401,NA,NA,NA,NA,1.03711618618817,NA
1763,0.978644147837019,0.954533978573166,NA,NA,0.995059165180274,0.895764084614624,0.920946171436141,0.996689998119093,1.10289335489749,NA,NA,NA,NA,0.949731882627289,NA
1764,0.965198271089069,0.955691372861271,NA,NA,0.994631193556548,0.930507934633461,0.900003924176038,0.967992068354422,1.04853517191178,NA,NA,NA,NA,0.927937653892357,NA
1765,0.994518223883675,1.01593595591293,NA,NA,0.997842451631825,0.986130011286546,1.15187272527029,1.06826051504711,1.1561949000393,NA,NA,NA,NA,0.886429874690989,NA
1766,1.02459812564081,1.0654226070183,NA,NA,1.00016842628351,1.01353440030454,1.28764447290245,1.14925339989966,1.22894681091177,NA,NA,NA,NA,1.01669394916683,NA
1767,1.00615690442301,1.02051365489327,NA,NA,0.999167171252917,1.0055498164705,1.26101148864897,1.15875406153533,1.27824967255374,NA,NA,NA,NA,0.970041544901381,NA
1768,0.989991640119601,0.999421174859828,NA,NA,0.997669661745802,1.00036816926998,1.19613277398267,1.16608785155486,1.13353487177827,NA,NA,NA,NA,0.855675396343123,NA
1769,0.985051111591942,0.956687887577335,NA,NA,0.99665503496558,0.958459398375058,1.03388146665647,1.03583447460008,1.00645206873187,NA,NA,NA,NA,0.707549970264324,NA
1770,0.977900181952335,0.904704090049848,NA,NA,0.999047823261822,0.974672403637257,1.03009145567574,1.02589405441541,1.04513113007468,NA,NA,NA,NA,0.827133114200054,NA
1771,0.957691842908224,0.878599664080423,NA,NA,0.997123006034697,0.989440412370078,0.924354452186991,0.930625214003696,1.08723325362023,NA,NA,NA,NA,1.05776392452381,NA
1772,0.949473575381276,0.879055188762017,NA,NA,0.997046582836103,0.955385611548896,0.72075236218852,0.742198066095561,0.975074455650437,NA,NA,NA,NA,1.05330625427418,NA
1773,1.00082472750689,0.975223411206559,NA,NA,0.999665120192941,1.07341183692977,0.715600122867764,0.834873266681146,1.01321162488765,NA,NA,NA,NA,0.858432463353658,NA
1774,1.04646774714823,1.05475890337619,NA,NA,1.00125477481253,1.11359421493293,0.976976311358928,1.05430122796675,1.05479568821917,NA,NA,NA,NA,1.08915752125644,NA
1775,1.03815086010048,1.05516617585512,NA,NA,1.00191097681119,1.15358014202456,1.09757800226695,1.07192760840322,1.0087769497472,NA,NA,NA,NA,1.07167443906175,NA
1776,1.02666745711059,1.00065448986089,NA,NA,1.00263298746438,1.15885262978683,1.02531732079954,1.04499696765593,1.04628545153865,NA,NA,NA,NA,1.13664446261612,NA
1777,1.00403853337432,1.04131215633427,NA,NA,1.00108343751376,1.06241469898937,0.992664247238657,1.01703294142493,0.986558547539003,NA,NA,NA,NA,1.02728499374709,NA
1778,1.01278060525343,1.11200633050968,NA,NA,1.00096284668845,1.04506255118521,0.96495592694379,1.02735017507293,0.987654538414993,NA,NA,NA,NA,0.942479530240537,NA
1779,0.986975942861705,1.05659379652564,NA,NA,0.998657830560111,1.06785653792116,0.93898628692791,1.02151049665859,0.960656598208044,NA,NA,NA,NA,0.90539716505278,NA
1780,1.00326168536131,1.00197426849977,NA,NA,1.00035433223758,1.04414774918401,1.06345732743642,0.99332887912573,1.00583538472673,NA,NA,NA,NA,0.957490767108686,NA
1781,0.993228757727035,0.951099411979335,NA,NA,0.999662281323111,1.01886260355263,0.762916337078584,0.677207822578358,0.83088860308276,NA,NA,NA,NA,0.839865836434227,NA
1782,0.990556419976583,0.968552803999968,NA,NA,1.00042538708903,1.03827791437928,0.696226116590859,0.636098634989657,0.857373339071189,NA,NA,NA,NA,0.888539036723579,NA
1783,0.997624575904833,0.975437207164739,NA,NA,0.998885708105622,0.973243538606408,0.885690217999401,0.765211601040578,0.86317048444025,NA,NA,NA,NA,0.906456719447202,NA
1784,1.02524757594532,1.00043998485453,NA,NA,0.995128061458002,0.863381056701285,0.881583286829165,0.768354559789624,0.806361971550006,NA,NA,NA,NA,0.829906065887777,NA
1785,1.03800650809929,1.05401335514871,NA,NA,0.997144760363209,0.892477538033732,0.980136351800664,0.814248152213557,0.885912968398354,NA,NA,NA,NA,0.927111068620706,NA
1786,1.00393422245323,1.02646181227775,NA,NA,0.995448473091012,0.826041791416156,0.844328804924804,0.747077534335377,0.840644084955685,NA,NA,NA,NA,0.889452108163566,NA
1787,1.02458569369651,1.03479988285283,NA,NA,0.999347768313117,0.937911930290921,1.02299770270096,0.922545965421707,0.979303188939898,NA,NA,NA,NA,1.03028260682158,NA
1788,1.00500833263112,0.91528218874133,NA,NA,1.0009039417903,0.978828725586378,1.00941099553699,0.926439537130524,0.946188033911868,NA,NA,NA,NA,0.927443626746217,NA
1789,0.969539918603187,0.870018430129498,NA,NA,1.00141358618685,0.965664159243534,1.15329767547473,0.973142107825675,1.22553979898717,NA,NA,NA,NA,1.08426081471103,NA
1790,0.972175474443246,0.939812683620597,NA,NA,1.00042666845923,0.97260535918579,1.09334150746606,0.922260622210963,1.19031330610602,NA,NA,NA,NA,1.16904874339915,NA
1791,1.00026721301506,0.972074580382949,NA,NA,1.00033770368521,1.00840518794113,1.11596975606695,0.931434575634981,1.18328931079994,NA,NA,NA,NA,1.02330297043941,NA
1792,1.01544279130561,0.988631408307863,NA,NA,1.00196561535254,0.97662692117706,1.1519971760651,0.984139536807722,1.23344527145376,NA,NA,NA,NA,0.971857221692374,NA
1793,1.01020520732332,1.09186210298786,NA,NA,1.00528726068102,0.985212113850816,1.03096850682605,0.918964271006187,1.17140115818316,NA,NA,NA,NA,1.16513182142126,NA
1794,0.991323318265192,1.09875170409884,NA,NA,1.00686155662043,1.00574962357036,1.09953845185399,0.990620728789804,1.20253595074497,NA,NA,NA,NA,1.07286006982046,NA
1795,1.01375351748408,1.06583364169577,NA,NA,1.00792956230841,1.00749601895811,1.00497565344889,0.927192751811672,1.19171063348274,NA,NA,NA,NA,0.931363381094108,NA
1796,1.01544717924648,1.04926897577408,NA,NA,1.00958911205616,1.07273374869507,1.12913582344726,1.04933100141364,1.21642550934176,NA,NA,NA,NA,1.00565796445054,NA
1797,0.999054064382954,1.06449643210691,NA,NA,1.00876744639515,1.01790000417058,1.20157682187043,1.17076972694742,1.07852963076033,NA,NA,NA,NA,1.04423145310994,NA
1798,1.03365239842021,1.04522647978527,NA,NA,1.00923057314537,1.01141538952058,1.33823767157395,1.1618029018023,1.18849461456927,NA,NA,NA,NA,1.14830745388908,NA
1799,1.01886828821861,0.975810466740523,NA,NA,1.00782110759562,0.991807454627839,1.42942771758194,1.11072169023275,1.22974553140084,NA,NA,NA,NA,1.09204410398518,NA
1800,1.00126745445494,1.02214712722778,NA,NA,1.00507336592541,0.92102111540584,1.28573006279468,0.998703383439016,1.07940078364316,NA,NA,NA,NA,1.14544016138347,NA
1801,1.00300894267728,1.0784008835075,NA,NA,1.00830265236853,1.02162738534615,1.33127568297318,1.19495484840498,1.13835256374645,NA,NA,NA,NA,1.14996950769192,NA
1802,0.989345161067896,1.06963647083582,NA,NA,1.00759849874407,1.00171522265031,1.23637174322811,1.21853664486198,0.944027361089014,NA,NA,NA,NA,1.13472311080447,NA
1803,0.96398015411763,0.981207216281821,NA,NA,1.00509224539639,0.972787872007047,1.05497206976601,1.09809124610439,0.886941022859027,NA,NA,NA,NA,1.04337500131429,NA
1804,0.994860923185019,0.968186911532965,NA,NA,1.00824103668372,1.10243731772221,1.03246272289829,1.15381474030921,1.06186374604353,NA,NA,NA,NA,1.00610543331008,NA
1805,1.02964700207018,1.00448664176588,NA,NA,1.0084898150668,1.09250276049414,1.05122617153269,1.10781801142847,1.04940629355978,NA,NA,NA,NA,1.07006910178017,NA
1806,0.989486685242915,0.931775632193176,NA,NA,1.00173280678974,0.929284601965299,0.766388221885922,0.944446227172509,0.847770142306006,NA,NA,NA,NA,0.975116941035514,NA
1807,1.02073243457595,1.0261588498031,NA,NA,1.00670010407652,1.05875968865625,0.838122746141398,0.928957699883386,0.975677128145522,NA,NA,NA,NA,0.931455974747401,NA
1808,1.01800020774225,1.03784043387737,NA,NA,1.00675495134677,1.0467437255011,0.95135230955729,1.06610038482839,0.953155792678954,NA,NA,NA,NA,1.04039509327425,NA
1809,1.02457581406923,1.04119478204642,NA,NA,1.00563169905485,1.1214215440292,0.90374729316321,1.00296010556093,0.952457676188289,NA,NA,NA,NA,0.960760121502769,NA
1810,1.0257915800526,1.0195121567898,NA,NA,1.00369570908118,1.07211621600739,0.80500210043226,0.908038805979369,0.896537801834443,NA,NA,NA,NA,1.04244972204865,NA
1811,1.02572642157367,1.01430284747639,NA,NA,1.00347515509636,1.04524904450581,0.892351146037418,0.92484297579489,0.944550358334068,NA,NA,NA,NA,1.03834002447742,NA
1812,1.02178935897349,1.03233527465504,NA,NA,1.0050281671012,0.94380543013123,0.728000880148847,0.842066114425023,0.885319245133233,NA,NA,NA,NA,0.961268707137086,NA
1813,1.0075785904663,1.05460247253001,NA,NA,1.00620088115648,0.989465659059223,0.952597323556994,0.921585575847046,0.990355801447462,NA,NA,NA,NA,1.02786304680037,NA
1814,1.02797621507371,1.06304512057724,NA,NA,1.00483826806559,0.97613891418072,0.922482317797326,0.878783862505533,1.08636368952326,NA,NA,NA,NA,1.15698448365316,NA
1815,0.999464282503009,0.988883356881394,NA,NA,1.00303898360278,0.976398877255944,0.828145968255407,0.815056522836678,0.912244152912226,NA,NA,NA,NA,0.928924873488476,NA
1816,1.03715654624077,1.05958217387844,NA,NA,1.0065939900003,1.05923703091921,1.02582085093961,0.967155784757599,1.04976472617704,NA,NA,NA,NA,1.08469359663992,NA
1817,1.02768146216478,1.07300541134862,NA,NA,1.00269641463812,0.962490398550101,0.999670808795787,1.00733296834418,1.11463737375011,NA,NA,NA,NA,1.12366478593666,NA
1818,1.02381340897165,1.12143122666046,NA,NA,1.00551761631208,1.04151871412056,0.85015472162192,1.05903585790833,1.11295936877566,NA,NA,NA,NA,0.97639706396425,NA
1819,1.03570980664122,1.14452394357203,NA,NA,1.00839966775546,1.14231207997387,1.01030689094188,1.06471430629508,1.22878019038061,NA,NA,NA,NA,1.1212784095923,NA
1820,0.980732831047022,1.0829992757098,NA,NA,1.00560415602188,1.04886247035882,0.923812793920482,1.00376938859568,1.09597048083815,NA,NA,NA,NA,1.00121630185262,NA
1821,1.02088350032674,1.04807226846286,NA,NA,1.00403364780082,0.932194857842223,0.777655113414695,0.918085289055177,1.00073294236434,NA,NA,NA,NA,1.05184657155878,NA
1822,1.01254868498448,0.987882421364983,NA,NA,1.0046307264243,0.890788544827313,0.76712802812361,0.845800397139667,0.937565614840563,NA,NA,NA,NA,0.923976590643076,NA
1823,1.03523913873964,1.00863036015439,NA,NA,1.00718314487154,1.04519222188473,1.07844569876028,1.09736015368633,1.10057200193974,NA,NA,NA,NA,1.03281945560239,NA
1824,1.03049506839434,1.07453577722994,NA,NA,1.00457500118729,1.00562582756996,1.14847835570548,1.13632582087442,1.02529988233524,NA,NA,NA,NA,1.08252412659672,NA
1825,0.991508569325383,1.04632237670562,NA,NA,1.00229950974554,0.956790588893003,0.938206292335233,1.0002332264834,0.830577980570098,NA,NA,NA,NA,0.922880204658735,NA
1826,1.01763058942853,1.10759174432545,NA,NA,1.00693941507793,1.12314219231422,1.10518552221214,1.17728550060193,1.00120273810816,NA,NA,NA,NA,0.959117144102144,NA
1827,1.0301350274275,1.08501779387097,NA,NA,1.0045178763073,1.03750881505251,1.25067210689398,1.13092327888422,0.985221213709491,NA,NA,NA,NA,1.10162023083213,NA
1828,1.02882605325366,1.12515662218595,NA,NA,1.00241474224772,1.01405538386489,1.22678146304233,1.24971304804738,0.926162664506532,NA,NA,NA,NA,1.13146140454627,NA
1829,1.04418158521427,1.13681636094527,NA,NA,1.00168927849036,1.01243857523554,1.25288871018007,1.13461488440219,0.921147320668817,NA,NA,NA,NA,1.17979342086328,NA
1830,1.03552740333033,1.1676343733221,NA,NA,0.997752485882356,0.939013045126513,1.10822095670117,0.997583928097367,0.842692202423594,NA,NA,NA,NA,1.03687794776801,NA
1831,1.00094050638692,1.08164954063167,NA,NA,0.99807893884759,0.966500504515669,1.31292641837685,1.1567531130799,0.997577822362111,NA,NA,NA,NA,1.17511159863635,NA
1832,0.999225965697439,1.05886724767239,NA,NA,0.998095085085977,0.948750845215151,1.15774356803528,1.12404301625694,0.835038407061428,NA,NA,NA,NA,1.08219084527422,NA
1833,0.983234787309878,1.01817910960577,NA,NA,0.996508769024243,0.971995206798753,0.898840782344499,1.00675472778759,0.894268782215773,NA,NA,NA,NA,1.01555893314719,NA
1834,0.994030608493646,0.969691350453215,NA,NA,0.998841980081298,0.922180977726291,0.873978710958554,0.890085347894889,0.947145544783572,NA,NA,NA,NA,0.850995637017676,NA
1835,0.970718600141069,0.865367258445411,NA,NA,0.996710903068977,0.917181471121687,0.805908342126202,0.837303034288552,0.874770161609979,NA,NA,NA,NA,0.897055759171168,NA
1836,1.00665516300257,0.872130064434846,NA,NA,0.998313579236942,0.908164246748617,0.985652628332554,1.08362148071862,0.962546682390108,NA,NA,NA,NA,0.91857583340238,NA
1837,0.966060464757277,0.834629693466403,NA,NA,0.994462790052688,0.802096779426052,0.780003214443168,0.92026947257689,0.680613748750738,NA,NA,NA,NA,0.810669929124486,NA
1838,0.96828152212802,0.842267413490232,NA,NA,0.996962208749116,0.896942112060214,0.701561973926193,0.956635980352894,0.875061339839815,NA,NA,NA,NA,0.743814504963606,NA
1839,0.968227259378447,0.821745404415185,NA,NA,0.997536173160615,0.931159127257989,0.639335412362643,1.04387640299026,0.811738702364476,NA,NA,NA,NA,0.856870392522355,NA
1840,1.01767950706413,0.932607733440069,NA,NA,1.00017169627783,1.00140895805047,0.978402970193659,1.22386512428094,0.95248774015331,NA,NA,NA,NA,0.843834755275842,NA
1841,1.03684865914531,0.975978907184681,NA,NA,1.0006769209242,1.02419062413652,1.10509405855707,1.22112908954551,1.01187878736582,NA,NA,NA,NA,0.972603490352127,NA
1842,1.00928270335276,0.9199251119422,NA,NA,1.00002965838,1.01433530736151,0.942880594552166,1.08475878507293,0.976307622218561,NA,NA,NA,NA,0.889226344482192,NA
1843,1.03787031721607,0.910663483443364,NA,NA,1.00310613525574,1.05434309691289,0.865468364549207,1.03076403162546,1.07716682971724,NA,NA,NA,NA,0.929235435103231,NA
1844,1.04903793276005,0.970541621670033,NA,NA,1.0027648091539,1.0322042263135,1.06003810512774,1.09673624346258,1.12336430226467,NA,NA,NA,NA,1.08407917032348,NA
1845,1.02520036869613,0.907004054943906,NA,NA,1.00066976215466,0.990602076739432,0.924588261504607,1.02544360800739,1.25731993527834,NA,NA,NA,NA,1.04954882517348,NA
1846,1.01346521479849,0.873867022577572,NA,NA,0.999655511216181,1.05884981287247,0.916473401091669,0.989608243948154,1.26085444488494,NA,NA,NA,NA,1.05836394564994,NA
1847,0.998482044743556,0.903164094892158,NA,NA,0.998868015863485,1.03291887448608,0.921051980694508,1.02833037894419,1.28281887377363,NA,NA,NA,NA,1.00675339909249,NA
1848,0.980657585761592,0.898434136647901,NA,NA,0.993634679334325,0.953166073147552,0.843916524723282,1.01838118296307,1.16964484986416,NA,NA,NA,NA,0.899077288579441,NA
1849,1.00323748970457,0.925252643922988,NA,NA,0.996849145821758,1.02495391169101,0.904552431631443,0.992293559895818,1.20502339618762,NA,NA,NA,NA,0.986881344447306,NA
1850,0.965775018879439,0.925968134167972,NA,NA,0.993254974495623,0.995226265019803,0.810283788742939,0.946550037759442,1.09172661948213,NA,NA,NA,NA,0.768310538506273,NA
1851,1.00170450222344,0.975983372054067,NA,NA,0.997033728727134,1.12955006297248,1.08714861674193,1.07160866880784,1.14520424115922,NA,NA,NA,NA,0.93828740994967,NA
1852,1.00480829224274,0.955478459426417,NA,NA,0.996915423702293,1.10969793184938,1.27105370300951,1.13517855314632,1.24037638122081,NA,NA,NA,NA,1.0367040790532,NA
1853,0.991820107086578,0.951714046780622,NA,NA,0.996817612724487,1.04975338595906,1.11937276158195,1.10554629995935,1.17608575474585,NA,NA,NA,NA,1.04810026679331,NA
1854,1.00331815970134,0.982208247735095,NA,NA,0.997781985703938,1.03817153623443,1.12409322191262,1.02588771270989,1.16116407981193,NA,NA,NA,NA,1.08786499715303,NA
1855,0.980765971520922,0.939161984877687,NA,NA,0.995260637614055,1.02592335716378,1.18100711000023,1.00999824789323,1.04964130053453,NA,NA,NA,NA,1.04455403247283,NA
1856,0.998620610847326,1.0412575726726,NA,NA,0.997983175413214,1.08872565874371,1.15117526807506,0.947244724378702,0.959296315855188,NA,NA,NA,NA,1.0386950196754,NA
1857,0.998649635996717,1.00372888198289,NA,NA,0.997633443553931,1.09467578516508,0.899636191494763,0.837341315788573,0.664662095872981,NA,NA,NA,NA,0.865114554724927,NA
1858,1.04327546103608,1.12400622092696,NA,NA,0.999875058875934,1.1196330535179,1.15451022957002,0.860069645046042,0.868635692500116,NA,NA,NA,NA,0.978332384033237,NA
1859,1.02904122556793,1.0683300684082,NA,NA,0.996803698289797,0.962491243897018,0.991317152676483,0.800048222771047,0.896421874402437,NA,NA,NA,NA,0.935074229534722,NA
1860,1.01780732194684,1.0308889588316,NA,NA,0.998061716215115,0.960113579881594,0.998909406734161,0.728290285805577,0.974649276973932,NA,NA,NA,NA,0.914716298477426,NA
1861,1.04739387195807,1.09543706677308,NA,NA,0.999375575089513,1.07044957953853,1.26324500643336,0.91392498596219,0.980111782835665,NA,NA,NA,NA,1.08273164282689,NA
1862,1.01788934287303,1.09347201794673,NA,NA,0.997452474323076,1.01593610777569,0.950109669879893,0.883214514218047,0.886843536157126,NA,NA,NA,NA,1.07048725950718,NA
1863,1.02559341278511,1.11800129290818,NA,NA,0.996018087548085,1.05532663731135,1.01201120757012,0.847002221713007,0.907051883809395,NA,NA,NA,NA,1.08610602989164,NA
1864,1.01664210401017,1.12876799339415,NA,NA,0.995882354462702,1.10359634277497,1.08656808660766,0.8612309383051,0.96277594781674,NA,NA,NA,NA,1.10360498940363,NA
1865,1.00057933080866,1.09852504050188,NA,NA,0.995188521626381,1.04333663939659,0.964711266695413,0.868635751169033,0.833053120975774,NA,NA,NA,NA,1.06131343690068,NA
1866,0.995713252504918,1.035252839527,NA,NA,0.994446938494816,1.02655032663595,0.876241522879925,0.824279476414767,0.883433907815241,NA,NA,NA,NA,1.05196804459231,NA
1867,0.975138176799171,1.04608900546223,NA,NA,0.993171797569865,0.906237008533173,0.706720240834664,0.736168655674433,0.850019979802123,NA,NA,NA,NA,0.892995865017932,NA
1868,0.977266375236836,0.975235234340144,NA,NA,0.987113913383499,0.834751026267693,0.571400188008305,0.762418412840603,0.774456788223571,NA,NA,NA,NA,0.807136934583227,NA
1869,0.97935030784781,1.02694127964742,NA,NA,0.993472440278768,0.948741163354055,0.853117749572313,0.902495811164585,0.968037728247319,NA,NA,NA,NA,0.94775386216731,NA
1870,1.0196157769534,1.09407788967546,NA,NA,0.996051237683481,1.02154776888875,1.01106498824092,1.01238467971778,1.08596378127731,NA,NA,NA,NA,1.03730202177047,NA
1871,1.00248081549377,1.04905142933951,NA,NA,1.00007997787248,1.07118404832175,1.07096755010466,0.974232875999855,1.11652258824114,NA,NA,NA,NA,1.07496840323933,NA
1872,1.01840900274871,1.03618626712768,NA,NA,1.00012234567738,1.09499744643918,1.27636684801228,1.0562296792304,1.227636537633,NA,NA,NA,NA,1.16018897219847,NA
1873,1.01157640064616,1.08191725983267,NA,NA,1.00123845049672,1.08008898365397,1.16198505112664,1.11788238624434,1.36486943406582,NA,NA,NA,NA,1.18833684287342,NA
1874,0.99095729347358,1.10825930945264,NA,NA,0.993877644903218,0.914924780878045,0.871842467732148,0.910004170835747,1.11195573758224,NA,NA,NA,NA,0.99362798377223,NA
1875,1.005793905599,1.11443144455357,NA,NA,0.995600826509268,0.966468558329513,1.03764849784506,1.0100262229372,1.18508473826904,NA,NA,NA,NA,1.04888104653706,NA
1876,1.02506307286974,1.10981133441386,NA,NA,0.999376192808446,1.07139631532015,1.36736616608872,1.10010368175946,1.22967397224048,NA,NA,NA,NA,1.23687904716118,NA
1877,0.991119763290674,1.03273198835099,NA,NA,0.997971613753969,0.931063747104308,1.25235118616188,1.14685817215333,0.939893196295603,NA,NA,NA,NA,1.11997456211413,NA
1878,0.994665131210722,1.01485307461382,NA,NA,0.998822790942975,1.02304575621421,1.32610573233048,1.19590986629012,1.06424164977678,NA,NA,NA,NA,1.09558350191281,NA
1879,1.01332528359018,1.02314871273617,NA,NA,1.00005827223874,1.06753335147945,1.33019367914225,1.2317349236181,1.06247047077007,NA,NA,NA,NA,1.10465207846342,NA
1880,1.01751307920854,1.03486553619355,NA,NA,0.995232189418298,1.02338260118863,1.34287346516643,1.09777221490303,0.999320946707524,NA,NA,NA,NA,1.09678884926097,NA
1881,0.999830556486463,1.0091070691596,NA,NA,0.995422775149742,0.940509808935259,0.925315043420541,0.908693185564115,0.949699622785186,NA,NA,NA,NA,0.966980561248308,NA
1882,1.05333155183645,1.05031662452304,NA,NA,0.999358960838451,1.01205569866579,1.16577612544458,1.09423551894715,0.884447863146004,NA,NA,NA,NA,1.00742980447074,NA
1883,1.06060495143195,1.07717024853169,NA,NA,0.999162581509741,1.03668549255807,1.18322052540819,1.27282061842038,1.01971155343578,NA,NA,NA,NA,1.20305639177578,NA
1884,1.04766577065991,1.01508599002193,NA,NA,0.9993388754922,1.03297160043234,1.34103236396828,1.16499997776876,0.926233919664576,NA,NA,NA,NA,1.17616295441582,NA
1885,0.986047015309704,0.878973080449424,NA,NA,0.993578641725262,0.871281091842868,0.812774513290239,0.951962853466387,0.706141231129622,NA,NA,NA,NA,0.925724396200592,NA
1886,0.991600383221398,0.911286565538008,NA,NA,0.996057080204204,0.901611602235661,1.13165549932753,1.06175019490614,0.734107829511859,NA,NA,NA,NA,0.991616933320434,NA
1887,0.982302976851306,0.899677705433365,NA,NA,0.997166828804269,0.896445546158654,1.07532347093892,1.0755402333297,0.806081571619445,NA,NA,NA,NA,0.91379831590081,NA
1888,0.974130866504698,0.900253257310709,NA,NA,0.997720419369957,0.8985483401084,0.89210054371539,1.01756444060464,0.774287583021352,NA,NA,NA,NA,0.76111807505588,NA
1889,0.984365927513434,0.93026956773885,NA,NA,1.00026666155995,0.934632620769832,0.846344120660081,0.951611315978412,0.786576276895466,NA,NA,NA,NA,0.866539659080653,NA
1890,1.00194908935212,0.966947682838292,NA,NA,1.00175354890416,1.03890358778372,1.11310739356279,1.08974344016586,0.938021650053889,NA,NA,NA,NA,0.991775995168766,NA
1891,0.990096774816246,0.914175771713125,NA,NA,1.0009069869572,1.03057787441975,1.00467361643099,0.998374937658684,0.899262462343182,NA,NA,NA,NA,0.931735870017769,NA
1892,0.962919284879976,0.88960173396755,NA,NA,0.99947379142583,0.919799514057357,0.841472026584651,0.912670811344022,0.881906121201573,NA,NA,NA,NA,0.811023453349434,NA
1893,0.962981218503452,0.94344443729377,NA,NA,1.00014460369486,0.914732420304242,0.869601242347858,0.886773083836813,0.788376518229208,NA,NA,NA,NA,0.821481076302991,NA
1894,0.974495704266097,1.00099655913153,NA,NA,1.00313511075207,1.0291955524475,1.09813327569125,1.04819163728682,0.924666190558181,NA,NA,NA,NA,0.939370888427837,NA
1895,1.00846072711757,1.01408791136028,NA,NA,1.00386778945019,1.04341328563321,0.906129508038333,0.995052527300255,1.066281352252,NA,NA,NA,NA,1.06047952032153,NA
1896,1.03229030091633,1.03430939053073,NA,NA,1.00453681397211,1.01650625722712,1.01911098284195,1.00291074084868,0.996438198355692,NA,NA,NA,NA,1.04637468235114,NA
1897,0.992287088575598,1.05322834460488,NA,NA,1.0035227813781,1.05141877856038,1.05714926644342,1.11380475765592,1.05891003733099,NA,NA,NA,NA,1.0305429376348,NA
1898,0.990557792667724,1.06083848071495,NA,NA,1.00502448484645,1.0634950314586,0.907117303462154,1.0806251158696,1.07265502570658,NA,NA,NA,NA,1.02366820274851,NA
1899,0.974830164006451,1.03986147461333,NA,NA,1.00239533331368,0.987330254731841,0.788450618357642,1.04572093471302,0.923246801487956,NA,NA,NA,NA,0.977335455094497,NA
1900,0.912072838579107,0.919024722116099,NA,NA,0.99765391399164,0.903704880192183,0.778769629777691,0.924262442508904,0.783586206885708,NA,NA,NA,NA,0.861070991969385,NA
1901,0.970558348791632,0.982713031711391,NA,NA,1.00296180431291,1.06210663605968,0.755236498288242,1.07024735026518,0.785486595280391,NA,NA,NA,NA,NA,NA
1902,0.977171012081959,0.942931932989122,NA,NA,1.00037682525816,0.997480560014437,0.718802606184794,1.02329218283921,0.737112527956671,NA,NA,NA,NA,NA,NA
1903,0.94163848120312,0.85130987038063,NA,NA,0.999048131176968,0.883159618158483,0.550546452904791,0.942539494355948,0.592817454873375,NA,NA,NA,NA,NA,NA
1904,0.973007546919387,0.926965513769191,NA,NA,1.00365813387808,1.03883739638436,0.836951353792484,1.09528061113019,0.765388114795652,NA,NA,NA,NA,NA,NA
1905,0.999736069302339,0.97532072858891,NA,NA,1.00537044241576,1.03724536510475,0.803005623075814,1.15360138467155,0.891129689781435,NA,NA,NA,NA,NA,NA
1906,1.016479751035,0.985348773750864,NA,NA,1.00472335920051,1.01985214211554,0.749768905345725,1.12425407200751,0.876707972139548,NA,NA,NA,NA,NA,NA
1907,1.00629510022045,0.966444613378975,NA,NA,1.00354804003577,1.04295338653896,0.671744524317539,1.04281290072238,0.861620252923534,NA,NA,NA,NA,NA,NA
1908,1.02334985323821,1.00443091902784,NA,NA,1.00597458996198,1.09473052591297,0.96409019423149,1.05708088592947,0.924585214755849,NA,NA,NA,NA,NA,NA
1909,1.01098881701741,0.967422900353605,NA,NA,1.00286958271475,0.961642792864173,0.604231257239305,0.925910722432792,0.810953438591513,NA,NA,NA,NA,NA,NA
1910,1.0095813527113,0.972902777071368,NA,NA,1.00267954153253,1.02903154244383,0.736028161120816,1.08700875796872,0.946380914541303,NA,NA,NA,NA,NA,NA
1911,0.97785248066408,0.958067750292772,NA,NA,1.0020146837116,1.02170573803024,0.772443482218036,0.942329861378354,0.87228503955366,NA,NA,NA,NA,NA,NA
1912,1.02749157758349,0.997515100227065,NA,NA,1.00232309807455,1.00840405303097,0.916574344806596,1.11816385814563,1.03105697277881,NA,NA,NA,NA,NA,NA
1913,1.01422269507289,0.953666322227072,NA,NA,1.003263509543,1.00759600073111,0.931178965396554,1.17005451302739,0.98473469489141,NA,NA,NA,NA,NA,NA
1914,1.05085751551278,1.03243122732017,NA,NA,1.00492670015343,1.08901015411674,1.08559228189733,1.27015948108982,1.16372257753055,NA,NA,NA,NA,NA,NA
1915,1.04166293320258,1.05217378156113,NA,NA,1.00280111732827,1.0884270713964,1.13571056315012,1.25244023359031,1.05655114691519,NA,NA,NA,NA,NA,NA
1916,1.0070231489731,0.994809148464867,NA,NA,1.00427957888156,1.06601010219454,0.906658020592506,1.17166121412309,1.20845140277083,NA,NA,NA,NA,NA,NA
1917,1.01597567440024,1.03385142245826,NA,NA,1.00231403836831,1.03907322858626,0.821104909009979,0.976142817073166,1.20060189888051,NA,NA,NA,NA,NA,NA
1918,1.02154637915443,1.07511075063355,NA,NA,1.00296126523413,1.03534711810095,0.852283812105489,1.04968288985937,1.1671422703529,NA,NA,NA,NA,NA,NA
1919,1.02162974877974,1.07558453702581,NA,NA,1.00448874003783,1.0035684322801,1.06505813036745,1.02086266202351,1.22062718521188,NA,NA,NA,NA,NA,NA
1920,1.00578932025002,1.11777767624192,NA,NA,1.00425121649657,0.984911311687791,1.17379208413146,1.15258894907863,1.07374136930904,NA,NA,NA,NA,NA,NA
1921,1.02948506117675,1.15215187231077,NA,NA,1.00522242216607,0.958329330773477,1.17333236935307,1.11833943292495,1.0268076848298,NA,NA,NA,NA,NA,NA
1922,1.06182528873481,1.17330482893758,NA,NA,1.00754002505157,1.06185214659417,1.07234322489549,1.15370834270217,1.19378018163425,NA,NA,NA,NA,NA,NA
1923,1.04963943818661,0.98358184113747,NA,NA,1.0050679970142,0.992148707022334,1.06469351184648,1.11739065748972,1.05445094244621,NA,NA,NA,NA,NA,NA
1924,1.05652088104004,1.03292826521072,NA,NA,1.00721641366388,1.05221945353712,1.05011206854223,1.16147621272673,1.15428230939661,NA,NA,NA,NA,NA,NA
1925,1.05566402869486,1.00325397793278,NA,NA,1.00642490268758,1.07117816044578,1.1903922571489,1.08725751943787,1.22740408885426,NA,NA,NA,NA,NA,NA
1926,1.02990446350795,0.964433430851756,NA,NA,1.00647360094958,1.05656078980096,1.04976049221034,1.11861620293132,1.08835794082808,NA,NA,NA,NA,NA,NA
1927,1.04691953147243,1.01738064444082,NA,NA,1.00786956525429,1.07179244355387,1.15097283395352,1.17590121515984,1.13996987782765,NA,NA,NA,NA,NA,NA
1928,1.01967299585826,0.948773729194711,NA,NA,1.00327957553507,0.97268665093508,1.15035874061043,1.07969846080352,1.02593842799239,NA,NA,NA,NA,NA,NA
1929,1.00332145387761,0.970816371292238,NA,NA,1.002372886641,0.894832783841971,0.967556349991374,1.03282203116052,1.00003177408181,NA,NA,NA,NA,NA,NA
1930,1.05609691489312,1.09726063423378,NA,NA,1.00681168915712,1.04245210054462,1.2247261074166,1.21587273050103,1.16451075216514,NA,NA,NA,NA,NA,NA
1931,1.01427022657608,1.00560319195578,NA,NA,1.00439591903389,0.967652119063678,1.10151673368038,0.976378148325362,1.09892095335418,NA,NA,NA,NA,NA,NA
1932,1.00357136155415,0.913653562877025,NA,NA,1.0023892893023,0.919481771196348,1.04854445517252,0.960462297284728,1.04477930079592,NA,NA,NA,NA,NA,NA
1933,0.998629827604631,0.845805733685656,NA,NA,1.00267868772977,0.94629607902156,1.00421533057016,0.906190878265568,1.04838046185924,NA,NA,NA,NA,NA,NA
1934,1.02809001706695,0.972630051356077,NA,NA,1.00480529516963,0.963143758805024,0.971322469624143,1.06552561230109,1.14170014860548,NA,NA,NA,NA,NA,NA
1935,0.983908492944353,0.914653796698398,NA,NA,1.00024359091898,0.91654775555017,0.882154246493587,0.877666827711016,1.06297094579307,NA,NA,NA,NA,NA,NA
1936,0.993575323419204,0.951597087998586,NA,NA,1.0025600130885,0.979488094501492,0.983382003111053,0.960314950298748,1.1395627951274,NA,NA,NA,NA,NA,NA
1937,1.03566847487384,1.01678534995116,NA,NA,1.00573251725643,1.09095695341994,1.0264706254169,0.972290307337029,1.18259180151025,NA,NA,NA,NA,NA,NA
1938,1.02324653038362,1.01714175568324,NA,NA,1.00516158961038,1.03592020104967,1.11093986424414,1.06309820379444,1.24271481670624,NA,NA,NA,NA,NA,NA
1939,1.02199247213277,1.03044832556652,NA,NA,1.00310438865976,0.953836537533531,1.07475355735863,1.08138073411098,1.18645060842729,NA,NA,NA,NA,NA,NA
1940,1.00094652571315,0.97985137054948,NA,NA,1.00282282984847,0.99702358934404,1.06109383491164,0.985626311601571,1.06566523782088,NA,NA,NA,NA,NA,NA
1941,1.0235231007253,1.07763956862651,NA,NA,1.00489212442242,1.09246459349779,1.25169922259635,1.03184082448243,1.30488433698399,NA,NA,NA,NA,NA,NA
1942,0.997685428770153,0.99542922013302,NA,NA,1.00406151586433,1.03808675799978,1.03490896823771,0.865364817105031,1.15668883435918,NA,NA,NA,NA,NA,NA
1943,1.02634954810188,1.05608449944959,NA,NA,1.00328293995959,1.0334736774919,1.04107612076091,1.10762776533047,1.22707141991244,NA,NA,NA,NA,NA,NA
1944,1.02381011802705,1.01021788342504,NA,NA,1.00394293779402,1.05211321913354,1.0711811047709,1.02711919547427,1.1553046242998,NA,NA,NA,NA,NA,NA
1945,1.02911231302459,1.0528985383625,NA,NA,1.00366010293943,0.978096816217137,1.18336231517612,1.12837938099282,1.01849336975056,NA,NA,NA,NA,NA,NA
1946,0.999805063362656,0.971386983324618,NA,NA,1.00389054427173,0.937010740628175,1.09090226836395,1.07582297882282,1.06220156360308,NA,NA,NA,NA,NA,NA
1947,1.02410974687025,1.02025119178589,NA,NA,1.00176578054861,1.0164047889817,1.06594714244677,0.982325184235981,1.08646022010166,NA,NA,NA,NA,NA,NA
1948,1.03435856164953,1.03777911281461,NA,NA,1.00274080215795,1.04715303995867,0.890845842447615,1.01498106540614,0.8744605819378,NA,NA,NA,NA,NA,NA
1949,1.04582314428559,1.06204936374299,NA,NA,1.00444495482029,1.07862359337334,1.131385742027,1.081780488068,0.936180928633526,NA,NA,NA,NA,NA,NA
1950,1.0480546615243,1.10819308750888,NA,NA,1.00451757912385,1.08411060703933,1.20798267402617,1.24265095622637,0.988584301790357,NA,NA,NA,NA,NA,NA
1951,1.02586133386369,1.01257426991577,NA,NA,1.0041337945097,1.03981009848288,1.15834182454571,1.13586102556626,0.943761086005462,NA,NA,NA,NA,NA,NA
1952,1.01330034695881,1.00355866222166,NA,NA,1.00245702979557,0.979114814003257,0.985993857330739,0.924892437181343,0.905096899254115,NA,NA,NA,NA,NA,NA
1953,1.02340955623756,1.0993489100859,NA,NA,1.00258717606564,1.11425212712915,1.23575072063813,1.12035925125201,1.0586135424681,NA,NA,NA,NA,NA,NA
1954,1.02352446240174,1.03984830704392,NA,NA,1.00364112777047,1.04522519342111,1.20402595606911,1.10151244533746,1.09621650958098,NA,NA,NA,NA,NA,NA
1955,1.03019838712854,1.02737714416563,NA,NA,1.00037758394154,0.886772053965139,1.00123169587391,0.894568700757449,0.899731455144252,NA,NA,NA,NA,NA,NA
1956,1.05486638455689,1.12003812589206,NA,NA,1.00053964890861,0.994130297001365,0.886606129074014,0.963931534449617,0.960444895671537,NA,NA,NA,NA,NA,NA
1957,1.06530796535579,1.13278936955207,NA,NA,1.00196913170037,1.01858916157508,1.014156692241,0.897547644948273,0.918826877648422,NA,NA,NA,NA,NA,NA
1958,1.05512084471169,1.12393534328246,NA,NA,1.00100815035291,0.944543384739965,1.08711941448752,0.926468043828178,0.818607553760407,NA,NA,NA,NA,NA,NA
1959,1.00790659392111,1.00591381814763,NA,NA,0.999238560802474,0.903165842217808,0.820677343583464,0.699274281024451,0.51126518326526,NA,NA,NA,NA,NA,NA
1960,1.03456023898635,1.07724004647386,NA,NA,1.00052835055081,0.969581107241364,0.982886599491153,0.836341464409243,0.568927118100877,NA,NA,NA,NA,NA,NA
1961,1.00150274770343,1.0545759995302,NA,NA,1.00162294435189,0.973481176337125,1.06403528753551,0.928609745436502,0.862421182240306,NA,NA,NA,NA,NA,NA
1962,0.980421734900042,0.981915737400693,NA,NA,0.998205215348693,0.977389655740383,0.906429077557829,0.793632714414009,0.807852857448515,NA,NA,NA,NA,NA,NA
1963,0.978362088111876,0.942533575040298,NA,NA,1.00009770222721,0.988734471326655,0.856786547682549,0.815838342070656,0.824591317795893,NA,NA,NA,NA,NA,NA
1964,0.990934220846673,0.987798442535905,NA,NA,1.00082582082972,0.982217399625484,0.679419266196466,0.771220779686499,0.880880218097956,NA,NA,NA,NA,NA,NA
1965,0.976387892760869,0.89583393222282,NA,NA,0.999248755228593,0.688228265412521,0.728951148409226,0.750516269281265,0.82556217919582,NA,NA,NA,NA,NA,NA
1966,1.0055839905268,0.961324861223547,NA,NA,1.00115475846596,0.849154979324033,0.748843500848094,0.831227119279381,0.87277242781663,NA,NA,NA,NA,NA,NA
1967,0.981108905078232,0.917912115205414,NA,NA,0.999703652751926,0.798818061612339,0.735210861841019,0.796179273408945,0.786246998738539,NA,NA,NA,NA,NA,NA
1968,1.00753068231322,0.994290868518882,NA,NA,1.00210478259811,0.781591730826102,0.772995901187085,0.902004964605466,0.889112413244871,NA,NA,NA,NA,NA,NA
1969,1.02555759812253,1.03669379548913,NA,NA,1.00382010988898,0.814837492838288,1.00093530431551,0.976201135501522,0.859741071634628,NA,NA,NA,NA,NA,NA
1970,0.999267617847761,1.04135548941954,NA,NA,1.00401979131032,0.99538478815953,1.02457643071046,1.03385602766229,0.999614437495809,NA,NA,NA,NA,NA,NA
1971,0.97495503422189,0.990233842248669,NA,NA,1.00163762211964,1.02027682330021,1.03763878327639,0.9082236396822,1.08649731117467,NA,NA,NA,NA,NA,NA
1972,0.992112466065762,1.01523434725247,NA,NA,1.00394719350366,1.08320798627462,1.02131497643207,1.00084532582821,1.03896727402483,NA,NA,NA,NA,NA,NA
1973,1.03527689506124,1.06301508234052,NA,NA,1.0001971196102,0.981917250552077,1.08837901772809,0.961655061314463,0.979209963636783,NA,NA,NA,NA,NA,NA
1974,1.0051316949152,1.03417672466818,NA,NA,1.00092981345354,1.07260979583919,0.753604966381374,0.863560765746711,0.912416816497659,NA,NA,NA,NA,NA,NA
1975,0.975574441574785,0.920531655881119,NA,NA,0.997371983523819,1.05029916964197,0.557231403277676,0.700020903507489,0.744806602808952,NA,NA,NA,NA,NA,NA
1976,0.973367934277491,0.808415399753338,NA,NA,0.99960113056918,0.955567675408696,0.671911099509754,0.815818509286606,0.820632160231634,NA,NA,NA,NA,NA,NA
1977,0.978199803708398,0.940970517697513,NA,NA,1.00149729399862,1.03721179149853,0.793420916189062,0.893895834212451,0.895128152023576,NA,NA,NA,NA,NA,NA
1978,0.966200125773928,0.959630837109879,NA,NA,1.001738746208,0.942857598684761,0.771954966186536,0.995644802337618,0.956178342563636,NA,NA,NA,NA,NA,NA
1979,0.985119026365295,1.05315139322749,NA,NA,1.00256657237255,1.06915264774502,1.12166110352205,1.03615778020021,1.19928585571553,NA,NA,NA,NA,NA,NA
1980,0.987382138189718,1.05765114498951,NA,NA,1.0042626701055,1.11727882663089,1.34040352466854,1.20440464338852,1.2958454939797,NA,NA,NA,NA,NA,NA
1981,0.971747273785566,0.922535343668808,NA,NA,1.00171290117599,0.978981590104977,0.918278794674926,0.899768352035699,1.08757293740932,NA,NA,NA,NA,NA,NA
1982,0.983467997116732,0.922871188253177,NA,NA,1.00130117090398,1.022750157686,0.819276079344398,0.807242798295686,1.04261125356861,NA,NA,NA,NA,NA,NA
1983,1.00997504643974,0.994537506307476,NA,NA,1.00305848752175,1.15875344699656,1.13332581035389,0.877098712605271,1.27185469804534,NA,NA,NA,NA,NA,NA
1984,1.01649851285273,1.03793453785068,NA,NA,1.00384068452039,1.12636773564641,1.30413008830111,1.16480551754002,1.27651844810952,NA,NA,NA,NA,NA,NA
1985,1.0564599294475,1.17601218455368,NA,NA,1.00602470322212,1.27324531955684,1.53090300484788,1.23493092807064,1.37933342607631,NA,NA,NA,NA,NA,NA
1986,1.03751804656591,1.0296993524397,NA,NA,1.00349311413187,1.08572344296383,1.14223185624283,0.97520447129849,1.04236757241672,NA,NA,NA,NA,NA,NA
1987,1.03259728714467,1.06035268850108,NA,NA,1.0037720153212,1.14229988858933,1.01459888689608,1.07713063474672,1.00161545528712,NA,NA,NA,NA,NA,NA
1988,1.03662205156654,1.10609833033087,NA,NA,1.00336772576872,1.10632017471983,1.16493015422009,1.0294549177714,1.19656409097968,NA,NA,NA,NA,NA,NA
1989,0.988891407982772,1.01187267178602,NA,NA,0.999199066129764,0.851028973735475,0.968798664978167,0.902404407760334,1.0270669213267,NA,NA,NA,NA,NA,NA
1990,0.997024773682293,1.08886002160926,NA,NA,1.00201958826104,1.13660505452857,1.25657244894841,1.13250927805958,1.0575724895685,NA,NA,NA,NA,NA,NA
1991,0.984976218438051,0.975757645109537,NA,NA,1.00157563200166,1.08560362650701,1.18046808893059,1.14936836851677,1.17515236271576,NA,NA,NA,NA,NA,NA
1992,0.97356803463405,0.964541979370769,NA,NA,0.999987906821714,1.03779600592057,0.976532295852043,0.976569345224377,1.01192332726879,NA,NA,NA,NA,NA,NA
1993,0.983110356926864,1.0323373486226,NA,NA,NA,NA,NA,NA,0.943395128946103,NA,NA,NA,NA,NA,NA
1994,NA,NA,NA,NA,NA,NA,NA,NA,1.00534570461108,NA,NA,NA,NA,NA,NA
