"year","ff202a","ff202b","ff204a","ff204b","ff209a","ff209b","ff217a","ff217b","ff224a","ff224b","ff251a","ff252a","ff252b","ff253a","ff253c","ff259a","ff259b"
877,NA,NA,NA,NA,NA,NA,NA,NA,NA,NA,NA,NA,NA,NA,NA,0.999229794719327,NA
878,NA,NA,NA,NA,NA,NA,NA,NA,NA,NA,NA,NA,NA,NA,NA,1.01802645003902,NA
879,NA,NA,NA,NA,NA,NA,NA,NA,NA,NA,NA,NA,NA,NA,NA,1.0132626820988,NA
880,NA,NA,NA,NA,NA,NA,NA,NA,NA,NA,NA,NA,NA,NA,NA,1.02213337785436,NA
881,NA,NA,NA,NA,NA,NA,NA,NA,NA,NA,NA,NA,NA,NA,NA,1.02209371824666,NA
882,NA,NA,NA,NA,NA,NA,NA,NA,NA,NA,NA,NA,NA,NA,NA,1.07269129906571,NA
883,NA,NA,NA,NA,NA,NA,NA,NA,NA,NA,NA,NA,NA,NA,NA,0.974955547721332,NA
884,NA,NA,NA,NA,NA,NA,NA,NA,NA,NA,NA,NA,NA,NA,NA,1.03569357246026,NA
885,NA,NA,NA,NA,NA,NA,NA,NA,NA,NA,NA,NA,NA,NA,NA,0.974384727243051,NA
886,NA,NA,NA,NA,NA,NA,NA,NA,NA,NA,NA,NA,NA,NA,NA,0.975537662546809,NA
887,NA,NA,NA,NA,NA,NA,NA,NA,NA,NA,NA,NA,NA,NA,NA,1.01832216681764,NA
888,NA,NA,NA,NA,NA,NA,NA,NA,NA,NA,NA,NA,NA,NA,NA,1.03237256714607,NA
889,NA,NA,NA,NA,NA,NA,NA,NA,NA,NA,NA,NA,NA,NA,NA,1.00880570714509,NA
890,NA,NA,NA,NA,NA,NA,NA,NA,NA,NA,NA,NA,NA,NA,NA,1.01745968926607,NA
891,NA,NA,NA,NA,NA,NA,NA,NA,NA,NA,NA,NA,NA,NA,NA,1.04137854183352,NA
892,NA,NA,NA,NA,NA,NA,NA,NA,NA,NA,NA,NA,NA,NA,NA,0.914126372440264,NA
893,NA,NA,NA,NA,NA,NA,NA,NA,NA,NA,NA,NA,NA,NA,NA,0.946617083231381,NA
894,NA,NA,NA,NA,NA,NA,NA,NA,NA,NA,NA,NA,NA,NA,NA,0.964149506510504,NA
895,NA,NA,NA,NA,NA,NA,NA,NA,NA,NA,NA,NA,NA,NA,NA,0.991056414510493,NA
896,NA,NA,NA,NA,NA,NA,NA,NA,NA,NA,NA,NA,NA,NA,NA,0.899883594933721,NA
897,NA,NA,NA,NA,NA,NA,NA,NA,NA,NA,NA,NA,NA,NA,NA,0.918030195577074,NA
898,NA,NA,NA,NA,NA,NA,NA,NA,NA,NA,NA,NA,NA,NA,NA,0.982961107982949,NA
899,NA,NA,NA,NA,NA,NA,NA,NA,NA,NA,NA,NA,NA,NA,NA,1.02598749071271,NA
900,NA,NA,NA,NA,NA,NA,NA,NA,NA,NA,NA,NA,NA,NA,NA,0.995026348654912,NA
901,NA,NA,NA,NA,NA,NA,NA,NA,NA,NA,NA,NA,NA,NA,NA,0.981876297986077,NA
902,NA,NA,NA,NA,NA,NA,NA,NA,NA,NA,NA,NA,NA,NA,NA,1.01387840948402,NA
903,NA,NA,NA,NA,NA,NA,NA,NA,NA,NA,NA,NA,NA,NA,NA,1.0249703111663,NA
904,NA,NA,NA,NA,NA,NA,NA,NA,NA,NA,NA,NA,NA,NA,NA,1.07141678033337,NA
905,NA,NA,NA,NA,NA,NA,NA,NA,NA,NA,NA,NA,NA,NA,NA,1.051251157314,NA
906,NA,NA,NA,NA,NA,NA,NA,NA,NA,NA,NA,NA,NA,NA,NA,1.04253418466528,NA
907,NA,NA,NA,NA,NA,NA,NA,NA,NA,NA,NA,NA,NA,NA,NA,0.922928432798234,NA
908,NA,NA,NA,NA,NA,NA,NA,NA,NA,NA,NA,NA,NA,NA,NA,0.99067006064666,NA
909,NA,NA,NA,NA,NA,NA,NA,NA,NA,NA,NA,NA,NA,NA,NA,0.985664427281731,NA
910,NA,NA,NA,NA,NA,NA,NA,NA,NA,NA,NA,NA,NA,NA,NA,0.918848436902471,NA
911,NA,NA,NA,NA,NA,NA,NA,NA,NA,NA,NA,NA,NA,NA,NA,0.94764275390759,NA
912,NA,NA,NA,NA,NA,NA,NA,NA,NA,NA,NA,NA,NA,NA,NA,1.03467659642589,NA
913,NA,NA,NA,NA,NA,NA,NA,NA,NA,NA,NA,NA,NA,NA,NA,0.932285832217332,NA
914,NA,NA,NA,NA,NA,NA,NA,NA,NA,NA,NA,NA,NA,NA,NA,0.906859548530896,NA
915,NA,NA,NA,NA,NA,NA,NA,NA,NA,NA,NA,NA,NA,NA,NA,0.963918032113819,NA
916,NA,NA,NA,NA,NA,NA,NA,NA,NA,NA,NA,NA,NA,NA,NA,1.00254785938246,NA
917,NA,NA,NA,NA,NA,NA,NA,NA,NA,NA,NA,NA,NA,NA,NA,1.00124301899811,NA
918,NA,NA,NA,NA,NA,NA,NA,NA,NA,NA,NA,NA,NA,NA,NA,1.05068797852285,NA
919,NA,NA,NA,NA,NA,NA,NA,NA,NA,NA,NA,NA,NA,NA,NA,1.04743249280959,NA
920,NA,NA,NA,NA,NA,NA,NA,NA,NA,NA,NA,NA,NA,NA,NA,1.019144535753,NA
921,NA,NA,NA,NA,NA,NA,NA,NA,NA,NA,NA,NA,NA,NA,NA,1.00316828648704,NA
922,NA,NA,NA,NA,NA,NA,NA,NA,NA,NA,NA,NA,NA,NA,NA,1.02691860200506,NA
923,NA,NA,NA,NA,NA,NA,NA,NA,NA,NA,NA,NA,NA,NA,NA,1.01780144449938,NA
924,NA,NA,NA,NA,NA,NA,NA,NA,NA,NA,NA,NA,NA,NA,NA,0.98796281481799,NA
925,NA,NA,NA,NA,NA,NA,NA,NA,NA,NA,NA,NA,NA,NA,NA,0.95720610682286,NA
926,NA,NA,NA,NA,NA,NA,NA,NA,NA,NA,NA,NA,NA,NA,NA,1.0392053458082,NA
927,NA,NA,NA,NA,NA,NA,NA,NA,NA,NA,NA,NA,NA,NA,NA,1.0210194545367,NA
928,NA,NA,NA,NA,NA,NA,NA,NA,NA,NA,NA,NA,NA,NA,NA,1.0591008425042,NA
929,NA,NA,NA,NA,NA,NA,NA,NA,NA,NA,NA,NA,NA,NA,NA,1.03642783600861,NA
930,NA,NA,NA,NA,NA,NA,NA,NA,NA,NA,NA,NA,NA,NA,NA,0.96421355192169,NA
931,NA,NA,NA,NA,NA,NA,NA,NA,NA,NA,NA,NA,NA,NA,NA,0.977047924798722,NA
932,NA,NA,NA,NA,NA,NA,NA,NA,NA,NA,NA,NA,NA,NA,NA,1.03609781004747,NA
933,NA,NA,NA,NA,NA,NA,NA,NA,NA,NA,NA,NA,NA,NA,NA,1.02031852482935,NA
934,NA,NA,NA,NA,NA,NA,NA,NA,NA,NA,NA,NA,NA,NA,NA,1.03094699719179,NA
935,NA,NA,NA,NA,NA,NA,NA,NA,NA,NA,NA,NA,NA,NA,NA,1.01702891681874,NA
936,NA,NA,NA,NA,NA,NA,NA,NA,NA,NA,NA,NA,NA,NA,NA,0.994909976380387,NA
937,NA,NA,NA,NA,NA,NA,NA,NA,NA,NA,NA,NA,NA,NA,NA,1.04423715515724,NA
938,NA,NA,NA,NA,NA,NA,NA,NA,NA,NA,NA,NA,NA,NA,NA,1.05131637691746,NA
939,NA,NA,NA,NA,NA,NA,NA,NA,NA,NA,NA,NA,NA,NA,NA,1.07530281248883,NA
940,NA,NA,NA,NA,NA,NA,NA,NA,NA,NA,NA,NA,NA,NA,NA,1.02224918992654,NA
941,NA,NA,NA,NA,NA,NA,NA,NA,NA,NA,NA,NA,NA,NA,NA,0.995067079537474,NA
942,NA,NA,NA,NA,NA,NA,NA,NA,NA,NA,NA,NA,NA,NA,NA,0.982405198185816,NA
943,NA,NA,NA,NA,NA,NA,NA,NA,NA,NA,NA,NA,NA,NA,NA,1.05580164509904,NA
944,NA,NA,NA,NA,NA,NA,NA,NA,NA,NA,NA,NA,NA,NA,NA,0.961244592232592,NA
945,NA,NA,NA,NA,NA,NA,NA,NA,NA,NA,NA,NA,NA,NA,NA,0.938299658667102,0.865299506148386
946,NA,NA,NA,NA,NA,NA,NA,NA,NA,NA,NA,NA,NA,NA,NA,0.96984695295777,0.877561571831382
947,NA,NA,NA,NA,NA,NA,NA,NA,NA,NA,NA,NA,NA,NA,NA,0.977037438367144,0.93246870019786
948,NA,NA,NA,NA,NA,NA,NA,NA,NA,NA,NA,NA,NA,NA,NA,0.971963001652826,0.835933018346004
949,NA,NA,NA,NA,NA,NA,NA,NA,NA,NA,NA,NA,NA,NA,NA,0.976669993978439,0.878697886471892
950,NA,NA,NA,NA,NA,NA,NA,NA,NA,NA,NA,NA,NA,NA,NA,0.905429351290508,1.03051002688005
951,NA,NA,NA,NA,NA,NA,NA,NA,NA,NA,NA,NA,NA,NA,NA,0.986736690872043,1.02386896556909
952,NA,NA,NA,NA,NA,NA,NA,NA,NA,NA,NA,NA,NA,NA,NA,0.905224714076114,1.0561355657749
953,NA,NA,NA,NA,NA,NA,NA,NA,NA,NA,NA,NA,NA,NA,NA,0.986531490147879,1.28949086984849
954,NA,NA,NA,NA,NA,NA,NA,NA,NA,NA,NA,NA,NA,NA,NA,0.965751149104259,1.30963441316839
955,NA,NA,NA,NA,NA,NA,NA,NA,NA,NA,NA,NA,NA,NA,NA,0.913972675131849,1.15343035989409
956,NA,NA,NA,NA,NA,NA,NA,NA,NA,NA,NA,NA,NA,NA,NA,0.956200779395799,1.17570267521158
957,NA,NA,NA,NA,NA,NA,NA,NA,NA,NA,NA,NA,NA,NA,NA,1.06343569281604,1.12254300553536
958,NA,NA,NA,NA,NA,NA,NA,NA,NA,NA,NA,NA,NA,NA,NA,1.02491250379304,1.1464670311229
959,NA,NA,NA,NA,NA,NA,NA,NA,NA,NA,NA,NA,NA,NA,NA,1.04425727446015,1.01298318959037
960,NA,NA,NA,NA,NA,NA,NA,NA,NA,NA,NA,NA,NA,NA,NA,1.04496249490756,0.735022600323301
961,NA,NA,NA,NA,NA,NA,NA,NA,NA,NA,NA,NA,NA,NA,NA,0.904621985344468,0.877718097362355
962,NA,NA,NA,NA,NA,NA,NA,NA,NA,NA,NA,NA,NA,NA,NA,0.951738722439738,0.910438093153285
963,NA,NA,NA,NA,NA,NA,NA,NA,NA,NA,NA,NA,NA,NA,NA,0.992397432964761,0.9614845989447
964,NA,NA,NA,NA,NA,NA,NA,NA,NA,NA,NA,NA,NA,NA,NA,1.03833062275326,0.988905395930061
965,NA,NA,NA,NA,NA,NA,NA,NA,NA,NA,NA,NA,NA,NA,NA,0.992346409512896,0.824515299023429
966,NA,NA,NA,NA,NA,NA,NA,NA,NA,NA,NA,NA,NA,NA,NA,1.03814732186196,0.888783602237101
967,NA,NA,NA,NA,NA,NA,NA,NA,NA,NA,NA,NA,NA,NA,NA,0.970817538844005,0.725046694823647
968,NA,NA,NA,NA,NA,NA,NA,NA,NA,NA,NA,NA,NA,NA,NA,0.919819699672178,0.843312225466743
969,NA,NA,NA,NA,NA,NA,NA,NA,NA,NA,NA,NA,NA,NA,NA,1.05329973743756,0.902538549492928
970,NA,NA,NA,NA,NA,NA,NA,NA,NA,NA,NA,NA,NA,NA,NA,0.97358478923031,0.962527785673605
971,NA,NA,NA,NA,NA,NA,NA,NA,NA,NA,NA,NA,NA,NA,NA,0.930476778934875,1.14658366944983
972,NA,NA,NA,NA,NA,NA,NA,NA,NA,NA,NA,NA,NA,NA,NA,0.985344203906445,1.09380273663108
973,NA,NA,NA,NA,NA,NA,NA,NA,NA,NA,NA,NA,NA,NA,NA,0.985091073822752,0.978177680386267
974,NA,NA,NA,NA,NA,NA,NA,NA,NA,NA,NA,NA,NA,NA,NA,0.911439304466729,0.936508134245645
975,NA,NA,NA,NA,NA,NA,NA,NA,NA,NA,NA,NA,NA,NA,NA,0.914601116005188,0.999445455846479
976,NA,NA,NA,NA,NA,NA,NA,NA,NA,NA,NA,NA,NA,NA,NA,0.951962774764587,0.903637173751289
977,NA,NA,NA,NA,NA,NA,NA,NA,NA,NA,NA,NA,NA,NA,NA,1.03395973555553,1.05362512424454
978,NA,NA,NA,NA,NA,NA,NA,NA,NA,NA,NA,NA,NA,NA,NA,1.00942529570585,0.987420722882254
979,NA,NA,NA,NA,NA,NA,NA,NA,NA,NA,NA,NA,NA,NA,NA,0.950805631530349,0.860678741554495
980,NA,NA,NA,NA,NA,NA,NA,NA,NA,NA,NA,NA,NA,NA,NA,1.01488977109379,0.924425993685538
981,NA,NA,NA,NA,NA,NA,NA,NA,NA,NA,NA,NA,NA,NA,NA,1.00433131030679,0.903871632000211
982,NA,NA,NA,NA,NA,NA,NA,NA,NA,NA,NA,NA,NA,NA,NA,1.05606596464001,1.03975717323972
983,NA,NA,NA,NA,NA,NA,NA,NA,NA,NA,NA,NA,NA,NA,NA,1.03970579493517,1.02150360072357
984,NA,NA,NA,NA,NA,NA,NA,NA,NA,NA,NA,NA,NA,NA,NA,0.924045141949018,0.794890140264687
985,NA,NA,NA,NA,NA,NA,NA,NA,NA,NA,NA,NA,NA,NA,NA,0.930736708702388,0.680591255917023
986,NA,NA,NA,NA,NA,NA,NA,NA,NA,NA,NA,NA,NA,NA,NA,0.98296271751128,0.933164459984759
987,NA,NA,NA,NA,NA,NA,NA,NA,NA,NA,NA,NA,NA,NA,NA,1.0284843518592,0.934800813187637
988,NA,NA,NA,NA,NA,NA,NA,NA,NA,NA,NA,NA,NA,NA,NA,0.963343037577966,0.851308738026549
989,NA,NA,NA,NA,NA,NA,NA,NA,NA,NA,NA,NA,NA,NA,NA,1.04292141671686,0.969155047492512
990,NA,NA,NA,NA,NA,NA,NA,NA,NA,NA,NA,NA,NA,NA,NA,1.11510985202922,1.16762074544327
991,NA,NA,NA,NA,NA,NA,NA,NA,NA,NA,NA,NA,NA,NA,NA,1.04557377743545,1.17194266742163
992,NA,NA,NA,NA,NA,NA,NA,NA,NA,NA,NA,NA,NA,NA,NA,1.02905097014552,1.14160643484101
993,NA,NA,NA,NA,NA,NA,NA,NA,NA,NA,NA,NA,NA,NA,NA,0.955409205216955,0.841819782793944
994,NA,NA,NA,NA,NA,NA,NA,NA,NA,NA,NA,NA,NA,NA,NA,1.03764678527609,1.14387554259398
995,NA,NA,NA,NA,NA,NA,NA,NA,NA,NA,NA,NA,NA,NA,NA,0.958447502281274,1.01943541669143
996,NA,NA,NA,NA,NA,NA,NA,NA,NA,NA,NA,NA,NA,NA,NA,1.02938271120509,1.04865130045166
997,NA,NA,NA,NA,NA,NA,NA,NA,NA,NA,NA,NA,NA,NA,NA,1.03508009295994,1.1404300713151
998,NA,NA,NA,NA,NA,NA,NA,NA,NA,NA,NA,NA,NA,NA,NA,1.05795853422961,1.19698551068385
999,NA,NA,NA,NA,NA,NA,NA,NA,NA,NA,NA,NA,NA,NA,NA,1.06510151618398,1.16390466468743
1000,NA,NA,NA,NA,NA,NA,NA,NA,NA,NA,NA,NA,NA,NA,NA,1.10600303845369,1.21851880478267
1001,NA,NA,NA,NA,NA,NA,NA,NA,NA,NA,NA,NA,NA,NA,NA,1.06458325419321,1.10923502072173
1002,NA,NA,NA,NA,NA,NA,NA,NA,NA,NA,NA,NA,NA,NA,NA,1.05950352030906,1.04624955780041
1003,NA,NA,NA,NA,NA,NA,NA,NA,NA,NA,NA,NA,NA,NA,NA,1.03409646287258,1.04154745829743
1004,NA,NA,NA,NA,NA,NA,NA,NA,NA,NA,NA,NA,NA,NA,NA,1.02639731480227,1.07055179038543
1005,NA,NA,NA,NA,NA,NA,NA,NA,NA,NA,NA,NA,NA,NA,NA,0.991386616396985,1.08317888929236
1006,NA,NA,NA,NA,NA,NA,NA,NA,NA,NA,NA,NA,NA,NA,NA,0.99709752087824,0.99862191476291
1007,NA,NA,NA,NA,NA,NA,NA,NA,NA,NA,NA,NA,NA,NA,NA,0.971095823760281,1.02016309025943
1008,NA,NA,NA,NA,NA,NA,NA,NA,NA,NA,NA,NA,NA,NA,NA,0.995404666703498,1.03530602284897
1009,NA,NA,NA,NA,NA,NA,NA,NA,NA,NA,NA,NA,NA,NA,NA,0.948407543607933,1.01712492658484
1010,NA,NA,NA,NA,NA,NA,NA,NA,NA,NA,NA,NA,NA,NA,NA,0.98577031442805,1.02203101195687
1011,NA,NA,NA,NA,NA,NA,NA,NA,NA,NA,NA,NA,NA,NA,NA,0.982531718273461,0.828215662919941
1012,NA,NA,NA,NA,NA,NA,NA,NA,NA,NA,NA,NA,NA,NA,NA,0.974627253036923,0.833396041906421
1013,NA,NA,NA,NA,NA,NA,NA,NA,NA,NA,NA,NA,NA,NA,NA,1.011702379036,0.88832666086208
1014,NA,NA,NA,NA,NA,NA,NA,NA,NA,NA,NA,NA,NA,NA,NA,1.05080357774453,1.22026263790946
1015,NA,NA,NA,NA,NA,NA,NA,NA,NA,NA,NA,NA,NA,NA,NA,1.0392213871496,0.997090542440015
1016,NA,NA,NA,NA,NA,NA,NA,NA,NA,NA,NA,NA,NA,NA,NA,1.03740133917626,1.03458258258684
1017,NA,NA,NA,NA,NA,NA,NA,NA,NA,NA,NA,NA,NA,NA,NA,0.968350936148824,0.852008440373466
1018,NA,NA,NA,NA,NA,NA,NA,NA,NA,NA,NA,NA,NA,NA,NA,1.04352980878535,1.18503395201283
1019,NA,NA,NA,NA,NA,NA,NA,NA,NA,NA,NA,NA,NA,NA,NA,1.0636513105345,1.20215052523205
1020,NA,NA,NA,NA,NA,NA,NA,NA,NA,NA,NA,NA,NA,NA,NA,1.05753213411711,1.27788256702106
1021,NA,NA,NA,NA,NA,NA,NA,NA,NA,NA,NA,NA,NA,NA,NA,0.988635534949652,1.006264316414
1022,NA,NA,NA,NA,NA,NA,NA,NA,NA,NA,NA,NA,NA,NA,NA,0.941212691687051,0.88280301007716
1023,NA,NA,NA,NA,NA,NA,NA,NA,NA,NA,NA,NA,NA,NA,NA,1.02682339080505,1.03859394389023
1024,NA,NA,NA,NA,NA,NA,NA,NA,NA,NA,NA,NA,NA,NA,NA,1.07177469813072,1.05283786380112
1025,NA,NA,NA,NA,NA,NA,NA,NA,NA,NA,NA,NA,NA,NA,NA,1.09423051025993,1.16149691222116
1026,NA,NA,NA,NA,NA,NA,NA,NA,NA,NA,NA,NA,NA,NA,NA,1.1031664796349,1.23807738979093
1027,NA,NA,NA,NA,NA,NA,NA,NA,NA,NA,NA,NA,NA,NA,NA,1.09235770229008,1.28160926698626
1028,NA,NA,NA,NA,NA,NA,NA,NA,NA,NA,NA,NA,NA,NA,NA,1.03995522008254,1.23207343176042
1029,NA,NA,NA,NA,NA,NA,NA,NA,NA,NA,NA,NA,NA,NA,NA,0.956005873914874,1.04472419972892
1030,NA,NA,NA,NA,NA,NA,NA,NA,NA,NA,NA,NA,NA,NA,NA,0.994871940325664,0.88431473608991
1031,NA,NA,NA,NA,NA,NA,NA,NA,NA,NA,NA,NA,NA,NA,NA,0.99976758892342,0.987542047665798
1032,NA,NA,NA,NA,NA,NA,NA,NA,NA,NA,NA,NA,NA,NA,NA,1.04552843608702,1.07855386385221
1033,NA,NA,NA,NA,NA,NA,NA,NA,NA,NA,NA,NA,NA,NA,NA,1.12197946939695,1.28597840401454
1034,NA,NA,NA,NA,NA,NA,NA,NA,NA,NA,NA,NA,NA,NA,NA,1.06936561806448,1.22836959283693
1035,NA,NA,NA,NA,NA,NA,NA,NA,NA,NA,NA,NA,NA,NA,NA,1.01434955664011,1.06481780901036
1036,NA,NA,NA,NA,NA,NA,NA,NA,NA,NA,NA,NA,NA,NA,NA,1.04734164120616,1.12625399934479
1037,NA,NA,NA,NA,NA,NA,NA,NA,NA,NA,NA,NA,NA,NA,NA,0.986174455058563,1.16663888112506
1038,NA,NA,NA,NA,NA,NA,NA,NA,NA,NA,NA,NA,NA,NA,NA,0.914191948797158,0.92474827019365
1039,NA,NA,NA,NA,NA,NA,NA,NA,NA,NA,NA,NA,NA,NA,NA,0.927353892007863,0.712007492646607
1040,NA,NA,NA,NA,NA,NA,NA,NA,NA,NA,NA,NA,NA,NA,NA,0.985979218411418,0.788193693177724
1041,NA,NA,NA,NA,NA,NA,NA,NA,NA,NA,NA,NA,NA,NA,NA,0.990518790913922,0.74681683005585
1042,NA,NA,NA,NA,NA,NA,NA,NA,NA,NA,NA,NA,NA,NA,NA,0.870292924155135,0.760042139709407
1043,NA,NA,NA,NA,NA,NA,NA,NA,NA,NA,NA,NA,NA,NA,NA,1.01867815002091,1.07797968273259
1044,NA,NA,NA,NA,NA,NA,NA,NA,NA,NA,NA,NA,NA,NA,NA,1.03603870977281,1.09221600933849
1045,NA,NA,NA,NA,NA,NA,NA,NA,NA,NA,NA,NA,NA,NA,NA,1.01732811737694,1.12597892615295
1046,NA,NA,NA,NA,NA,NA,NA,NA,NA,NA,NA,NA,NA,NA,NA,1.03015148367673,1.05247308801754
1047,NA,NA,NA,NA,NA,NA,NA,NA,NA,NA,NA,NA,NA,NA,NA,0.992260218346875,0.893002185445328
1048,NA,NA,NA,NA,NA,NA,NA,NA,NA,NA,NA,NA,NA,NA,NA,1.02644988831396,1.01983659110256
1049,NA,NA,NA,NA,NA,NA,NA,NA,NA,NA,NA,NA,NA,NA,NA,0.980258425256765,0.967330067326962
1050,NA,NA,NA,NA,NA,NA,NA,NA,NA,NA,NA,NA,NA,NA,NA,0.994203442784475,0.817210111551867
1051,NA,NA,NA,NA,NA,NA,NA,NA,NA,NA,NA,NA,NA,NA,NA,1.01356303200053,0.985862878310268
1052,NA,NA,NA,NA,NA,NA,NA,NA,NA,NA,NA,NA,NA,NA,NA,0.986847506450002,0.97577824226514
1053,NA,NA,NA,NA,NA,NA,NA,NA,NA,NA,NA,NA,NA,NA,NA,0.977311797793065,0.870016210585582
1054,NA,NA,NA,NA,NA,NA,NA,NA,NA,NA,NA,NA,NA,NA,NA,1.02034102210134,1.04358137095079
1055,NA,NA,NA,NA,NA,NA,NA,NA,NA,NA,NA,NA,NA,NA,NA,0.996428710546636,1.01100166471428
1056,NA,NA,NA,NA,NA,NA,NA,NA,NA,NA,NA,NA,NA,NA,NA,0.99807859805357,0.986635332170527
1057,NA,NA,NA,NA,NA,NA,NA,NA,NA,NA,NA,NA,NA,NA,NA,0.984108028196628,1.03693611461513
1058,NA,NA,NA,NA,NA,NA,NA,NA,NA,NA,NA,NA,NA,NA,NA,0.984176880311755,1.06114375324927
1059,NA,NA,NA,NA,NA,NA,NA,NA,NA,NA,NA,NA,NA,NA,NA,0.973264809118768,0.732701200847406
1060,NA,NA,NA,NA,NA,NA,NA,NA,NA,NA,NA,NA,NA,NA,NA,0.920228825179186,0.869327442470322
1061,NA,NA,NA,NA,NA,NA,NA,NA,NA,NA,NA,NA,NA,NA,NA,1.03596170982554,1.05352188821164
1062,NA,NA,NA,NA,NA,NA,NA,NA,NA,NA,NA,NA,NA,NA,NA,1.02431193338539,1.01725945640998
1063,NA,NA,NA,NA,NA,NA,NA,NA,NA,NA,NA,NA,NA,NA,NA,0.962290814618122,0.963308846252059
1064,NA,NA,NA,NA,NA,NA,NA,NA,NA,NA,NA,NA,NA,NA,NA,0.946455911653608,0.968730305750119
1065,NA,NA,NA,NA,NA,NA,NA,NA,NA,NA,NA,NA,NA,NA,NA,0.936736377380953,1.04521320512569
1066,NA,NA,NA,NA,NA,NA,NA,NA,NA,NA,NA,NA,NA,NA,NA,0.950204961095263,0.857579405736482
1067,NA,NA,NA,NA,NA,NA,NA,NA,NA,NA,NA,NA,NA,NA,NA,0.979408386663793,0.952783136300098
1068,NA,NA,NA,NA,NA,NA,NA,NA,NA,NA,NA,NA,NA,NA,NA,0.939265994967673,0.844181663669946
1069,NA,NA,NA,NA,NA,NA,NA,NA,NA,NA,NA,NA,NA,NA,NA,1.05105204984017,1.06175494262498
1070,NA,NA,NA,NA,NA,NA,NA,NA,NA,NA,NA,NA,NA,NA,NA,1.05447814312835,1.21443695718041
1071,NA,NA,NA,NA,NA,NA,NA,NA,NA,NA,NA,NA,NA,NA,NA,0.935126464185677,1.19450589411854
1072,NA,NA,NA,NA,NA,NA,NA,NA,NA,NA,NA,NA,NA,NA,NA,0.970110028362151,1.12075757956614
1073,NA,NA,NA,NA,NA,NA,NA,NA,NA,NA,NA,NA,NA,NA,NA,0.908661670681432,1.00495169084746
1074,NA,NA,NA,NA,NA,NA,NA,NA,NA,NA,NA,NA,NA,NA,NA,0.874481489965157,0.707420739417003
1075,NA,NA,NA,NA,NA,NA,NA,NA,NA,NA,NA,NA,NA,NA,NA,0.881611574219509,0.783500778263065
1076,NA,NA,NA,NA,NA,NA,NA,NA,NA,NA,NA,NA,NA,NA,NA,0.89734161867336,0.827104246991095
1077,NA,NA,NA,NA,NA,NA,NA,NA,NA,NA,NA,NA,NA,NA,NA,0.929651315992437,0.720845261179458
1078,NA,NA,NA,NA,NA,NA,NA,NA,NA,NA,NA,NA,NA,NA,NA,NA,0.7558596897188
1079,NA,NA,NA,NA,NA,NA,NA,NA,NA,NA,NA,NA,NA,NA,NA,NA,1.0450159022945
1080,NA,NA,NA,NA,NA,NA,NA,NA,NA,NA,NA,NA,NA,NA,NA,NA,0.902959510452048
1081,NA,NA,NA,NA,NA,NA,NA,NA,NA,NA,NA,NA,NA,NA,NA,NA,0.664327454712595
1082,NA,NA,NA,NA,NA,NA,NA,NA,NA,NA,NA,NA,NA,NA,NA,NA,0.801011131650084
1083,NA,NA,NA,NA,NA,NA,NA,NA,NA,NA,NA,NA,NA,NA,NA,NA,0.772348690485824
1084,NA,NA,NA,NA,NA,NA,NA,NA,NA,NA,NA,NA,NA,NA,NA,NA,1.06629667425317
1085,NA,NA,NA,NA,NA,NA,NA,NA,NA,NA,NA,NA,NA,NA,NA,NA,0.920861904220477
1086,NA,NA,NA,NA,NA,NA,NA,NA,NA,NA,NA,NA,NA,NA,NA,NA,1.02405798270038
1087,NA,NA,NA,NA,NA,NA,NA,NA,NA,NA,NA,NA,NA,NA,NA,NA,0.940849045859644
1088,NA,NA,NA,NA,NA,NA,NA,NA,NA,NA,NA,NA,NA,NA,NA,NA,0.813299167244448
1089,NA,NA,NA,NA,NA,NA,NA,NA,NA,NA,NA,NA,NA,NA,NA,NA,0.804146416345971
1090,NA,NA,NA,NA,NA,NA,NA,NA,NA,NA,NA,NA,NA,NA,NA,NA,0.805490806759931
1091,NA,NA,NA,NA,NA,NA,NA,NA,NA,NA,NA,NA,NA,NA,NA,NA,0.778354986456617
1092,NA,NA,NA,NA,NA,NA,NA,NA,NA,NA,NA,NA,NA,NA,NA,NA,0.934789673940101
1093,NA,NA,NA,NA,NA,NA,NA,NA,NA,NA,NA,NA,NA,NA,NA,NA,0.929578496567599
1094,NA,NA,NA,NA,NA,NA,NA,NA,NA,NA,NA,NA,NA,NA,NA,NA,0.953185064826283
1095,NA,NA,NA,NA,NA,NA,NA,NA,NA,NA,NA,NA,NA,NA,NA,NA,0.921132732803574
1096,NA,NA,NA,NA,NA,NA,NA,NA,NA,NA,NA,NA,NA,NA,NA,NA,0.998684917421648
1097,NA,NA,NA,NA,NA,NA,NA,NA,NA,NA,NA,NA,NA,NA,NA,NA,1.11600397109198
1098,NA,NA,NA,NA,NA,NA,NA,NA,NA,NA,NA,NA,NA,NA,NA,NA,0.983577183161651
1099,NA,NA,NA,NA,NA,NA,NA,NA,NA,NA,NA,NA,NA,NA,NA,NA,1.05913514962948
1100,NA,NA,NA,NA,NA,NA,NA,NA,NA,NA,NA,NA,NA,NA,NA,NA,1.11369203750779
1101,NA,NA,NA,NA,NA,NA,NA,NA,NA,NA,NA,NA,NA,NA,NA,NA,1.1473088921834
1102,NA,NA,NA,NA,NA,NA,NA,NA,NA,NA,NA,NA,NA,NA,NA,NA,1.03325192628375
1103,NA,NA,NA,NA,NA,NA,NA,NA,NA,NA,NA,NA,NA,NA,NA,NA,0.999748327300737
1104,NA,NA,NA,NA,NA,NA,NA,NA,NA,NA,NA,NA,NA,NA,NA,NA,1.11465552444054
1105,NA,NA,NA,NA,NA,NA,NA,NA,NA,NA,NA,NA,NA,NA,NA,NA,1.062785850405
1106,NA,NA,NA,NA,NA,NA,NA,NA,NA,NA,NA,NA,NA,NA,NA,NA,0.906361868078906
1107,NA,NA,NA,NA,NA,NA,NA,NA,NA,NA,NA,NA,NA,NA,NA,NA,1.01570921129903
1108,NA,NA,NA,NA,NA,NA,NA,NA,NA,NA,NA,NA,NA,NA,NA,NA,1.08715576648391
1109,NA,NA,NA,NA,NA,NA,NA,NA,NA,NA,NA,NA,NA,NA,NA,NA,1.16135726383945
1110,NA,NA,NA,NA,NA,NA,NA,NA,NA,NA,NA,NA,NA,NA,NA,NA,0.799544594393682
1111,NA,NA,NA,NA,NA,NA,NA,NA,NA,NA,NA,NA,NA,NA,NA,NA,1.03156586374405
1112,NA,NA,NA,NA,NA,NA,NA,NA,NA,NA,NA,NA,NA,NA,NA,NA,1.18431251365675
1113,NA,NA,NA,NA,NA,NA,NA,NA,NA,NA,NA,NA,NA,NA,NA,NA,1.22263830143358
1114,NA,NA,NA,NA,NA,NA,NA,NA,NA,NA,NA,NA,NA,NA,NA,NA,1.21066772065984
1115,NA,NA,NA,NA,NA,NA,NA,NA,NA,NA,NA,NA,NA,NA,NA,NA,0.982569791565572
1116,NA,NA,NA,NA,NA,NA,NA,NA,NA,NA,NA,NA,NA,NA,NA,NA,1.01928293019275
1117,NA,NA,NA,NA,NA,NA,NA,NA,NA,NA,NA,NA,NA,NA,NA,NA,1.15973425137019
1118,NA,NA,NA,NA,NA,NA,NA,NA,NA,NA,NA,NA,NA,NA,NA,NA,1.10887676889335
1119,NA,NA,NA,NA,NA,NA,NA,NA,NA,NA,NA,NA,NA,NA,NA,NA,0.941854891302344
1120,NA,NA,NA,NA,NA,NA,NA,NA,NA,NA,NA,NA,NA,NA,NA,NA,0.933855420238243
1121,NA,NA,NA,NA,NA,NA,NA,NA,NA,NA,NA,NA,NA,NA,NA,NA,0.889451991416225
1122,NA,NA,NA,NA,NA,NA,NA,NA,NA,NA,NA,NA,NA,NA,NA,NA,1.06192374098758
1123,NA,NA,NA,NA,NA,NA,NA,NA,NA,NA,NA,NA,NA,NA,NA,NA,0.965666755852482
1124,NA,NA,NA,NA,NA,NA,NA,NA,NA,NA,NA,NA,NA,NA,NA,NA,0.839280359342956
1125,NA,NA,NA,NA,NA,NA,NA,NA,NA,NA,NA,NA,NA,NA,NA,NA,0.881797935060379
1126,NA,NA,NA,NA,NA,NA,NA,NA,NA,NA,NA,NA,NA,NA,NA,NA,1.02141326128471
1127,NA,NA,NA,NA,NA,NA,NA,NA,NA,NA,NA,NA,NA,NA,NA,NA,1.04878489341762
1128,NA,NA,NA,NA,NA,NA,NA,NA,NA,NA,NA,NA,NA,NA,NA,NA,0.923376962592346
1129,NA,NA,NA,NA,NA,NA,NA,NA,NA,NA,NA,NA,NA,NA,NA,NA,1.02849736138588
1130,NA,NA,NA,NA,NA,NA,NA,NA,NA,NA,NA,NA,NA,NA,NA,NA,0.976052250663489
1131,NA,NA,NA,NA,NA,NA,NA,NA,NA,NA,NA,NA,NA,NA,NA,NA,1.10104704148604
1132,NA,NA,NA,NA,NA,NA,NA,NA,NA,NA,NA,NA,NA,NA,NA,NA,1.18178384889655
1133,NA,NA,NA,NA,NA,NA,NA,NA,NA,NA,NA,NA,NA,NA,NA,NA,1.14515660851913
1134,NA,NA,NA,NA,NA,NA,NA,NA,NA,NA,NA,NA,NA,NA,NA,NA,1.11450090751955
1135,NA,NA,NA,NA,NA,NA,NA,NA,NA,NA,NA,NA,NA,NA,NA,NA,1.37683031881358
1136,NA,NA,NA,NA,NA,NA,NA,NA,NA,NA,NA,NA,NA,NA,NA,NA,1.21150500774512
1137,NA,NA,NA,NA,NA,NA,NA,NA,NA,NA,NA,NA,NA,NA,NA,NA,1.18510568705804
1138,NA,NA,NA,NA,NA,NA,NA,NA,NA,NA,NA,NA,NA,NA,NA,NA,1.30246246186598
1139,NA,NA,NA,NA,NA,NA,NA,NA,NA,NA,NA,NA,NA,NA,NA,NA,1.02345466517002
1140,NA,NA,NA,NA,NA,NA,NA,NA,NA,NA,NA,NA,NA,NA,NA,NA,1.15101662151622
1141,NA,NA,NA,NA,NA,NA,NA,NA,NA,NA,NA,NA,NA,NA,NA,NA,1.18809244658402
1142,NA,NA,NA,NA,NA,NA,NA,NA,NA,NA,NA,NA,NA,NA,NA,NA,1.15523144493351
1143,NA,NA,NA,NA,NA,NA,NA,NA,NA,NA,NA,NA,NA,NA,NA,NA,1.14846750083247
1144,NA,NA,NA,NA,NA,NA,NA,NA,NA,NA,NA,NA,NA,NA,NA,NA,0.80277437709013
1145,NA,NA,NA,NA,NA,NA,NA,NA,NA,NA,NA,NA,NA,NA,NA,NA,0.976979328741738
1146,NA,NA,NA,NA,NA,NA,NA,NA,NA,NA,NA,NA,NA,NA,NA,NA,0.900755270901449
1147,NA,NA,NA,NA,NA,NA,NA,NA,NA,NA,NA,NA,NA,NA,NA,NA,1.07577976816385
1148,NA,NA,NA,NA,NA,NA,NA,NA,NA,NA,NA,NA,NA,NA,NA,NA,0.9263777990806
1149,NA,NA,NA,NA,NA,NA,NA,NA,NA,NA,NA,NA,NA,NA,NA,NA,1.21274713529557
1150,NA,NA,NA,NA,NA,NA,NA,NA,NA,NA,NA,NA,NA,NA,NA,NA,0.876658908378522
1151,NA,NA,NA,NA,NA,NA,NA,0.961477506658942,NA,NA,NA,NA,NA,NA,NA,NA,0.875059705151715
1152,NA,NA,NA,NA,NA,NA,NA,1.02539261811846,NA,NA,NA,NA,NA,NA,NA,NA,0.941101800635435
1153,NA,NA,NA,NA,NA,NA,NA,0.980706678921475,NA,NA,NA,NA,NA,NA,NA,NA,0.943152108531419
1154,NA,NA,NA,NA,NA,NA,NA,0.956211994689338,NA,NA,NA,NA,NA,NA,NA,NA,0.985521588458785
1155,NA,NA,NA,NA,NA,NA,NA,1.0644176761871,NA,NA,NA,NA,NA,NA,NA,NA,0.868621395026013
1156,NA,NA,NA,NA,NA,NA,NA,0.964029199320604,NA,NA,NA,NA,NA,NA,NA,NA,0.94054659085546
1157,NA,NA,NA,NA,NA,NA,NA,0.91948653157136,NA,NA,NA,NA,NA,NA,NA,NA,1.01382357794308
1158,NA,NA,NA,NA,NA,NA,NA,0.910463648554285,NA,NA,NA,NA,NA,NA,NA,NA,0.99378101879579
1159,NA,NA,NA,NA,NA,NA,NA,0.963406589954898,NA,NA,NA,NA,NA,NA,NA,NA,1.14662889397281
1160,NA,NA,NA,NA,NA,NA,NA,1.0475100307458,NA,NA,NA,NA,NA,NA,NA,NA,0.950150067576455
1161,NA,NA,NA,NA,NA,NA,NA,1.1101289964234,NA,NA,NA,NA,NA,NA,NA,NA,1.04541849353987
1162,NA,NA,NA,NA,NA,NA,NA,1.19404489057972,NA,NA,NA,NA,NA,NA,NA,NA,1.24022597885946
1163,NA,NA,NA,NA,NA,NA,NA,1.14864237484336,NA,NA,NA,NA,NA,NA,NA,NA,0.978313385614584
1164,NA,NA,NA,NA,NA,NA,NA,0.704533292017632,NA,NA,NA,NA,NA,NA,NA,NA,0.788517061358701
1165,NA,NA,NA,NA,NA,NA,NA,0.836097188654759,NA,NA,NA,NA,NA,NA,NA,NA,0.970839109737208
1166,NA,NA,NA,NA,NA,NA,NA,1.09087701377448,NA,NA,NA,NA,NA,NA,NA,NA,1.03188971110278
1167,NA,NA,NA,NA,NA,NA,NA,1.09416371846457,NA,NA,NA,NA,NA,NA,NA,NA,0.999643252191749
1168,NA,NA,NA,NA,NA,NA,NA,0.954434182362064,NA,NA,NA,NA,NA,NA,NA,NA,1.08186661300644
1169,NA,NA,NA,NA,NA,NA,NA,0.8753703174679,NA,NA,NA,NA,NA,NA,NA,NA,0.901088038939925
1170,NA,NA,NA,NA,NA,NA,NA,1.02252800725085,NA,NA,NA,NA,NA,NA,NA,NA,1.03864847435077
1171,NA,NA,NA,NA,NA,NA,NA,0.994451547190316,NA,NA,NA,NA,NA,NA,NA,NA,1.05064555665369
1172,NA,NA,NA,NA,NA,NA,NA,1.13705867218699,NA,NA,NA,NA,NA,NA,NA,NA,1.11936580056108
1173,NA,NA,NA,NA,NA,NA,NA,1.24347852723403,NA,NA,NA,NA,NA,NA,NA,NA,0.94959362807097
1174,NA,NA,NA,NA,NA,NA,NA,1.17524335823475,NA,NA,NA,NA,NA,NA,NA,NA,0.936718221387768
1175,NA,NA,NA,NA,NA,NA,0.895582707653551,0.998582411560593,NA,NA,NA,NA,NA,NA,NA,NA,0.831319415720544
1176,NA,NA,NA,NA,NA,NA,0.874008165461841,0.814866894935337,NA,NA,NA,NA,NA,NA,NA,NA,0.759652902475586
1177,NA,NA,NA,NA,NA,NA,0.875537465497692,0.766380981736179,NA,NA,NA,NA,NA,NA,NA,NA,0.827518297771204
1178,NA,NA,NA,NA,NA,NA,0.88937758400068,0.768269669953509,NA,NA,NA,NA,NA,NA,NA,NA,0.824120114753641
1179,NA,NA,NA,NA,NA,NA,0.894129133085326,0.883503696784749,NA,NA,NA,NA,NA,NA,NA,NA,0.951781651308307
1180,NA,NA,NA,NA,NA,NA,0.911915470738224,1.04896442166744,NA,NA,NA,NA,NA,NA,NA,NA,1.04609387639636
1181,NA,NA,NA,NA,NA,NA,0.910913879466274,0.952822713743683,NA,NA,NA,NA,NA,NA,NA,NA,0.907753656541892
1182,NA,NA,NA,NA,NA,NA,0.911223902146124,0.904647454111152,NA,NA,NA,NA,NA,NA,NA,NA,0.866584715973344
1183,NA,NA,NA,NA,NA,NA,0.922258716801074,0.914068226331401,NA,NA,NA,NA,NA,NA,NA,NA,1.03251233486572
1184,NA,NA,NA,NA,NA,NA,0.930294485774303,0.945083058560423,NA,NA,NA,NA,NA,NA,NA,NA,0.971542543886874
1185,NA,NA,NA,NA,NA,NA,0.93545607926011,1.06072697081756,NA,NA,NA,NA,NA,NA,NA,NA,0.976175885504959
1186,NA,NA,NA,NA,NA,NA,0.929480456537576,1.05665482944369,NA,NA,NA,NA,NA,NA,NA,NA,0.85401156244248
1187,NA,NA,NA,NA,NA,NA,0.928372885734197,0.851997931987833,NA,NA,NA,NA,NA,NA,NA,NA,0.884210167801656
1188,NA,NA,NA,NA,NA,NA,0.943417138828041,0.893406676805212,NA,NA,NA,NA,NA,NA,NA,NA,0.77755771308539
1189,NA,NA,NA,NA,NA,NA,0.937406007056776,0.838923340231333,NA,NA,NA,NA,NA,NA,NA,NA,0.597398374217674
1190,NA,NA,NA,NA,NA,NA,0.945625910782696,0.949524163286512,NA,NA,NA,NA,NA,NA,NA,NA,0.750155299120512
1191,NA,NA,NA,NA,NA,NA,0.953388649021822,0.987020163463558,NA,NA,NA,NA,NA,NA,NA,NA,0.925370109776171
1192,NA,NA,NA,NA,NA,NA,0.963479591707528,0.995822468921737,NA,NA,NA,NA,NA,NA,NA,NA,0.908407524435419
1193,NA,NA,NA,NA,NA,NA,0.955773808185584,0.997612847232039,NA,NA,NA,NA,NA,NA,NA,NA,1.03686039826875
1194,NA,NA,NA,NA,NA,NA,0.945549428891004,0.926611663177832,NA,NA,NA,NA,NA,NA,NA,NA,0.967105865091903
1195,NA,NA,NA,NA,NA,NA,0.940381636587702,0.889177226080794,NA,NA,NA,NA,NA,NA,NA,NA,0.493736539204344
1196,NA,NA,NA,NA,NA,NA,0.945800693089396,0.974221114928735,NA,NA,NA,NA,NA,NA,NA,NA,0.986071149810673
1197,NA,NA,NA,NA,NA,NA,0.959057013324627,0.923469185624184,NA,NA,NA,NA,NA,NA,NA,NA,0.791332402230264
1198,NA,NA,NA,NA,NA,NA,0.957882467915913,0.893364897031559,NA,NA,NA,NA,NA,NA,NA,NA,0.773569423685239
1199,NA,NA,NA,NA,NA,NA,0.986870870357053,1.18581929270644,NA,NA,NA,NA,NA,NA,NA,NA,1.00366765773377
1200,NA,NA,NA,NA,NA,NA,0.97910031362776,1.04311186878023,NA,NA,NA,NA,NA,NA,NA,NA,0.973178812467385
1201,NA,NA,NA,NA,NA,NA,0.957991283142485,0.88895932621459,NA,NA,NA,NA,NA,NA,NA,NA,1.23848695435835
1202,NA,NA,NA,NA,NA,NA,0.949273075188946,0.746410768595721,NA,NA,NA,NA,NA,NA,NA,NA,0.8428306079178
1203,NA,NA,NA,NA,NA,NA,0.952856499174605,0.795421606450299,NA,NA,NA,NA,NA,NA,NA,NA,1.01673132729875
1204,NA,NA,NA,NA,NA,NA,0.988137047328819,0.969964981895123,NA,NA,NA,NA,NA,NA,NA,NA,1.13437584587977
1205,NA,NA,NA,NA,NA,NA,0.996515156787739,0.970953682106698,NA,NA,NA,NA,NA,NA,NA,NA,1.14530640735431
1206,NA,NA,NA,NA,NA,NA,1.00532669032084,1.00833908642828,NA,NA,NA,NA,NA,NA,NA,NA,1.01141292583314
1207,NA,NA,NA,NA,NA,NA,0.995260428095579,0.92676428093771,NA,NA,NA,NA,NA,NA,NA,NA,0.902432259318333
1208,NA,NA,NA,NA,NA,NA,0.991529109613375,0.9584696678655,NA,NA,NA,NA,NA,NA,NA,NA,0.879298335978394
1209,NA,NA,NA,NA,NA,NA,0.999016708065982,1.06635422249684,NA,NA,NA,NA,NA,NA,NA,NA,1.14830003462978
1210,NA,NA,NA,NA,NA,NA,1.01051512519113,1.16326787672097,NA,NA,NA,NA,NA,NA,NA,NA,1.10450937853835
1211,NA,NA,NA,NA,NA,NA,1.01773226773181,1.12027250363141,NA,NA,NA,NA,NA,NA,NA,NA,1.03284264992156
1212,NA,NA,NA,NA,NA,NA,1.01915170011896,0.855460341335176,NA,NA,NA,NA,NA,NA,NA,NA,0.935639571632231
1213,NA,NA,NA,NA,NA,NA,1.02856275753818,0.855913008822186,NA,NA,NA,NA,NA,NA,NA,NA,1.11587723281099
1214,NA,NA,NA,NA,NA,NA,1.04015780749938,0.930935734553134,NA,NA,NA,NA,NA,NA,NA,NA,1.02647645793686
1215,NA,NA,NA,NA,NA,NA,1.0354386709756,0.947018218266373,NA,NA,NA,NA,NA,NA,NA,NA,0.91874176425934
1216,NA,NA,NA,NA,NA,NA,1.03485427940208,1.12934844658214,NA,NA,NA,NA,NA,NA,NA,NA,1.06531796726125
1217,NA,NA,NA,NA,NA,NA,1.03408284683686,1.19144888295697,NA,NA,NA,NA,NA,NA,NA,NA,1.19674098103306
1218,NA,NA,NA,NA,NA,NA,1.03216292172952,1.27256910313985,NA,NA,NA,NA,NA,NA,NA,NA,1.08226785007692
1219,NA,NA,NA,NA,NA,NA,1.02994389787446,1.18008126801857,NA,NA,NA,NA,NA,NA,NA,NA,1.1850376733083
1220,NA,NA,NA,NA,NA,NA,1.02171489345209,1.00854702712692,NA,NA,NA,NA,NA,NA,NA,NA,1.14910310057685
1221,NA,NA,NA,NA,NA,NA,1.0239398921074,1.11807160811186,NA,NA,NA,NA,NA,NA,NA,NA,1.26048740968972
1222,NA,NA,NA,NA,NA,NA,1.00317252220411,0.941030456253837,NA,NA,NA,NA,NA,NA,NA,NA,0.936896122557136
1223,NA,NA,NA,NA,NA,NA,1.01413541234724,1.02349265867054,NA,NA,NA,NA,NA,NA,NA,NA,0.999833961143779
1224,NA,NA,NA,NA,NA,NA,1.02477992059528,1.05175450641117,NA,NA,NA,NA,NA,NA,NA,NA,0.98339367504887
1225,NA,NA,NA,NA,NA,NA,1.02428325786987,1.11222498779436,NA,NA,NA,NA,NA,NA,NA,NA,0.967702387591107
1226,NA,NA,NA,NA,NA,NA,1.01485211379412,1.00211987162719,NA,NA,NA,NA,NA,NA,NA,NA,0.920604875552445
1227,NA,NA,NA,NA,NA,NA,1.03576395420554,1.1253000748161,NA,NA,NA,NA,NA,NA,NA,NA,1.00385043212108
1228,NA,NA,NA,NA,NA,NA,1.02290805572105,0.987453975827232,NA,NA,NA,NA,NA,NA,NA,NA,0.92592024770647
1229,NA,NA,NA,NA,NA,NA,1.00604999025714,0.901298269440121,NA,NA,NA,NA,NA,NA,NA,NA,0.859907450373498
1230,NA,NA,NA,NA,NA,NA,1.00989319864727,0.82308665350409,NA,NA,NA,NA,NA,NA,NA,NA,0.897259839032937
1231,NA,NA,NA,NA,NA,NA,0.996313030556506,0.832174918862289,NA,NA,NA,NA,NA,NA,NA,NA,0.946676629717852
1232,NA,NA,NA,NA,NA,NA,1.00264860827003,0.909464034045446,NA,NA,NA,NA,NA,NA,NA,NA,0.97803804886605
1233,NA,NA,NA,NA,NA,NA,1.02617892068656,1.08596380007123,NA,NA,NA,NA,NA,NA,NA,NA,1.22124632388785
1234,NA,NA,NA,NA,NA,NA,1.02314089168935,1.07918234284087,NA,NA,NA,NA,NA,NA,NA,NA,1.13551338341303
1235,NA,NA,NA,NA,NA,NA,1.02128121259862,1.10562523871151,NA,NA,NA,NA,NA,NA,NA,NA,1.07515093446371
1236,NA,NA,NA,NA,NA,NA,1.01930073906978,1.07223432943808,NA,NA,NA,NA,NA,NA,NA,NA,1.02852706162313
1237,NA,NA,NA,NA,NA,NA,1.03243230356881,1.21085508689391,NA,NA,NA,NA,NA,NA,NA,NA,1.1892178752
1238,NA,NA,NA,NA,NA,NA,1.0141702064614,1.05144843818861,NA,NA,NA,NA,NA,NA,NA,NA,0.963996186373782
1239,NA,NA,NA,NA,NA,NA,1.01654727733058,1.11811935278512,NA,NA,NA,NA,NA,NA,NA,NA,1.11495752964155
1240,NA,NA,NA,NA,NA,NA,1.00922598733536,1.02305781383038,NA,NA,NA,NA,NA,NA,NA,NA,1.0378170860376
1241,NA,NA,NA,NA,NA,NA,0.994495325720514,0.979014260953054,NA,NA,NA,NA,NA,NA,NA,NA,0.972083216572842
1242,NA,NA,NA,NA,NA,NA,1.00076517579701,0.932612325377525,NA,NA,NA,NA,NA,NA,NA,NA,0.9733962437545
1243,NA,NA,NA,NA,NA,NA,0.996535908473785,0.9787192279738,NA,NA,NA,NA,NA,NA,NA,NA,0.969108297946818
1244,NA,NA,NA,NA,NA,NA,1.01701240006098,1.05054145842112,NA,NA,NA,NA,NA,NA,NA,NA,1.04718969438757
1245,NA,NA,NA,NA,NA,NA,1.00142826075197,0.978406096548545,NA,NA,NA,NA,NA,NA,NA,NA,1.13399769705329
1246,NA,NA,NA,NA,NA,NA,1.01441939121248,1.00045056496287,NA,NA,NA,NA,NA,NA,NA,NA,1.11429825234542
1247,NA,NA,NA,NA,NA,NA,1.02231030155944,1.03608867935661,NA,NA,NA,NA,NA,NA,NA,NA,1.17361520110857
1248,NA,NA,NA,NA,NA,NA,1.03218699964496,1.14200533512302,NA,NA,NA,NA,NA,NA,NA,NA,1.12413126727505
1249,NA,NA,NA,NA,NA,NA,1.04495524009136,1.09684294099189,NA,NA,NA,NA,NA,NA,NA,NA,0.98968207157535
1250,NA,NA,NA,NA,NA,NA,1.04793177282406,1.16642995538551,NA,NA,NA,NA,NA,NA,NA,NA,1.12380407611422
1251,NA,NA,NA,NA,NA,NA,1.05074348679698,1.22576404732362,NA,NA,NA,NA,NA,NA,NA,NA,1.22498835767296
1252,NA,NA,NA,NA,NA,NA,1.04525196497278,1.19622132239903,NA,NA,NA,NA,NA,NA,NA,NA,1.01971747996975
1253,NA,NA,NA,NA,NA,NA,1.04773460829054,1.21372048628212,NA,NA,NA,NA,NA,NA,NA,NA,1.28488397312467
1254,NA,NA,NA,NA,NA,NA,1.03594508567046,1.08933842877104,NA,NA,NA,NA,NA,NA,NA,NA,1.11962325248142
1255,NA,NA,NA,NA,NA,NA,1.02718901996081,1.06233236767942,NA,NA,NA,NA,NA,NA,NA,NA,0.910486853998257
1256,NA,NA,NA,NA,NA,NA,1.01628272639733,1.01326285967111,NA,NA,NA,NA,NA,NA,NA,NA,0.768905460997704
1257,NA,NA,NA,NA,NA,NA,1.02559926254157,1.07549504944484,NA,NA,NA,NA,NA,NA,NA,NA,0.935369310920266
1258,NA,NA,NA,NA,NA,NA,1.00978195096214,0.914200968710079,NA,NA,NA,NA,NA,NA,NA,NA,0.892625936945795
1259,NA,NA,NA,NA,NA,NA,1.00365113422133,0.897762818139821,NA,NA,NA,NA,NA,NA,NA,NA,0.885297671312917
1260,NA,NA,NA,NA,NA,NA,1.00620341396832,0.837750829062971,NA,NA,NA,NA,NA,NA,NA,NA,0.956309972386273
1261,NA,NA,NA,NA,NA,NA,1.00783359367692,0.872393169143322,NA,NA,NA,NA,NA,NA,NA,NA,0.894626638219655
1262,NA,NA,NA,NA,NA,NA,1.00433333275071,0.913612501861908,NA,NA,NA,NA,NA,NA,NA,NA,0.83813676148628
1263,NA,NA,NA,NA,NA,NA,1.0043166259486,0.9450721111682,NA,NA,NA,NA,NA,NA,NA,NA,0.61987832078735
1264,NA,NA,NA,NA,NA,NA,1.01183453281114,0.913314645412083,NA,NA,NA,NA,NA,NA,NA,NA,0.889706434694565
1265,NA,NA,NA,NA,NA,NA,1.01639377171264,0.905068442038933,NA,NA,NA,NA,NA,NA,NA,NA,1.12369865208844
1266,NA,NA,NA,NA,NA,NA,1.04154105318137,1.08059734614184,NA,NA,NA,NA,NA,NA,NA,NA,1.02442619781138
1267,NA,NA,NA,NA,NA,NA,1.02654334282112,0.959801175268374,NA,NA,NA,NA,NA,NA,NA,NA,0.922415305752352
1268,NA,NA,NA,NA,NA,NA,1.01739610615138,0.944292878371869,NA,NA,NA,NA,NA,NA,NA,NA,1.11991959569469
1269,NA,NA,NA,NA,NA,NA,1.03429443062782,1.0866794074821,NA,NA,NA,NA,NA,NA,NA,NA,0.995576567508342
1270,NA,NA,NA,NA,NA,NA,1.03055397504709,1.07321130169958,NA,NA,NA,NA,NA,NA,NA,NA,1.00579654450592
1271,NA,NA,NA,NA,NA,NA,1.0352035146471,1.07969739977224,NA,NA,NA,NA,NA,NA,NA,NA,0.996876621203349
1272,NA,NA,NA,NA,NA,NA,1.03038959670891,NA,NA,NA,NA,NA,NA,NA,NA,NA,1.03865395496459
1273,NA,NA,NA,NA,NA,NA,1.04130097479464,NA,NA,NA,NA,NA,NA,NA,NA,NA,1.0873309460029
1274,NA,NA,NA,NA,NA,NA,1.02728713362416,NA,NA,NA,NA,NA,NA,NA,NA,NA,0.995071108586433
1275,NA,NA,NA,NA,NA,NA,1.02239111806746,NA,NA,NA,NA,NA,NA,NA,NA,NA,1.11349543343207
1276,NA,NA,NA,NA,NA,NA,1.02201530177325,NA,NA,NA,NA,NA,NA,NA,NA,NA,0.957210413201734
1277,NA,NA,NA,NA,NA,NA,1.01506242404945,NA,NA,NA,NA,NA,NA,NA,NA,NA,1.10771468183073
1278,NA,NA,NA,NA,NA,NA,1.01462555076538,NA,NA,NA,NA,NA,NA,NA,NA,NA,1.01863079917995
1279,NA,NA,NA,NA,NA,NA,1.01007673081157,NA,NA,NA,NA,NA,NA,NA,NA,NA,0.910361664147559
1280,NA,NA,NA,NA,NA,NA,1.00602319228961,NA,NA,NA,NA,NA,NA,NA,NA,NA,0.949462682992352
1281,NA,NA,NA,NA,NA,NA,0.999584819158848,NA,NA,NA,NA,NA,NA,NA,NA,NA,0.811502047701115
1282,NA,NA,NA,NA,NA,NA,1.00400242398255,NA,NA,NA,NA,NA,0.955799837831814,NA,NA,NA,0.919554451620211
1283,NA,NA,NA,NA,NA,NA,1.01503200160764,NA,NA,NA,NA,NA,0.958851595042495,NA,NA,NA,1.00779071237979
1284,NA,NA,NA,NA,NA,NA,1.01548513681486,NA,NA,NA,NA,NA,1.03008686362092,NA,NA,NA,1.01531303586675
1285,NA,NA,NA,NA,NA,NA,1.02766073767414,NA,NA,NA,NA,NA,1.14584151357111,NA,NA,NA,0.896240976678472
1286,NA,NA,NA,NA,NA,NA,1.01479780816958,NA,NA,NA,NA,NA,1.04638708096032,NA,NA,NA,1.03173589108243
1287,NA,NA,NA,NA,NA,NA,0.9945364983696,NA,NA,NA,NA,NA,0.949662824619793,NA,NA,NA,0.898798122703935
1288,NA,NA,NA,NA,NA,NA,0.987427576640511,NA,NA,NA,NA,NA,1.04818100744625,NA,NA,NA,1.0346835125609
1289,NA,NA,NA,NA,NA,NA,1.00228076256239,NA,NA,NA,NA,NA,0.952011072476724,NA,NA,NA,0.966725627501493
1290,NA,NA,NA,NA,NA,NA,0.989802719714323,NA,NA,NA,NA,NA,0.866152462955057,NA,NA,NA,0.924712720481457
1291,NA,NA,NA,NA,NA,NA,0.986212180323183,NA,NA,NA,NA,NA,0.854225756983106,NA,NA,NA,1.04806209829743
1292,NA,NA,NA,NA,NA,NA,1.00800117304389,NA,NA,NA,NA,NA,0.959284790082315,NA,NA,NA,1.15225107720734
1293,NA,NA,NA,NA,NA,NA,1.00856622932407,NA,NA,NA,NA,NA,0.934286229071157,NA,NA,NA,0.842742872728242
1294,NA,NA,NA,NA,NA,NA,1.00914059811194,NA,NA,NA,NA,NA,1.04797525012709,NA,NA,NA,1.17941350274641
1295,NA,NA,NA,NA,NA,NA,1.02680598301574,NA,NA,NA,NA,NA,0.987234972068074,NA,NA,NA,1.15851389271891
1296,NA,NA,NA,NA,NA,NA,1.02277541426333,NA,NA,NA,NA,NA,1.07202484932486,NA,NA,NA,NA
1297,NA,NA,NA,NA,NA,NA,1.01567255940103,NA,NA,NA,NA,NA,1.15488473157211,NA,NA,NA,NA
1298,NA,NA,NA,NA,NA,NA,1.02399230976724,NA,NA,NA,NA,NA,1.07715533219788,NA,NA,NA,NA
1299,NA,NA,NA,NA,NA,NA,1.01957854764016,NA,NA,NA,NA,NA,0.969449401481028,NA,NA,NA,NA
1300,NA,NA,NA,NA,NA,NA,1.00755262842083,NA,NA,NA,NA,NA,0.893531409826052,NA,NA,NA,NA
1301,NA,NA,NA,NA,NA,NA,1.01236155301111,NA,NA,NA,NA,NA,0.928964627807974,NA,NA,NA,NA
1302,NA,NA,NA,NA,NA,NA,1.02057275208416,NA,NA,NA,NA,NA,0.899232220095649,NA,NA,NA,NA
1303,NA,NA,NA,NA,NA,NA,1.02120736654437,NA,NA,NA,NA,NA,0.84523298739344,NA,NA,NA,NA
1304,NA,NA,NA,NA,NA,NA,1.03168022326099,NA,NA,NA,NA,NA,1.15328834459266,NA,NA,NA,NA
1305,NA,NA,NA,NA,NA,NA,1.02842230038228,NA,NA,NA,NA,NA,1.1008477374857,NA,NA,NA,NA
1306,NA,NA,NA,NA,NA,NA,1.03221591988366,NA,NA,NA,NA,NA,1.23704334040096,NA,NA,NA,NA
1307,NA,NA,NA,NA,NA,NA,1.03286696170246,NA,NA,NA,NA,NA,1.20600634338288,NA,NA,NA,NA
1308,NA,NA,NA,NA,NA,NA,1.03351937502928,NA,NA,NA,NA,NA,1.24855007552049,NA,NA,NA,NA
1309,NA,NA,NA,NA,NA,NA,1.02042407141858,NA,NA,NA,NA,NA,1.10437555087147,NA,NA,NA,NA
1310,NA,NA,NA,NA,NA,NA,1.01165484263636,NA,NA,NA,NA,NA,0.991579556779904,NA,NA,NA,NA
1311,NA,NA,NA,NA,NA,NA,1.02984523930882,NA,NA,NA,NA,NA,1.15300628489888,NA,NA,NA,NA
1312,NA,NA,NA,NA,NA,NA,1.01293695283356,NA,NA,NA,NA,NA,1.09356549602431,NA,NA,NA,NA
1313,NA,NA,NA,NA,NA,NA,1.00370237255966,NA,NA,NA,NA,NA,0.899506940022849,NA,NA,NA,NA
1314,NA,NA,NA,NA,NA,NA,1.00948852458127,NA,NA,NA,NA,NA,0.971299358753168,NA,NA,NA,NA
1315,NA,NA,NA,NA,NA,NA,1.03246035622119,NA,NA,NA,NA,NA,1.12715008794739,NA,NA,NA,NA
1316,NA,NA,NA,NA,NA,NA,1.03560515613924,NA,NA,NA,NA,NA,1.07763957861901,NA,NA,NA,NA
1317,NA,NA,NA,NA,NA,NA,1.01839171008566,NA,NA,NA,NA,NA,0.990433254691788,NA,NA,NA,NA
1318,NA,NA,NA,NA,NA,NA,1.02119497883797,NA,NA,NA,NA,NA,1.02435460241424,NA,NA,NA,NA
1319,NA,NA,NA,NA,NA,NA,1.01270034677616,NA,NA,NA,NA,NA,0.992246025886206,NA,NA,NA,NA
1320,NA,NA,NA,NA,NA,NA,1.01809687812995,NA,NA,NA,NA,NA,1.01453398695512,NA,NA,NA,NA
1321,NA,NA,NA,NA,NA,NA,NA,NA,NA,NA,NA,NA,1.13187595900133,NA,NA,NA,NA
1322,NA,NA,NA,NA,NA,NA,NA,NA,NA,NA,NA,NA,1.11082089813587,NA,NA,NA,NA
1323,NA,NA,NA,NA,NA,NA,NA,NA,NA,NA,NA,NA,1.0543164321212,0.987023685110554,NA,NA,NA
1324,NA,NA,NA,NA,NA,NA,NA,NA,NA,NA,NA,NA,0.984635535940072,0.88616164139747,NA,NA,NA
1325,NA,NA,NA,NA,NA,NA,NA,NA,NA,NA,NA,NA,1.01904435477981,0.972676640960025,NA,NA,NA
1326,NA,NA,NA,NA,NA,NA,NA,NA,NA,NA,NA,NA,0.995036145604185,0.948688110673375,NA,NA,NA
1327,NA,NA,NA,NA,NA,NA,NA,NA,NA,NA,NA,NA,1.17599611637318,1.02164995527902,NA,NA,NA
1328,NA,NA,NA,NA,NA,NA,NA,NA,NA,NA,NA,NA,1.06919788661975,0.998895094885755,NA,NA,NA
1329,NA,NA,NA,NA,NA,NA,NA,NA,NA,NA,NA,NA,1.08131091064266,1.26990302284366,NA,NA,NA
1330,NA,NA,NA,NA,NA,NA,NA,NA,NA,NA,NA,NA,1.15361773422712,1.02537348662484,NA,NA,NA
1331,NA,NA,NA,NA,NA,NA,NA,NA,NA,NA,NA,NA,1.11629677148172,1.08624967999855,NA,NA,NA
1332,NA,NA,NA,NA,NA,NA,NA,NA,NA,NA,NA,NA,1.06457156326877,1.07558046553626,NA,NA,NA
1333,NA,NA,NA,NA,NA,NA,NA,NA,NA,NA,NA,NA,1.0988578391722,1.13848473053489,NA,NA,NA
1334,NA,NA,NA,NA,NA,NA,NA,NA,NA,NA,NA,NA,1.21253932634277,1.46420686753275,NA,NA,NA
1335,NA,NA,NA,NA,NA,NA,NA,NA,NA,NA,NA,NA,1.18468959858534,1.16386441460905,NA,NA,NA
1336,NA,NA,NA,NA,NA,NA,NA,NA,NA,NA,NA,NA,1.06460375529859,1.23697864433069,NA,NA,NA
1337,NA,NA,NA,NA,NA,NA,NA,NA,NA,NA,NA,NA,1.06310303749141,1.17159007079861,NA,NA,NA
1338,NA,NA,NA,NA,NA,NA,NA,NA,NA,NA,NA,NA,1.12413856360676,1.14096943576372,NA,NA,NA
1339,NA,NA,NA,NA,NA,NA,NA,NA,NA,NA,NA,NA,1.21614255354784,1.09658723541112,NA,NA,NA
1340,NA,NA,NA,NA,NA,NA,NA,NA,NA,NA,NA,NA,1.16227390165431,1.13597213889315,NA,NA,NA
1341,NA,NA,NA,NA,NA,NA,NA,NA,NA,NA,NA,NA,0.969500264308977,0.984499018356044,NA,NA,NA
1342,NA,NA,NA,NA,NA,NA,NA,NA,NA,NA,NA,NA,0.884036832627631,1.12325562659547,NA,NA,NA
1343,NA,NA,NA,NA,NA,NA,NA,NA,NA,NA,NA,NA,0.878232179649314,1.00848595398914,NA,NA,NA
1344,NA,NA,NA,NA,NA,NA,NA,NA,NA,NA,NA,NA,0.898012775040012,0.879936269220452,NA,NA,NA
1345,NA,NA,NA,NA,NA,NA,NA,NA,NA,NA,NA,NA,0.981072347685095,0.894336877475302,NA,NA,NA
1346,NA,NA,NA,NA,NA,NA,NA,NA,NA,NA,NA,NA,0.971682082365395,0.714781366285534,NA,NA,NA
1347,NA,NA,NA,NA,NA,NA,NA,NA,NA,NA,NA,NA,0.877205266863544,1.02458806656497,NA,NA,NA
1348,NA,NA,NA,NA,NA,NA,NA,NA,NA,NA,NA,NA,0.880144270771214,0.751676256446876,NA,NA,NA
1349,NA,NA,NA,NA,NA,NA,NA,NA,NA,NA,NA,NA,0.961058004498648,1.0590500290457,NA,NA,NA
1350,NA,NA,NA,NA,NA,NA,NA,NA,NA,NA,NA,NA,0.934781806154032,1.16128571889324,NA,NA,NA
1351,NA,NA,NA,NA,NA,NA,NA,NA,NA,NA,NA,NA,1.13783450744509,1.24828857070573,NA,NA,NA
1352,NA,NA,NA,NA,NA,NA,NA,NA,NA,NA,NA,NA,1.12864691625594,1.06786608848767,NA,NA,NA
1353,NA,NA,NA,NA,NA,NA,NA,NA,NA,NA,NA,NA,0.901393558217834,0.936323310037707,NA,NA,NA
1354,NA,NA,NA,NA,NA,NA,NA,NA,NA,NA,NA,NA,0.95012024537257,1.00190735651021,NA,NA,NA
1355,NA,NA,NA,NA,NA,NA,NA,NA,NA,NA,NA,NA,0.961307493388321,1.09506761995437,NA,NA,NA
1356,NA,NA,NA,NA,NA,NA,NA,NA,NA,NA,NA,NA,1.05632731536456,1.14845088802291,NA,NA,NA
1357,NA,NA,NA,NA,NA,NA,NA,NA,NA,NA,NA,NA,1.08166338373702,1.120322532628,NA,NA,NA
1358,NA,NA,NA,NA,NA,NA,NA,NA,NA,NA,NA,NA,0.886007196210835,0.877492988927858,NA,NA,NA
1359,NA,NA,NA,NA,NA,NA,NA,NA,NA,NA,NA,NA,0.809274092517551,0.823646153064883,NA,NA,NA
1360,NA,NA,NA,NA,NA,NA,NA,NA,NA,NA,NA,NA,0.790032442682669,0.961947031860634,NA,NA,NA
1361,NA,NA,NA,NA,NA,NA,NA,NA,NA,NA,NA,NA,0.937536412322332,0.968238025302227,NA,NA,NA
1362,NA,NA,NA,NA,NA,NA,NA,NA,NA,NA,NA,NA,0.924245278932601,0.943658523424242,NA,NA,NA
1363,NA,NA,NA,NA,NA,NA,NA,NA,NA,NA,NA,NA,0.761933090916002,0.876657979450022,NA,NA,NA
1364,NA,NA,NA,NA,NA,NA,NA,NA,NA,NA,NA,NA,0.809680566755747,0.943712938843662,NA,NA,NA
1365,NA,NA,NA,NA,NA,NA,NA,NA,NA,NA,NA,NA,0.877460719621851,0.647605618571361,NA,NA,NA
1366,NA,NA,NA,NA,NA,NA,NA,NA,NA,NA,NA,NA,0.965001441403488,0.875224968071845,NA,NA,NA
1367,NA,NA,NA,NA,NA,NA,NA,NA,NA,NA,NA,NA,0.828538879918018,0.934287813229113,NA,NA,NA
1368,NA,NA,NA,NA,NA,NA,NA,NA,NA,NA,NA,NA,0.822148310068702,0.919383203810971,NA,NA,NA
1369,NA,NA,NA,NA,NA,NA,NA,NA,NA,NA,NA,NA,0.961990947637247,0.861589959700391,NA,NA,NA
1370,NA,NA,NA,NA,NA,NA,NA,NA,NA,NA,NA,NA,0.848470421512044,0.813091103578397,NA,NA,NA
1371,NA,NA,NA,NA,NA,NA,NA,NA,NA,NA,NA,NA,0.991105179980291,1.06702583128978,NA,NA,NA
1372,NA,NA,NA,NA,NA,NA,NA,NA,NA,NA,NA,NA,1.12621739727299,1.2479207140898,NA,NA,NA
1373,NA,NA,NA,NA,NA,NA,NA,NA,NA,NA,NA,NA,0.856195062260113,1.03086789126557,NA,NA,NA
1374,NA,NA,NA,NA,NA,NA,NA,NA,NA,NA,NA,NA,0.708494112582437,1.16137490635877,NA,NA,NA
1375,NA,NA,NA,NA,NA,NA,NA,NA,NA,NA,NA,NA,0.794910319721481,1.06211944670176,NA,NA,NA
1376,NA,NA,NA,NA,NA,NA,NA,NA,NA,NA,NA,NA,0.743910662293361,1.17494026946554,NA,NA,NA
1377,NA,NA,NA,NA,NA,NA,NA,NA,NA,NA,NA,NA,0.758613509473908,1.01352934613908,NA,NA,NA
1378,NA,NA,NA,NA,NA,NA,NA,NA,NA,NA,NA,NA,0.811797863836164,0.929677383194883,NA,NA,NA
1379,NA,NA,NA,NA,NA,NA,NA,NA,NA,NA,NA,NA,1.06199562419313,0.795866780452362,NA,NA,NA
1380,NA,NA,NA,NA,NA,NA,NA,NA,NA,NA,NA,NA,1.11637083072932,0.913767343067652,NA,NA,NA
1381,NA,NA,NA,NA,NA,NA,NA,NA,NA,NA,NA,NA,1.06572253250618,0.843703321036094,NA,NA,NA
1382,NA,NA,NA,NA,NA,NA,NA,NA,NA,NA,NA,NA,0.99463582162537,0.625789535297756,NA,NA,NA
1383,NA,NA,NA,NA,NA,NA,NA,NA,NA,NA,NA,NA,1.01183169136908,0.673422908384371,NA,NA,NA
1384,NA,NA,NA,NA,NA,NA,NA,NA,NA,NA,NA,NA,0.857205316645205,0.651887689817407,NA,NA,NA
1385,NA,NA,NA,NA,NA,NA,NA,NA,NA,NA,NA,NA,0.836885070566813,0.654744584634073,NA,NA,NA
1386,NA,NA,NA,NA,NA,NA,NA,NA,NA,NA,NA,NA,0.853316596110902,0.901333256787687,NA,NA,NA
1387,NA,NA,NA,NA,NA,NA,NA,NA,NA,NA,NA,NA,1.03077827762432,0.976815768033017,NA,NA,NA
1388,NA,NA,NA,NA,NA,NA,NA,NA,NA,NA,NA,NA,0.873947698655171,1.06644732723399,NA,NA,NA
1389,NA,NA,NA,NA,NA,NA,NA,NA,NA,NA,NA,NA,0.842531454138251,0.843792589458519,NA,NA,NA
1390,NA,NA,NA,NA,NA,NA,NA,NA,NA,NA,NA,NA,0.962802412205255,0.92256401779557,NA,NA,NA
1391,NA,NA,NA,NA,NA,NA,NA,NA,NA,NA,NA,NA,0.899251901200298,0.842709150939655,NA,NA,NA
1392,NA,NA,NA,NA,NA,NA,NA,NA,NA,NA,NA,NA,0.8680408831505,0.83153512730278,NA,NA,NA
1393,NA,NA,NA,NA,NA,NA,NA,NA,NA,NA,NA,NA,0.935737381536984,0.80220995393853,NA,NA,NA
1394,NA,NA,NA,NA,NA,NA,NA,NA,NA,NA,NA,NA,0.989075008106237,0.96027409128032,NA,NA,NA
1395,NA,NA,NA,NA,NA,NA,NA,NA,NA,NA,NA,1.0653564010582,0.9565218359737,0.861426231055366,NA,NA,NA
1396,NA,NA,NA,NA,NA,NA,NA,NA,NA,NA,NA,1.09439695566052,0.988051357715543,0.865603239049944,NA,NA,NA
1397,NA,NA,NA,NA,NA,NA,NA,NA,NA,NA,NA,0.985660865369673,0.895062530811763,0.986567784437361,NA,NA,NA
1398,NA,NA,NA,NA,NA,NA,NA,NA,NA,NA,NA,0.693912594617026,0.775335369583281,0.941802989749784,NA,NA,NA
1399,NA,NA,NA,NA,NA,NA,NA,NA,NA,NA,NA,1.10305637246792,1.00108838644947,1.13365655753764,NA,NA,NA
1400,NA,NA,NA,NA,NA,NA,NA,NA,NA,NA,NA,0.756605530304964,0.736268112797855,0.865577312313501,NA,NA,NA
1401,NA,NA,NA,NA,NA,NA,NA,NA,NA,NA,NA,1.18933635923934,1.02697857702077,0.911873221709345,NA,NA,NA
1402,NA,NA,NA,NA,NA,NA,NA,NA,NA,NA,NA,1.09419501894741,1.0831598647378,1.16792593997413,1.36833661486419,NA,NA
1403,NA,NA,NA,NA,NA,NA,NA,NA,NA,NA,NA,1.18756708794809,1.08515020867709,1.22665385052158,1.05315974523555,NA,NA
1404,NA,NA,NA,NA,NA,NA,NA,NA,NA,NA,NA,1.13788779576397,1.07222759206285,1.11419291328081,1.04657258830002,NA,NA
1405,NA,NA,NA,NA,NA,NA,NA,NA,NA,NA,NA,0.984942856901335,1.05108192411991,0.940775515022835,0.897995321078467,NA,NA
1406,NA,NA,NA,NA,NA,NA,NA,NA,NA,NA,NA,0.974809483106004,1.050236265047,1.20269214225859,1.03831162195431,NA,NA
1407,NA,NA,NA,NA,NA,NA,NA,NA,NA,NA,NA,1.00279022917258,1.01486618299044,1.10798504172427,0.982163706072106,NA,NA
1408,NA,NA,NA,NA,NA,NA,NA,NA,NA,NA,NA,1.07215753073032,1.07678667328279,1.23797433846043,1.11318249860229,NA,NA
1409,NA,NA,NA,NA,NA,NA,NA,NA,NA,NA,NA,1.27309366751106,1.24090325484014,1.29304621459879,1.20751310834908,NA,NA
1410,NA,NA,NA,NA,NA,NA,NA,NA,NA,NA,NA,1.2285708676968,1.23543367721989,1.3723427804219,1.34746169538707,NA,NA
1411,NA,NA,NA,NA,NA,NA,NA,NA,NA,NA,NA,1.32389723951144,1.35291067039799,1.23221378082715,0.911514280898721,NA,NA
1412,NA,NA,NA,NA,NA,NA,NA,NA,NA,NA,NA,1.05099871927219,1.27866285969772,1.20389327268916,1.20903611126278,NA,NA
1413,NA,NA,NA,NA,NA,NA,NA,NA,NA,NA,NA,1.0694459702594,1.19612697888283,0.915659734315972,1.05243955321643,NA,NA
1414,NA,NA,NA,NA,NA,NA,NA,NA,NA,NA,NA,1.13850642070711,1.04599285923919,1.09015752993301,1.08354018548835,NA,NA
1415,NA,NA,NA,NA,NA,NA,NA,NA,NA,NA,NA,1.06619975461113,1.03334251053969,1.22284745039286,1.22088384614598,NA,NA
1416,NA,NA,NA,NA,NA,NA,NA,NA,NA,NA,NA,1.3260392608776,1.03184025391163,1.11973563206112,1.18965491408556,NA,NA
1417,NA,NA,NA,NA,NA,NA,NA,NA,NA,NA,NA,1.10498727814716,1.0525950982625,0.829808670822079,0.85949715518359,NA,NA
1418,NA,NA,NA,NA,NA,NA,NA,NA,NA,NA,NA,0.819017518800335,0.856768485777516,0.880102152159411,0.915342558072623,NA,NA
1419,NA,NA,NA,NA,NA,NA,NA,NA,NA,NA,NA,0.795992314043199,0.870860257366655,0.900212118056982,0.985353439093904,NA,NA
1420,NA,NA,NA,NA,NA,NA,NA,NA,NA,NA,NA,0.863724397923782,0.866254917840697,0.995730400036827,1.30194582325588,NA,NA
1421,NA,NA,NA,NA,NA,NA,NA,NA,NA,NA,NA,0.982618795401026,1.07945597959634,1.01061495748281,1.0872342939169,NA,NA
1422,NA,NA,NA,NA,NA,NA,NA,NA,NA,NA,NA,1.10265078512423,1.24091889003029,0.949903729706798,1.02810609215569,NA,NA
1423,NA,NA,NA,NA,NA,NA,NA,NA,NA,NA,NA,0.92191343586566,1.01787066491884,0.981293510743796,0.982328546909932,NA,NA
1424,NA,NA,NA,NA,NA,NA,NA,NA,NA,NA,NA,0.988480593439563,1.00257480673696,1.23410297438496,1.22423886488695,NA,NA
1425,NA,NA,NA,NA,NA,NA,NA,NA,NA,NA,NA,0.84107237234046,0.924997796116309,1.33752831749492,1.11794270401584,NA,NA
1426,NA,NA,NA,NA,NA,NA,NA,NA,NA,NA,NA,0.69410498763936,0.712551026673598,1.0615009054187,0.95154377784009,NA,NA
1427,NA,NA,NA,NA,NA,NA,NA,NA,NA,NA,NA,0.915282788835959,0.884558761728945,1.06173656489207,0.860544848548956,NA,NA
1428,NA,NA,NA,NA,NA,NA,NA,NA,NA,NA,NA,0.799308461041957,0.826749722838549,1.02564410315548,0.80111666882303,NA,NA
1429,NA,NA,NA,NA,NA,NA,NA,NA,NA,NA,NA,0.996945534895683,1.03482878203242,1.01052560572325,0.768868998436896,NA,NA
1430,NA,NA,NA,NA,NA,NA,NA,NA,NA,NA,NA,0.730223235537323,0.793514288373008,0.798069253536673,0.582937881238959,NA,NA
1431,NA,NA,NA,NA,NA,NA,NA,NA,NA,NA,NA,0.669299975271991,0.729850448667242,1.03657694251724,0.744643846636351,NA,NA
1432,NA,NA,NA,NA,NA,NA,NA,NA,NA,NA,NA,0.78939208336085,0.902780282996845,0.916383967608369,0.858721144595828,NA,NA
1433,NA,NA,NA,NA,NA,NA,NA,NA,NA,NA,NA,0.964250708428921,0.956356024811547,0.988666254298626,0.92675230419736,NA,NA
1434,NA,NA,NA,NA,NA,NA,NA,NA,NA,NA,NA,0.702674915620155,0.823146220322304,0.791113519218946,0.799407966558771,NA,NA
1435,NA,NA,NA,NA,NA,NA,NA,NA,NA,NA,NA,0.987442110216986,0.863319285071907,0.902575361693301,0.516945104638699,NA,NA
1436,NA,NA,NA,NA,NA,NA,NA,NA,NA,NA,NA,0.923856085538821,0.880457129085422,0.750145508444337,0.701190876385256,NA,NA
1437,NA,NA,NA,NA,NA,NA,NA,NA,NA,NA,NA,0.922756612633345,1.02998300432505,0.880304640448921,0.817683268147569,NA,NA
1438,NA,NA,NA,NA,NA,NA,NA,NA,NA,NA,NA,1.01515784459194,1.03195044933997,0.795770775690075,0.750583848203127,NA,NA
1439,NA,NA,NA,NA,NA,NA,NA,NA,NA,NA,NA,0.567721440313901,0.803415934496833,0.689203458118304,0.595633495402595,NA,NA
1440,NA,NA,NA,NA,NA,NA,NA,NA,NA,NA,NA,0.900344516494132,0.931151848506691,0.742211783468563,0.867303359282908,NA,NA
1441,NA,NA,NA,NA,NA,NA,NA,NA,NA,NA,NA,0.941891756362966,0.892597277190513,0.796664944760655,0.881535144895469,NA,NA
1442,NA,NA,NA,NA,NA,NA,NA,NA,NA,NA,NA,0.854318330413837,0.944991074079334,1.06532893603085,0.977948132642091,NA,NA
1443,NA,NA,NA,NA,NA,NA,NA,NA,NA,NA,NA,0.828264141774058,0.859945934205684,0.927219322031729,1.02620832677894,NA,NA
1444,NA,NA,NA,NA,NA,NA,NA,NA,NA,NA,NA,0.864193442005285,0.946936484289069,1.02629249470223,0.91121364657385,NA,NA
1445,NA,NA,NA,NA,NA,NA,NA,NA,NA,NA,NA,1.01816460032366,0.965171559987481,0.97674549137216,0.841503233257898,NA,NA
1446,NA,NA,NA,NA,NA,NA,NA,NA,NA,NA,NA,1.05711033718921,1.04636370111433,0.917793226952747,1.00892229273501,NA,NA
1447,NA,NA,NA,NA,NA,NA,NA,NA,NA,NA,NA,0.941769056352439,1.00854825285022,1.25644001652605,1.11272409587827,NA,NA
1448,NA,NA,NA,NA,NA,NA,NA,NA,NA,NA,NA,1.00621306976254,1.07228331887229,1.02734706340684,0.993075400896244,NA,NA
1449,NA,NA,NA,NA,NA,NA,NA,NA,NA,NA,NA,1.13862515750063,1.06274084878899,1.06263426196535,1.07599310034538,NA,NA
1450,NA,NA,NA,NA,NA,NA,NA,NA,NA,NA,NA,1.28779766379157,1.20259059755267,1.23569852507881,1.29642164440518,NA,NA
1451,NA,NA,NA,NA,NA,NA,NA,NA,NA,NA,NA,0.844971754860642,1.03412370752675,1.15096588376306,0.921066213226603,NA,NA
1452,NA,NA,NA,NA,NA,NA,NA,NA,NA,NA,NA,0.947082916481512,1.02253005694876,0.990320724525995,0.784225674482392,NA,NA
1453,NA,NA,NA,NA,NA,NA,NA,NA,NA,NA,NA,0.758598515549971,0.845481000516075,0.781760733885577,0.630307303123966,NA,NA
1454,NA,NA,NA,NA,NA,NA,NA,NA,NA,NA,NA,0.814608240216533,0.803058851904826,0.80612927084804,0.820641303634618,NA,NA
1455,NA,NA,NA,NA,NA,NA,NA,NA,NA,NA,NA,0.864988644242086,0.93825148083497,0.894161183557892,0.699517081906073,NA,NA
1456,NA,NA,NA,NA,NA,NA,NA,NA,NA,NA,NA,1.00114670399617,0.96578099223912,0.916231683745774,0.803736880859537,NA,NA
1457,NA,NA,NA,NA,NA,NA,NA,NA,NA,NA,NA,0.767777065128387,0.816816449835125,0.581711128397237,0.603002579419048,NA,NA
1458,NA,NA,NA,NA,NA,NA,NA,NA,NA,NA,NA,0.723318132626904,0.876651248833588,0.520406221481311,0.545671890107362,NA,NA
1459,NA,NA,NA,NA,NA,NA,NA,NA,NA,NA,NA,0.392974525606238,0.684360935297782,0.69637619888962,0.420467783746441,NA,NA
1460,NA,NA,NA,NA,NA,NA,NA,NA,NA,NA,NA,0.625408682160099,0.900130529390935,0.59689905036818,0.393534742833823,NA,NA
1461,NA,NA,NA,NA,NA,NA,NA,NA,NA,NA,NA,0.887732484152683,1.05277580053969,0.791028045015872,0.775800153452753,NA,NA
1462,NA,NA,NA,NA,NA,NA,NA,NA,NA,NA,NA,0.997038516234165,0.990786262190442,0.9090368179224,0.853421672685765,NA,NA
1463,NA,NA,NA,NA,NA,NA,NA,NA,NA,NA,NA,0.988863730520881,1.17285869745949,0.895586224867333,1.09039451671778,NA,NA
1464,NA,NA,NA,NA,NA,NA,NA,NA,NA,NA,NA,0.926127230436874,0.971812279846531,0.969034834295038,0.896314813233025,NA,NA
1465,NA,NA,NA,NA,NA,NA,NA,NA,NA,NA,NA,0.981474247850401,1.02663313188961,1.0942229038953,1.22884566996666,NA,NA
1466,NA,NA,NA,NA,NA,NA,NA,NA,NA,NA,NA,0.938003173706443,1.06841593494819,1.05272590153788,1.68093227246797,NA,NA
1467,NA,NA,NA,NA,NA,NA,NA,NA,NA,NA,NA,0.923555914196058,1.02893465289235,0.983642191081102,1.47499780831888,NA,NA
1468,NA,NA,NA,NA,NA,NA,NA,NA,NA,NA,NA,0.967756448554592,0.936528742008719,0.975649332725988,1.42310374546798,NA,NA
1469,NA,NA,NA,NA,NA,NA,NA,NA,NA,NA,NA,1.06023604332935,1.09401296097419,0.931616717307524,1.33594328504958,NA,NA
1470,NA,NA,NA,NA,NA,NA,NA,NA,NA,NA,NA,1.16254759456059,1.12397588650016,1.02175724371679,1.39000475621872,NA,NA
1471,NA,NA,NA,NA,NA,NA,NA,NA,NA,NA,NA,1.07328849262111,0.955107219833354,0.923043860558826,0.864900860493893,NA,NA
1472,NA,NA,NA,NA,NA,NA,NA,NA,NA,NA,NA,0.912511233537127,0.777081417073956,0.740140659678732,0.731849249192043,NA,NA
1473,NA,NA,NA,NA,NA,NA,NA,NA,NA,NA,NA,0.947111981495718,0.926477955572438,0.865053477417482,1.14486862300466,NA,NA
1474,NA,NA,NA,NA,NA,NA,NA,NA,NA,NA,NA,0.843357243370926,0.93409619136331,0.76204578234201,0.80009563839009,NA,NA
1475,NA,NA,NA,NA,NA,NA,NA,NA,NA,NA,NA,0.889616007381569,0.973944744753125,0.895146558139223,0.986001173903207,NA,NA
1476,NA,NA,NA,NA,NA,NA,NA,NA,NA,NA,NA,0.984350273634595,0.946516585998496,0.99171184916507,1.01387661528669,NA,NA
1477,NA,NA,NA,NA,NA,NA,NA,NA,NA,NA,NA,0.874553621552776,0.856407798398273,0.885381880757209,1.07758390283099,NA,NA
1478,NA,NA,NA,NA,NA,NA,NA,NA,NA,NA,NA,0.947332185289944,0.895852769128565,1.01978435291582,0.955866740049071,NA,NA
1479,NA,NA,NA,NA,NA,NA,NA,NA,NA,NA,NA,1.11292187298975,0.968204148757599,0.932824234104043,1.10772266363445,NA,NA
1480,NA,NA,NA,NA,NA,NA,NA,NA,NA,NA,NA,1.37891108995664,1.17389258870137,1.06699266749701,1.07302632902969,NA,NA
1481,NA,NA,NA,NA,NA,NA,NA,NA,NA,NA,NA,1.23735164812815,1.21682086552224,0.990553575675811,0.92931388501384,NA,NA
1482,NA,NA,NA,NA,NA,NA,NA,NA,NA,NA,NA,1.17801539417051,1.13056643790913,1.28089728251252,1.25335436737451,NA,NA
1483,NA,NA,NA,NA,NA,NA,NA,NA,NA,NA,NA,0.89379645161067,0.98921643099578,1.17087270096782,0.933349350054385,NA,NA
1484,NA,NA,NA,NA,NA,NA,NA,NA,NA,NA,NA,0.886745169623629,0.881695482083588,1.34636837351369,1.0224001847043,NA,NA
1485,NA,NA,NA,NA,NA,NA,NA,NA,NA,NA,NA,1.37260615897064,1.00839937325046,1.5163989133185,1.28278222701297,NA,NA
1486,NA,NA,NA,NA,NA,NA,NA,NA,NA,NA,NA,1.2117506346449,0.852630815491034,1.19550034870135,1.2052467877513,NA,NA
1487,NA,NA,NA,NA,NA,NA,NA,NA,NA,NA,NA,1.2765601222458,0.781375769687982,1.14496782478439,1.20905511345411,NA,NA
1488,NA,NA,NA,NA,NA,NA,NA,NA,NA,NA,NA,1.26775371549089,0.888378119419353,1.33874775606711,1.45711229514532,NA,NA
1489,NA,NA,NA,NA,NA,NA,NA,NA,NA,NA,NA,1.48297034756358,1.02063883879257,1.27396638068361,1.71581783419759,NA,NA
1490,NA,NA,NA,NA,NA,NA,NA,NA,NA,NA,NA,1.33587977432638,1.09310042028366,1.21259769652947,1.50529476505177,NA,NA
1491,NA,NA,NA,NA,NA,NA,NA,NA,NA,NA,NA,1.13369487814094,1.03364920661235,1.03359672604052,0.914664309445573,NA,NA
1492,NA,NA,NA,NA,NA,NA,NA,NA,NA,NA,NA,1.05939866576418,0.99203462267781,0.864116002061712,0.979961674481719,NA,NA
1493,NA,NA,NA,NA,NA,NA,NA,NA,NA,NA,NA,0.982714267639157,1.09746362212476,1.06133202094533,0.828615932279684,NA,NA
1494,NA,NA,NA,NA,NA,NA,NA,NA,NA,NA,NA,0.986760778080426,1.1650269640028,1.03890363026214,1.11726062117753,NA,NA
1495,NA,NA,NA,NA,NA,NA,NA,NA,NA,NA,NA,0.955983223679261,1.19366239991456,1.0821654181728,1.05666650074441,NA,NA
1496,NA,NA,NA,NA,NA,NA,NA,NA,NA,NA,NA,1.44095429952182,1.43201735509882,1.3351525909309,1.46612978508572,NA,NA
1497,NA,NA,NA,NA,NA,NA,NA,NA,NA,NA,NA,1.30062767275947,1.41415660682035,1.10996638690734,1.29898308959875,NA,NA
1498,NA,NA,NA,NA,NA,NA,NA,NA,NA,NA,NA,1.10429630447444,1.17872693302111,0.776058569044892,1.17045086081364,NA,NA
1499,NA,NA,NA,NA,NA,NA,NA,NA,NA,NA,NA,1.2910986247085,1.20949147484156,0.895828080940611,1.10798495726055,NA,NA
1500,NA,NA,NA,NA,NA,NA,NA,NA,NA,NA,NA,1.2557877835213,1.20100902942104,0.810742053016693,0.855622468368717,NA,NA
1501,NA,NA,NA,NA,NA,NA,NA,NA,NA,NA,NA,1.23189539730572,1.25022464655712,1.06098557536391,1.20570925056611,NA,NA
1502,NA,NA,NA,NA,NA,NA,NA,NA,NA,NA,NA,1.20169545680465,1.12684207505456,1.03978437745381,1.2816684721234,NA,NA
1503,NA,NA,NA,NA,NA,NA,NA,NA,NA,NA,NA,1.05491586499282,1.02851406758314,1.36136149372547,1.42344427351959,NA,NA
1504,NA,NA,NA,NA,NA,NA,NA,NA,NA,NA,NA,1.08613812202227,1.15961569449015,1.31114438911383,1.0885479867414,NA,NA
1505,NA,NA,NA,NA,NA,NA,NA,NA,NA,NA,NA,1.12595464053426,1.17950321581438,1.52399771151251,1.2028412767399,NA,NA
1506,NA,NA,NA,NA,NA,NA,NA,NA,NA,NA,NA,1.07759628044809,1.05915783782614,1.26041428704925,0.8074388489442,NA,NA
1507,NA,NA,NA,NA,NA,NA,NA,NA,NA,NA,NA,1.00192323023273,0.98812249861005,0.997482125093417,0.67065286578968,NA,NA
1508,NA,NA,NA,NA,NA,NA,NA,NA,NA,NA,NA,1.15261554033117,1.05859916549489,1.30727607618957,0.958501750340103,NA,NA
1509,NA,NA,NA,NA,NA,NA,NA,NA,NA,NA,NA,1.17486009639145,0.920229692969942,1.03437276432879,1.00020023132146,NA,NA
1510,NA,NA,NA,NA,NA,NA,NA,NA,NA,NA,NA,0.882977129695236,0.914159318144795,0.881879856868312,0.497862075606011,NA,NA
1511,NA,NA,NA,NA,NA,NA,NA,NA,NA,NA,NA,1.22909690887062,1.18320940766109,1.15359891888938,1.21422403138701,NA,NA
1512,NA,NA,NA,NA,NA,NA,NA,NA,NA,NA,NA,1.24877374300483,1.19401936270605,1.40797708728415,1.90504555504134,NA,NA
1513,NA,NA,NA,NA,NA,NA,NA,NA,NA,NA,NA,1.06032368982265,1.05358475321526,1.14261240072118,1.24669689959898,NA,NA
1514,NA,NA,NA,NA,NA,NA,NA,NA,NA,NA,NA,0.91540826402263,0.943268488775551,0.796443161500468,0.71264066046826,NA,NA
1515,NA,NA,NA,NA,NA,NA,NA,NA,NA,NA,NA,0.804330376710539,0.804174182619884,1.06312960046806,0.874095790838734,NA,NA
1516,NA,NA,NA,NA,NA,NA,NA,NA,NA,NA,NA,0.625355667100937,0.802779124801566,1.09928349812551,0.920853908227533,NA,NA
1517,NA,NA,NA,NA,NA,NA,NA,NA,NA,NA,NA,0.673285563085213,0.784624847599815,1.15261634429171,0.988349487104395,NA,NA
1518,NA,NA,NA,NA,NA,NA,NA,NA,NA,NA,NA,0.901903705760224,1.1308281256333,1.04778584883888,0.965723974521431,NA,NA
1519,NA,NA,NA,NA,NA,NA,NA,NA,NA,NA,NA,0.84046639335415,1.03972142278905,1.09338957965324,1.16107071559004,NA,NA
1520,NA,NA,NA,NA,NA,NA,NA,NA,NA,NA,NA,0.782846431882892,0.8806934606275,0.837117085094809,0.237492870357831,NA,NA
1521,NA,NA,NA,NA,NA,NA,NA,NA,NA,NA,NA,0.635199986156501,0.879655607103417,0.949010488672542,0.720557939442014,NA,NA
1522,NA,NA,NA,NA,NA,NA,NA,NA,NA,NA,NA,0.805701586952508,0.968379636792366,1.13365911959131,1.05830321438515,NA,NA
1523,NA,NA,NA,NA,NA,NA,NA,NA,NA,NA,NA,0.850478558786362,1.08378874856067,1.14363095052636,1.18525902866377,NA,NA
1524,NA,NA,NA,NA,NA,NA,NA,NA,NA,NA,NA,0.655647540764743,0.879963520073091,0.828479350233699,0.374171019865472,NA,NA
1525,NA,NA,NA,NA,NA,NA,NA,NA,NA,NA,NA,0.81230665136488,1.02788710378142,0.704592846732077,0.291948159797239,NA,NA
1526,NA,NA,NA,NA,NA,NA,NA,NA,NA,NA,NA,1.1860034442661,1.10261139537943,1.17132991000772,0.931336672071401,NA,NA
1527,NA,NA,NA,NA,NA,NA,NA,NA,NA,NA,NA,0.862132062827858,0.854101884531661,0.969426052192793,0.748422117936979,NA,NA
1528,NA,NA,NA,NA,NA,NA,NA,NA,NA,NA,NA,1.24026476179357,1.09871979162948,1.23910350882883,1.3393697157447,NA,NA
1529,NA,NA,NA,NA,NA,NA,NA,NA,NA,NA,NA,1.01123675140898,1.03574188663468,0.954224261145862,0.36062420348253,NA,NA
1530,NA,NA,NA,NA,NA,NA,NA,NA,NA,NA,NA,0.962474122410651,1.03820078974934,1.3177268387692,1.52537990741384,NA,NA
1531,NA,NA,NA,NA,NA,NA,NA,NA,NA,NA,NA,1.15637593462167,1.0726583100318,1.11732532436681,1.51853360664285,NA,NA
1532,NA,NA,NA,NA,NA,NA,NA,NA,NA,NA,NA,1.3239919338907,1.26231717286441,1.20997640400586,NA,NA,NA
1533,NA,NA,NA,NA,NA,NA,NA,NA,NA,NA,NA,1.29625048856022,1.2240051102958,1.04407834497664,NA,NA,NA
1534,NA,NA,NA,NA,NA,NA,NA,NA,NA,NA,NA,1.26031464251858,1.17474898185987,0.89554857185728,NA,NA,NA
1535,NA,NA,NA,NA,NA,NA,NA,NA,NA,NA,NA,1.03153042449046,1.15709555004534,1.13720511041733,NA,NA,NA
1536,NA,NA,NA,NA,NA,NA,NA,NA,NA,NA,NA,0.720773236498359,0.783118937191485,0.918765305717377,NA,NA,NA
1537,NA,NA,NA,NA,NA,NA,NA,NA,NA,NA,NA,1.17838865411383,1.0661024532325,1.05310542332444,NA,NA,NA
1538,NA,NA,NA,NA,NA,NA,NA,NA,NA,NA,NA,1.13747578710911,1.07711955892098,1.08726810357508,NA,NA,NA
1539,NA,NA,NA,NA,NA,NA,NA,NA,NA,NA,NA,1.13864938181643,1.05290000971464,1.08253666675403,NA,NA,NA
1540,NA,NA,NA,NA,NA,NA,NA,NA,NA,NA,NA,0.69230270598347,0.867957369293071,0.900597860260289,NA,NA,NA
1541,NA,NA,NA,NA,NA,NA,NA,NA,NA,NA,NA,0.562443340603823,0.439529584213094,0.916728573906361,NA,NA,NA
1542,NA,NA,NA,NA,NA,NA,NA,NA,NA,NA,NA,0.548972708754944,0.473601894254338,0.944530042283041,NA,NA,NA
1543,NA,NA,NA,NA,NA,NA,NA,NA,NA,NA,NA,0.527750750945709,0.577387769005912,0.503516956343775,NA,NA,NA
1544,NA,NA,NA,NA,NA,NA,NA,NA,NA,NA,NA,0.779888685432276,0.750164929499269,0.672923144463554,NA,NA,NA
1545,NA,NA,NA,NA,NA,NA,NA,NA,NA,NA,NA,0.844161716742467,0.878131350093711,0.909820270593001,NA,NA,NA
1546,NA,NA,NA,NA,NA,NA,NA,NA,NA,NA,NA,0.857171765671634,0.864344419053386,1.14230161109726,NA,NA,NA
1547,NA,NA,NA,NA,NA,NA,NA,NA,NA,NA,NA,0.663830386710552,0.632468308245542,0.840023321090321,NA,NA,NA
1548,NA,NA,NA,NA,NA,NA,NA,NA,NA,NA,NA,0.575348930222636,0.84752157802079,0.984056631298204,NA,NA,NA
1549,NA,NA,NA,NA,NA,NA,NA,NA,NA,NA,NA,0.689646532669867,0.838193725547341,1.12865721175503,NA,NA,NA
1550,NA,NA,NA,NA,NA,NA,NA,NA,NA,NA,NA,0.924875860191476,0.927213735998759,1.1168387046696,NA,NA,NA
1551,NA,NA,NA,NA,NA,NA,NA,NA,NA,NA,NA,0.998896312231665,1.17955990319207,1.25238155947286,NA,NA,NA
1552,NA,NA,NA,NA,NA,NA,NA,NA,NA,NA,NA,1.06687635975716,1.07044340133602,0.941756517379724,NA,NA,NA
1553,NA,NA,NA,NA,NA,NA,NA,NA,NA,NA,NA,1.16659776237054,1.05294836996064,1.05227032695618,NA,NA,NA
1554,NA,NA,NA,NA,NA,NA,NA,NA,NA,NA,NA,1.0750717400536,1.00415190914697,0.821030814648416,NA,NA,NA
1555,NA,NA,NA,NA,NA,NA,NA,NA,NA,NA,NA,1.09692220236839,0.9075626076699,0.951888804195323,NA,NA,NA
1556,NA,NA,NA,NA,NA,NA,NA,NA,NA,NA,NA,1.07597717030839,1.03072719716537,0.638876390564522,NA,NA,NA
1557,NA,NA,NA,NA,NA,NA,NA,NA,NA,NA,NA,0.959751431806977,1.08152532075682,0.878621102407719,NA,NA,NA
1558,NA,NA,NA,NA,NA,NA,NA,NA,NA,NA,NA,1.1007912974468,1.06091568231314,1.22746055200817,NA,NA,NA
1559,NA,NA,NA,NA,NA,NA,NA,NA,NA,NA,NA,1.12288702538746,1.155859658754,1.16581717350463,NA,NA,NA
1560,NA,NA,NA,NA,NA,NA,NA,NA,NA,NA,NA,1.09000656192744,1.11598726522785,0.852216638443766,NA,NA,NA
1561,NA,NA,NA,NA,NA,NA,NA,NA,NA,NA,NA,1.17293906247836,0.969828923563782,1.0176081286935,NA,NA,NA
1562,NA,NA,NA,NA,NA,NA,NA,NA,NA,NA,NA,1.35969453093442,1.20464914778448,1.12281791880122,NA,NA,NA
1563,NA,NA,NA,NA,NA,NA,NA,NA,NA,NA,NA,1.04362143744529,1.09443933545303,0.794690339919649,NA,NA,NA
1564,NA,NA,NA,NA,NA,NA,NA,NA,NA,NA,NA,0.7729248651355,0.90105198031037,0.416054631364867,NA,NA,NA
1565,NA,NA,NA,NA,NA,NA,NA,NA,NA,NA,NA,1.16023060884485,1.11570730833701,0.891145687115771,NA,NA,NA
1566,NA,NA,NA,NA,NA,NA,NA,NA,NA,NA,NA,1.07223101785247,1.01040424378652,0.921816839385687,NA,NA,NA
1567,NA,NA,NA,NA,NA,NA,NA,NA,NA,NA,NA,0.97252343548624,0.909062394940297,0.560957325464506,NA,NA,NA
1568,NA,1.03804495855874,NA,NA,NA,NA,NA,NA,NA,NA,NA,0.889660286797948,0.910462114602942,1.04335007014046,NA,NA,NA
1569,NA,1.22888294348905,NA,NA,NA,NA,NA,NA,NA,NA,NA,1.04350149856304,1.08719399834132,0.942346173185212,NA,NA,NA
1570,NA,1.14859780194345,NA,NA,NA,NA,NA,NA,NA,NA,NA,1.42624776557868,1.2077991687358,1.39899326724276,NA,NA,NA
1571,NA,1.05577700047624,NA,NA,NA,NA,NA,NA,NA,NA,NA,1.07467781815452,0.978924385604203,1.25229481506943,NA,NA,NA
1572,NA,1.02326255193026,NA,NA,NA,NA,NA,NA,NA,NA,NA,1.14630458948901,1.09844750612436,1.19879492722541,NA,NA,NA
1573,NA,1.01527178227911,NA,NA,NA,NA,NA,NA,NA,NA,NA,1.33527918510317,1.1752825419167,1.34333249657172,NA,NA,NA
1574,NA,1.01710899224959,NA,NA,NA,NA,NA,NA,NA,NA,NA,1.13272009554498,1.0530136950806,0.850754675845994,NA,NA,NA
1575,NA,1.07194786713689,NA,NA,NA,NA,NA,NA,NA,NA,NA,0.989872389910326,1.04695676622482,0.805416875170286,NA,NA,NA
1576,NA,1.05413075658567,NA,NA,NA,NA,NA,NA,NA,NA,NA,1.00599545402475,1.09067994274975,NA,NA,NA,NA
1577,NA,1.05827488792682,NA,NA,NA,NA,NA,NA,NA,NA,NA,1.091929699861,1.11939337575736,NA,NA,NA,NA
1578,NA,1.02809407502012,NA,NA,NA,NA,NA,NA,NA,NA,NA,1.02189850765666,1.01441611515723,NA,NA,NA,NA
1579,NA,1.11663917444719,NA,NA,NA,NA,NA,NA,NA,NA,NA,1.14163325793186,1.1156908112031,NA,NA,NA,NA
1580,NA,1.01951692383026,NA,NA,NA,NA,NA,NA,NA,NA,NA,0.962420550530792,1.05071320097204,NA,NA,NA,NA
1581,NA,1.10387202302896,NA,NA,NA,NA,NA,NA,NA,NA,NA,1.01109998943358,1.15681194152971,NA,NA,NA,NA
1582,NA,1.15958064219615,NA,NA,NA,NA,NA,NA,NA,NA,NA,1.129556209784,1.11156043506608,NA,NA,NA,NA
1583,NA,1.15235868249161,NA,NA,NA,NA,NA,NA,NA,NA,NA,1.33800084881712,1.2399570432466,NA,NA,NA,NA
1584,NA,1.07087930110639,NA,NA,NA,NA,NA,NA,NA,NA,NA,1.32843109367971,1.23822696669301,NA,NA,NA,NA
1585,NA,0.996241965415301,NA,NA,NA,NA,NA,NA,NA,NA,NA,1.08413761908162,1.07246437040664,NA,NA,NA,NA
1586,NA,1.07000487829517,NA,NA,NA,NA,NA,NA,NA,NA,NA,1.20349086662417,1.1858507360936,NA,NA,NA,NA
1587,NA,1.01854636222443,NA,NA,NA,NA,NA,NA,NA,NA,NA,1.25035196330446,1.20238703523403,NA,NA,NA,NA
1588,NA,1.09025492537078,NA,NA,NA,NA,NA,NA,NA,NA,NA,1.18521301842667,1.00173847804413,NA,NA,NA,NA
1589,NA,1.01217128971324,NA,NA,NA,NA,NA,NA,NA,NA,NA,1.16607354360018,1.21203771829581,NA,NA,NA,NA
1590,NA,1.05390265695787,NA,NA,NA,NA,NA,NA,NA,NA,NA,1.06573310740291,1.04676803856081,NA,NA,NA,NA
1591,NA,1.09323091287218,NA,NA,NA,NA,NA,NA,NA,NA,NA,1.06573106065435,0.904291037909951,NA,NA,NA,NA
1592,NA,1.1186119907445,NA,NA,NA,NA,NA,NA,NA,NA,NA,0.776477633056685,0.892965864636455,NA,NA,NA,NA
1593,1.07803278768286,1.16162276676237,NA,NA,NA,NA,NA,NA,NA,NA,NA,0.848484118389328,0.882830510184498,NA,NA,NA,NA
1594,1.15384682256814,1.29738826310956,NA,NA,NA,NA,NA,NA,NA,NA,NA,1.33184305457612,1.22760483155728,NA,NA,NA,NA
1595,1.08989866318798,1.22063354338183,NA,NA,NA,NA,NA,NA,NA,NA,NA,1.12116867510364,1.1570678198533,NA,NA,NA,NA
1596,1.06869859867861,1.17847786734844,NA,NA,NA,NA,NA,NA,NA,NA,NA,1.14544286958664,1.05806870743437,NA,NA,NA,NA
1597,1.01876729577703,1.07092089167841,NA,NA,NA,NA,NA,NA,NA,NA,NA,1.02302337886327,1.02738252882376,NA,NA,NA,NA
1598,1.01946186977786,1.02630855352848,NA,NA,NA,NA,NA,NA,NA,NA,NA,1.02102342685804,1.07319848785895,NA,NA,NA,NA
1599,1.03197507176776,1.03142243358041,NA,NA,NA,NA,NA,NA,NA,NA,NA,1.41990417901872,1.26356889911275,NA,NA,NA,NA
1600,1.06822824731652,1.03913489932382,NA,NA,NA,NA,NA,NA,NA,NA,NA,1.20037071233177,1.07317462974407,NA,NA,NA,NA
1601,0.990205886023022,0.939148717672121,NA,NA,NA,NA,NA,NA,NA,NA,NA,0.76743233860705,0.794346408923685,NA,NA,NA,NA
1602,0.925670650719646,0.881642454066747,NA,NA,NA,NA,NA,NA,NA,NA,NA,0.850665406053722,0.999168489733962,NA,NA,NA,NA
1603,0.957375110889589,0.924925145221402,NA,NA,NA,NA,NA,NA,NA,NA,NA,0.935355403181865,1.03247768114531,NA,NA,NA,NA
1604,0.85698908903521,0.773953155400392,NA,NA,NA,NA,NA,NA,NA,NA,NA,0.814256098992755,0.927781970737117,NA,NA,NA,NA
1605,0.81788796902,0.82218323530441,NA,NA,NA,NA,NA,NA,NA,NA,NA,0.603570395587999,0.70261663075428,NA,NA,NA,NA
1606,0.986374757180219,1.01334120482662,NA,NA,NA,NA,NA,NA,NA,NA,NA,0.803435992822057,0.85708780416984,NA,NA,NA,NA
1607,0.888320330152426,0.918313078703681,NA,NA,NA,NA,NA,NA,NA,NA,NA,0.834969693133717,0.895622469449103,NA,NA,NA,NA
1608,0.907450269364003,0.906168468567963,NA,NA,NA,NA,NA,NA,NA,NA,1.17643117675094,0.767056040545274,0.925222424116992,NA,NA,NA,NA
1609,0.897809168725364,0.886752153381029,NA,NA,NA,NA,NA,NA,NA,NA,1.25851591520363,0.55739070449147,0.951075787117022,NA,NA,NA,NA
1610,0.930719502251679,0.925021128815493,NA,NA,NA,NA,NA,NA,NA,NA,1.08710773673577,0.799972737837375,1.01886794147827,NA,NA,NA,NA
1611,1.00473085493082,1.05706580469766,NA,NA,NA,NA,NA,NA,NA,NA,1.10532981203152,NA,1.1402793985325,NA,NA,NA,NA
1612,0.959679335159792,0.947908836699956,NA,NA,NA,NA,NA,NA,NA,NA,1.15378424242745,NA,1.12386420318424,NA,NA,NA,NA
1613,1.00492853429357,1.07034016198149,NA,NA,NA,NA,NA,NA,NA,NA,1.14487985351037,NA,1.02263358548599,NA,NA,NA,NA
1614,0.969728040935278,1.07336878177381,NA,NA,NA,NA,NA,NA,NA,NA,0.592536659387646,NA,0.915128190131233,NA,NA,NA,NA
1615,0.942308594953655,0.993828420605136,NA,NA,NA,NA,NA,NA,NA,NA,0.605036966959484,NA,0.809335390432456,NA,NA,NA,NA
1616,0.963158566138714,1.00500187857877,NA,NA,NA,NA,NA,NA,NA,NA,0.521003655037099,NA,0.719612492644137,NA,NA,NA,NA
1617,1.00006840666745,0.99115460716513,NA,NA,NA,NA,NA,NA,NA,NA,0.636084696969224,NA,0.970883412767687,NA,NA,NA,NA
1618,1.03248068555801,1.03438996021036,NA,NA,NA,NA,NA,NA,NA,NA,0.732535951881569,NA,NA,NA,NA,NA,NA
1619,0.976788823835138,0.944202262081924,NA,NA,NA,NA,NA,NA,NA,NA,0.804296119454766,NA,NA,NA,NA,NA,NA
1620,0.963005555570403,0.922696935560541,NA,NA,NA,NA,NA,NA,NA,NA,0.741380721985669,NA,NA,NA,NA,NA,NA
1621,1.00903475696448,1.0552624445796,NA,NA,NA,NA,NA,NA,NA,NA,0.963871982331334,NA,NA,NA,NA,NA,NA
1622,0.940988868086485,0.952856745942755,NA,NA,NA,NA,NA,NA,NA,NA,0.985753558534592,NA,NA,NA,NA,NA,NA
1623,1.0306206110894,1.02707819735984,NA,NA,NA,NA,NA,NA,NA,NA,0.99226740017072,NA,NA,NA,NA,NA,NA
1624,1.00942721973839,1.01364307926343,NA,NA,NA,NA,NA,NA,NA,NA,1.03235756896045,NA,NA,NA,NA,NA,NA
1625,0.995173249929075,0.917112879196001,NA,NA,NA,NA,NA,NA,NA,NA,0.99957080172618,NA,NA,NA,NA,NA,NA
1626,1.0274115828366,0.966427238543016,NA,NA,NA,NA,NA,NA,NA,NA,1.08457746366682,NA,NA,NA,NA,NA,NA
1627,1.03220695068388,0.94993650747816,NA,NA,NA,NA,NA,NA,NA,NA,0.943586045571538,NA,NA,NA,NA,NA,NA
1628,1.0107807438391,0.847606975273821,NA,NA,NA,NA,NA,NA,NA,NA,0.927435256488808,NA,NA,NA,NA,NA,NA
1629,1.01374760987785,0.949465101849385,NA,NA,NA,NA,NA,NA,NA,NA,1.0047317241145,NA,NA,NA,NA,NA,NA
1630,0.936053110197472,0.771679490995193,NA,NA,NA,NA,NA,NA,NA,NA,1.00934080816561,NA,NA,NA,NA,NA,NA
1631,1.0068328068482,0.978973718486917,NA,NA,NA,NA,NA,NA,NA,NA,1.11502091009948,NA,NA,NA,NA,NA,NA
1632,1.05525469573177,1.08293558662075,NA,NA,NA,NA,NA,NA,NA,NA,1.14067537984916,NA,NA,NA,NA,NA,NA
1633,0.955035274446757,0.856478963679436,NA,NA,NA,NA,NA,NA,NA,NA,0.979998644991286,NA,NA,NA,NA,NA,NA
1634,0.997886736113753,0.882997387969121,NA,NA,NA,NA,NA,NA,NA,NA,1.10667991980822,NA,NA,NA,NA,NA,NA
1635,0.930580567420236,0.815066680673941,NA,NA,NA,NA,NA,NA,NA,NA,1.00686873586005,NA,NA,NA,NA,NA,NA
1636,0.915513845777011,0.854634297786011,NA,NA,NA,NA,NA,NA,NA,NA,1.24300596129836,NA,NA,NA,NA,NA,NA
1637,0.990361972293558,0.979254255751687,NA,NA,NA,NA,NA,NA,NA,NA,1.21582937129358,NA,NA,NA,NA,NA,NA
1638,0.960585314579943,1.00909727686181,NA,NA,NA,NA,NA,NA,NA,NA,1.12907467085068,NA,NA,NA,NA,NA,NA
1639,0.993653538646486,1.03616570128682,NA,NA,NA,NA,NA,NA,NA,NA,1.20462446591682,NA,NA,NA,NA,NA,NA
1640,1.0270888411162,1.07800370201755,NA,NA,NA,NA,NA,NA,NA,NA,1.0948642748385,NA,NA,NA,NA,NA,NA
1641,0.890034065045477,0.897446317074145,NA,NA,NA,NA,NA,NA,NA,NA,0.979211973819789,NA,NA,NA,NA,NA,NA
1642,0.939449647662413,0.982102512475315,NA,NA,NA,NA,NA,NA,NA,NA,0.997863848934812,NA,NA,NA,NA,NA,NA
1643,0.967537860036219,1.06610442178117,NA,NA,NA,NA,NA,NA,NA,NA,1.00009108311141,NA,NA,NA,NA,NA,NA
1644,0.914945082190479,0.971080282002559,NA,NA,NA,NA,NA,NA,NA,NA,0.900891723879455,NA,NA,NA,NA,NA,NA
1645,0.837237374619914,0.864597127601638,NA,NA,NA,NA,NA,NA,NA,NA,0.778755853189499,NA,NA,NA,NA,NA,NA
1646,0.95447898102766,0.99166054977042,NA,NA,NA,NA,NA,NA,NA,NA,0.940349531241423,NA,NA,NA,NA,NA,NA
1647,0.970725461838056,0.957285484904455,NA,NA,NA,NA,NA,NA,NA,NA,0.901553492334401,NA,NA,NA,NA,NA,NA
1648,0.990799280271172,0.993513243161306,NA,NA,NA,NA,NA,NA,NA,NA,1.00287173210619,NA,NA,NA,NA,NA,NA
1649,0.973432801562554,0.930414558929322,NA,NA,NA,NA,NA,NA,NA,NA,0.983179712550689,NA,NA,NA,NA,NA,NA
1650,0.978563093545381,0.945395542945814,NA,NA,NA,NA,NA,NA,NA,NA,0.875467659489929,NA,NA,NA,NA,NA,NA
1651,0.962938454646917,0.881351381657748,NA,NA,NA,NA,NA,NA,NA,NA,0.924507880685787,NA,NA,NA,NA,NA,NA
1652,0.96293776046908,0.953448826812879,NA,NA,NA,NA,NA,NA,NA,NA,0.996511626113049,NA,NA,NA,NA,NA,NA
1653,1.02032101232737,1.00323014436856,NA,NA,NA,NA,NA,NA,NA,NA,0.98466704731441,NA,NA,NA,NA,NA,NA
1654,1.00937538403929,1.0184133467156,NA,NA,NA,NA,NA,NA,NA,NA,0.995964712952179,NA,NA,NA,NA,NA,NA
1655,1.04668363662297,1.06205022998565,NA,NA,NA,NA,NA,NA,NA,NA,0.981635208192898,NA,NA,NA,NA,NA,NA
1656,0.9834808516476,1.00016493896105,NA,NA,NA,NA,NA,NA,NA,NA,1.16128264110267,NA,NA,NA,NA,NA,NA
1657,0.937282694843568,0.926797487829973,NA,NA,NA,NA,NA,NA,NA,NA,1.06387830677624,NA,NA,NA,NA,NA,NA
1658,1.03672759947219,1.09787382315105,NA,NA,NA,NA,NA,NA,NA,NA,1.13151420232315,NA,NA,NA,NA,NA,NA
1659,0.993074509092653,1.01610609030674,NA,NA,NA,NA,NA,NA,NA,NA,1.0940531829395,NA,NA,NA,NA,NA,NA
1660,1.017940786569,1.05281987414283,NA,NA,NA,NA,NA,NA,NA,NA,1.11227350992948,NA,NA,NA,NA,NA,NA
1661,0.965354521527169,0.993859460970205,NA,NA,NA,NA,NA,NA,NA,NA,1.1012137404461,NA,NA,NA,NA,NA,NA
1662,0.970599439570099,0.990728155000321,NA,NA,NA,NA,NA,NA,NA,NA,1.07666862328455,NA,NA,NA,NA,NA,NA
1663,0.99298060534796,0.956052147090113,NA,NA,NA,NA,NA,NA,NA,NA,1.00752198556697,NA,NA,NA,NA,NA,NA
1664,0.973184341154959,0.947843799395568,NA,NA,NA,NA,NA,NA,NA,NA,0.951034877684093,NA,NA,NA,NA,NA,NA
1665,0.957230595773495,0.976024046172178,NA,NA,NA,NA,NA,NA,NA,NA,0.970525938700921,NA,NA,NA,NA,NA,NA
1666,0.990655707033783,1.00728005602189,NA,NA,NA,NA,NA,NA,NA,NA,0.881952874690761,NA,NA,NA,NA,NA,NA
1667,1.03672510009434,0.990768318826737,NA,NA,NA,NA,NA,NA,NA,NA,0.89436952146308,NA,NA,NA,NA,NA,NA
1668,1.06531403426179,1.0766729239731,NA,NA,NA,NA,NA,NA,NA,NA,1.03952556498766,NA,NA,NA,NA,NA,NA
1669,1.05061831214864,1.03131954455192,NA,NA,NA,NA,NA,NA,NA,NA,0.95581615346332,NA,NA,NA,NA,NA,NA
1670,1.00279754283463,0.950042364094896,NA,NA,NA,NA,NA,NA,NA,NA,1.01636658699302,NA,NA,NA,NA,NA,NA
1671,1.00976117068252,0.884711713603766,NA,NA,NA,NA,NA,NA,NA,NA,1.02684703052775,NA,NA,NA,NA,NA,NA
1672,1.02303071618606,0.942437671579545,NA,NA,NA,NA,NA,NA,NA,NA,0.951712242139991,NA,NA,NA,NA,NA,NA
1673,1.01899365245253,0.951769475341582,NA,NA,NA,NA,NA,NA,NA,NA,0.956131318129609,NA,NA,NA,NA,NA,NA
1674,1.01048598890811,0.992981562092323,NA,NA,NA,NA,NA,NA,NA,NA,1.01576981286733,NA,NA,NA,NA,NA,NA
1675,0.958811072302668,0.866178612438008,NA,NA,NA,NA,NA,NA,NA,NA,1.05617681299096,NA,NA,NA,NA,NA,NA
1676,0.959140374998828,0.892293122120986,NA,NA,NA,NA,NA,NA,NA,NA,1.10908983964653,NA,NA,NA,NA,NA,NA
1677,1.01815251596116,0.904928638710689,NA,NA,NA,NA,NA,NA,NA,NA,1.17918855623639,NA,NA,NA,NA,NA,NA
1678,1.01638626244095,0.951167037067862,NA,NA,NA,NA,NA,NA,NA,NA,1.20690509441969,NA,NA,NA,NA,NA,NA
1679,1.01240828234595,0.873357663377869,NA,NA,NA,NA,NA,NA,NA,NA,1.00383657871768,NA,NA,NA,NA,NA,NA
1680,0.905019959671232,0.762154394106024,NA,NA,NA,NA,NA,NA,NA,NA,0.743757981917347,NA,NA,NA,NA,NA,NA
1681,0.912404274934309,0.783325708324788,NA,NA,NA,NA,NA,NA,NA,NA,0.754998356184736,NA,NA,NA,NA,NA,NA
1682,1.04762011955029,0.9524927994782,NA,NA,NA,NA,NA,NA,NA,NA,0.912279133791485,NA,NA,NA,NA,NA,NA
1683,1.0340811870653,0.95522776434123,NA,NA,NA,NA,NA,NA,NA,NA,0.862181726309079,NA,NA,NA,NA,NA,NA
1684,1.0084686955034,0.866836763880786,NA,NA,NA,NA,NA,NA,NA,NA,0.996200493512044,NA,NA,NA,NA,NA,NA
1685,1.08126639438968,0.883642099346084,NA,NA,NA,NA,NA,NA,NA,NA,1.12578588572901,NA,NA,NA,NA,NA,NA
1686,1.02986739125061,0.859225865725821,NA,NA,NA,NA,NA,NA,NA,NA,1.04061321761438,NA,NA,NA,NA,NA,NA
1687,0.978647667165972,0.87810834456174,NA,NA,NA,NA,NA,NA,NA,NA,1.058280763356,NA,NA,NA,NA,NA,NA
1688,0.987177906471331,0.907617205753888,NA,NA,NA,NA,NA,NA,NA,NA,0.959812208406016,NA,NA,NA,NA,NA,NA
1689,1.00759099518455,0.930940737585383,NA,NA,NA,NA,NA,NA,NA,NA,0.913634807898017,NA,NA,NA,NA,NA,NA
1690,0.961894917004913,0.86661397735072,NA,NA,NA,NA,NA,NA,NA,NA,0.881209662144036,NA,NA,NA,NA,NA,NA
1691,0.981912790657936,0.99608814709436,NA,NA,NA,NA,NA,NA,NA,NA,0.957391463307825,NA,NA,NA,NA,NA,NA
1692,1.047597109171,1.02945929005045,NA,1.08759933081682,NA,NA,NA,NA,NA,1.03942261315483,1.01688648331387,NA,NA,NA,NA,NA,NA
1693,1.07209218191586,1.02862732925499,1.02593108606717,0.993425857000016,NA,NA,NA,NA,NA,0.903928425487808,1.00391833139475,NA,NA,NA,NA,NA,NA
1694,1.1033145662414,1.08930831435496,0.731449573718843,0.7737413293847,NA,NA,NA,NA,NA,0.927026910191163,0.958974415698582,NA,NA,NA,NA,NA,NA
1695,1.02017956786149,1.01060485050853,0.90972706065966,0.901424598580713,NA,NA,NA,NA,NA,0.930475174119207,0.906213305495014,NA,NA,NA,NA,NA,NA
1696,0.975810477961564,0.924695512802623,1.04198258046602,0.960662768376094,NA,NA,NA,NA,NA,0.918930928284011,0.875733841780157,NA,NA,NA,NA,NA,NA
1697,0.968364704115542,0.958183060850108,1.01820087578322,0.975798229274442,NA,NA,NA,NA,NA,1.03441418799403,0.930768548980668,NA,NA,NA,NA,NA,NA
1698,1.01390424418475,1.06534223350554,1.08894635005075,1.0235265603261,NA,NA,NA,NA,NA,1.1896855563571,1.0528308393084,NA,NA,NA,NA,NA,NA
1699,1.04232087395854,1.11424445743307,1.03060258616028,0.911564729817548,NA,NA,NA,NA,NA,1.24165965958893,1.01326137491594,NA,NA,NA,NA,NA,NA
1700,1.00875955869657,1.03912455523104,1.08217458210837,1.00664974455449,NA,NA,NA,NA,NA,1.13349744898649,1.04536656685652,NA,NA,NA,NA,NA,NA
1701,0.917817289361249,0.969439382754144,1.13957290899541,1.03304090971463,NA,NA,NA,NA,1.06949809895144,1.03737209073156,1.0464757107073,NA,NA,NA,NA,NA,NA
1702,0.946176135281055,1.03265024707388,1.15937843553228,1.19061135711859,NA,NA,NA,NA,1.08337887875935,1.0350487668489,1.0485862715437,NA,NA,NA,NA,NA,NA
1703,1.07765124761793,1.13473642084911,1.0989888956374,1.2023171808102,NA,NA,NA,NA,1.085358466576,1.02403010236308,1.08847947359787,NA,NA,NA,NA,NA,NA
1704,1.09025825531859,1.15359385568582,1.14476539382481,1.11450433697814,NA,NA,NA,NA,1.02033175313315,1.03218859780444,1.12589588677195,NA,NA,NA,NA,NA,NA
1705,0.952600554190433,0.996580896666968,0.924763673776292,0.93806172300425,NA,NA,NA,NA,0.992304741382145,0.956375355318631,0.845507230392438,NA,NA,NA,NA,NA,NA
1706,0.960009256178089,0.962140088772742,0.914185077218115,0.938996118658407,NA,NA,NA,NA,0.987605765674459,1.048046005362,0.804511457884704,NA,NA,NA,NA,NA,NA
1707,1.13555198395759,1.15480494534049,1.11576547105912,1.13027479819006,NA,NA,NA,NA,1.01388085665957,1.1366642775322,0.985131633658295,NA,NA,NA,NA,NA,NA
1708,1.03949592903052,1.09786314458567,1.11016306278998,1.15765001249795,NA,NA,NA,NA,0.939866282167519,1.04413230818227,0.861876794356351,NA,NA,NA,NA,NA,NA
1709,1.00366711163913,1.0459773067993,1.03658383923119,1.07999082424207,NA,NA,NA,NA,0.942660463477226,1.00103383424764,0.818902280024928,NA,NA,NA,NA,NA,NA
1710,1.08247959546867,1.11077975114457,0.962678853805468,1.08357166588907,NA,NA,NA,NA,0.969512611397565,0.956469860944116,0.954523879820333,NA,NA,NA,NA,NA,NA
1711,1.11021583171263,1.1092968625019,1.0421748724096,1.11020647914143,NA,NA,NA,NA,1.0056209240035,1.0302063364496,0.986520222087575,NA,NA,NA,NA,NA,NA
1712,1.08900886059278,1.06873022304163,1.12210532781811,1.13697403416096,NA,NA,NA,NA,1.0388010349876,1.1329396059191,1.00857129300351,NA,NA,NA,NA,NA,NA
1713,1.05254589281707,1.02606110984537,1.18648172632011,1.2560124477393,NA,NA,NA,NA,1.08194663828503,1.10674787431354,0.99524728620638,NA,NA,NA,NA,NA,NA
1714,0.984400790232291,0.919587977698491,1.05210595899058,1.08006673886824,NA,NA,NA,NA,1.01058234257714,0.953532918803491,0.813404235520076,NA,NA,NA,NA,NA,NA
1715,0.988540102545979,1.01353177454477,1.08988433954713,1.12909943021833,NA,NA,NA,NA,1.06080609171879,0.959119840191654,0.903616176299724,NA,NA,NA,NA,NA,NA
1716,0.983817749637086,0.930509409114479,1.09487988072828,1.16553511055723,NA,NA,NA,NA,1.06560239610556,1.07350698190653,0.885889909885231,NA,NA,NA,NA,NA,NA
1717,0.993873821124681,0.925334502090917,1.04562909394359,1.04021764136449,NA,NA,NA,NA,1.05629617627518,1.06450975284805,0.946387102436706,NA,NA,NA,NA,NA,NA
1718,1.00083349393226,1.01667311504543,1.00206405894926,0.879477089763678,NA,NA,NA,NA,1.07812094960557,0.997631283769513,0.954509304827199,NA,NA,NA,NA,NA,NA
1719,0.933789200728052,0.939945185557015,0.841413417861238,0.916665572558694,NA,NA,NA,NA,1.07058986090198,0.939357814886725,0.937823172705893,NA,NA,NA,NA,NA,NA
1720,0.906991502821726,0.915091106416145,0.919691057532051,0.935925169172031,NA,NA,NA,NA,1.0829812779908,0.977279028272894,0.83115499855321,NA,NA,NA,NA,NA,NA
1721,0.986857297267197,0.997576557042714,0.945594889570427,1.02555916443903,NA,NA,NA,NA,1.13041625949369,1.00906640102727,0.953577512351187,NA,NA,NA,NA,NA,NA
1722,1.01695338285453,1.10642909956767,1.00659314596681,1.0493468467612,NA,NA,NA,NA,1.11572974142533,0.997513944447579,1.10433053982862,NA,NA,NA,NA,NA,NA
1723,0.98623327737779,1.06169870744338,0.87521971176686,0.982371654807283,NA,NA,NA,NA,1.07685975925283,0.850673776659699,1.06898782239072,NA,NA,NA,NA,NA,NA
1724,1.03540620071563,1.15434722808484,0.954505742326083,1.05072876099665,NA,NA,NA,NA,1.05652402171124,0.897506799091977,1.09840997983128,NA,NA,NA,NA,NA,NA
1725,1.01241852209766,1.13563963919236,1.03454954627853,1.08505885164936,NA,NA,NA,NA,0.969834772192545,0.877139976364129,1.04866888492242,NA,NA,NA,NA,NA,NA
1726,0.941965299196791,1.0758062472553,0.835147174682888,0.891000463669482,NA,NA,NA,NA,0.940995605397678,0.887024210042938,1.02802362498922,NA,NA,NA,NA,NA,NA
1727,0.910631633486284,1.01035486920897,0.848143035375822,0.890635624362792,NA,NA,NA,NA,0.908068385275104,0.936062563492505,0.932433269803,NA,NA,NA,NA,NA,NA
1728,0.928628027580415,1.00948872702579,0.822190835541244,0.836636413684904,NA,NA,NA,NA,0.9159538128304,0.928729621504341,0.90681146094086,NA,NA,NA,NA,NA,NA
1729,0.999871781274528,1.03691970467467,0.972419042288185,0.910814843957882,NA,NA,NA,NA,0.972466449931442,1.00503672769094,0.934208917595426,NA,NA,NA,NA,NA,NA
1730,1.06799445947509,1.09899759309024,1.13112117740966,1.05307128583374,NA,NA,NA,NA,1.04845598668075,1.11310946497291,1.08639085323389,NA,NA,NA,NA,NA,NA
1731,0.986647825437119,1.01023152044556,1.10834073179297,1.01124633606572,NA,NA,NA,NA,1.00394370494851,1.05085215811968,0.983521644196698,NA,NA,NA,NA,NA,NA
1732,1.0185543222947,1.05770966205381,1.18770616908445,1.03041384614284,NA,NA,NA,NA,1.03605345329274,1.12241916933908,1.12370860914509,NA,NA,NA,NA,NA,NA
1733,1.05241833951661,1.07911483487167,1.15428011086476,0.984490568722944,NA,NA,NA,NA,1.03993172424508,1.06676744077806,1.10179334720231,NA,NA,NA,NA,NA,NA
1734,1.00931975112245,1.05532303231218,1.06324285654147,0.925640016186978,NA,NA,NA,NA,0.965984229651995,0.880346694281841,0.984363395443118,NA,NA,NA,NA,NA,NA
1735,1.02821472786597,1.07534900646543,1.26873471539449,0.953362427395128,NA,NA,NA,NA,0.939448286798608,0.909823902876287,1.12787463354338,NA,NA,NA,NA,NA,NA
1736,1.07143408733795,1.09940031085922,1.09748515329181,1.03519271295429,NA,NA,NA,NA,0.93986042945322,0.917675942820824,1.19897277776946,NA,NA,NA,NA,NA,NA
1737,0.951405139478002,0.952046840234115,0.833485267256461,0.729813931545604,NA,NA,NA,NA,0.980857032871092,1.07254667534795,0.897099017764144,NA,NA,NA,NA,NA,NA
1738,0.995578677563596,1.03610204614346,0.754031097136979,0.685917378229235,NA,NA,NA,NA,1.02990955082231,1.18728551133863,1.02638550686874,NA,NA,NA,NA,NA,NA
1739,1.02487382240942,1.02539095945225,0.775779721387419,0.780352600486481,NA,NA,NA,NA,0.986114457615374,1.00018340709938,0.987495475649597,NA,NA,NA,NA,NA,NA
1740,0.973996424715347,0.987488652803886,0.758813376576424,0.804362775784401,NA,NA,NA,NA,0.927169107820931,0.926963292024267,0.858370131562706,NA,NA,NA,NA,NA,NA
1741,0.918118078076178,0.855747283965336,0.699066271185103,0.695117949949102,NA,NA,NA,NA,0.884570174193718,0.849931884886591,0.797426101257479,NA,NA,NA,NA,NA,NA
1742,0.99071007034665,0.987218906042598,0.742811261814199,0.821062726228257,NA,NA,NA,NA,0.93953169285422,1.00246563524465,0.905565626565334,NA,NA,NA,NA,NA,NA
1743,0.981476046416703,0.928784087252053,0.734225198421093,0.782599573930715,NA,NA,NA,NA,0.94118021858343,0.950910245392463,0.846613903025907,NA,NA,NA,NA,NA,NA
1744,1.04887173069036,0.995794137146006,0.785585110142317,0.846941222990474,NA,NA,NA,NA,1.01141072153225,1.00605024508663,0.911186605842426,NA,NA,NA,NA,NA,NA
1745,1.02702291778993,0.955909464768464,0.757474851630398,0.849894682480002,NA,NA,NA,NA,0.936506561212491,0.881607118228953,0.882671879010487,NA,NA,NA,NA,NA,NA
1746,1.03441437019162,0.987408553936838,0.816601114371465,0.899624830612669,NA,0.920662081627804,NA,NA,0.887294361919566,0.78774291678274,0.862772069368283,NA,NA,NA,NA,NA,NA
1747,1.01081098313886,0.995727199982404,0.913299871915245,1.04019182149436,NA,1.0536684814506,NA,NA,0.868174178025807,0.742645642601704,0.794944304511394,NA,NA,NA,NA,NA,NA
1748,1.08106732846552,1.08413987151788,1.07744590547605,1.17097604778098,NA,0.922815254832276,NA,NA,0.905828887090736,0.870211200708472,0.925683554253767,NA,NA,NA,NA,NA,NA
1749,1.07481696709149,1.09298297368895,1.01550811670001,1.23993427905608,NA,1.04064612711594,NA,NA,0.983663866339082,0.865101823704028,0.839485233485371,NA,NA,NA,NA,NA,NA
1750,1.12185506069213,1.17982228710025,1.14518928443011,1.20850625175155,NA,1.05719069845586,NA,NA,1.04295142235612,1.05665053127745,1.01513222386087,NA,NA,NA,NA,NA,NA
1751,1.01627586739725,1.01850461533129,1.27144431274753,1.21799672901282,1.28936776198633,0.994631399257254,NA,NA,0.985937808939139,1.06410573459704,0.917993936022066,NA,NA,NA,NA,NA,NA
1752,0.954089017319532,0.930325625481361,1.24959537693737,1.25079430580811,1.26672996324133,1.12802167915887,NA,NA,1.05631509676384,1.11436027781773,1.02918585499067,NA,NA,NA,NA,NA,NA
1753,0.967869299465657,0.967959935206748,1.00400483297433,1.09504010667503,1.02742339007447,1.09509406753482,NA,NA,1.0780303891695,1.1057620562898,0.976174617765914,NA,NA,NA,NA,NA,NA
1754,0.973208361421528,0.96213034423737,0.935065155908977,1.0764411833513,0.900364608334494,0.933882621603417,NA,NA,0.986760217016738,0.960708364203009,1.02203553091974,NA,NA,NA,NA,NA,NA
1755,1.02178448175103,0.994247223017803,0.997550652949904,1.11512623240575,0.924441479529677,1.03529125624673,NA,NA,0.965316507027139,1.00887592174348,1.06766328225617,NA,NA,NA,NA,NA,NA
1756,0.922205179028577,0.884364900021244,0.894506720722313,1.00459557000379,0.441894242287478,0.839371687417777,NA,NA,0.91808955339782,1.06342413185939,0.983401510823087,NA,NA,NA,NA,NA,NA
1757,0.846409160244993,0.820488058511834,0.832897716963787,1.01541554003017,0.725247797834364,0.866321802436189,NA,NA,0.876214583720323,0.987099718327397,1.10914900715799,NA,NA,NA,NA,NA,NA
1758,0.929670629237505,0.902124633508427,0.9118116437935,0.993092862533503,0.851930197003539,0.998405325471251,NA,NA,0.898654037935684,1.02051677480597,1.08774070240872,NA,NA,NA,NA,NA,NA
1759,0.958796919039366,0.863025815066446,0.928448039863216,1.00404105293471,0.768103349768332,0.917122005591567,NA,NA,0.874691013065802,0.981715205195869,0.89406969878835,NA,NA,NA,NA,NA,NA
1760,1.00048177016669,0.913440591937654,0.960537616645575,0.989507792495844,0.691406265702201,0.859813065552687,NA,NA,0.906479225861236,1.02049136193351,0.959517551896795,NA,NA,NA,NA,NA,NA
1761,1.1127663753802,1.00571850524267,0.991417926008124,1.04985785739489,0.788580364475654,1.05675451705694,NA,NA,0.971024424907886,1.10644789650481,0.950321116777154,NA,NA,NA,NA,NA,NA
1762,1.11670951075706,1.09323086754571,1.16317480326877,1.10600061253329,0.976411152037132,1.06149548813534,NA,NA,1.02665557177725,1.11650787591512,1.07166541475462,NA,NA,NA,NA,NA,NA
1763,1.03944486001531,0.998542168080025,1.11820503343315,0.960894214803955,0.78932888834817,0.969137014949149,NA,NA,0.957425092508185,0.974327438610617,1.13710354679215,NA,NA,NA,NA,NA,NA
1764,1.00206645965425,0.948514662434538,1.09153758032135,0.915361715448916,0.887086833800878,0.774151558067646,NA,NA,1.02802488035399,1.07058089698364,1.07894984566204,NA,NA,NA,NA,NA,NA
1765,1.06117848113883,1.0830695038737,1.15059571724296,0.983349928585415,1.26275793456174,0.956288604931038,NA,NA,1.08653710674164,1.15564223942226,1.19332648156223,NA,NA,NA,NA,NA,NA
1766,1.13232000411475,1.19582341237439,1.23606644827548,1.0617668822695,1.32321685299499,1.02201612842085,NA,NA,1.14771741520044,1.2250878730368,1.27067585747294,NA,NA,NA,NA,NA,NA
1767,1.0639863014232,1.07697592588034,1.07785001092863,1.04768686288768,1.31157100598998,1.0626188808216,NA,NA,1.08347499047544,1.09737020864406,1.32304094414892,NA,NA,NA,NA,NA,NA
1768,0.951909444659871,0.930989989376478,0.976208569498845,0.933003126126513,1.28648453339762,0.855203973648291,NA,NA,1.04803956685638,0.907081397205586,1.16821754952753,NA,NA,NA,NA,NA,NA
1769,0.88066714751923,0.830310349623374,0.824179014586905,0.750909794074413,1.05674214656689,0.724261028900849,NA,NA,1.02013092048658,0.923033793764064,1.03283223336194,NA,NA,NA,NA,NA,NA
1770,0.906677158590338,0.942928380558894,0.886784383586181,0.804414751306862,0.923464550458213,0.833463002492367,NA,NA,1.05339238144042,1.03996042383886,1.07358208127231,NA,NA,NA,NA,NA,NA
1771,0.924890288707333,0.817657368541167,0.998757171291012,0.853443810481378,0.931556442825131,0.921357831331967,NA,NA,0.972685511868373,0.891845718813225,1.1179940912839,NA,NA,NA,NA,NA,NA
1772,0.952013995267513,0.861674591536663,1.1111564910836,0.898918674221502,1.07111535168624,0.999907162749718,NA,NA,0.974419017445538,0.938205277454162,0.998720994698291,NA,NA,NA,NA,NA,NA
1773,0.948270135137953,0.975363484176566,1.21770853798823,1.34774759289538,1.14983704238488,1.03087674610484,NA,NA,1.04071042175354,0.988910327356967,1.0388179718874,NA,NA,NA,NA,NA,NA
1774,1.03738717494081,1.07132702067176,1.22942444083954,1.3615060364831,1.34951977723095,1.11904576805576,NA,NA,1.07921282113998,1.08850805881445,1.0825949216923,NA,NA,NA,NA,NA,NA
1775,1.02785917599606,1.05055119938072,1.28665542099114,1.15665657293872,1.34541279193341,1.14627148170644,NA,NA,1.13091918670479,1.11468115718236,1.03350811721017,NA,NA,NA,NA,NA,NA
1776,1.03283704847954,0.99847069616778,1.25818002773394,1.16574577486667,1.29899753598637,1.10394864702642,NA,NA,1.11789156144306,1.08774319931956,1.07292655740535,NA,NA,NA,NA,NA,NA
1777,0.990468567935101,1.07192023481918,1.20511723858106,1.2101411406509,1.20704886102952,1.17279227561121,NA,NA,1.13096931220292,1.08201946413347,1.00937881687623,NA,NA,NA,NA,NA,NA
1778,0.95430725778897,0.960689130839386,1.05583172372835,1.10018439662175,1.14235580580601,1.04991840460439,NA,NA,1.0745970039663,1.04232122799183,1.01022635966982,NA,NA,NA,NA,NA,NA
1779,0.891994868783817,0.98829376099953,0.974990317075826,0.979295607426938,0.958196676778914,0.942265092688656,NA,NA,1.09476432202993,1.00639053982147,0.981392410005654,NA,NA,NA,NA,NA,NA
1780,0.989806359746697,0.995188717505503,1.10991639859455,1.12681144469186,1.19179687611784,1.03042657969647,NA,NA,1.10159715976578,0.984662992948513,1.02880715807526,NA,NA,NA,NA,NA,NA
1781,0.913378320698372,0.851407059311288,0.764512893433791,0.899950775869162,1.05281295067688,0.914200189663271,NA,NA,1.02049994430065,0.841276589155539,0.844166772311043,NA,NA,NA,NA,NA,NA
1782,0.866890581670131,0.854111911723982,0.677458006560379,0.87870086082753,0.972806214705062,0.832542976452161,NA,NA,0.968308266861869,0.916979416285997,0.871711444886745,NA,NA,NA,NA,NA,NA
1783,0.944483411057961,0.917480058007843,0.876395826737829,0.944316680295931,0.98710308543904,0.969014705668158,NA,NA,0.974904323655501,0.950068207672675,0.877518752607451,NA,NA,NA,NA,NA,NA
1784,0.971398349382987,0.865548715356155,0.793700462951249,0.880583140153272,0.865012236356819,0.93607183206997,NA,NA,0.936487610839505,0.898546462494918,0.817627985449504,NA,NA,NA,NA,NA,NA
1785,1.05879163172346,0.9806247074631,0.893016786698682,0.995532970061142,0.720267913231609,0.972667421824259,NA,NA,0.973239202010549,0.936218354133501,0.900831327048282,NA,NA,NA,NA,NA,NA
1786,1.0457096054582,1.0337455735269,0.812337639360119,0.915521213369716,0.681690842246367,0.872033552500059,NA,NA,0.920988130053443,0.927236066968651,0.853012726609736,NA,NA,NA,NA,NA,NA
1787,1.04325556067473,1.03887460215902,1.01769519570853,0.997281756919135,0.947424200123654,1.20193855666793,NA,NA,1.01646770358477,1.0892434442105,0.998476954576136,NA,NA,NA,NA,NA,NA
1788,1.04451700636742,1.0913584740193,0.94920104626003,1.04408315351481,0.925143913324715,1.19655881299207,NA,NA,1.04735998518517,1.06180451455197,0.963273560513823,NA,NA,NA,NA,NA,NA
1789,1.10308596452834,1.12414127301445,1.02414024060522,0.998769376365084,1.13069665605741,1.18229801055605,NA,NA,1.05945633883458,1.00562728928919,1.2581110551237,NA,NA,NA,NA,NA,NA
1790,1.11633159902022,1.15151945339055,1.03088575673166,1.03652678841057,1.11169563026054,1.11985929504251,NA,NA,0.988646781788645,1.02596104929675,1.22033187424315,NA,NA,NA,NA,NA,NA
1791,1.07683809533462,1.08705114285601,1.03754611568622,1.02802842378744,1.13649875449753,1.13894747603961,NA,NA,0.986698488105067,1.02912524765279,1.21246763628454,NA,NA,NA,NA,NA,NA
1792,1.10398405728623,1.16716953675594,1.00088094629011,0.862473287658427,1.2475570350285,1.2235661202564,NA,NA,0.968466602791286,1.01545812850438,1.2651774090849,NA,NA,NA,NA,NA,NA
1793,1.06187900790709,1.16215077139155,1.05757232272213,0.930403956355238,1.09702933647076,1.22449450015041,NA,NA,0.974901857943816,1.02366982124634,1.1990354074965,NA,NA,NA,NA,NA,NA
1794,1.14147622413988,1.16811105927434,1.12382479025652,0.874986245490703,0.7736457475203,1.22112642143013,NA,NA,1.03290102958232,1.0082636871596,1.23155030512108,NA,NA,NA,NA,NA,NA
1795,1.12298797298138,1.14305578863489,1.12966695301998,0.898192930060226,1.05473031823156,1.17976065758821,NA,NA,1.07570891996266,1.06523503528132,1.21965762349824,NA,NA,NA,NA,NA,NA
1796,1.14141838492915,1.19765889030392,1.19711725454517,0.972549276805828,1.28804917355025,1.2882987742661,NA,NA,1.09995164965619,1.12558463912344,1.24536200725907,NA,NA,NA,NA,NA,NA
1797,1.07051682842768,1.1325634090176,1.10250886607698,1.03926610271784,1.07739761998678,1.14728061303473,NA,NA,1.11293848400106,1.05702006833897,1.09934218325651,NA,NA,NA,NA,NA,NA
1798,1.13565342089381,1.26506523394129,1.30374705381315,1.17902952332586,1.286215371489,1.38908058035114,NA,NA,1.12250676138699,1.08322388454237,1.21494048346521,NA,NA,NA,NA,NA,NA
1799,1.10683275367529,1.18371616991312,1.21288142330877,1.07479277147225,1.30268075887734,1.29718112878264,NA,NA,1.09203050737667,1.28137006518878,1.25809190341718,NA,NA,NA,NA,NA,NA
1800,1.02709717223215,1.14637781254909,1.15794549512695,1.03036471638552,1.02728310582447,1.14149215011858,NA,NA,1.0312788816769,1.17286723268553,1.09906261129741,NA,NA,NA,NA,NA,NA
1801,1.0606904914848,1.20355192624672,1.30147390784521,1.08333392627014,1.22668735481697,1.31826568530409,NA,NA,1.07844101077797,1.18778069581046,1.16073476577095,NA,NA,NA,NA,NA,NA
1802,1.01619667019711,1.15977110007231,1.14412578509074,1.07467881368636,1.2520249209833,1.23011745590387,NA,NA,1.07635839321996,1.16278348674123,0.956216416387984,NA,NA,NA,NA,NA,NA
1803,0.96719515564876,0.995204786921723,0.885079000090452,0.992380356625916,1.03408875435265,1.05340900168798,NA,NA,0.975338935683746,1.01742242121677,0.896189641690951,NA,NA,NA,NA,NA,NA
1804,1.05264316311135,1.09926435358581,1.00147364097666,0.992210055299591,1.07027722200489,1.13853032239365,NA,NA,1.06400806425559,1.17795500484531,1.0790422797511,NA,NA,NA,NA,NA,NA
1805,1.08409554033759,1.12786229149096,1.07073602769172,1.19323506305337,1.17573181629787,1.26621037825818,NA,NA,1.06434434302099,1.11826365066747,1.06557616327682,NA,NA,NA,NA,NA,NA
1806,0.986733605032224,0.979858060449193,0.745363000316996,0.826265957883603,0.611252267042943,0.900386461943086,NA,NA,0.91035134642949,0.922625901720534,0.854387130747923,NA,NA,NA,NA,NA,NA
1807,0.941969172083062,0.961135344162588,1.06262137076361,1.02916810628869,0.655117248348367,0.890979243922544,NA,NA,0.984765127992844,1.04786067989186,0.987584362631114,NA,NA,NA,NA,NA,NA
1808,0.978292039670386,0.944232774893825,0.938779703312976,0.930259365554078,0.65798177023276,0.905687328592647,NA,NA,1.00864093036341,1.02379888012435,0.963690174821027,NA,NA,NA,NA,NA,NA
1809,1.01027001883332,0.928687336388992,0.983627027030992,0.908266002473199,0.68758264841815,0.967312992816612,NA,NA,1.00390568063714,0.913066626279824,0.96262102731515,NA,NA,NA,NA,NA,NA
1810,0.9635070724035,0.9094015840041,0.982974566766605,0.83776475559866,0.578663347988822,0.784974494479176,NA,NA,0.972268667503508,0.913337289885289,0.903951259092951,NA,NA,NA,NA,NA,NA
1811,1.00268207338547,0.925076149997419,0.905180409461648,0.798819660155491,0.566027762432504,0.605788605408267,NA,NA,0.980427771908212,0.973138136796699,0.953698116062511,NA,NA,NA,NA,NA,NA
1812,0.881738591171436,0.880750540610848,0.888225004465328,0.949766561685507,0.552971021147807,0.581934273813573,NA,NA,0.957981870788632,0.963717430396677,0.891647930422789,NA,NA,NA,NA,NA,NA
1813,1.04686016640326,0.931734585246114,1.11717201397735,1.17508903298929,0.442250934641374,0.66818495670595,NA,NA,0.979024561465045,0.963447161509839,1.00085341648877,NA,NA,NA,NA,NA,NA
1814,1.05232007714642,0.880297476001357,1.03031223956381,1.07064275728556,0.752865485964563,0.939463679448915,NA,NA,0.942197762270113,0.881683985605793,1.10092194461707,NA,NA,NA,NA,NA,NA
1815,1.04924084973383,0.972852667775235,0.910751435355261,0.978585066426588,0.632153646821503,0.9293827828027,NA,NA,0.959657687899913,0.930862224911127,0.918763885296968,NA,NA,NA,NA,NA,NA
1816,1.05043198968656,1.00404620116392,1.03580002311543,1.16593931679206,0.930670862946342,1.03642960834622,NA,NA,0.99932635001716,0.980917961791381,1.06191054307309,NA,NA,NA,NA,NA,NA
1817,1.03375463185313,1.01768430689351,0.940783177243743,1.00638147447341,0.86091450978109,1.0123447064078,NA,NA,0.983895446402011,0.951179987402237,1.12943873665239,NA,NA,NA,NA,NA,NA
1818,0.983885106293558,0.972826001742951,1.00644112734765,0.957248909496002,0.899769596469682,1.08402409411194,NA,NA,1.00203054883017,1.00390615853329,1.12732213590428,NA,NA,NA,NA,NA,NA
1819,1.05400914300602,1.08061977052429,1.12506853564461,1.06799967123518,1.18289343964167,1.19517346054499,NA,NA,1.03830569720055,1.08274497491274,1.24838494971105,NA,NA,NA,NA,NA,NA
1820,1.02297021545371,0.905352597744924,1.02600681313975,1.05011316454875,1.36832492034848,1.28543313364544,NA,NA,1.01442766724975,0.915120098007841,1.10884950519806,NA,NA,NA,NA,NA,NA
1821,0.943878576171679,0.946927204041383,0.990035521818961,0.965738340954985,1.41058068095046,1.06970513882572,NA,NA,1.00370750604179,0.890275352268665,1.00910263157484,NA,NA,NA,NA,NA,NA
1822,0.864550697571038,0.830673000922441,0.873800296478058,0.794531342791751,1.40428047921083,1.03573891999913,NA,NA,0.900797190982145,0.821183670369658,0.943058710441855,NA,NA,NA,NA,NA,NA
1823,0.965593046132275,0.996553304178243,1.00285585076001,0.954690806331549,1.72129703539965,1.28260859661836,NA,NA,1.05906186987455,1.08351109314443,1.11265941451839,NA,NA,NA,NA,NA,NA
1824,1.0175665796232,1.00884840666063,1.0568783123797,0.923222075175821,1.43048619700984,1.19145032219148,NA,NA,0.993497425779791,0.856680208699103,1.03380036816165,NA,NA,NA,NA,NA,NA
1825,0.867486710097611,0.810714310989106,0.838048619894568,0.878896366978616,1.24242634755682,1.04268338363434,NA,NA,0.970529069060665,0.854707038819236,0.831331789357933,NA,NA,NA,NA,NA,NA
1826,0.968871420695081,0.98645501278868,1.05532826174502,1.06390957429149,1.3782401876234,1.18703715129268,NA,NA,1.08888888322415,1.0437395596961,1.00812837844704,NA,NA,NA,NA,NA,NA
1827,1.05470179231441,0.997080625721949,1.10610016888986,1.14392096864165,1.26931295601734,1.18038424439647,NA,NA,1.03882286977168,0.960895610902553,0.991228442324275,NA,NA,NA,NA,NA,NA
1828,1.06912441878721,0.927127390430157,1.02688465420422,1.07117558411084,1.24073924252996,1.24543566322556,NA,NA,1.02718345587374,0.964280653114872,0.929628997008477,NA,NA,NA,NA,NA,NA
1829,1.0181295157861,0.956601656840391,1.046333225571,0.920622670140414,1.02050681383765,1.02795181233396,NA,NA,1.02962482248535,0.97347678317849,0.924181938206313,NA,NA,NA,NA,NA,NA
1830,0.9915217037468,0.896135285843775,0.884964346516634,0.9408266326781,0.796994593564702,0.951934523647199,NA,NA,1.05291320308855,0.92747488065283,0.842729215542645,NA,NA,NA,NA,NA,NA
1831,1.08125599289054,1.09378922069769,0.961061369958372,1.04369322070241,1.04870867114965,1.08356271264071,NA,NA,1.06793828981659,1.0188337085942,1.00302838939175,NA,NA,NA,NA,NA,NA
1832,1.06961129578497,1.04077619793936,0.982006978832357,1.02546689760695,0.955025761827626,1.2190199806141,NA,NA,1.01910944419408,1.04859375711442,0.834399678199508,NA,NA,NA,NA,NA,NA
1833,1.03309017227109,1.02617102494799,0.906723991541917,0.918561680483958,0.829161421146524,1.00757617035556,NA,NA,1.00735568909858,1.01355146320329,0.895422664582211,NA,NA,NA,NA,NA,NA
1834,1.04906396633826,1.06454501231379,0.832387394638957,0.802231104235139,0.857357736914059,0.934637222847529,NA,NA,0.96886314599805,0.995691423547021,0.94996996741617,NA,NA,NA,NA,NA,NA
1835,0.985055395602283,0.879533924726912,0.759388151965102,0.747675385274571,0.647974145252024,0.660155981816009,NA,NA,0.968655634042657,0.902977019180533,0.874838335572489,NA,NA,NA,NA,NA,NA
1836,0.986172647933638,0.945358606912144,0.848072233554318,0.850480347738216,0.723341313421867,0.665058936322743,NA,NA,0.99540381172482,0.988406823303916,0.965493353307762,NA,NA,NA,NA,NA,NA
1837,0.823598607895892,0.763177501597814,0.666052531258733,0.669750538127785,0.450262303046829,0.65059336948301,NA,NA,0.921482988507818,0.862109908574502,0.674656498580274,NA,NA,NA,NA,NA,NA
1838,0.824533960653599,0.828676791917057,0.794650843707326,0.787526952945612,0.469446804825237,0.763368130170727,NA,NA,0.992056195881373,0.956059657025891,0.874552996500713,NA,NA,NA,NA,NA,NA
1839,0.849589242479583,0.899259509033699,0.829149848336776,0.812785164409472,0.523327369436537,0.71684132969322,NA,NA,1.01142288548203,0.98676507654333,0.809053098441648,NA,NA,NA,NA,NA,NA
1840,0.934935174299868,0.983734815139194,0.961619188441381,0.97508468089086,0.699308031867416,0.774126248913688,NA,NA,1.10031666276073,1.09282273302593,0.954242321973088,NA,NA,NA,NA,NA,NA
1841,0.972333653380756,0.999536474707336,1.05626602119422,1.04678416345398,1.1627008677096,1.07893724670516,NA,NA,1.02183402333846,1.05552745270481,1.01559432424369,NA,NA,NA,NA,NA,NA
1842,1.01673455724326,1.0379889688725,1.02256278615733,0.934874433040614,1.30858770664796,1.01455650310656,NA,NA,0.969325397228093,1.03672306365277,0.978522035117938,NA,NA,NA,NA,NA,NA
1843,0.938131486589485,0.999299455061643,0.959353027455385,0.983140860000227,1.24512514730955,1.02119803002572,NA,NA,1.01392771672362,1.14056974873859,1.08296477319827,NA,NA,NA,NA,NA,NA
1844,1.07979251184266,1.12127876435645,1.0665815990607,1.07052753817513,1.53991932323438,1.36360131920647,NA,NA,1.02524600011173,1.21633034253912,1.13078747519799,NA,NA,NA,NA,NA,NA
1845,0.962825425857211,0.96412562341445,1.02681176407214,1.16293058232696,1.44098533277835,1.22768896364663,NA,NA,0.982520013247132,1.01845394815941,1.27018313670215,NA,NA,NA,NA,NA,NA
1846,1.00969627922641,0.989390929299736,0.964245606581932,1.14774875901169,1.68056130852132,1.21419709826892,NA,NA,0.986030587133504,1.04272307644379,1.27364230916442,NA,NA,NA,NA,NA,NA
1847,1.07425140382539,0.994939061599184,1.04485293036548,1.14729231172219,1.65406255925743,1.41574862613494,NA,NA,1.00898705220542,1.02423724244691,1.29635033085031,NA,NA,NA,NA,NA,NA
1848,1.02371158759772,0.929497423810635,0.888403099439068,0.952391169617681,1.04385091778684,1.03965574059333,NA,NA,0.914769081420136,0.839249030313151,1.17812272536227,NA,NA,NA,NA,NA,NA
1849,1.02488157427592,0.940728636698711,1.03674340704316,1.08468909540729,1.14102858945991,1.12121488587404,NA,NA,0.979760244408958,0.936650677344343,1.21476631475356,NA,NA,NA,NA,NA,NA
1850,0.953454139705333,NA,0.863324637495406,0.931853669924044,0.906186825002165,0.967671014320643,NA,NA,0.955437358770048,0.883052264280337,1.09673442615817,NA,NA,NA,NA,NA,NA
1851,1.06462463075122,NA,1.06080470124462,1.13073031349519,1.19007480055489,1.02957441154805,NA,NA,1.0835949583755,1.0730864163018,1.15211965432207,NA,NA,NA,NA,NA,NA
1852,1.06080886973729,NA,1.06000040753781,1.13039326901045,1.14471396814023,1.18688503077733,NA,NA,1.0282279129993,0.977330819208282,1.25101744426864,NA,NA,NA,NA,NA,NA
1853,1.04630349085396,NA,0.980047249473074,1.0670874320293,0.986868090577263,1.14440458859465,NA,NA,0.98435895419711,1.01667645904639,1.18388069634953,NA,NA,NA,NA,NA,NA
1854,1.04204271076016,NA,1.01313909595077,1.01565988215422,1.09907806549796,1.03054415902978,NA,NA,1.0188583182307,1.02733926490784,1.168188305767,NA,NA,NA,NA,NA,NA
1855,1.01403675082463,NA,0.957656529082486,0.920405938234525,0.883529284001342,0.945025463114627,NA,NA,1.00572053910623,0.918141627143189,1.05227112381188,NA,NA,NA,NA,NA,NA
1856,1.01520292236857,NA,0.977882948235454,0.920214418361614,0.728001389194649,0.576472174659052,NA,NA,0.994180300115809,0.952599063039842,0.958669304904647,NA,NA,NA,NA,NA,NA
1857,0.953277373554607,NA,0.765143785048718,0.755237644089588,0.461786949498845,0.443285898211909,NA,NA,0.979970942176172,0.94098034166591,0.656016326826522,NA,NA,NA,NA,NA,NA
1858,1.06297878741667,NA,1.06162440674387,1.04089108255732,0.667478344180369,0.732520448213775,NA,NA,1.0312862541815,1.03367644784241,0.86495677615152,NA,NA,NA,NA,NA,NA
1859,NA,NA,0.933505613978893,1.01472602504636,0.74388493853244,0.926890931625131,NA,NA,0.989751964151703,0.977873105559017,0.893458320915689,NA,NA,NA,NA,NA,NA
1860,NA,NA,0.888265933626696,0.949653756479083,0.802200039836078,0.714851117022582,NA,NA,0.99234687760817,0.953491245302352,0.974041464263317,NA,NA,NA,NA,NA,NA
1861,NA,NA,1.03414663723346,1.14346326476028,1.11457270004708,0.783115884060807,NA,NA,1.03598148609183,1.0687970643265,0.979572697911322,NA,NA,NA,NA,NA,NA
1862,NA,NA,0.98743501960342,1.09768802109497,1.11461723794841,1.14474287668299,NA,NA,0.944295217286535,0.982511329958838,0.883291578319314,NA,NA,NA,NA,NA,NA
1863,NA,NA,0.938186324801323,0.97810924266953,1.00349613117546,1.03423930044518,NA,NA,0.928916128787086,0.945658975623095,0.904007580889432,NA,NA,NA,NA,NA,NA
1864,NA,NA,0.95175551855721,1.02320551456929,0.885475163634036,0.887350095339638,NA,NA,0.96303171722837,0.976406842095068,0.961369491061861,NA,NA,NA,NA,NA,NA
1865,NA,NA,0.929825074031541,0.97811890423823,0.552599756879571,0.561958093034822,NA,NA,0.93744248646869,0.950908969457602,0.827729551683795,NA,NA,NA,NA,NA,NA
1866,NA,NA,0.829517498712302,0.919555242621776,0.635676608132339,0.593982678738972,NA,NA,0.926430249519879,0.979023229450397,0.879439381162808,NA,NA,NA,NA,NA,NA
1867,NA,NA,0.91417505082194,0.843277316206959,0.33898635229921,0.411843049767326,NA,NA,0.936587872615431,0.967326656246697,0.845010536772412,NA,NA,NA,NA,NA,NA
1868,NA,NA,0.65121747584615,0.754961667478339,0.185474551377662,0.301164325394808,NA,NA,0.829084514589244,0.765813505335135,0.76743013622071,NA,NA,NA,NA,NA,NA
1869,NA,NA,0.883281133561099,1.05762837574948,0.442001943234763,0.301559427217872,NA,NA,0.906019263467313,0.943346668412775,0.966385770965351,NA,NA,NA,NA,NA,NA
1870,NA,NA,1.01562575167589,1.09028783311891,0.681305697075082,0.838480712154921,NA,NA,0.975970258231335,1.01055673119488,1.08821986180178,NA,NA,NA,NA,NA,NA
1871,NA,NA,1.0405709907466,1.09838185953822,0.999355526278343,0.967580191823142,NA,NA,1.01817987200452,1.04076215718811,1.11980804193789,NA,NA,NA,NA,NA,NA
1872,NA,NA,1.16343312287484,1.20138652106904,1.42156902004943,1.10804762004729,NA,NA,0.992955801388777,1.06138956982653,1.23509448671121,NA,NA,NA,NA,NA,NA
1873,NA,NA,1.1738186323102,1.27405095040646,1.21270514972562,0.951611631567899,NA,NA,1.00151854186399,1.05239494027954,1.37796833815202,NA,NA,NA,NA,NA,NA
1874,NA,NA,0.973916951550253,0.997855811336992,0.663184469566493,0.414428520960683,NA,NA,0.931586091914941,0.949277174201424,1.11487563257873,NA,NA,NA,NA,NA,NA
1875,NA,NA,1.13943315376098,1.04213167859343,0.823668705493883,0.707551820396561,NA,NA,0.93102130643301,0.904162945993498,1.19067666335521,NA,NA,NA,NA,NA,NA
1876,NA,NA,1.3383506793652,1.16745238143158,1.29763594862912,0.968973757514931,NA,NA,1.03296688951257,1.05764550199372,1.23694922702725,NA,NA,NA,NA,NA,NA
1877,NA,NA,1.10403297251897,0.941757216403255,1.22953469904592,0.731487058663029,NA,NA,0.954937609088199,0.920811915437335,0.936929761086891,NA,NA,NA,NA,NA,NA
1878,NA,NA,1.14354839941342,1.08457034948025,1.26129812258283,0.933754262242252,NA,NA,0.973695435179472,0.84651685020616,1.065274333246,NA,NA,NA,NA,NA,NA
1879,NA,NA,1.35520427774059,1.1969811823915,1.30332428395653,0.984424561880206,NA,NA,1.04250771409452,0.99273182341407,1.06340388871456,NA,NA,NA,NA,NA,NA
1880,NA,NA,1.13703684854264,1.06910564714401,1.08610605586594,0.932487989498799,NA,NA,0.96429443277246,0.933061792401594,0.998113236345411,NA,NA,NA,NA,NA,NA
1881,NA,NA,0.991029640054888,0.857936556154169,0.803155745218267,0.752713616781217,NA,NA,0.911531705451734,0.905896148726711,0.946905832988684,NA,NA,NA,NA,NA,NA
1882,NA,NA,1.04180019486114,0.982235334299531,1.30831916229929,0.948066405550695,NA,NA,1.03446834955445,1.05367114279321,0.879721061041481,NA,NA,NA,NA,NA,NA
1883,NA,NA,1.18516153734224,1.19903115949622,1.34885378283243,1.08872421528737,NA,NA,1.00777249407713,1.04763079103571,1.0190925006882,NA,NA,NA,NA,NA,NA
1884,NA,NA,1.02861799762944,1.18555028866698,1.33612439616691,1.32993168631163,NA,NA,0.949650539056317,0.891353849194908,0.922674331321113,NA,NA,NA,NA,NA,NA
1885,NA,NA,0.707455103297823,0.847955821953175,0.58995975908325,0.494195483483532,NA,NA,0.885530318354319,0.719984176001016,0.697044903286644,NA,NA,NA,NA,NA,NA
1886,NA,NA,0.87697777535923,0.914819137419385,0.83754941403824,0.852082337178492,NA,NA,0.891994649471959,0.821956011356653,0.725587184744162,NA,NA,NA,NA,NA,NA
1887,NA,NA,0.927859511226757,0.915317658230028,0.822646904222471,0.850665176628413,NA,NA,0.881730031044785,0.881146060260636,0.799221648897189,NA,NA,NA,NA,NA,NA
1888,NA,NA,0.884020339672297,0.956431237007273,0.694492565792315,0.92239918998684,NA,NA,0.909029543368366,0.931951286034891,0.766658201798969,NA,NA,NA,NA,NA,NA
1889,NA,NA,0.770971524564156,0.861464923266291,0.961726805108718,1.06380652512389,NA,NA,0.940774482554837,0.946731925426861,0.779234812711581,NA,NA,NA,NA,NA,NA
1890,NA,NA,0.981854686679916,0.916921761597683,1.0565051509735,1.07620108893208,NA,NA,1.00916616484058,1.07959316138978,0.934770649478315,NA,NA,NA,NA,NA,NA
1891,NA,NA,0.912721008040302,0.873929986282172,0.920768150118875,0.899451849048701,NA,NA,1.00011018767929,1.05335833398033,0.894880326928688,NA,NA,NA,NA,NA,NA
1892,NA,NA,0.77915209640042,0.789230251496693,0.614133676337409,0.842382495565841,NA,NA,0.94316836510998,0.938487911298981,0.87703920403123,NA,NA,NA,NA,NA,NA
1893,NA,NA,0.81266133685116,0.815495694742221,0.581541716031776,0.801282678523519,NA,NA,0.97133661324981,1.07117941004794,0.781088749582609,NA,NA,NA,NA,NA,NA
1894,NA,NA,1.0927312039904,0.998364565678712,0.785171794941698,0.94462011429731,NA,NA,1.09815712775591,1.3725230926457,0.921039858625764,NA,NA,NA,NA,NA,NA
1895,NA,NA,1.21845282939523,1.09455863700485,1.13777432837189,1.26793749836957,NA,NA,1.09453681239581,1.29152032626147,1.06720026359502,NA,NA,NA,NA,NA,NA
1896,NA,NA,1.01320555813393,1.10341709769149,0.936756357161994,1.24165613375961,NA,NA,1.00914137452361,1.27760371026155,0.995046841985758,NA,NA,NA,NA,NA,NA
1897,NA,NA,0.960584928591282,1.01887892919715,0.910131335075518,1.11400187688663,NA,NA,1.00543583563271,1.09942645585096,1.05960656545857,NA,NA,NA,NA,NA,NA
1898,NA,NA,0.96046538087581,1.08046376521761,0.95738514779087,0.998156840133734,NA,NA,1.07264193805649,1.06431637050864,1.07384340603647,NA,NA,NA,NA,NA,NA
1899,NA,NA,0.795352192812764,0.878817113043747,0.750241245100782,0.748507871729,NA,NA,1.0057218120926,1.01614530140098,0.919648797454746,NA,NA,NA,NA,NA,NA
1900,NA,NA,0.588204400027627,0.707302249338671,0.439289022792901,0.603152272559395,NA,NA,0.89361893924101,0.850194807845428,0.776266369057621,NA,NA,NA,NA,NA,NA
1901,NA,NA,0.851705278067992,0.891453256138035,0.633369583108158,0.700749744698771,NA,NA,0.979753605333997,1.03596082455497,0.778229319596908,NA,NA,NA,NA,NA,NA
1902,NA,NA,0.882070469406791,0.903236007669769,0.646815131403623,0.857912651375959,NA,NA,0.940683982563722,0.927191416209973,0.728763926475209,NA,NA,NA,NA,NA,NA
1903,NA,NA,0.644392111880829,0.768377013354941,0.505566439676853,0.624659333159785,NA,NA,0.891846388995579,0.870709067876908,0.581850502687932,NA,NA,NA,NA,NA,NA
1904,NA,NA,0.896737644958698,0.967366493868842,0.808827227436547,0.904075352936757,NA,NA,0.984636758516464,1.00752859937047,0.757713328446129,NA,NA,NA,NA,NA,NA
1905,NA,NA,0.932452038851589,0.968178005905458,0.882979061117093,0.901502550658744,NA,NA,0.973440741040582,0.976889640301391,0.886729822664222,NA,NA,NA,NA,NA,NA
1906,NA,NA,0.932425756473256,1.01700419022919,0.988724427287123,0.915049872689788,NA,NA,0.967511501041098,1.02418205037831,0.871925926478311,NA,NA,NA,NA,NA,NA
1907,NA,NA,0.86683558011557,0.999080181581643,1.02111044656292,0.809989528345281,NA,NA,0.989463024501819,1.03568795565967,0.856445710599791,NA,NA,NA,NA,NA,NA
1908,NA,NA,1.07380693766597,1.06368735377305,0.901858059345715,1.02747684627025,NA,NA,1.00048491333887,1.00179209462338,0.921235385290514,NA,NA,NA,NA,NA,NA
1909,NA,NA,0.918305425683385,0.971553848616331,0.707750901154851,0.684911205251922,NA,NA,0.927750089881344,0.992526085063104,0.804492370966837,NA,NA,NA,NA,NA,NA
1910,NA,NA,1.02501009470828,0.992117246236354,0.772969662030151,1.08700900153961,NA,NA,0.955573973273809,0.977661916815776,0.943743675503012,NA,NA,NA,NA,NA,NA
1911,NA,NA,1.07979280171587,1.04889569245276,0.704843646562807,0.947438017249239,NA,NA,1.00281523261331,1.01286417442455,0.86750393018176,NA,NA,NA,NA,NA,NA
1912,NA,NA,1.14270041075492,1.11813389379532,1.05518421466844,1.16455212592539,NA,NA,1.01570945087971,1.06251881173788,1.03120245339552,NA,NA,NA,NA,NA,NA
1913,NA,NA,1.05596330376274,1.05084149773392,1.42686956725059,1.01223192768549,NA,NA,0.963341892664354,0.995806965578696,0.983384149733965,NA,NA,NA,NA,NA,NA
1914,NA,NA,1.19145838697529,1.30175793879361,1.64904132333598,1.09864536778697,NA,NA,1.02287420810479,1.08878819983515,1.16868677819417,NA,NA,NA,NA,NA,NA
1915,NA,NA,1.19681226208717,1.26291015528667,1.28700652457425,0.96481478760222,NA,NA,0.972846513296647,0.967361823579776,1.05765405881738,NA,NA,NA,NA,NA,NA
1916,NA,NA,1.22795364782499,1.20009683052642,1.17393866198284,0.903440554144719,NA,NA,1.02598399896088,0.998299259700288,1.21520735030816,NA,NA,NA,NA,NA,NA
1917,NA,NA,1.08024986558004,1.10690391144594,0.96689566834353,0.915682342148139,NA,NA,0.993973710194862,1.02814370706524,1.20708067168727,NA,NA,NA,NA,NA,NA
1918,NA,NA,1.32103266775864,1.14077251152862,1.02085732365245,0.956049942471499,NA,NA,1.00662182158845,1.13648363443056,1.17235703992018,NA,NA,NA,NA,NA,NA
1919,NA,NA,1.28304461807592,1.09210690785497,1.34451156227283,1.15124792615479,NA,NA,0.982662268438915,1.01418486323915,1.22795324987694,NA,NA,NA,NA,NA,NA
1920,NA,NA,1.18690697582187,1.10173057039636,1.28441694935546,1.04222447548644,NA,NA,1.00343110489725,1.15063261276556,1.07557410911073,NA,NA,NA,NA,NA,NA
1921,NA,NA,1.14370780425777,1.01235197775589,1.26258742609684,1.19799198387225,NA,NA,1.08137482470488,1.16493983898861,1.02704062298148,NA,NA,NA,NA,NA,NA
1922,NA,NA,1.18193079061083,1.0324400015875,1.40241667374411,1.11853134985329,NA,NA,1.10846022226485,1.15042944525207,1.2001232218912,NA,NA,NA,NA,NA,NA
1923,NA,NA,0.905104774157691,0.994745946098936,1.09682778607843,0.899166489746453,NA,NA,1.02198738245879,0.948598938670597,1.05566885759955,NA,NA,NA,NA,NA,NA
1924,NA,NA,1.16618231623218,1.12303058347244,1.27515038394362,1.10053470024037,NA,NA,1.02551838288512,0.972255294518701,1.15914539924575,NA,NA,NA,NA,NA,NA
1925,NA,NA,1.12769106778287,1.10729789802052,1.04023866335005,1.07432644408825,NA,NA,1.06376353857674,0.992487021657423,1.23513467672604,NA,NA,NA,NA,NA,NA
1926,NA,NA,1.08170471356612,1.16598426976906,1.07021109714561,1.19037376509553,NA,NA,0.958290529143503,0.869377101213237,1.09081874913981,NA,NA,NA,NA,NA,NA
1927,NA,NA,1.16683777146685,1.22821003969727,1.60147444661751,1.34654085153107,NA,NA,1.09448955605043,1.13495641661379,1.14433644237685,NA,NA,NA,NA,NA,NA
1928,NA,NA,1.09390283715216,1.11922715626094,1.2855755052611,1.21329549054831,NA,NA,0.993757996097958,0.964003027615627,1.02624313571354,NA,NA,NA,NA,NA,NA
1929,NA,NA,0.988940016951823,1.00087989456908,0.912798357884535,1.14911090836521,NA,NA,0.949690635568021,0.823228669910708,0.999477898251451,NA,NA,NA,NA,NA,NA
1930,NA,NA,1.37433829868558,1.21715162978129,1.34683093561694,1.39375540803505,NA,NA,1.06641748754867,1.00987943649475,1.16983067634179,NA,NA,NA,NA,NA,NA
1931,NA,NA,1.13472894106184,1.07899811716004,1.0615205839452,1.38151628626031,NA,NA,0.993168888390099,0.931339956720911,1.10179995227769,NA,NA,NA,NA,NA,NA
1932,NA,NA,0.989616703680087,0.918108501930524,1.04945089372461,1.15965178414329,NA,NA,0.970174002171522,0.864239160212598,1.04574369769374,NA,NA,NA,NA,NA,NA
1933,NA,NA,0.921394322490279,0.832485193863368,1.12972278567094,1.12559370722157,NA,NA,0.996089021484051,0.958353997804926,1.0494678929126,NA,NA,NA,NA,NA,NA
1934,NA,NA,1.14115590859173,1.13470570294206,1.52453471258778,1.16310613314153,NA,NA,0.955439647834807,0.92996318010296,1.14615376081677,NA,NA,NA,NA,NA,NA
1935,NA,NA,1.00341477051077,0.976175699745247,1.14630746770388,1.10885837840781,NA,NA,0.953477796839959,0.86716941424189,1.0645572150011,NA,NA,NA,NA,NA,NA
1936,NA,NA,1.10183105611443,1.05695462249783,1.13473119776726,1.09526988305045,NA,NA,0.946851191258886,0.912930222676594,1.14392082011266,NA,NA,NA,NA,NA,NA
1937,NA,NA,1.2122296922717,1.0948010644575,1.26808965487822,1.34207030531529,NA,NA,1.00334478785625,0.96436950985363,1.18857916706421,NA,NA,NA,NA,NA,NA
1938,NA,NA,1.21777036362907,0.968556445556996,1.2756644626834,1.33017433820898,NA,NA,1.02351934607711,0.99051263022186,1.25107050425863,NA,NA,NA,NA,NA,NA
1939,NA,NA,1.15381297884158,0.947613433710211,1.17898874740966,1.18571040592475,NA,NA,1.03218136441766,1.01130577210332,1.19255622296771,NA,NA,NA,NA,NA,NA
1940,NA,NA,1.08540945941116,1.03245143062886,0.942173862039952,1.19190386733056,NA,NA,0.987160382662703,0.998710410257969,1.06728132109442,NA,NA,NA,NA,NA,NA
1941,NA,NA,1.30377942589436,1.1923722033816,1.33467178470166,1.45100743639197,NA,NA,1.11435495162428,1.13105830686302,1.31574564116873,NA,NA,NA,NA,NA,NA
1942,NA,NA,1.01827508450093,1.02467610155801,0.993125451369443,1.1573838383579,NA,NA,0.987133596372914,0.929660807176704,1.16158628405545,NA,NA,NA,NA,NA,NA
1943,NA,NA,1.09229974262275,1.10171656044297,1.30402363422325,1.27947736364327,NA,NA,1.03450114565905,0.963222083819986,1.23468255426825,NA,NA,NA,NA,NA,NA
1944,NA,NA,1.08670859760054,1.06586424657188,1.2841007509861,1.16083904822464,NA,NA,0.998236267233417,0.950402978536603,1.16009453928713,NA,NA,NA,NA,NA,NA
1945,NA,NA,1.05067021229926,1.05741438148029,1.2455736172046,1.26450396799747,NA,NA,0.973410794473976,0.993466589008308,1.01837459676239,NA,NA,NA,NA,NA,NA
1946,NA,NA,0.966714959210968,0.943242354919245,1.01937388502086,1.18260782293059,NA,NA,0.973915705304086,0.993234571934603,1.06354515288132,NA,NA,NA,NA,NA,NA
1947,NA,NA,0.865557209052127,0.871258593738983,1.0386460630717,1.17963678054465,NA,NA,1.01203581110708,1.04335741097474,1.08862557114902,NA,NA,NA,NA,NA,NA
1948,NA,NA,0.987536111751935,0.945217799565135,1.2224898562922,1.17669992019881,NA,NA,1.06169698988382,1.17456259752043,0.86981922909361,NA,NA,NA,NA,NA,NA
1949,NA,NA,1.08246893470088,0.968786140922336,1.29461341318419,1.31670403852496,NA,NA,1.01767363026452,1.18478786771864,0.933312869411983,NA,NA,NA,NA,NA,NA
1950,NA,NA,1.17426199610344,1.053207082717,1.22898038286056,1.31348380290559,NA,NA,1.08584959305523,1.19313969070131,0.9873225590075,NA,NA,NA,NA,NA,NA
1951,NA,NA,1.01475632200318,1.04440892967222,1.1231946914354,1.20337754637604,NA,NA,1.0082356311412,1.09390583618329,0.941055773844968,NA,NA,NA,NA,NA,NA
1952,NA,NA,0.882332916785964,0.849212752966573,1.06288861432847,1.04083505628965,NA,NA,0.956341298948509,0.960232486035866,0.901202147275566,NA,NA,NA,NA,NA,NA
1953,NA,NA,1.04720760980994,1.02631761922049,1.14960366284743,1.14445176586435,NA,NA,1.0363713777844,1.07646068232287,1.05956902995867,NA,NA,NA,NA,NA,NA
1954,NA,NA,1.13113725009582,1.20056802471343,1.32317727675969,1.18614843098643,NA,NA,1.0144021391935,1.01090720061393,1.09844544308942,NA,NA,NA,NA,NA,NA
1955,NA,NA,0.828026528274236,0.851864590698457,0.882325461495617,0.936251151609923,NA,NA,0.908354152449012,0.903781596091925,0.895569313430834,NA,NA,NA,NA,NA,NA
1956,NA,NA,0.891117975479524,0.852748573183189,0.76817461086751,0.978609939909921,NA,NA,0.970480136231874,0.929835260371476,0.958055585482909,NA,NA,NA,NA,NA,NA
1957,NA,NA,1.03607263908508,1.00961508601314,0.912917291042271,1.14277414499571,NA,NA,1.00561069735269,0.962668843441191,0.915138699540681,NA,NA,NA,NA,NA,NA
1958,NA,NA,0.990905850546401,1.02123790746301,0.824061732359302,1.00582920500396,NA,NA,0.9528274205834,0.993380333678589,0.812131621723727,NA,NA,NA,NA,NA,NA
1959,NA,NA,0.786944372066006,0.812676526537743,0.742161843336385,0.916198577599186,NA,NA,0.924580944867026,0.872848051154432,0.499251730064689,NA,NA,NA,NA,NA,NA
1960,NA,NA,0.984906254053227,1.07404489034982,0.962726421240368,1.03168899695347,NA,NA,0.993415324855239,1.02830295655476,0.557526371304944,NA,NA,NA,NA,NA,NA
1961,NA,NA,0.985261749623088,0.992064689319903,0.909156671983407,0.999019963071582,NA,NA,0.924591028860002,0.924837703931986,0.856970784113187,NA,NA,NA,NA,NA,NA
1962,NA,NA,0.787796742320759,0.871648976061394,0.703835445362541,0.910036682071942,NA,NA,0.866304555352937,0.917126245801502,0.800948764343432,NA,NA,NA,NA,NA,NA
1963,NA,NA,0.908316121205237,0.885846593568837,0.750953010984608,0.963213750689905,NA,NA,0.91815370521627,1.01968931985696,0.818064494794378,NA,NA,NA,NA,NA,NA
1964,NA,NA,0.93058058466132,0.995135718261671,0.979398355637447,0.992383443898151,NA,NA,0.924974416145001,0.987213979750164,0.875799588467065,NA,NA,NA,NA,NA,NA
1965,NA,NA,0.863172907714992,0.754523701757773,0.664787164530922,0.779924332783049,NA,NA,0.92296953399387,0.953800134507891,0.818973458983276,NA,NA,NA,NA,NA,NA
1966,NA,NA,0.823045075361727,0.720471124006846,0.7010278205022,0.750464414198843,NA,NA,0.943268384168198,0.967990180219448,0.867376496479181,NA,NA,NA,NA,NA,NA
1967,NA,NA,0.674953890380281,0.663618625772979,0.586306059851561,0.65719546926419,NA,NA,0.931614493081033,0.881205322870829,0.778612036021822,NA,NA,NA,NA,NA,NA
1968,NA,NA,0.831938596930882,0.684327276468289,0.662820882866976,0.732924308606342,NA,NA,0.970297952977706,0.967886228764449,0.884068085010991,NA,NA,NA,NA,NA,NA
1969,NA,NA,1.01479817893177,0.805912729739642,0.901948187634355,0.861520511289353,NA,NA,1.05386635358438,1.07959811003347,0.853852962796299,NA,NA,NA,NA,NA,NA
1970,NA,NA,1.14346641253366,0.85109166699552,1.14856228578399,1.03804556543061,NA,NA,1.01114687512812,1.04983154303673,0.997743852581473,NA,NA,NA,NA,NA,NA
1971,NA,NA,0.988934308962803,0.879738388775415,1.04244884150786,1.05442942723144,NA,NA,1.00543469007061,0.97035427700524,1.08743773012514,NA,NA,NA,NA,NA,NA
1972,NA,NA,1.05447801841999,1.08736252642678,1.17407613491601,1.07931051517029,NA,NA,1.05331116052139,1.10252746956308,1.03824769622239,NA,NA,NA,NA,NA,NA
1973,NA,NA,1.04221857937362,1.04767684130193,1.09824085137295,1.04074874375226,NA,NA,1.03793255139505,1.06962737499983,0.976532710279441,NA,NA,NA,NA,NA,NA
1974,NA,NA,0.934099165184285,0.85457739295493,0.88701603784986,0.950971413110636,NA,NA,1.03686453450905,1.003890397031,0.907715313822492,NA,NA,NA,NA,NA,NA
1975,NA,NA,0.817467172481535,0.840981181922534,0.694915470397301,0.763391162097751,NA,NA,0.910030968505665,0.86363318144095,0.735898060240421,NA,NA,NA,NA,NA,NA
1976,NA,NA,0.817783586323275,0.8116969916314,0.670002885087878,0.720568221805298,NA,NA,0.951500058391451,0.80457971221412,0.813409052609082,NA,NA,NA,NA,NA,NA
1977,NA,NA,1.06278982031397,0.871337951598502,0.852444437925513,0.869968241384287,NA,NA,0.97386035926477,0.989211367099913,0.889785511654412,NA,NA,NA,NA,NA,NA
1978,NA,NA,0.991607392457963,0.925688940196802,0.986213183718433,0.833561609305693,NA,NA,1.00772706864878,1.05969064924266,0.952519468529963,NA,NA,NA,NA,NA,NA
1979,NA,NA,1.05733729435827,0.987634964472678,0.955133174091238,0.951170596114507,NA,NA,1.03746220226836,1.03735270328092,1.20373564976743,NA,NA,NA,NA,NA,NA
1980,NA,NA,1.14213417006178,1.14460348557322,1.26330558772034,1.05255346399516,NA,NA,1.08569505641122,1.10612472219592,1.30395656800719,NA,NA,NA,NA,NA,NA
1981,NA,NA,0.914572821286037,1.0347698422784,0.881108144580272,0.77968288151794,NA,NA,1.04959327144694,1.00807573453834,1.08790124746892,NA,NA,NA,NA,NA,NA
1982,NA,NA,0.92236033621276,0.861581572384375,0.771463883671849,0.711633148611489,NA,NA,0.982931435048214,0.89576266347319,1.0413861529643,NA,NA,NA,NA,NA,NA
1983,NA,NA,0.900216955469718,1.03688524678874,0.981543130660181,0.870260461648253,NA,NA,1.05660640474474,0.996674309821225,1.27877785426371,NA,NA,NA,NA,NA,NA
1984,NA,NA,0.944986586325616,1.1492883893554,0.9606711425391,0.931392586222927,NA,NA,1.0460114836351,1.10070793226405,1.28354512495085,NA,NA,NA,NA,NA,NA
1985,NA,NA,1.13858104214577,1.34234205481654,1.4418933503911,1.10914851848319,NA,NA,1.12098859428012,1.05974064671533,1.39044789294478,NA,NA,NA,NA,NA,NA
1986,NA,NA,0.870189666869624,0.946051865837418,0.779742448786988,0.864915323226658,NA,NA,1.00927137245927,0.925450692970432,1.04087660058046,NA,NA,NA,NA,NA,NA
1987,NA,NA,0.916736861301454,1.03006775892589,0.937852501441957,0.852185171242374,NA,NA,1.01646014823667,0.861105577485939,0.998783584543895,NA,NA,NA,NA,NA,NA
1988,NA,NA,1.02890258559533,1.16338734303671,1.01605109757777,0.990725993802972,NA,NA,1.06430926492833,0.986139196518008,1.20024442100992,NA,NA,NA,NA,NA,NA
1989,NA,NA,0.863237447474606,1.02090969066477,0.810525865664559,0.93181277765287,NA,NA,0.993855971373155,0.941453251545771,1.02489733142749,NA,NA,NA,NA,NA,NA
1990,NA,NA,1.04918057172662,1.31087420868163,1.06188355698326,1.1138178462423,NA,NA,1.04756170197648,1.02602000193221,1.05630883219351,NA,NA,NA,NA,NA,NA
1991,NA,NA,0.879819890476896,1.03430657549188,0.914079961035443,1.00274088877945,NA,NA,0.996500220078642,0.955727436955136,1.17783189856995,NA,NA,NA,NA,NA,NA
1992,NA,NA,0.760729971066095,0.898836544245933,0.840453952335352,0.854420018200831,NA,NA,0.992581414046848,0.924026346233911,1.0090929337373,NA,NA,NA,NA,NA,NA
1993,NA,NA,NA,NA,NA,NA,NA,NA,NA,NA,0.938487434119842,NA,NA,NA,NA,NA,NA
1994,NA,NA,NA,NA,NA,NA,NA,NA,NA,NA,1.00218838915163,NA,NA,NA,NA,NA,NA
