"year","ff201a","ff201b","ff202a","ff202b","ff203a","ff203b","ff204a","ff204b","ff205a","ff205b","ff207a","ff207b","ff208a","ff208b","ff209a","ff209b","ff210a","ff210b","ff211a","ff211b","ff212a","ff212b","ff213a","ff213b","ff214a","ff214b","ff216a","ff216b","ff217a","ff217b","ff218a","ff218b","ff220a","ff220b","ff221a","ff221b","ff222a","ff222b","ff223a","ff223b","ff224a","ff224b","ff225a","ff225b","ff228a","ff228b","ff229a","ff229b","ff230a","ff230b","ff251a","ff252a","ff252b","ff253a","ff253c","ff254a","ff254b","ff255a","ff255b","ff256a","ff256b","ff257b","ff257c","ff258a","ff258b","ff259a","ff259b","ff260b","ff260c","ff263a","ff263b"
877,NA,NA,NA,NA,NA,NA,NA,NA,NA,NA,NA,NA,NA,NA,NA,NA,NA,NA,NA,NA,NA,NA,NA,NA,NA,NA,NA,NA,NA,NA,NA,NA,NA,NA,NA,NA,NA,NA,NA,NA,NA,NA,NA,NA,NA,NA,NA,NA,NA,NA,NA,NA,NA,NA,NA,NA,NA,NA,NA,NA,NA,NA,NA,NA,NA,0.999162142433078,NA,NA,NA,NA,NA
878,NA,NA,NA,NA,NA,NA,NA,NA,NA,NA,NA,NA,NA,NA,NA,NA,NA,NA,NA,NA,NA,NA,NA,NA,NA,NA,NA,NA,NA,NA,NA,NA,NA,NA,NA,NA,NA,NA,NA,NA,NA,NA,NA,NA,NA,NA,NA,NA,NA,NA,NA,NA,NA,NA,NA,NA,NA,NA,NA,NA,NA,NA,NA,NA,NA,1.01795508822217,NA,NA,NA,NA,NA
879,NA,NA,NA,NA,NA,NA,NA,NA,NA,NA,NA,NA,NA,NA,NA,NA,NA,NA,NA,NA,NA,NA,NA,NA,NA,NA,NA,NA,NA,NA,NA,NA,NA,NA,NA,NA,NA,NA,NA,NA,NA,NA,NA,NA,NA,NA,NA,NA,NA,NA,NA,NA,NA,NA,NA,NA,NA,NA,NA,NA,NA,NA,NA,NA,NA,1.01318923601208,NA,NA,NA,NA,NA
880,NA,NA,NA,NA,NA,NA,NA,NA,NA,NA,NA,NA,NA,NA,NA,NA,NA,NA,NA,NA,NA,NA,NA,NA,NA,NA,NA,NA,NA,NA,NA,NA,NA,NA,NA,NA,NA,NA,NA,NA,NA,NA,NA,NA,NA,NA,NA,NA,NA,NA,NA,NA,NA,NA,NA,NA,NA,NA,NA,NA,NA,NA,NA,NA,NA,1.02205688774845,NA,NA,NA,NA,NA
881,NA,NA,NA,NA,NA,NA,NA,NA,NA,NA,NA,NA,NA,NA,NA,NA,NA,NA,NA,NA,NA,NA,NA,NA,NA,NA,NA,NA,NA,NA,NA,NA,NA,NA,NA,NA,NA,NA,NA,NA,NA,NA,NA,NA,NA,NA,NA,NA,NA,NA,NA,NA,NA,NA,NA,NA,NA,NA,NA,NA,NA,NA,NA,NA,NA,1.02201491106038,NA,NA,NA,NA,NA
882,NA,NA,NA,NA,NA,NA,NA,NA,NA,NA,NA,NA,NA,NA,NA,NA,NA,NA,NA,NA,NA,NA,NA,NA,NA,NA,NA,NA,NA,NA,NA,NA,NA,NA,NA,NA,NA,NA,NA,NA,NA,NA,NA,NA,NA,NA,NA,NA,NA,NA,NA,NA,NA,NA,NA,NA,NA,NA,NA,NA,NA,NA,NA,NA,NA,1.07260629513786,NA,NA,NA,NA,NA
883,NA,NA,NA,NA,NA,NA,NA,NA,NA,NA,NA,NA,NA,NA,NA,NA,NA,NA,NA,NA,NA,NA,NA,NA,NA,NA,NA,NA,NA,NA,NA,NA,NA,NA,NA,NA,NA,NA,NA,NA,NA,NA,NA,NA,NA,NA,NA,NA,NA,NA,NA,NA,NA,NA,NA,NA,NA,NA,NA,NA,NA,NA,NA,NA,NA,0.974876385944231,NA,NA,NA,NA,NA
884,NA,NA,NA,NA,NA,NA,NA,NA,NA,NA,NA,NA,NA,NA,NA,NA,NA,NA,NA,NA,NA,NA,NA,NA,NA,NA,NA,NA,NA,NA,NA,NA,NA,NA,NA,NA,NA,NA,NA,NA,NA,NA,NA,NA,NA,NA,NA,NA,NA,NA,NA,NA,NA,NA,NA,NA,NA,NA,NA,NA,NA,NA,NA,NA,NA,1.03560771940662,NA,NA,NA,NA,NA
885,NA,NA,NA,NA,NA,NA,NA,NA,NA,NA,NA,NA,NA,NA,NA,NA,NA,NA,NA,NA,NA,NA,NA,NA,NA,NA,NA,NA,NA,NA,NA,NA,NA,NA,NA,NA,NA,NA,NA,NA,NA,NA,NA,NA,NA,NA,NA,NA,NA,NA,NA,NA,NA,NA,NA,NA,NA,NA,NA,NA,NA,NA,NA,NA,NA,0.974302613726626,NA,NA,NA,NA,NA
886,NA,NA,NA,NA,NA,NA,NA,NA,NA,NA,NA,NA,NA,NA,NA,NA,NA,NA,NA,NA,NA,NA,NA,NA,NA,NA,NA,NA,NA,NA,NA,NA,NA,NA,NA,NA,NA,NA,NA,NA,NA,NA,NA,NA,NA,NA,NA,NA,NA,NA,NA,NA,NA,NA,NA,NA,NA,NA,NA,NA,NA,NA,NA,NA,NA,0.975454490542141,NA,NA,NA,NA,NA
887,NA,NA,NA,NA,NA,NA,NA,NA,NA,NA,NA,NA,NA,NA,NA,NA,NA,NA,NA,NA,NA,NA,NA,NA,NA,NA,NA,NA,NA,NA,NA,NA,NA,NA,NA,NA,NA,NA,NA,NA,NA,NA,NA,NA,NA,NA,NA,NA,NA,NA,NA,NA,NA,NA,NA,NA,NA,NA,NA,NA,NA,NA,NA,NA,NA,1.01823481751433,NA,NA,NA,NA,NA
888,NA,NA,NA,NA,NA,NA,NA,NA,NA,NA,NA,NA,NA,NA,NA,NA,NA,NA,NA,NA,NA,NA,NA,NA,NA,NA,NA,NA,NA,NA,NA,NA,NA,NA,NA,NA,NA,NA,NA,NA,NA,NA,NA,NA,NA,NA,NA,NA,NA,NA,NA,NA,NA,NA,NA,NA,NA,NA,NA,NA,NA,NA,NA,NA,NA,1.03228403196116,NA,NA,NA,NA,NA
889,NA,NA,NA,NA,NA,NA,NA,NA,NA,NA,NA,NA,NA,NA,NA,NA,NA,NA,NA,NA,NA,NA,NA,NA,NA,NA,NA,NA,NA,NA,NA,NA,NA,NA,NA,NA,NA,NA,NA,NA,NA,NA,NA,NA,NA,NA,NA,NA,NA,NA,NA,NA,NA,NA,NA,NA,NA,NA,NA,NA,NA,NA,NA,NA,NA,1.00871982953697,NA,NA,NA,NA,NA
890,NA,NA,NA,NA,NA,NA,NA,NA,NA,NA,NA,NA,NA,NA,NA,NA,NA,NA,NA,NA,NA,NA,NA,NA,NA,NA,NA,NA,NA,NA,NA,NA,NA,NA,NA,NA,NA,NA,NA,NA,NA,NA,NA,NA,NA,NA,NA,NA,NA,NA,NA,NA,NA,NA,NA,NA,NA,NA,NA,NA,NA,NA,NA,NA,NA,1.01737441389185,NA,NA,NA,NA,NA
891,NA,NA,NA,NA,NA,NA,NA,NA,NA,NA,NA,NA,NA,NA,NA,NA,NA,NA,NA,NA,NA,NA,NA,NA,NA,NA,NA,NA,NA,NA,NA,NA,NA,NA,NA,NA,NA,NA,NA,NA,NA,NA,NA,NA,NA,NA,NA,NA,NA,NA,NA,NA,NA,NA,NA,NA,NA,NA,NA,NA,NA,NA,NA,NA,NA,1.04129341969093,NA,NA,NA,NA,NA
892,NA,NA,NA,NA,NA,NA,NA,NA,NA,NA,NA,NA,NA,NA,NA,NA,NA,NA,NA,NA,NA,NA,NA,NA,NA,NA,NA,NA,NA,NA,NA,NA,NA,NA,NA,NA,NA,NA,NA,NA,NA,NA,NA,NA,NA,NA,NA,NA,NA,NA,NA,NA,NA,NA,NA,NA,NA,NA,NA,NA,NA,NA,NA,NA,NA,0.91405430046717,NA,NA,NA,NA,NA
893,NA,NA,NA,NA,NA,NA,NA,NA,NA,NA,NA,NA,NA,NA,NA,NA,NA,NA,NA,NA,NA,NA,NA,NA,NA,NA,NA,NA,NA,NA,NA,NA,NA,NA,NA,NA,NA,NA,NA,NA,NA,NA,NA,NA,NA,NA,NA,NA,NA,NA,NA,NA,NA,NA,NA,NA,NA,NA,NA,NA,NA,NA,NA,NA,NA,0.946546036093875,NA,NA,NA,NA,NA
894,NA,NA,NA,NA,NA,NA,NA,NA,NA,NA,NA,NA,NA,NA,NA,NA,NA,NA,NA,NA,NA,NA,NA,NA,NA,NA,NA,NA,NA,NA,NA,NA,NA,NA,NA,NA,NA,NA,NA,NA,NA,NA,NA,NA,NA,NA,NA,NA,NA,NA,NA,NA,NA,NA,NA,NA,NA,NA,NA,NA,NA,NA,NA,NA,NA,0.964081715665659,NA,NA,NA,NA,NA
895,NA,NA,NA,NA,NA,NA,NA,NA,NA,NA,NA,NA,NA,NA,NA,NA,NA,NA,NA,NA,NA,NA,NA,NA,NA,NA,NA,NA,NA,NA,NA,NA,NA,NA,NA,NA,NA,NA,NA,NA,NA,NA,NA,NA,NA,NA,NA,NA,NA,NA,NA,NA,NA,NA,NA,NA,NA,NA,NA,NA,NA,NA,NA,NA,NA,0.990992433761811,NA,NA,NA,NA,NA
896,NA,NA,NA,NA,NA,NA,NA,NA,NA,NA,NA,NA,NA,NA,NA,NA,NA,NA,NA,NA,NA,NA,NA,NA,NA,NA,NA,NA,NA,NA,NA,NA,NA,NA,NA,NA,NA,NA,NA,NA,NA,NA,NA,NA,NA,NA,NA,NA,NA,NA,NA,NA,NA,NA,NA,NA,NA,NA,NA,NA,NA,NA,NA,NA,NA,0.89983163555118,NA,NA,NA,NA,NA
897,NA,NA,NA,NA,NA,NA,NA,NA,NA,NA,NA,NA,NA,NA,NA,NA,NA,NA,NA,NA,NA,NA,NA,NA,NA,NA,NA,NA,NA,NA,NA,NA,NA,NA,NA,NA,NA,NA,NA,NA,NA,NA,NA,NA,NA,NA,NA,NA,NA,NA,NA,NA,NA,NA,NA,NA,NA,NA,NA,NA,NA,NA,NA,NA,NA,0.917984469572751,NA,NA,NA,NA,NA
898,NA,NA,NA,NA,NA,NA,NA,NA,NA,NA,NA,NA,NA,NA,NA,NA,NA,NA,NA,NA,NA,NA,NA,NA,NA,NA,NA,NA,NA,NA,NA,NA,NA,NA,NA,NA,NA,NA,NA,NA,NA,NA,NA,NA,NA,NA,NA,NA,NA,NA,NA,NA,NA,NA,NA,NA,NA,NA,NA,NA,NA,NA,NA,NA,NA,0.982921081214644,NA,NA,NA,NA,NA
899,NA,NA,NA,NA,NA,NA,NA,NA,NA,NA,NA,NA,NA,NA,NA,NA,NA,NA,NA,NA,NA,NA,NA,NA,NA,NA,NA,NA,NA,NA,NA,NA,NA,NA,NA,NA,NA,NA,NA,NA,NA,NA,NA,NA,NA,NA,NA,NA,NA,NA,NA,NA,NA,NA,NA,NA,NA,NA,NA,NA,NA,NA,NA,NA,NA,1.0259562629822,NA,NA,NA,NA,NA
900,NA,NA,NA,NA,NA,NA,NA,NA,NA,NA,NA,NA,NA,NA,NA,NA,NA,NA,NA,NA,NA,NA,NA,NA,NA,NA,NA,NA,NA,NA,NA,NA,NA,NA,NA,NA,NA,NA,NA,NA,NA,NA,NA,NA,NA,NA,NA,NA,NA,NA,NA,NA,NA,NA,NA,NA,NA,NA,NA,NA,NA,NA,NA,NA,NA,0.99500751938793,NA,NA,NA,NA,NA
901,NA,NA,NA,NA,NA,NA,NA,NA,NA,NA,NA,NA,NA,NA,NA,NA,NA,NA,NA,NA,NA,NA,NA,NA,NA,NA,NA,NA,NA,NA,NA,NA,NA,NA,NA,NA,NA,NA,NA,NA,NA,NA,NA,NA,NA,NA,NA,NA,NA,NA,NA,NA,NA,NA,NA,NA,NA,NA,NA,NA,NA,NA,NA,NA,NA,0.981870258045316,NA,NA,NA,NA,NA
902,NA,NA,NA,NA,NA,NA,NA,NA,NA,NA,NA,NA,NA,NA,NA,NA,NA,NA,NA,NA,NA,NA,NA,NA,NA,NA,NA,NA,NA,NA,NA,NA,NA,NA,NA,NA,NA,NA,NA,NA,NA,NA,NA,NA,NA,NA,NA,NA,NA,NA,NA,NA,NA,NA,NA,NA,NA,NA,NA,NA,NA,NA,NA,NA,NA,1.01388642236368,NA,NA,NA,NA,NA
903,NA,NA,NA,NA,NA,NA,NA,NA,NA,NA,NA,NA,NA,NA,NA,NA,NA,NA,NA,NA,NA,NA,NA,NA,NA,NA,NA,NA,NA,NA,NA,NA,NA,NA,NA,NA,NA,NA,NA,NA,NA,NA,NA,NA,NA,NA,NA,NA,NA,NA,NA,NA,NA,NA,NA,NA,NA,NA,NA,NA,NA,NA,NA,NA,NA,1.02499415147086,NA,NA,NA,NA,NA
904,NA,NA,NA,NA,NA,NA,NA,NA,NA,NA,NA,NA,NA,NA,NA,NA,NA,NA,NA,NA,NA,NA,NA,NA,NA,NA,NA,NA,NA,NA,NA,NA,NA,NA,NA,NA,NA,NA,NA,NA,NA,NA,NA,NA,NA,NA,NA,NA,NA,NA,NA,NA,NA,NA,NA,NA,NA,NA,NA,NA,NA,NA,NA,NA,NA,1.07145956351593,NA,NA,NA,NA,NA
905,NA,NA,NA,NA,NA,NA,NA,NA,NA,NA,NA,NA,NA,NA,NA,NA,NA,NA,NA,NA,NA,NA,NA,NA,NA,NA,NA,NA,NA,NA,NA,NA,NA,NA,NA,NA,NA,NA,NA,NA,NA,NA,NA,NA,NA,NA,NA,NA,NA,NA,NA,NA,NA,NA,NA,NA,NA,NA,NA,NA,NA,NA,NA,NA,NA,1.05131205371035,NA,NA,NA,NA,NA
906,NA,NA,NA,NA,NA,NA,NA,NA,NA,NA,NA,NA,NA,NA,NA,NA,NA,NA,NA,NA,NA,NA,NA,NA,NA,NA,NA,NA,NA,NA,NA,NA,NA,NA,NA,NA,NA,NA,NA,NA,NA,NA,NA,NA,NA,NA,NA,NA,NA,NA,NA,NA,NA,NA,NA,NA,NA,NA,NA,NA,NA,NA,NA,NA,NA,1.04261472150137,NA,NA,NA,NA,NA
907,NA,NA,NA,NA,NA,NA,NA,NA,NA,NA,NA,NA,NA,NA,NA,NA,NA,NA,NA,NA,NA,NA,NA,NA,NA,NA,NA,NA,NA,NA,NA,NA,NA,NA,NA,NA,NA,NA,NA,NA,NA,NA,NA,NA,NA,NA,NA,NA,NA,NA,NA,NA,NA,NA,NA,NA,NA,NA,NA,NA,NA,NA,NA,NA,NA,0.923018786782431,NA,NA,NA,NA,NA
908,NA,NA,NA,NA,NA,NA,NA,NA,NA,NA,NA,NA,NA,NA,NA,NA,NA,NA,NA,NA,NA,NA,NA,NA,NA,NA,NA,NA,NA,NA,NA,NA,NA,NA,NA,NA,NA,NA,NA,NA,NA,NA,NA,NA,NA,NA,NA,NA,NA,NA,NA,NA,NA,NA,NA,NA,NA,NA,NA,NA,NA,NA,NA,NA,NA,0.990788806012338,NA,NA,NA,NA,NA
909,NA,NA,NA,NA,NA,NA,NA,NA,NA,NA,NA,NA,NA,NA,NA,NA,NA,NA,NA,NA,NA,NA,NA,NA,NA,NA,NA,NA,NA,NA,NA,NA,NA,NA,NA,NA,NA,NA,NA,NA,NA,NA,NA,NA,NA,NA,NA,NA,NA,NA,NA,NA,NA,NA,NA,NA,NA,NA,NA,NA,NA,NA,NA,NA,NA,0.985805505787952,NA,NA,NA,NA,NA
910,NA,NA,NA,NA,NA,NA,NA,NA,NA,NA,NA,NA,NA,NA,NA,NA,NA,NA,NA,NA,NA,NA,NA,NA,NA,NA,NA,NA,NA,NA,NA,NA,NA,NA,NA,NA,NA,NA,NA,NA,NA,NA,NA,NA,NA,NA,NA,NA,NA,NA,NA,NA,NA,NA,NA,NA,NA,NA,NA,NA,NA,NA,NA,NA,NA,0.919002509128999,NA,NA,NA,NA,NA
911,NA,NA,NA,NA,NA,NA,NA,NA,NA,NA,NA,NA,NA,NA,NA,NA,NA,NA,NA,NA,NA,NA,NA,NA,NA,NA,NA,NA,NA,NA,NA,NA,NA,NA,NA,NA,NA,NA,NA,NA,NA,NA,NA,NA,NA,NA,NA,NA,NA,NA,NA,NA,NA,NA,NA,NA,NA,NA,NA,NA,NA,NA,NA,NA,NA,0.947826110195157,NA,NA,NA,NA,NA
912,NA,NA,NA,NA,NA,NA,NA,NA,NA,NA,NA,NA,NA,NA,NA,NA,NA,NA,NA,NA,NA,NA,NA,NA,NA,NA,NA,NA,NA,NA,NA,NA,NA,NA,NA,NA,NA,NA,NA,NA,NA,NA,NA,NA,NA,NA,NA,NA,NA,NA,NA,NA,NA,NA,NA,NA,NA,NA,NA,NA,NA,NA,NA,NA,NA,1.03490476483997,NA,NA,NA,NA,NA
913,NA,NA,NA,NA,NA,NA,NA,NA,NA,NA,NA,NA,NA,NA,NA,NA,NA,NA,NA,NA,NA,NA,NA,NA,NA,NA,NA,NA,NA,NA,NA,NA,NA,NA,NA,NA,NA,NA,NA,NA,NA,NA,NA,NA,NA,NA,NA,NA,NA,NA,NA,NA,NA,NA,NA,NA,NA,NA,NA,NA,NA,NA,NA,NA,NA,0.932517737529708,NA,NA,NA,NA,NA
914,NA,NA,NA,NA,NA,NA,NA,NA,NA,NA,NA,NA,NA,NA,NA,NA,NA,NA,NA,NA,NA,NA,NA,NA,NA,NA,NA,NA,NA,NA,NA,NA,NA,NA,NA,NA,NA,NA,NA,NA,NA,NA,NA,NA,NA,NA,NA,NA,NA,NA,NA,NA,NA,NA,NA,NA,NA,NA,NA,NA,NA,NA,NA,NA,NA,0.907111773266514,NA,NA,NA,NA,NA
915,NA,NA,NA,NA,NA,NA,NA,NA,NA,NA,NA,NA,NA,NA,NA,NA,NA,NA,NA,NA,NA,NA,NA,NA,NA,NA,NA,NA,NA,NA,NA,NA,NA,NA,NA,NA,NA,NA,NA,NA,NA,NA,NA,NA,NA,NA,NA,NA,NA,NA,NA,NA,NA,NA,NA,NA,NA,NA,NA,NA,NA,NA,NA,NA,NA,0.964215515837851,NA,NA,NA,NA,NA
916,NA,NA,NA,NA,NA,NA,NA,NA,NA,NA,NA,NA,NA,NA,NA,NA,NA,NA,NA,NA,NA,NA,NA,NA,NA,NA,NA,NA,NA,NA,NA,NA,NA,NA,NA,NA,NA,NA,NA,NA,NA,NA,NA,NA,NA,NA,NA,NA,NA,NA,NA,NA,NA,NA,NA,NA,NA,NA,NA,NA,NA,NA,NA,NA,NA,1.00288889523698,NA,NA,NA,NA,NA
917,NA,NA,NA,NA,NA,NA,NA,NA,NA,NA,NA,NA,NA,NA,NA,NA,NA,NA,NA,NA,NA,NA,NA,NA,NA,NA,NA,NA,NA,NA,NA,NA,NA,NA,NA,NA,NA,NA,NA,NA,NA,NA,NA,NA,NA,NA,NA,NA,NA,NA,NA,NA,NA,NA,NA,NA,NA,NA,NA,NA,NA,NA,NA,NA,NA,1.00161620932847,NA,NA,NA,NA,NA
918,NA,NA,NA,NA,NA,NA,NA,NA,NA,NA,NA,NA,NA,NA,NA,NA,NA,NA,NA,NA,NA,NA,NA,NA,NA,NA,NA,NA,NA,NA,NA,NA,NA,NA,NA,NA,NA,NA,NA,NA,NA,NA,NA,NA,NA,NA,NA,NA,NA,NA,NA,NA,NA,NA,NA,NA,NA,NA,NA,NA,NA,NA,NA,NA,NA,1.05111480620162,NA,NA,NA,NA,NA
919,NA,NA,NA,NA,NA,NA,NA,NA,NA,NA,NA,NA,NA,NA,NA,NA,NA,NA,NA,NA,NA,NA,NA,NA,NA,NA,NA,NA,NA,NA,NA,NA,NA,NA,NA,NA,NA,NA,NA,NA,NA,NA,NA,NA,NA,NA,NA,NA,NA,NA,NA,NA,NA,NA,NA,NA,NA,NA,NA,NA,NA,NA,NA,NA,NA,1.0478940297108,NA,NA,NA,NA,NA
920,NA,NA,NA,NA,NA,NA,NA,NA,NA,NA,NA,NA,NA,NA,NA,NA,NA,NA,NA,NA,NA,NA,NA,NA,NA,NA,NA,NA,NA,NA,NA,NA,NA,NA,NA,NA,NA,NA,NA,NA,NA,NA,NA,NA,NA,NA,NA,NA,NA,NA,NA,NA,NA,NA,NA,NA,NA,NA,NA,NA,NA,NA,NA,NA,NA,1.01962950771787,NA,NA,NA,NA,NA
921,NA,NA,NA,NA,NA,NA,NA,NA,NA,NA,NA,NA,NA,NA,NA,NA,NA,NA,NA,NA,NA,NA,NA,NA,NA,NA,NA,NA,NA,NA,NA,NA,NA,NA,NA,NA,NA,NA,NA,NA,NA,NA,NA,NA,NA,NA,NA,NA,NA,NA,NA,NA,NA,NA,NA,NA,NA,NA,NA,NA,NA,NA,NA,NA,NA,1.00368175080394,NA,NA,NA,NA,NA
922,NA,NA,NA,NA,NA,NA,NA,NA,NA,NA,NA,NA,NA,NA,NA,NA,NA,NA,NA,NA,NA,NA,NA,NA,NA,NA,NA,NA,NA,NA,NA,NA,NA,NA,NA,NA,NA,NA,NA,NA,NA,NA,NA,NA,NA,NA,NA,NA,NA,NA,NA,NA,NA,NA,NA,NA,NA,NA,NA,NA,NA,NA,NA,NA,NA,1.02748187167483,NA,NA,NA,NA,NA
923,NA,NA,NA,NA,NA,NA,NA,NA,NA,NA,NA,NA,NA,NA,NA,NA,NA,NA,NA,NA,NA,NA,NA,NA,NA,NA,NA,NA,NA,NA,NA,NA,NA,NA,NA,NA,NA,NA,NA,NA,NA,NA,NA,NA,NA,NA,NA,NA,NA,NA,NA,NA,NA,NA,NA,NA,NA,NA,NA,NA,NA,NA,NA,NA,NA,1.01839764155082,NA,NA,NA,NA,NA
924,NA,NA,NA,NA,NA,NA,NA,NA,NA,NA,NA,NA,NA,NA,NA,NA,NA,NA,NA,NA,NA,NA,NA,NA,NA,NA,NA,NA,NA,NA,NA,NA,NA,NA,NA,NA,NA,NA,NA,NA,NA,NA,NA,NA,NA,NA,NA,NA,NA,NA,NA,NA,NA,NA,NA,NA,NA,NA,NA,NA,NA,NA,NA,NA,NA,0.988578863439555,NA,NA,NA,NA,NA
925,NA,NA,NA,NA,NA,NA,NA,NA,NA,NA,NA,NA,NA,NA,NA,NA,NA,NA,NA,NA,NA,NA,NA,NA,NA,NA,NA,NA,NA,NA,NA,NA,NA,NA,NA,NA,NA,NA,NA,NA,NA,NA,NA,NA,NA,NA,NA,NA,NA,NA,NA,NA,NA,NA,NA,NA,NA,NA,NA,NA,NA,NA,NA,NA,NA,0.957839559809018,NA,NA,NA,NA,NA
926,NA,NA,NA,NA,NA,NA,NA,NA,NA,NA,NA,NA,NA,NA,NA,NA,NA,NA,NA,NA,NA,NA,NA,NA,NA,NA,NA,NA,NA,NA,NA,NA,NA,NA,NA,NA,NA,NA,NA,NA,NA,NA,NA,NA,NA,NA,NA,NA,NA,NA,NA,NA,NA,NA,NA,NA,NA,NA,NA,NA,NA,NA,NA,NA,NA,1.03993313682402,NA,NA,NA,NA,NA
927,NA,NA,NA,NA,NA,NA,NA,NA,NA,NA,NA,NA,NA,NA,NA,NA,NA,NA,NA,NA,NA,NA,NA,NA,NA,NA,NA,NA,NA,NA,NA,NA,NA,NA,NA,NA,NA,NA,NA,NA,NA,NA,NA,NA,NA,NA,NA,NA,NA,NA,NA,NA,NA,NA,NA,NA,NA,NA,NA,NA,NA,NA,NA,NA,NA,1.02177413566107,NA,NA,NA,NA,NA
928,NA,NA,NA,NA,NA,NA,NA,NA,NA,NA,NA,NA,NA,NA,NA,NA,NA,NA,NA,NA,NA,NA,NA,NA,NA,NA,NA,NA,NA,NA,NA,NA,NA,NA,NA,NA,NA,NA,NA,NA,NA,NA,NA,NA,NA,NA,NA,NA,NA,NA,NA,NA,NA,NA,NA,NA,NA,NA,NA,NA,NA,NA,NA,NA,NA,1.05992493605481,NA,NA,NA,NA,NA
929,NA,NA,NA,NA,NA,NA,NA,NA,NA,NA,NA,NA,NA,NA,NA,NA,NA,NA,NA,NA,NA,NA,NA,NA,NA,NA,NA,NA,NA,NA,NA,NA,NA,NA,NA,NA,NA,NA,NA,NA,NA,NA,NA,NA,NA,NA,NA,NA,NA,NA,NA,NA,NA,NA,NA,NA,NA,NA,NA,NA,NA,NA,NA,NA,NA,1.03727472080055,NA,NA,NA,NA,NA
930,NA,NA,NA,NA,NA,NA,NA,NA,NA,NA,NA,NA,NA,NA,NA,NA,NA,NA,NA,NA,NA,NA,NA,NA,NA,NA,NA,NA,NA,NA,NA,NA,NA,NA,NA,NA,NA,NA,NA,NA,NA,NA,NA,NA,NA,NA,NA,NA,NA,NA,NA,NA,NA,NA,NA,NA,NA,NA,NA,NA,NA,NA,NA,NA,NA,0.965038991614772,NA,NA,NA,NA,NA
931,NA,NA,NA,NA,NA,NA,NA,NA,NA,NA,NA,NA,NA,NA,NA,NA,NA,NA,NA,NA,NA,NA,NA,NA,NA,NA,NA,NA,NA,NA,NA,NA,NA,NA,NA,NA,NA,NA,NA,NA,NA,NA,NA,NA,NA,NA,NA,NA,NA,NA,NA,NA,NA,NA,NA,NA,NA,NA,NA,NA,NA,NA,NA,NA,NA,0.97792225334377,NA,NA,NA,NA,NA
932,NA,NA,NA,NA,NA,NA,NA,NA,NA,NA,NA,NA,NA,NA,NA,NA,NA,NA,NA,NA,NA,NA,NA,NA,NA,NA,NA,NA,NA,NA,NA,NA,NA,NA,NA,NA,NA,NA,NA,NA,NA,NA,NA,NA,NA,NA,NA,NA,NA,NA,NA,NA,NA,NA,NA,NA,NA,NA,NA,NA,NA,NA,NA,NA,NA,1.03706488592121,NA,NA,NA,NA,NA
933,NA,NA,NA,NA,NA,NA,NA,NA,NA,NA,NA,NA,NA,NA,NA,NA,NA,NA,NA,NA,NA,NA,NA,NA,NA,NA,NA,NA,NA,NA,NA,NA,NA,NA,NA,NA,NA,NA,NA,NA,NA,NA,NA,NA,NA,NA,NA,NA,NA,NA,NA,NA,NA,NA,NA,NA,NA,NA,NA,NA,NA,NA,NA,NA,NA,1.02130977052002,NA,NA,NA,NA,NA
934,NA,NA,NA,NA,NA,NA,NA,NA,NA,NA,NA,NA,NA,NA,NA,NA,NA,NA,NA,NA,NA,NA,NA,NA,NA,NA,NA,NA,NA,NA,NA,NA,NA,NA,NA,NA,NA,NA,NA,NA,NA,NA,NA,NA,NA,NA,NA,NA,NA,NA,NA,NA,NA,NA,NA,NA,NA,NA,NA,NA,NA,NA,NA,NA,NA,1.03198734573267,NA,NA,NA,NA,NA
935,NA,NA,NA,NA,NA,NA,NA,NA,NA,NA,NA,NA,NA,NA,NA,NA,NA,NA,NA,NA,NA,NA,NA,NA,NA,NA,NA,NA,NA,NA,NA,NA,NA,NA,NA,NA,NA,NA,NA,NA,NA,NA,NA,NA,NA,NA,NA,NA,NA,NA,NA,NA,NA,NA,NA,NA,NA,NA,NA,NA,NA,NA,NA,NA,NA,1.01809283185468,NA,NA,NA,NA,NA
936,NA,NA,NA,NA,NA,NA,NA,NA,NA,NA,NA,NA,NA,NA,NA,NA,NA,NA,NA,NA,NA,NA,NA,NA,NA,NA,NA,NA,NA,NA,NA,NA,NA,NA,NA,NA,NA,NA,NA,NA,NA,NA,NA,NA,NA,NA,NA,NA,NA,NA,NA,NA,NA,NA,NA,NA,NA,NA,NA,NA,NA,NA,NA,NA,NA,0.995986794285527,NA,NA,NA,NA,NA
937,NA,NA,NA,NA,NA,NA,NA,NA,NA,NA,NA,NA,NA,NA,NA,NA,NA,NA,NA,NA,NA,NA,NA,NA,NA,NA,NA,NA,NA,NA,NA,NA,NA,NA,NA,NA,NA,NA,NA,NA,NA,NA,NA,NA,NA,NA,NA,NA,NA,NA,NA,NA,NA,NA,NA,NA,NA,NA,NA,NA,NA,NA,NA,NA,NA,1.04540426765124,NA,NA,NA,NA,NA
938,NA,NA,NA,NA,NA,NA,NA,NA,NA,NA,NA,NA,NA,NA,NA,NA,NA,NA,NA,NA,NA,NA,NA,NA,NA,NA,NA,NA,NA,NA,NA,NA,NA,NA,NA,NA,NA,NA,NA,NA,NA,NA,NA,NA,NA,NA,NA,NA,NA,NA,NA,NA,NA,NA,NA,NA,NA,NA,NA,NA,NA,NA,NA,NA,NA,1.05252749385942,NA,NA,NA,NA,NA
939,NA,NA,NA,NA,NA,NA,NA,NA,NA,NA,NA,NA,NA,NA,NA,NA,NA,NA,NA,NA,NA,NA,NA,NA,NA,NA,NA,NA,NA,NA,NA,NA,NA,NA,NA,NA,NA,NA,NA,NA,NA,NA,NA,NA,NA,NA,NA,NA,NA,NA,NA,NA,NA,NA,NA,NA,NA,NA,NA,NA,NA,NA,NA,NA,NA,1.07657724657963,NA,NA,NA,NA,NA
940,NA,NA,NA,NA,NA,NA,NA,NA,NA,NA,NA,NA,NA,NA,NA,NA,NA,NA,NA,NA,NA,NA,NA,NA,NA,NA,NA,NA,NA,NA,NA,NA,NA,NA,NA,NA,NA,NA,NA,NA,NA,NA,NA,NA,NA,NA,NA,NA,NA,NA,NA,NA,NA,NA,NA,NA,NA,NA,NA,NA,NA,NA,NA,NA,NA,1.02349336157814,NA,NA,NA,NA,NA
941,NA,NA,NA,NA,NA,NA,NA,NA,NA,NA,NA,NA,NA,NA,NA,NA,NA,NA,NA,NA,NA,NA,NA,NA,NA,NA,NA,NA,NA,NA,NA,NA,NA,NA,NA,NA,NA,NA,NA,NA,NA,NA,NA,NA,NA,NA,NA,NA,NA,NA,NA,NA,NA,NA,NA,NA,NA,NA,NA,NA,NA,NA,NA,NA,NA,0.996308506430232,NA,NA,NA,NA,NA
942,NA,NA,NA,NA,NA,NA,NA,NA,NA,NA,NA,NA,NA,NA,NA,NA,NA,NA,NA,NA,NA,NA,NA,NA,NA,NA,NA,NA,NA,NA,NA,NA,NA,NA,NA,NA,NA,NA,NA,NA,NA,NA,NA,NA,NA,NA,NA,NA,NA,NA,NA,NA,NA,NA,NA,NA,NA,NA,NA,NA,NA,NA,NA,NA,NA,0.983659251073134,NA,NA,NA,NA,NA
943,NA,NA,NA,NA,NA,NA,NA,NA,NA,NA,NA,NA,NA,NA,NA,NA,NA,NA,NA,NA,NA,NA,NA,NA,NA,NA,NA,NA,NA,NA,NA,NA,NA,NA,NA,NA,NA,NA,NA,NA,NA,NA,NA,NA,NA,NA,NA,NA,NA,NA,NA,NA,NA,NA,NA,NA,NA,NA,NA,NA,NA,NA,NA,NA,NA,1.05717814274653,NA,NA,NA,NA,NA
944,NA,NA,NA,NA,NA,NA,NA,NA,NA,NA,NA,NA,NA,NA,NA,NA,NA,NA,NA,NA,NA,NA,NA,NA,NA,NA,NA,NA,NA,NA,NA,NA,NA,NA,NA,NA,NA,NA,NA,NA,NA,NA,NA,NA,NA,NA,NA,NA,NA,NA,NA,NA,NA,NA,NA,NA,NA,NA,NA,NA,NA,NA,NA,NA,NA,0.962522220272915,NA,NA,NA,NA,NA
945,NA,NA,NA,NA,NA,NA,NA,NA,NA,NA,NA,NA,NA,NA,NA,NA,NA,NA,NA,NA,NA,NA,NA,NA,NA,NA,NA,NA,NA,NA,NA,NA,NA,NA,NA,NA,NA,NA,NA,NA,NA,NA,NA,NA,NA,NA,NA,NA,NA,NA,NA,NA,NA,NA,NA,NA,NA,NA,NA,NA,NA,NA,NA,NA,NA,0.939568753803109,0.89937542945126,NA,NA,NA,NA
946,NA,NA,NA,NA,NA,NA,NA,NA,NA,NA,NA,NA,NA,NA,NA,NA,NA,NA,NA,NA,NA,NA,NA,NA,NA,NA,NA,NA,NA,NA,NA,NA,NA,NA,NA,NA,NA,NA,NA,NA,NA,NA,NA,NA,NA,NA,NA,NA,NA,NA,NA,NA,NA,NA,NA,NA,NA,NA,NA,NA,NA,NA,NA,NA,NA,0.97117937390949,0.909821672452564,NA,NA,NA,NA
947,NA,NA,NA,NA,NA,NA,NA,NA,NA,NA,NA,NA,NA,NA,NA,NA,NA,NA,NA,NA,NA,NA,NA,NA,NA,NA,NA,NA,NA,NA,NA,NA,NA,NA,NA,NA,NA,NA,NA,NA,NA,NA,NA,NA,NA,NA,NA,NA,NA,NA,NA,NA,NA,NA,NA,NA,NA,NA,NA,NA,NA,NA,NA,NA,NA,0.978398455363842,0.95567246615225,NA,NA,NA,NA
948,NA,NA,NA,NA,NA,NA,NA,NA,NA,NA,NA,NA,NA,NA,NA,NA,NA,NA,NA,NA,NA,NA,NA,NA,NA,NA,NA,NA,NA,NA,NA,NA,NA,NA,NA,NA,NA,NA,NA,NA,NA,NA,NA,NA,NA,NA,NA,NA,NA,NA,NA,NA,NA,NA,NA,NA,NA,NA,NA,NA,NA,NA,NA,NA,NA,0.973333544282707,0.875164268921104,NA,NA,NA,NA
949,NA,NA,NA,NA,NA,NA,NA,NA,NA,NA,NA,NA,NA,NA,NA,NA,NA,NA,NA,NA,NA,NA,NA,NA,NA,NA,NA,NA,NA,NA,NA,NA,NA,NA,NA,NA,NA,NA,NA,NA,NA,NA,NA,NA,NA,NA,NA,NA,NA,NA,NA,NA,NA,NA,NA,NA,NA,NA,NA,NA,NA,NA,NA,NA,NA,0.978061929920586,0.911292252852288,NA,NA,NA,NA
950,NA,NA,NA,NA,NA,NA,NA,NA,NA,NA,NA,NA,NA,NA,NA,NA,NA,NA,NA,NA,NA,NA,NA,NA,NA,NA,NA,NA,NA,NA,NA,NA,NA,NA,NA,NA,NA,NA,NA,NA,NA,NA,NA,NA,NA,NA,NA,NA,NA,NA,NA,NA,NA,NA,NA,NA,NA,NA,NA,NA,NA,NA,NA,NA,NA,0.906731851791015,1.03655766107169,NA,NA,NA,NA
951,NA,NA,NA,NA,NA,NA,NA,NA,NA,NA,NA,NA,NA,NA,NA,NA,NA,NA,NA,NA,NA,NA,NA,NA,NA,NA,NA,NA,NA,NA,NA,NA,NA,NA,NA,NA,NA,NA,NA,NA,NA,NA,NA,NA,NA,NA,NA,NA,NA,NA,NA,NA,NA,NA,NA,NA,NA,NA,NA,NA,NA,NA,NA,NA,NA,0.988167881253824,1.03135681007324,NA,NA,NA,NA
952,NA,NA,NA,NA,NA,NA,NA,NA,NA,NA,NA,NA,NA,NA,NA,NA,NA,NA,NA,NA,NA,NA,NA,NA,NA,NA,NA,NA,NA,NA,NA,NA,NA,NA,NA,NA,NA,NA,NA,NA,NA,NA,NA,NA,NA,NA,NA,NA,NA,NA,NA,NA,NA,NA,NA,NA,NA,NA,NA,NA,NA,NA,NA,NA,NA,0.906547326756238,1.05770419988312,NA,NA,NA,NA
953,NA,NA,NA,NA,NA,NA,NA,NA,NA,NA,NA,NA,NA,NA,NA,NA,NA,NA,NA,NA,NA,NA,NA,NA,NA,NA,NA,NA,NA,NA,NA,NA,NA,NA,NA,NA,NA,NA,NA,NA,NA,NA,NA,NA,NA,NA,NA,NA,NA,NA,NA,NA,NA,NA,NA,NA,NA,NA,NA,NA,NA,NA,NA,NA,NA,0.987982420961635,1.24282320034969,NA,NA,NA,NA
954,NA,NA,NA,NA,NA,NA,NA,NA,NA,NA,NA,NA,NA,NA,NA,NA,NA,NA,NA,NA,NA,NA,NA,NA,NA,NA,NA,NA,NA,NA,NA,NA,NA,NA,NA,NA,NA,NA,NA,NA,NA,NA,NA,NA,NA,NA,NA,NA,NA,NA,NA,NA,NA,NA,NA,NA,NA,NA,NA,NA,NA,NA,NA,NA,NA,0.967180010035097,1.25869501168865,NA,NA,NA,NA
955,NA,NA,NA,NA,NA,NA,NA,NA,NA,NA,NA,NA,NA,NA,NA,NA,NA,NA,NA,NA,NA,NA,NA,NA,NA,NA,NA,NA,NA,NA,NA,NA,NA,NA,NA,NA,NA,NA,NA,NA,NA,NA,NA,NA,NA,NA,NA,NA,NA,NA,NA,NA,NA,NA,NA,NA,NA,NA,NA,NA,NA,NA,NA,NA,NA,0.915332188000813,1.13627812525706,NA,NA,NA,NA
956,NA,NA,NA,NA,NA,NA,NA,NA,NA,NA,NA,NA,NA,NA,NA,NA,NA,NA,NA,NA,NA,NA,NA,NA,NA,NA,NA,NA,NA,NA,NA,NA,NA,NA,NA,NA,NA,NA,NA,NA,NA,NA,NA,NA,NA,NA,NA,NA,NA,NA,NA,NA,NA,NA,NA,NA,NA,NA,NA,NA,NA,NA,NA,NA,NA,0.957629758429776,1.15414951305482,NA,NA,NA,NA
957,NA,NA,NA,NA,NA,NA,NA,NA,NA,NA,NA,NA,NA,NA,NA,NA,NA,NA,NA,NA,NA,NA,NA,NA,NA,NA,NA,NA,NA,NA,NA,NA,NA,NA,NA,NA,NA,NA,NA,NA,NA,NA,NA,NA,NA,NA,NA,NA,NA,NA,NA,NA,NA,NA,NA,NA,NA,NA,NA,NA,NA,NA,NA,NA,NA,1.06503104234287,1.11203222816167,NA,NA,NA,NA
958,NA,NA,NA,NA,NA,NA,NA,NA,NA,NA,NA,NA,NA,NA,NA,NA,NA,NA,NA,NA,NA,NA,NA,NA,NA,NA,NA,NA,NA,NA,NA,NA,NA,NA,NA,NA,NA,NA,NA,NA,NA,NA,NA,NA,NA,NA,NA,NA,NA,NA,NA,NA,NA,NA,NA,NA,NA,NA,NA,NA,NA,NA,NA,NA,NA,1.02645441806482,1.13129558913157,NA,NA,NA,NA
959,NA,NA,NA,NA,NA,NA,NA,NA,NA,NA,NA,NA,NA,NA,NA,NA,NA,NA,NA,NA,NA,NA,NA,NA,NA,NA,NA,NA,NA,NA,NA,NA,NA,NA,NA,NA,NA,NA,NA,NA,NA,NA,NA,NA,NA,NA,NA,NA,NA,NA,NA,NA,NA,NA,NA,NA,NA,NA,NA,NA,NA,NA,NA,NA,NA,1.04583080593534,1.02389802270077,NA,NA,NA,NA
960,NA,NA,NA,NA,NA,NA,NA,NA,NA,NA,NA,NA,NA,NA,NA,NA,NA,NA,NA,NA,NA,NA,NA,NA,NA,NA,NA,NA,NA,NA,NA,NA,NA,NA,NA,NA,NA,NA,NA,NA,NA,NA,NA,NA,NA,NA,NA,NA,NA,NA,NA,NA,NA,NA,NA,NA,NA,NA,NA,NA,NA,NA,NA,NA,NA,1.046537278817,0.79049963535753,NA,NA,NA,NA
961,NA,NA,NA,NA,NA,NA,NA,NA,NA,NA,NA,NA,NA,NA,NA,NA,NA,NA,NA,NA,NA,NA,NA,NA,NA,NA,NA,NA,NA,NA,NA,NA,NA,NA,NA,NA,NA,NA,NA,NA,NA,NA,NA,NA,NA,NA,NA,NA,NA,NA,NA,NA,NA,NA,NA,NA,NA,NA,NA,NA,NA,NA,NA,NA,NA,0.905983102549183,0.912306865614947,NA,NA,NA,NA
962,NA,NA,NA,NA,NA,NA,NA,NA,NA,NA,NA,NA,NA,NA,NA,NA,NA,NA,NA,NA,NA,NA,NA,NA,NA,NA,NA,NA,NA,NA,NA,NA,NA,NA,NA,NA,NA,NA,NA,NA,NA,NA,NA,NA,NA,NA,NA,NA,NA,NA,NA,NA,NA,NA,NA,NA,NA,NA,NA,NA,NA,NA,NA,NA,NA,0.953165773775468,0.939772323503239,NA,NA,NA,NA
963,NA,NA,NA,NA,NA,NA,NA,NA,NA,NA,NA,NA,NA,NA,NA,NA,NA,NA,NA,NA,NA,NA,NA,NA,NA,NA,NA,NA,NA,NA,NA,NA,NA,NA,NA,NA,NA,NA,NA,NA,NA,NA,NA,NA,NA,NA,NA,NA,NA,NA,NA,NA,NA,NA,NA,NA,NA,NA,NA,NA,NA,NA,NA,NA,NA,0.993877340987435,0.982186168000589,NA,NA,NA,NA
964,NA,NA,NA,NA,NA,NA,NA,NA,NA,NA,NA,NA,NA,NA,NA,NA,NA,NA,NA,NA,NA,NA,NA,NA,NA,NA,NA,NA,NA,NA,NA,NA,NA,NA,NA,NA,NA,NA,NA,NA,NA,NA,NA,NA,NA,NA,NA,NA,NA,NA,NA,NA,NA,NA,NA,NA,NA,NA,NA,NA,NA,NA,NA,NA,NA,1.03986736955512,1.00484507759025,NA,NA,NA,NA
965,NA,NA,NA,NA,NA,NA,NA,NA,NA,NA,NA,NA,NA,NA,NA,NA,NA,NA,NA,NA,NA,NA,NA,NA,NA,NA,NA,NA,NA,NA,NA,NA,NA,NA,NA,NA,NA,NA,NA,NA,NA,NA,NA,NA,NA,NA,NA,NA,NA,NA,NA,NA,NA,NA,NA,NA,NA,NA,NA,NA,NA,NA,NA,NA,NA,0.993800846017637,0.867821652123521,NA,NA,NA,NA
966,NA,NA,NA,NA,NA,NA,NA,NA,NA,NA,NA,NA,NA,NA,NA,NA,NA,NA,NA,NA,NA,NA,NA,NA,NA,NA,NA,NA,NA,NA,NA,NA,NA,NA,NA,NA,NA,NA,NA,NA,NA,NA,NA,NA,NA,NA,NA,NA,NA,NA,NA,NA,NA,NA,NA,NA,NA,NA,NA,NA,NA,NA,NA,NA,NA,1.03965066695689,0.922111283885394,NA,NA,NA,NA
967,NA,NA,NA,NA,NA,NA,NA,NA,NA,NA,NA,NA,NA,NA,NA,NA,NA,NA,NA,NA,NA,NA,NA,NA,NA,NA,NA,NA,NA,NA,NA,NA,NA,NA,NA,NA,NA,NA,NA,NA,NA,NA,NA,NA,NA,NA,NA,NA,NA,NA,NA,NA,NA,NA,NA,NA,NA,NA,NA,NA,NA,NA,NA,NA,NA,0.972203261290177,0.782469196003949,NA,NA,NA,NA
968,NA,NA,NA,NA,NA,NA,NA,NA,NA,NA,NA,NA,NA,NA,NA,NA,NA,NA,NA,NA,NA,NA,NA,NA,NA,NA,NA,NA,NA,NA,NA,NA,NA,NA,NA,NA,NA,NA,NA,NA,NA,NA,NA,NA,NA,NA,NA,NA,NA,NA,NA,NA,NA,NA,NA,NA,NA,NA,NA,NA,NA,NA,NA,NA,NA,0.921110710069857,0.884036392772788,NA,NA,NA,NA
969,NA,NA,NA,NA,NA,NA,NA,NA,NA,NA,NA,NA,NA,NA,NA,NA,NA,NA,NA,NA,NA,NA,NA,NA,NA,NA,NA,NA,NA,NA,NA,NA,NA,NA,NA,NA,NA,NA,NA,NA,NA,NA,NA,NA,NA,NA,NA,NA,NA,NA,NA,NA,NA,NA,NA,NA,NA,NA,NA,NA,NA,NA,NA,NA,NA,1.0547499053009,0.933908868783893,NA,NA,NA,NA
970,NA,NA,NA,NA,NA,NA,NA,NA,NA,NA,NA,NA,NA,NA,NA,NA,NA,NA,NA,NA,NA,NA,NA,NA,NA,NA,NA,NA,NA,NA,NA,NA,NA,NA,NA,NA,NA,NA,NA,NA,NA,NA,NA,NA,NA,NA,NA,NA,NA,NA,NA,NA,NA,NA,NA,NA,NA,NA,NA,NA,NA,NA,NA,NA,NA,0.974896521741742,0.98379557378678,NA,NA,NA,NA
971,NA,NA,NA,NA,NA,NA,NA,NA,NA,NA,NA,NA,NA,NA,NA,NA,NA,NA,NA,NA,NA,NA,NA,NA,NA,NA,NA,NA,NA,NA,NA,NA,NA,NA,NA,NA,NA,NA,NA,NA,NA,NA,NA,NA,NA,NA,NA,NA,NA,NA,NA,NA,NA,NA,NA,NA,NA,NA,NA,NA,NA,NA,NA,NA,NA,0.931700740537232,1.13312573779903,NA,NA,NA,NA
972,NA,NA,NA,NA,NA,NA,NA,NA,NA,NA,NA,NA,NA,NA,NA,NA,NA,NA,NA,NA,NA,NA,NA,NA,NA,NA,NA,NA,NA,NA,NA,NA,NA,NA,NA,NA,NA,NA,NA,NA,NA,NA,NA,NA,NA,NA,NA,NA,NA,NA,NA,NA,NA,NA,NA,NA,NA,NA,NA,NA,NA,NA,NA,NA,NA,0.986606733548854,1.09096475136235,NA,NA,NA,NA
973,NA,NA,NA,NA,NA,NA,NA,NA,NA,NA,NA,NA,NA,NA,NA,NA,NA,NA,NA,NA,NA,NA,NA,NA,NA,NA,NA,NA,NA,NA,NA,NA,NA,NA,NA,NA,NA,NA,NA,NA,NA,NA,NA,NA,NA,NA,NA,NA,NA,NA,NA,NA,NA,NA,NA,NA,NA,NA,NA,NA,NA,NA,NA,NA,NA,0.986317717653786,0.997022528476566,NA,NA,NA,NA
974,NA,NA,NA,NA,NA,NA,NA,NA,NA,NA,NA,NA,NA,NA,NA,NA,NA,NA,NA,NA,NA,NA,NA,NA,NA,NA,NA,NA,NA,NA,NA,NA,NA,NA,NA,NA,NA,NA,NA,NA,NA,NA,NA,NA,NA,NA,NA,NA,NA,NA,NA,NA,NA,NA,NA,NA,NA,NA,NA,NA,NA,NA,NA,NA,NA,0.912539665310468,0.962719773337582,NA,NA,NA,NA
975,NA,NA,NA,NA,NA,NA,NA,NA,NA,NA,NA,NA,NA,NA,NA,NA,NA,NA,NA,NA,NA,NA,NA,NA,NA,NA,NA,NA,NA,NA,NA,NA,NA,NA,NA,NA,NA,NA,NA,NA,NA,NA,NA,NA,NA,NA,NA,NA,NA,NA,NA,NA,NA,NA,NA,NA,NA,NA,NA,NA,NA,NA,NA,NA,NA,0.915669073420707,1.01472678547324,NA,NA,NA,NA
976,NA,NA,NA,NA,NA,NA,NA,NA,NA,NA,NA,NA,NA,NA,NA,NA,NA,NA,NA,NA,NA,NA,NA,NA,NA,NA,NA,NA,NA,NA,NA,NA,NA,NA,NA,NA,NA,NA,NA,NA,NA,NA,NA,NA,NA,NA,NA,NA,NA,NA,NA,NA,NA,NA,NA,NA,NA,NA,NA,NA,NA,NA,NA,NA,NA,0.9530352232851,0.935591542061269,NA,NA,NA,NA
977,NA,NA,NA,NA,NA,NA,NA,NA,NA,NA,NA,NA,NA,NA,NA,NA,NA,NA,NA,NA,NA,NA,NA,NA,NA,NA,NA,NA,NA,NA,NA,NA,NA,NA,NA,NA,NA,NA,NA,NA,NA,NA,NA,NA,NA,NA,NA,NA,NA,NA,NA,NA,NA,NA,NA,NA,NA,NA,NA,NA,NA,NA,NA,NA,NA,1.03508066471065,1.05916295222607,NA,NA,NA,NA
978,NA,NA,NA,NA,NA,NA,NA,NA,NA,NA,NA,NA,NA,NA,NA,NA,NA,NA,NA,NA,NA,NA,NA,NA,NA,NA,NA,NA,NA,NA,NA,NA,NA,NA,NA,NA,NA,NA,NA,NA,NA,NA,NA,NA,NA,NA,NA,NA,NA,NA,NA,NA,NA,NA,NA,NA,NA,NA,NA,NA,NA,NA,NA,NA,NA,1.0104755941788,1.00525490824368,NA,NA,NA,NA
979,NA,NA,NA,NA,NA,NA,NA,NA,NA,NA,NA,NA,NA,NA,NA,NA,NA,NA,NA,NA,NA,NA,NA,NA,NA,NA,NA,NA,NA,NA,NA,NA,NA,NA,NA,NA,NA,NA,NA,NA,NA,NA,NA,NA,NA,NA,NA,NA,NA,NA,NA,NA,NA,NA,NA,NA,NA,NA,NA,NA,NA,NA,NA,NA,NA,0.951752501835239,0.899888220832916,NA,NA,NA,NA
980,NA,NA,NA,NA,NA,NA,NA,NA,NA,NA,NA,NA,NA,NA,NA,NA,NA,NA,NA,NA,NA,NA,NA,NA,NA,NA,NA,NA,NA,NA,NA,NA,NA,NA,NA,NA,NA,NA,NA,NA,NA,NA,NA,NA,NA,NA,NA,NA,NA,NA,NA,NA,NA,NA,NA,NA,NA,NA,NA,NA,NA,NA,NA,NA,NA,1.01585430165867,0.953431683503779,NA,NA,NA,NA
981,NA,NA,NA,NA,NA,NA,NA,NA,NA,NA,NA,NA,NA,NA,NA,NA,NA,NA,NA,NA,NA,NA,NA,NA,NA,NA,NA,NA,NA,NA,NA,NA,NA,NA,NA,NA,NA,NA,NA,NA,NA,NA,NA,NA,NA,NA,NA,NA,NA,NA,NA,NA,NA,NA,NA,NA,NA,NA,NA,NA,NA,NA,NA,NA,NA,1.00523945600068,0.936415576438367,NA,NA,NA,NA
982,NA,NA,NA,NA,NA,NA,NA,NA,NA,NA,NA,NA,NA,NA,NA,NA,NA,NA,NA,NA,NA,NA,NA,NA,NA,NA,NA,NA,NA,NA,NA,NA,NA,NA,NA,NA,NA,NA,NA,NA,NA,NA,NA,NA,NA,NA,NA,NA,NA,NA,NA,NA,NA,NA,NA,NA,NA,NA,NA,NA,NA,NA,NA,NA,NA,1.0569716551642,1.04861006101457,NA,NA,NA,NA
983,NA,NA,NA,NA,NA,NA,NA,NA,NA,NA,NA,NA,NA,NA,NA,NA,NA,NA,NA,NA,NA,NA,NA,NA,NA,NA,NA,NA,NA,NA,NA,NA,NA,NA,NA,NA,NA,NA,NA,NA,NA,NA,NA,NA,NA,NA,NA,NA,NA,NA,NA,NA,NA,NA,NA,NA,NA,NA,NA,NA,NA,NA,NA,NA,NA,1.04054870889723,1.03387173906752,NA,NA,NA,NA
984,NA,NA,NA,NA,NA,NA,NA,NA,NA,NA,NA,NA,NA,NA,NA,NA,NA,NA,NA,NA,NA,NA,NA,NA,NA,NA,NA,NA,NA,NA,NA,NA,NA,NA,NA,NA,NA,NA,NA,NA,NA,NA,NA,NA,NA,NA,NA,NA,NA,NA,NA,NA,NA,NA,NA,NA,NA,NA,NA,NA,NA,NA,NA,NA,NA,0.924750899986278,0.844537162200485,NA,NA,NA,NA
985,NA,NA,NA,NA,NA,NA,NA,NA,NA,NA,NA,NA,NA,NA,NA,NA,NA,NA,NA,NA,NA,NA,NA,NA,NA,NA,NA,NA,NA,NA,NA,NA,NA,NA,NA,NA,NA,NA,NA,NA,NA,NA,NA,NA,NA,NA,NA,NA,NA,NA,NA,NA,NA,NA,NA,NA,NA,NA,NA,NA,NA,NA,NA,NA,NA,0.931403987349096,0.745196300878027,NA,NA,NA,NA
986,NA,NA,NA,NA,NA,NA,NA,NA,NA,NA,NA,NA,NA,NA,NA,NA,NA,NA,NA,NA,NA,NA,NA,NA,NA,NA,NA,NA,NA,NA,NA,NA,NA,NA,NA,NA,NA,NA,NA,NA,NA,NA,NA,NA,NA,NA,NA,NA,NA,NA,NA,NA,NA,NA,NA,NA,NA,NA,NA,NA,NA,NA,NA,NA,NA,0.983621747176977,0.961493515156891,NA,NA,NA,NA
987,NA,NA,NA,NA,NA,NA,NA,NA,NA,NA,NA,NA,NA,NA,NA,NA,NA,NA,NA,NA,NA,NA,NA,NA,NA,NA,NA,NA,NA,NA,NA,NA,NA,NA,NA,NA,NA,NA,NA,NA,NA,NA,NA,NA,NA,NA,NA,NA,NA,NA,NA,NA,NA,NA,NA,NA,NA,NA,NA,NA,NA,NA,NA,NA,NA,1.02912675511647,0.962985346227233,NA,NA,NA,NA
988,NA,NA,NA,NA,NA,NA,NA,NA,NA,NA,NA,NA,NA,NA,NA,NA,NA,NA,NA,NA,NA,NA,NA,NA,NA,NA,NA,NA,NA,NA,NA,NA,NA,NA,NA,NA,NA,NA,NA,NA,NA,NA,NA,NA,NA,NA,NA,NA,NA,NA,NA,NA,NA,NA,NA,NA,NA,NA,NA,NA,NA,NA,NA,NA,NA,0.963901507415185,0.893076355169104,NA,NA,NA,NA
989,NA,NA,NA,NA,NA,NA,NA,NA,NA,NA,NA,NA,NA,NA,NA,NA,NA,NA,NA,NA,NA,NA,NA,NA,NA,NA,NA,NA,NA,NA,NA,NA,NA,NA,NA,NA,NA,NA,NA,NA,NA,NA,NA,NA,NA,NA,NA,NA,NA,NA,NA,NA,NA,NA,NA,NA,NA,NA,NA,NA,NA,NA,NA,NA,NA,1.04348051744205,0.991710741040487,NA,NA,NA,NA
990,NA,NA,NA,NA,NA,NA,NA,NA,NA,NA,NA,NA,NA,NA,NA,NA,NA,NA,NA,NA,NA,NA,NA,NA,NA,NA,NA,NA,NA,NA,NA,NA,NA,NA,NA,NA,NA,NA,NA,NA,NA,NA,NA,NA,NA,NA,NA,NA,NA,NA,NA,NA,NA,NA,NA,NA,NA,NA,NA,NA,NA,NA,NA,NA,NA,1.11566076893793,1.15274780062568,NA,NA,NA,NA
991,NA,NA,NA,NA,NA,NA,NA,NA,NA,NA,NA,NA,NA,NA,NA,NA,NA,NA,NA,NA,NA,NA,NA,NA,NA,NA,NA,NA,NA,NA,NA,NA,NA,NA,NA,NA,NA,NA,NA,NA,NA,NA,NA,NA,NA,NA,NA,NA,NA,NA,NA,NA,NA,NA,NA,NA,NA,NA,NA,NA,NA,NA,NA,NA,NA,1.0460483676772,1.15633754623686,NA,NA,NA,NA
992,NA,NA,NA,NA,NA,NA,NA,NA,NA,NA,NA,NA,NA,NA,NA,NA,NA,NA,NA,NA,NA,NA,NA,NA,NA,NA,NA,NA,NA,NA,NA,NA,NA,NA,NA,NA,NA,NA,NA,NA,NA,NA,NA,NA,NA,NA,NA,NA,NA,NA,NA,NA,NA,NA,NA,NA,NA,NA,NA,NA,NA,NA,NA,NA,NA,1.02947898909949,1.1322625049582,NA,NA,NA,NA
993,NA,NA,NA,NA,NA,NA,NA,NA,NA,NA,NA,NA,NA,NA,NA,NA,NA,NA,NA,NA,NA,NA,NA,NA,NA,NA,NA,NA,NA,NA,NA,NA,NA,NA,NA,NA,NA,NA,NA,NA,NA,NA,NA,NA,NA,NA,NA,NA,NA,NA,NA,NA,NA,NA,NA,NA,NA,NA,NA,NA,NA,NA,NA,NA,NA,0.95577261559802,0.885598556830104,NA,NA,NA,NA
994,NA,NA,NA,NA,NA,NA,NA,NA,NA,NA,NA,NA,NA,NA,NA,NA,NA,NA,NA,NA,NA,NA,NA,NA,NA,NA,NA,NA,NA,NA,NA,NA,NA,NA,NA,NA,NA,NA,NA,NA,NA,NA,NA,NA,NA,NA,NA,NA,NA,NA,NA,NA,NA,NA,NA,NA,NA,NA,NA,NA,NA,NA,NA,NA,NA,1.03800727754109,1.13434968290578,NA,NA,NA,NA
995,NA,NA,NA,NA,NA,NA,NA,NA,NA,NA,NA,NA,NA,NA,NA,NA,NA,NA,NA,NA,NA,NA,NA,NA,NA,NA,NA,NA,NA,NA,NA,NA,NA,NA,NA,NA,NA,NA,NA,NA,NA,NA,NA,NA,NA,NA,NA,NA,NA,NA,NA,NA,NA,NA,NA,NA,NA,NA,NA,NA,NA,NA,NA,NA,NA,0.958751586534478,1.03378823540754,NA,NA,NA,NA
996,NA,NA,NA,NA,NA,NA,NA,NA,NA,NA,NA,NA,NA,NA,NA,NA,NA,NA,NA,NA,NA,NA,NA,NA,NA,NA,NA,NA,NA,NA,NA,NA,NA,NA,NA,NA,NA,NA,NA,NA,NA,NA,NA,NA,NA,NA,NA,NA,NA,NA,NA,NA,NA,NA,NA,NA,NA,NA,NA,NA,NA,NA,NA,NA,NA,1.029681354558,1.05774862977594,NA,NA,NA,NA
997,NA,NA,NA,NA,NA,NA,NA,NA,NA,NA,NA,NA,NA,NA,NA,NA,NA,NA,NA,NA,NA,NA,NA,NA,NA,NA,NA,NA,NA,NA,NA,NA,NA,NA,NA,NA,NA,NA,NA,NA,NA,NA,NA,NA,NA,NA,NA,NA,NA,NA,NA,NA,NA,NA,NA,NA,NA,NA,NA,NA,NA,NA,NA,NA,NA,1.03535556466283,1.13196631617176,NA,NA,NA,NA
998,NA,NA,NA,NA,NA,NA,NA,NA,NA,NA,NA,NA,NA,NA,NA,NA,NA,NA,NA,NA,NA,NA,NA,NA,NA,NA,NA,NA,NA,NA,NA,NA,NA,NA,NA,NA,NA,NA,NA,NA,NA,NA,NA,NA,NA,NA,NA,NA,NA,NA,NA,NA,NA,NA,NA,NA,NA,NA,NA,NA,NA,NA,NA,NA,NA,1.05821822928548,1.17717485881123,NA,NA,NA,NA
999,NA,NA,NA,NA,NA,NA,NA,NA,NA,NA,NA,NA,NA,NA,NA,NA,NA,NA,NA,NA,NA,NA,NA,NA,NA,NA,NA,NA,NA,NA,NA,NA,NA,NA,NA,NA,NA,NA,NA,NA,NA,NA,NA,NA,NA,NA,NA,NA,NA,NA,NA,NA,NA,NA,NA,NA,NA,NA,NA,NA,NA,NA,NA,NA,NA,1.06534461199791,1.15096203489167,NA,NA,NA,NA
1000,NA,NA,NA,NA,NA,NA,NA,NA,NA,NA,NA,NA,NA,NA,NA,NA,NA,NA,NA,NA,NA,NA,NA,NA,NA,NA,NA,NA,NA,NA,NA,NA,NA,NA,NA,NA,NA,NA,NA,NA,NA,NA,NA,NA,NA,NA,NA,NA,NA,NA,NA,NA,NA,NA,NA,NA,NA,NA,NA,NA,NA,NA,NA,NA,NA,1.10624030848047,1.19446209617759,NA,NA,NA,NA
1001,NA,NA,NA,NA,NA,NA,NA,NA,NA,NA,NA,NA,NA,NA,NA,NA,NA,NA,NA,NA,NA,NA,NA,NA,NA,NA,NA,NA,NA,NA,NA,NA,NA,NA,NA,NA,NA,NA,NA,NA,NA,NA,NA,NA,NA,NA,NA,NA,NA,NA,NA,NA,NA,NA,NA,NA,NA,NA,NA,NA,NA,NA,NA,NA,NA,1.06480085319175,1.10733298086791,NA,NA,NA,NA
1002,NA,NA,NA,NA,NA,NA,NA,NA,NA,NA,NA,NA,NA,NA,NA,NA,NA,NA,NA,NA,NA,NA,NA,NA,NA,NA,NA,NA,NA,NA,NA,NA,NA,NA,NA,NA,NA,NA,NA,NA,NA,NA,NA,NA,NA,NA,NA,NA,NA,NA,NA,NA,NA,NA,NA,NA,NA,NA,NA,NA,NA,NA,NA,NA,NA,1.05971316044396,1.05639444033644,NA,NA,NA,NA
1003,NA,NA,NA,NA,NA,NA,NA,NA,NA,NA,NA,NA,NA,NA,NA,NA,NA,NA,NA,NA,NA,NA,NA,NA,NA,NA,NA,NA,NA,NA,NA,NA,NA,NA,NA,NA,NA,NA,NA,NA,NA,NA,NA,NA,NA,NA,NA,NA,NA,NA,NA,NA,NA,NA,NA,NA,NA,NA,NA,NA,NA,NA,NA,NA,NA,1.03429804577623,1.05264362674694,NA,NA,NA,NA
1004,NA,NA,NA,NA,NA,NA,NA,NA,NA,NA,NA,NA,NA,NA,NA,NA,NA,NA,NA,NA,NA,NA,NA,NA,NA,NA,NA,NA,NA,NA,NA,NA,NA,NA,NA,NA,NA,NA,NA,NA,NA,NA,NA,NA,NA,NA,NA,NA,NA,NA,NA,NA,NA,NA,NA,NA,NA,NA,NA,NA,NA,NA,NA,NA,NA,1.02659807947292,1.07631525940507,NA,NA,NA,NA
1005,NA,NA,NA,NA,NA,NA,NA,NA,NA,NA,NA,NA,NA,NA,NA,NA,NA,NA,NA,NA,NA,NA,NA,NA,NA,NA,NA,NA,NA,NA,NA,NA,NA,NA,NA,NA,NA,NA,NA,NA,NA,NA,NA,NA,NA,NA,NA,NA,NA,NA,NA,NA,NA,NA,NA,NA,NA,NA,NA,NA,NA,NA,NA,NA,NA,0.991584742599113,1.08662293990492,NA,NA,NA,NA
1006,NA,NA,NA,NA,NA,NA,NA,NA,NA,NA,NA,NA,NA,NA,NA,NA,NA,NA,NA,NA,NA,NA,NA,NA,NA,NA,NA,NA,NA,NA,NA,NA,NA,NA,NA,NA,NA,NA,NA,NA,NA,NA,NA,NA,NA,NA,NA,NA,NA,NA,NA,NA,NA,NA,NA,NA,NA,NA,NA,NA,NA,NA,NA,NA,NA,0.997304569352871,1.01770163193246,NA,NA,NA,NA
1007,NA,NA,NA,NA,NA,NA,NA,NA,NA,NA,NA,NA,NA,NA,NA,NA,NA,NA,NA,NA,NA,NA,NA,NA,NA,NA,NA,NA,NA,NA,NA,NA,NA,NA,NA,NA,NA,NA,NA,NA,NA,NA,NA,NA,NA,NA,NA,NA,NA,NA,NA,NA,NA,NA,NA,NA,NA,NA,NA,NA,NA,NA,NA,NA,NA,0.971308473646808,1.03544194191746,NA,NA,NA,NA
1008,NA,NA,NA,NA,NA,NA,NA,NA,NA,NA,NA,NA,NA,NA,NA,NA,NA,NA,NA,NA,NA,NA,NA,NA,NA,NA,NA,NA,NA,NA,NA,NA,NA,NA,NA,NA,NA,NA,NA,NA,NA,NA,NA,NA,NA,NA,NA,NA,NA,NA,NA,NA,NA,NA,NA,NA,NA,NA,NA,NA,NA,NA,NA,NA,NA,0.995637390098125,1.04788446682023,NA,NA,NA,NA
1009,NA,NA,NA,NA,NA,NA,NA,NA,NA,NA,NA,NA,NA,NA,NA,NA,NA,NA,NA,NA,NA,NA,NA,NA,NA,NA,NA,NA,NA,NA,NA,NA,NA,NA,NA,NA,NA,NA,NA,NA,NA,NA,NA,NA,NA,NA,NA,NA,NA,NA,NA,NA,NA,NA,NA,NA,NA,NA,NA,NA,NA,NA,NA,NA,NA,0.9486466094701,1.03305999231748,NA,NA,NA,NA
1010,NA,NA,NA,NA,NA,NA,NA,NA,NA,NA,NA,NA,NA,NA,NA,NA,NA,NA,NA,NA,NA,NA,NA,NA,NA,NA,NA,NA,NA,NA,NA,NA,NA,NA,NA,NA,NA,NA,NA,NA,NA,NA,NA,NA,NA,NA,NA,NA,NA,NA,NA,NA,NA,NA,NA,NA,NA,NA,NA,NA,NA,NA,NA,NA,NA,0.986040178634149,1.03712552866322,NA,NA,NA,NA
1011,NA,NA,NA,NA,NA,NA,NA,NA,NA,NA,NA,NA,NA,NA,NA,NA,NA,NA,NA,NA,NA,NA,NA,NA,NA,NA,NA,NA,NA,NA,NA,NA,NA,NA,NA,NA,NA,NA,NA,NA,NA,NA,NA,NA,NA,NA,NA,NA,NA,NA,NA,NA,NA,NA,NA,NA,NA,NA,NA,NA,NA,NA,NA,NA,NA,0.982825322604637,0.875292838029523,NA,NA,NA,NA
1012,NA,NA,NA,NA,NA,NA,NA,NA,NA,NA,NA,NA,NA,NA,NA,NA,NA,NA,NA,NA,NA,NA,NA,NA,NA,NA,NA,NA,NA,NA,NA,NA,NA,NA,NA,NA,NA,NA,NA,NA,NA,NA,NA,NA,NA,NA,NA,NA,NA,NA,NA,NA,NA,NA,NA,NA,NA,NA,NA,NA,NA,NA,NA,NA,NA,0.974946177771994,0.879738327388321,NA,NA,NA,NA
1013,NA,NA,NA,NA,NA,NA,NA,NA,NA,NA,NA,NA,NA,NA,NA,NA,NA,NA,NA,NA,NA,NA,NA,NA,NA,NA,NA,NA,NA,NA,NA,NA,NA,NA,NA,NA,NA,NA,NA,NA,NA,NA,NA,NA,NA,NA,NA,NA,NA,NA,NA,NA,NA,NA,NA,NA,NA,NA,NA,NA,NA,NA,NA,NA,NA,1.01206553254362,0.926268211336253,NA,NA,NA,NA
1014,NA,NA,NA,NA,NA,NA,NA,NA,NA,NA,NA,NA,NA,NA,NA,NA,NA,NA,NA,NA,NA,NA,NA,NA,NA,NA,NA,NA,NA,NA,NA,NA,NA,NA,NA,NA,NA,NA,NA,NA,NA,NA,NA,NA,NA,NA,NA,NA,NA,NA,NA,NA,NA,NA,NA,NA,NA,NA,NA,NA,NA,NA,NA,NA,NA,1.05121760170019,1.19678259395325,NA,NA,NA,NA
1015,NA,NA,NA,NA,NA,NA,NA,NA,NA,NA,NA,NA,NA,NA,NA,NA,NA,NA,NA,NA,NA,NA,NA,NA,NA,NA,NA,NA,NA,NA,NA,NA,NA,NA,NA,NA,NA,NA,NA,NA,NA,NA,NA,NA,NA,NA,NA,NA,NA,NA,NA,NA,NA,NA,NA,NA,NA,NA,NA,NA,NA,NA,NA,NA,NA,1.03967075162906,1.01679677714351,NA,NA,NA,NA
1016,NA,NA,NA,NA,NA,NA,NA,NA,NA,NA,NA,NA,NA,NA,NA,NA,NA,NA,NA,NA,NA,NA,NA,NA,NA,NA,NA,NA,NA,NA,NA,NA,NA,NA,NA,NA,NA,NA,NA,NA,NA,NA,NA,NA,NA,NA,NA,NA,NA,NA,NA,NA,NA,NA,NA,NA,NA,NA,NA,NA,NA,NA,NA,NA,NA,1.03789322048603,1.04755114650121,NA,NA,NA,NA
1017,NA,NA,NA,NA,NA,NA,NA,NA,NA,NA,NA,NA,NA,NA,NA,NA,NA,NA,NA,NA,NA,NA,NA,NA,NA,NA,NA,NA,NA,NA,NA,NA,NA,NA,NA,NA,NA,NA,NA,NA,NA,NA,NA,NA,NA,NA,NA,NA,NA,NA,NA,NA,NA,NA,NA,NA,NA,NA,NA,NA,NA,NA,NA,NA,NA,0.968853733856414,0.895633496924641,NA,NA,NA,NA
1018,NA,NA,NA,NA,NA,NA,NA,NA,NA,NA,NA,NA,NA,NA,NA,NA,NA,NA,NA,NA,NA,NA,NA,NA,NA,NA,NA,NA,NA,NA,NA,NA,NA,NA,NA,NA,NA,NA,NA,NA,NA,NA,NA,NA,NA,NA,NA,NA,NA,NA,NA,NA,NA,NA,NA,NA,NA,NA,NA,NA,NA,NA,NA,NA,NA,1.0441221699365,1.16885496872931,NA,NA,NA,NA
1019,NA,NA,NA,NA,NA,NA,NA,NA,NA,NA,NA,NA,NA,NA,NA,NA,NA,NA,NA,NA,NA,NA,NA,NA,NA,NA,NA,NA,NA,NA,NA,NA,NA,NA,NA,NA,NA,NA,NA,NA,NA,NA,NA,NA,NA,NA,NA,NA,NA,NA,NA,NA,NA,NA,NA,NA,NA,NA,NA,NA,NA,NA,NA,NA,NA,1.06431015095354,1.18244921928479,NA,NA,NA,NA
1020,NA,NA,NA,NA,NA,NA,NA,NA,NA,NA,NA,NA,NA,NA,NA,NA,NA,NA,NA,NA,NA,NA,NA,NA,NA,NA,NA,NA,NA,NA,NA,NA,NA,NA,NA,NA,NA,NA,NA,NA,NA,NA,NA,NA,NA,NA,NA,NA,NA,NA,NA,NA,NA,NA,NA,NA,NA,NA,NA,NA,NA,NA,NA,NA,NA,1.05824544982704,1.24218572846857,NA,NA,NA,NA
1021,NA,NA,NA,NA,NA,NA,NA,NA,NA,NA,NA,NA,NA,NA,NA,NA,NA,NA,NA,NA,NA,NA,NA,NA,NA,NA,NA,NA,NA,NA,NA,NA,NA,NA,NA,NA,NA,NA,NA,NA,NA,NA,NA,NA,NA,NA,NA,NA,NA,NA,NA,NA,NA,NA,NA,NA,NA,NA,NA,NA,NA,NA,NA,NA,NA,0.989360115004903,1.02430073876163,NA,NA,NA,NA
1022,NA,NA,NA,NA,NA,NA,NA,NA,NA,NA,NA,NA,NA,NA,NA,NA,NA,NA,NA,NA,NA,NA,NA,NA,NA,NA,NA,NA,NA,NA,NA,NA,NA,NA,NA,NA,NA,NA,NA,NA,NA,NA,NA,NA,NA,NA,NA,NA,NA,NA,NA,NA,NA,NA,NA,NA,NA,NA,NA,NA,NA,NA,NA,NA,NA,0.941960543956666,0.921590367901926,NA,NA,NA,NA
1023,NA,NA,NA,NA,NA,NA,NA,NA,NA,NA,NA,NA,NA,NA,NA,NA,NA,NA,NA,NA,NA,NA,NA,NA,NA,NA,NA,NA,NA,NA,NA,NA,NA,NA,NA,NA,NA,NA,NA,NA,NA,NA,NA,NA,NA,NA,NA,NA,NA,NA,NA,NA,NA,NA,NA,NA,NA,NA,NA,NA,NA,NA,NA,NA,NA,1.0277058621329,1.05070406226634,NA,NA,NA,NA
1024,NA,NA,NA,NA,NA,NA,NA,NA,NA,NA,NA,NA,NA,NA,NA,NA,NA,NA,NA,NA,NA,NA,NA,NA,NA,NA,NA,NA,NA,NA,NA,NA,NA,NA,NA,NA,NA,NA,NA,NA,NA,NA,NA,NA,NA,NA,NA,NA,NA,NA,NA,NA,NA,NA,NA,NA,NA,NA,NA,NA,NA,NA,NA,NA,NA,1.07276870161686,1.06226876433735,NA,NA,NA,NA
1025,NA,NA,NA,NA,NA,NA,NA,NA,NA,NA,NA,NA,NA,NA,NA,NA,NA,NA,NA,NA,NA,NA,NA,NA,NA,NA,NA,NA,NA,NA,NA,NA,NA,NA,NA,NA,NA,NA,NA,NA,NA,NA,NA,NA,NA,NA,NA,NA,NA,NA,NA,NA,NA,NA,NA,NA,NA,NA,NA,NA,NA,NA,NA,NA,NA,1.09532318226853,1.14983270807926,NA,NA,NA,NA
1026,NA,NA,NA,NA,NA,NA,NA,NA,NA,NA,NA,NA,NA,NA,NA,NA,NA,NA,NA,NA,NA,NA,NA,NA,NA,NA,NA,NA,NA,NA,NA,NA,NA,NA,NA,NA,NA,NA,NA,NA,NA,NA,NA,NA,NA,NA,NA,NA,NA,NA,NA,NA,NA,NA,NA,NA,NA,NA,NA,NA,NA,NA,NA,NA,NA,1.10434994389238,1.21055817977057,NA,NA,NA,NA
1027,NA,NA,NA,NA,NA,NA,NA,NA,NA,NA,NA,NA,NA,NA,NA,NA,NA,NA,NA,NA,NA,NA,NA,NA,NA,NA,NA,NA,NA,NA,NA,NA,NA,NA,NA,NA,NA,NA,NA,NA,NA,NA,NA,NA,NA,NA,NA,NA,NA,NA,NA,NA,NA,NA,NA,NA,NA,NA,NA,NA,NA,NA,NA,NA,NA,1.09361393115887,1.2447059967641,NA,NA,NA,NA
1028,NA,NA,NA,NA,NA,NA,NA,NA,NA,NA,NA,NA,NA,NA,NA,NA,NA,NA,NA,NA,NA,NA,NA,NA,NA,NA,NA,NA,NA,NA,NA,NA,NA,NA,NA,NA,NA,NA,NA,NA,NA,NA,NA,NA,NA,NA,NA,NA,NA,NA,NA,NA,NA,NA,NA,NA,NA,NA,NA,NA,NA,NA,NA,NA,NA,1.04123455347318,1.20564180884841,NA,NA,NA,NA
1029,NA,NA,NA,NA,NA,NA,NA,NA,NA,NA,NA,NA,NA,NA,NA,NA,NA,NA,NA,NA,NA,NA,NA,NA,NA,NA,NA,NA,NA,NA,NA,NA,NA,NA,NA,NA,NA,NA,NA,NA,NA,NA,NA,NA,NA,NA,NA,NA,NA,NA,NA,NA,NA,NA,NA,NA,NA,NA,NA,NA,NA,NA,NA,NA,NA,0.957261288666398,1.05529157903162,NA,NA,NA,NA
1030,NA,NA,NA,NA,NA,NA,NA,NA,NA,NA,NA,NA,NA,NA,NA,NA,NA,NA,NA,NA,NA,NA,NA,NA,NA,NA,NA,NA,NA,NA,NA,NA,NA,NA,NA,NA,NA,NA,NA,NA,NA,NA,NA,NA,NA,NA,NA,NA,NA,NA,NA,NA,NA,NA,NA,NA,NA,NA,NA,NA,NA,NA,NA,NA,NA,0.99626368993583,0.922380329965011,NA,NA,NA,NA
1031,NA,NA,NA,NA,NA,NA,NA,NA,NA,NA,NA,NA,NA,NA,NA,NA,NA,NA,NA,NA,NA,NA,NA,NA,NA,NA,NA,NA,NA,NA,NA,NA,NA,NA,NA,NA,NA,NA,NA,NA,NA,NA,NA,NA,NA,NA,NA,NA,NA,NA,NA,NA,NA,NA,NA,NA,NA,NA,NA,NA,NA,NA,NA,NA,NA,1.00125452168671,1.00823208212393,NA,NA,NA,NA
1032,NA,NA,NA,NA,NA,NA,NA,NA,NA,NA,NA,NA,NA,NA,NA,NA,NA,NA,NA,NA,NA,NA,NA,NA,NA,NA,NA,NA,NA,NA,NA,NA,NA,NA,NA,NA,NA,NA,NA,NA,NA,NA,NA,NA,NA,NA,NA,NA,NA,NA,NA,NA,NA,NA,NA,NA,NA,NA,NA,NA,NA,NA,NA,NA,NA,1.04717843860198,1.08245543979681,NA,NA,NA,NA
1033,NA,NA,NA,NA,NA,NA,NA,NA,NA,NA,NA,NA,NA,NA,NA,NA,NA,NA,NA,NA,NA,NA,NA,NA,NA,NA,NA,NA,NA,NA,NA,NA,NA,NA,NA,NA,NA,NA,NA,NA,NA,NA,NA,NA,NA,NA,NA,NA,NA,NA,NA,NA,NA,NA,NA,NA,NA,NA,NA,NA,NA,NA,NA,NA,NA,1.12385479891416,1.24740382052691,NA,NA,NA,NA
1034,NA,NA,NA,NA,NA,NA,NA,NA,NA,NA,NA,NA,NA,NA,NA,NA,NA,NA,NA,NA,NA,NA,NA,NA,NA,NA,NA,NA,NA,NA,NA,NA,NA,NA,NA,NA,NA,NA,NA,NA,NA,NA,NA,NA,NA,NA,NA,NA,NA,NA,NA,NA,NA,NA,NA,NA,NA,NA,NA,NA,NA,NA,NA,NA,NA,1.07125525597372,1.2019605207859,NA,NA,NA,NA
1035,NA,NA,NA,NA,NA,NA,NA,NA,NA,NA,NA,NA,NA,NA,NA,NA,NA,NA,NA,NA,NA,NA,NA,NA,NA,NA,NA,NA,NA,NA,NA,NA,NA,NA,NA,NA,NA,NA,NA,NA,NA,NA,NA,NA,NA,NA,NA,NA,NA,NA,NA,NA,NA,NA,NA,NA,NA,NA,NA,NA,NA,NA,NA,NA,NA,1.01624120476552,1.0709173216953,NA,NA,NA,NA
1036,NA,NA,NA,NA,NA,NA,NA,NA,NA,NA,NA,NA,NA,NA,NA,NA,NA,NA,NA,NA,NA,NA,NA,NA,NA,NA,NA,NA,NA,NA,NA,NA,NA,NA,NA,NA,NA,NA,NA,NA,NA,NA,NA,NA,NA,NA,NA,NA,NA,NA,NA,NA,NA,NA,NA,NA,NA,NA,NA,NA,NA,NA,NA,NA,NA,1.04939944797116,1.12035191672044,NA,NA,NA,NA
1037,NA,NA,NA,NA,NA,NA,NA,NA,NA,NA,NA,NA,NA,NA,NA,NA,NA,NA,NA,NA,NA,NA,NA,NA,NA,NA,NA,NA,NA,NA,NA,NA,NA,NA,NA,NA,NA,NA,NA,NA,NA,NA,NA,NA,NA,NA,NA,NA,NA,NA,NA,NA,NA,NA,NA,NA,NA,NA,NA,NA,NA,NA,NA,NA,NA,0.988212523859365,1.15249115615463,NA,NA,NA,NA
1038,NA,NA,NA,NA,NA,NA,NA,NA,NA,NA,NA,NA,NA,NA,NA,NA,NA,NA,NA,NA,NA,NA,NA,NA,NA,NA,NA,NA,NA,NA,NA,NA,NA,NA,NA,NA,NA,NA,NA,NA,NA,NA,NA,NA,NA,NA,NA,NA,NA,NA,NA,NA,NA,NA,NA,NA,NA,NA,NA,NA,NA,NA,NA,NA,NA,0.916176023873376,0.955288360126724,NA,NA,NA,NA
1039,NA,NA,NA,NA,NA,NA,NA,NA,NA,NA,NA,NA,NA,NA,NA,NA,NA,NA,NA,NA,NA,NA,NA,NA,NA,NA,NA,NA,NA,NA,NA,NA,NA,NA,NA,NA,NA,NA,NA,NA,NA,NA,NA,NA,NA,NA,NA,NA,NA,NA,NA,NA,NA,NA,NA,NA,NA,NA,NA,NA,NA,NA,NA,NA,NA,0.92946421633105,0.773462176286795,NA,NA,NA,NA
1040,NA,NA,NA,NA,NA,NA,NA,NA,NA,NA,NA,NA,NA,NA,NA,NA,NA,NA,NA,NA,NA,NA,NA,NA,NA,NA,NA,NA,NA,NA,NA,NA,NA,NA,NA,NA,NA,NA,NA,NA,NA,NA,NA,NA,NA,NA,NA,NA,NA,NA,NA,NA,NA,NA,NA,NA,NA,NA,NA,NA,NA,NA,NA,NA,NA,0.98832833369934,0.839446590788688,NA,NA,NA,NA
1041,NA,NA,NA,NA,NA,NA,NA,NA,NA,NA,NA,NA,NA,NA,NA,NA,NA,NA,NA,NA,NA,NA,NA,NA,NA,NA,NA,NA,NA,NA,NA,NA,NA,NA,NA,NA,NA,NA,NA,NA,NA,NA,NA,NA,NA,NA,NA,NA,NA,NA,NA,NA,NA,NA,NA,NA,NA,NA,NA,NA,NA,NA,NA,NA,NA,0.992986012428575,0.803558862971425,NA,NA,NA,NA
1042,NA,NA,NA,NA,NA,NA,NA,NA,NA,NA,NA,NA,NA,NA,NA,NA,NA,NA,NA,NA,NA,NA,NA,NA,NA,NA,NA,NA,NA,NA,NA,NA,NA,NA,NA,NA,NA,NA,NA,NA,NA,NA,NA,NA,NA,NA,NA,NA,NA,NA,NA,NA,NA,NA,NA,NA,NA,NA,NA,NA,NA,NA,NA,NA,NA,0.87255613012375,0.814873642611833,NA,NA,NA,NA
1043,NA,NA,NA,NA,NA,NA,NA,NA,NA,NA,NA,NA,NA,NA,NA,NA,NA,NA,NA,NA,NA,NA,NA,NA,NA,NA,NA,NA,NA,NA,NA,NA,NA,NA,NA,NA,NA,NA,NA,NA,NA,NA,NA,NA,NA,NA,NA,NA,NA,NA,NA,NA,NA,NA,NA,NA,NA,NA,NA,NA,NA,NA,NA,NA,NA,1.02144027333266,1.08015789755267,NA,NA,NA,NA
1044,NA,NA,NA,NA,NA,NA,NA,NA,NA,NA,NA,NA,NA,NA,NA,NA,NA,NA,NA,NA,NA,NA,NA,NA,NA,NA,NA,NA,NA,NA,NA,NA,NA,NA,NA,NA,NA,NA,NA,NA,NA,NA,NA,NA,NA,NA,NA,NA,NA,NA,NA,NA,NA,NA,NA,NA,NA,NA,NA,NA,NA,NA,NA,NA,NA,1.03896416765979,1.09143987624787,NA,NA,NA,NA
1045,NA,NA,NA,NA,NA,NA,NA,NA,NA,NA,NA,NA,NA,NA,NA,NA,NA,NA,NA,NA,NA,NA,NA,NA,NA,NA,NA,NA,NA,NA,NA,NA,NA,NA,NA,NA,NA,NA,NA,NA,NA,NA,NA,NA,NA,NA,NA,NA,NA,NA,NA,NA,NA,NA,NA,NA,NA,NA,NA,NA,NA,NA,NA,NA,NA,1.02031613101769,1.11835843219697,NA,NA,NA,NA
1046,NA,NA,NA,NA,NA,NA,NA,NA,NA,NA,NA,NA,NA,NA,NA,NA,NA,NA,NA,NA,NA,NA,NA,NA,NA,NA,NA,NA,NA,NA,NA,NA,NA,NA,NA,NA,NA,NA,NA,NA,NA,NA,NA,NA,NA,NA,NA,NA,NA,NA,NA,NA,NA,NA,NA,NA,NA,NA,NA,NA,NA,NA,NA,NA,NA,1.03329519497648,1.05883672156468,NA,NA,NA,NA
1047,NA,NA,NA,NA,NA,NA,NA,NA,NA,NA,NA,NA,NA,NA,NA,NA,NA,NA,NA,NA,NA,NA,NA,NA,NA,NA,NA,NA,NA,NA,NA,NA,NA,NA,NA,NA,NA,NA,NA,NA,NA,NA,NA,NA,NA,NA,NA,NA,NA,NA,NA,NA,NA,NA,NA,NA,NA,NA,NA,NA,NA,NA,NA,NA,NA,0.995403080819822,0.927147246418478,NA,NA,NA,NA
1048,NA,NA,NA,NA,NA,NA,NA,NA,NA,NA,NA,NA,NA,NA,NA,NA,NA,NA,NA,NA,NA,NA,NA,NA,NA,NA,NA,NA,NA,NA,NA,NA,NA,NA,NA,NA,NA,NA,NA,NA,NA,NA,NA,NA,NA,NA,NA,NA,NA,NA,NA,NA,NA,NA,NA,NA,NA,NA,NA,NA,NA,NA,NA,NA,NA,1.02982085187143,1.03180369155476,NA,NA,NA,NA
1049,NA,NA,NA,NA,NA,NA,NA,NA,NA,NA,NA,NA,NA,NA,NA,NA,NA,NA,NA,NA,NA,NA,NA,NA,NA,NA,NA,NA,NA,NA,NA,NA,NA,NA,NA,NA,NA,NA,NA,NA,NA,NA,NA,NA,NA,NA,NA,NA,NA,NA,NA,NA,NA,NA,NA,NA,NA,NA,NA,NA,NA,NA,NA,NA,NA,0.9835930809489,0.988488424984927,NA,NA,NA,NA
1050,NA,NA,NA,NA,NA,NA,NA,NA,NA,NA,NA,NA,NA,NA,NA,NA,NA,NA,NA,NA,NA,NA,NA,NA,NA,NA,NA,NA,NA,NA,NA,NA,NA,NA,NA,NA,NA,NA,NA,NA,NA,NA,NA,NA,NA,NA,NA,NA,NA,NA,NA,NA,NA,NA,NA,NA,NA,NA,NA,NA,NA,NA,NA,NA,NA,0.997703503174986,0.862509022935763,NA,NA,NA,NA
1051,NA,NA,NA,NA,NA,NA,NA,NA,NA,NA,NA,NA,NA,NA,NA,NA,NA,NA,NA,NA,NA,NA,NA,NA,NA,NA,NA,NA,NA,NA,NA,NA,NA,NA,NA,NA,NA,NA,NA,NA,NA,NA,NA,NA,NA,NA,NA,NA,NA,NA,NA,NA,NA,NA,NA,NA,NA,NA,NA,NA,NA,NA,NA,NA,NA,1.01725241718897,1.00326086649478,NA,NA,NA,NA
1052,NA,NA,NA,NA,NA,NA,NA,NA,NA,NA,NA,NA,NA,NA,NA,NA,NA,NA,NA,NA,NA,NA,NA,NA,NA,NA,NA,NA,NA,NA,NA,NA,NA,NA,NA,NA,NA,NA,NA,NA,NA,NA,NA,NA,NA,NA,NA,NA,NA,NA,NA,NA,NA,NA,NA,NA,NA,NA,NA,NA,NA,NA,NA,NA,NA,0.990558468835019,0.994722372943,NA,NA,NA,NA
1053,NA,NA,NA,NA,NA,NA,NA,NA,NA,NA,NA,NA,NA,NA,NA,NA,NA,NA,NA,NA,NA,NA,NA,NA,NA,NA,NA,NA,NA,NA,NA,NA,NA,NA,NA,NA,NA,NA,NA,NA,NA,NA,NA,NA,NA,NA,NA,NA,NA,NA,NA,NA,NA,NA,NA,NA,NA,NA,NA,NA,NA,NA,NA,NA,NA,0.981105380174773,0.906532513577484,NA,NA,NA,NA
1054,NA,NA,NA,NA,NA,NA,NA,NA,NA,NA,NA,NA,NA,NA,NA,NA,NA,NA,NA,NA,NA,NA,NA,NA,NA,NA,NA,NA,NA,NA,NA,NA,NA,NA,NA,NA,NA,NA,NA,NA,NA,NA,NA,NA,NA,NA,NA,NA,NA,NA,NA,NA,NA,NA,NA,NA,NA,NA,NA,NA,NA,NA,NA,NA,NA,1.02442613087147,1.04959397439595,NA,NA,NA,NA
1055,NA,NA,NA,NA,NA,NA,NA,NA,NA,NA,NA,NA,NA,NA,NA,NA,NA,NA,NA,NA,NA,NA,NA,NA,NA,NA,NA,NA,NA,NA,NA,NA,NA,NA,NA,NA,NA,NA,NA,NA,NA,NA,NA,NA,NA,NA,NA,NA,NA,NA,NA,NA,NA,NA,NA,NA,NA,NA,NA,NA,NA,NA,NA,NA,NA,1.00054042840684,1.02279669262794,NA,NA,NA,NA
1056,NA,NA,NA,NA,NA,NA,NA,NA,NA,NA,NA,NA,NA,NA,NA,NA,NA,NA,NA,NA,NA,NA,NA,NA,NA,NA,NA,NA,NA,NA,NA,NA,NA,NA,NA,NA,NA,NA,NA,NA,NA,NA,NA,NA,NA,NA,NA,NA,NA,NA,NA,NA,NA,NA,NA,NA,NA,NA,NA,NA,NA,NA,NA,NA,NA,1.00232040861333,1.00258336131425,NA,NA,NA,NA
1057,NA,NA,NA,NA,NA,NA,NA,NA,NA,NA,NA,NA,NA,NA,NA,NA,NA,NA,NA,NA,NA,NA,NA,NA,NA,NA,NA,NA,NA,NA,NA,NA,NA,NA,NA,NA,NA,NA,NA,NA,NA,NA,NA,NA,NA,NA,NA,NA,NA,NA,NA,NA,NA,NA,NA,NA,NA,NA,NA,NA,NA,NA,NA,NA,NA,0.988412720617356,1.04334235497739,NA,NA,NA,NA
1058,NA,NA,NA,NA,NA,NA,NA,NA,NA,NA,NA,NA,NA,NA,NA,NA,NA,NA,NA,NA,NA,NA,NA,NA,NA,NA,NA,NA,NA,NA,NA,NA,NA,NA,NA,NA,NA,NA,NA,NA,NA,NA,NA,NA,NA,NA,NA,NA,NA,NA,NA,NA,NA,NA,NA,NA,NA,NA,NA,NA,NA,NA,NA,NA,NA,0.988604808354302,1.06265301116968,NA,NA,NA,NA
1059,NA,NA,NA,NA,NA,NA,NA,NA,NA,NA,NA,NA,NA,NA,NA,NA,NA,NA,NA,NA,NA,NA,NA,NA,NA,NA,NA,NA,NA,NA,NA,NA,NA,NA,NA,NA,NA,NA,NA,NA,NA,NA,NA,NA,NA,NA,NA,NA,NA,NA,NA,NA,NA,NA,NA,NA,NA,NA,NA,NA,NA,NA,NA,NA,NA,0.977765845932363,0.787886133345733,NA,NA,NA,NA
1060,NA,NA,NA,NA,NA,NA,NA,NA,NA,NA,NA,NA,NA,NA,NA,NA,NA,NA,NA,NA,NA,NA,NA,NA,NA,NA,NA,NA,NA,NA,NA,NA,NA,NA,NA,NA,NA,NA,NA,NA,NA,NA,NA,NA,NA,NA,NA,NA,NA,NA,NA,NA,NA,NA,NA,NA,NA,NA,NA,NA,NA,NA,NA,NA,NA,0.924600701020819,0.904191287377865,NA,NA,NA,NA
1061,NA,NA,NA,NA,NA,NA,NA,NA,NA,NA,NA,NA,NA,NA,NA,NA,NA,NA,NA,NA,NA,NA,NA,NA,NA,NA,NA,NA,NA,NA,NA,NA,NA,NA,NA,NA,NA,NA,NA,NA,NA,NA,NA,NA,NA,NA,NA,NA,NA,NA,NA,NA,NA,NA,NA,NA,NA,NA,NA,NA,NA,NA,NA,NA,NA,1.04101475248762,1.05555878715736,NA,NA,NA,NA
1062,NA,NA,NA,NA,NA,NA,NA,NA,NA,NA,NA,NA,NA,NA,NA,NA,NA,NA,NA,NA,NA,NA,NA,NA,NA,NA,NA,NA,NA,NA,NA,NA,NA,NA,NA,NA,NA,NA,NA,NA,NA,NA,NA,NA,NA,NA,NA,NA,NA,NA,NA,NA,NA,NA,NA,NA,NA,NA,NA,NA,NA,NA,NA,NA,NA,1.02943861090167,1.02582901375711,NA,NA,NA,NA
1063,NA,NA,NA,NA,NA,NA,NA,NA,NA,NA,NA,NA,NA,NA,NA,NA,NA,NA,NA,NA,NA,NA,NA,NA,NA,NA,NA,NA,NA,NA,NA,NA,NA,NA,NA,NA,NA,NA,NA,NA,NA,NA,NA,NA,NA,NA,NA,NA,NA,NA,NA,NA,NA,NA,NA,NA,NA,NA,NA,NA,NA,NA,NA,NA,NA,0.967230183115998,0.981393144662618,NA,NA,NA,NA
1064,NA,NA,NA,NA,NA,NA,NA,NA,NA,NA,NA,NA,NA,NA,NA,NA,NA,NA,NA,NA,NA,NA,NA,NA,NA,NA,NA,NA,NA,NA,NA,NA,NA,NA,NA,NA,NA,NA,NA,NA,NA,NA,NA,NA,NA,NA,NA,NA,NA,NA,NA,NA,NA,NA,NA,NA,NA,NA,NA,NA,NA,NA,NA,NA,NA,0.951435603271243,0.985540761076417,NA,NA,NA,NA
1065,NA,NA,NA,NA,NA,NA,NA,NA,NA,NA,NA,NA,NA,NA,NA,NA,NA,NA,NA,NA,NA,NA,NA,NA,NA,NA,NA,NA,NA,NA,NA,NA,NA,NA,NA,NA,NA,NA,NA,NA,NA,NA,NA,NA,NA,NA,NA,NA,NA,NA,NA,NA,NA,NA,NA,NA,NA,NA,NA,NA,NA,NA,NA,NA,NA,0.9417857846524,1.04753823058238,NA,NA,NA,NA
1066,NA,NA,NA,NA,NA,NA,NA,NA,NA,NA,NA,NA,NA,NA,NA,NA,NA,NA,NA,NA,NA,NA,NA,NA,NA,NA,NA,NA,NA,NA,NA,NA,NA,NA,NA,NA,NA,NA,NA,NA,NA,NA,NA,NA,NA,NA,NA,NA,NA,NA,NA,NA,NA,NA,NA,NA,NA,NA,NA,NA,NA,NA,NA,NA,NA,0.955450052592597,0.892659521320157,NA,NA,NA,NA
1067,NA,NA,NA,NA,NA,NA,NA,NA,NA,NA,NA,NA,NA,NA,NA,NA,NA,NA,NA,NA,NA,NA,NA,NA,NA,NA,NA,NA,NA,NA,NA,NA,NA,NA,NA,NA,NA,NA,NA,NA,NA,NA,NA,NA,NA,NA,NA,NA,NA,NA,NA,NA,NA,NA,NA,NA,NA,NA,NA,NA,NA,NA,NA,NA,NA,0.984942033568105,0.971495991807398,NA,NA,NA,NA
1068,NA,NA,NA,NA,NA,NA,NA,NA,NA,NA,NA,NA,NA,NA,NA,NA,NA,NA,NA,NA,NA,NA,NA,NA,NA,NA,NA,NA,NA,NA,NA,NA,NA,NA,NA,NA,NA,NA,NA,NA,NA,NA,NA,NA,NA,NA,NA,NA,NA,NA,NA,NA,NA,NA,NA,NA,NA,NA,NA,NA,NA,NA,NA,NA,NA,0.944695425874537,0.880815992734964,NA,NA,NA,NA
1069,NA,NA,NA,NA,NA,NA,NA,NA,NA,NA,NA,NA,NA,NA,NA,NA,NA,NA,NA,NA,NA,NA,NA,NA,NA,NA,NA,NA,NA,NA,NA,NA,NA,NA,NA,NA,NA,NA,NA,NA,NA,NA,NA,NA,NA,NA,NA,NA,NA,NA,NA,NA,NA,NA,NA,NA,NA,NA,NA,NA,NA,NA,NA,NA,NA,1.05726533359184,1.05951979743651,NA,NA,NA,NA
1070,NA,NA,NA,NA,NA,NA,NA,NA,NA,NA,NA,NA,NA,NA,NA,NA,NA,NA,NA,NA,NA,NA,NA,NA,NA,NA,NA,NA,NA,NA,NA,NA,NA,NA,NA,NA,NA,NA,NA,NA,NA,NA,NA,NA,NA,NA,NA,NA,NA,NA,NA,NA,NA,NA,NA,NA,NA,NA,NA,NA,NA,NA,NA,NA,NA,1.06085028975898,1.18046503800414,NA,NA,NA,NA
1071,NA,NA,NA,NA,NA,NA,NA,NA,NA,NA,NA,NA,NA,NA,NA,NA,NA,NA,NA,NA,NA,NA,NA,NA,NA,NA,NA,NA,NA,NA,NA,NA,NA,NA,NA,NA,NA,NA,NA,NA,NA,NA,NA,NA,NA,NA,NA,NA,NA,NA,NA,NA,NA,NA,NA,NA,NA,NA,NA,NA,NA,NA,NA,NA,NA,0.940900717959405,1.16441499288691,NA,NA,NA,NA
1072,NA,NA,NA,NA,NA,NA,NA,NA,NA,NA,NA,NA,NA,NA,NA,NA,NA,NA,NA,NA,NA,NA,NA,NA,NA,NA,NA,NA,NA,NA,NA,NA,NA,NA,NA,NA,NA,NA,NA,NA,NA,NA,NA,NA,NA,NA,NA,NA,NA,NA,NA,NA,NA,NA,NA,NA,NA,NA,NA,NA,NA,NA,NA,NA,NA,0.976228672588784,1.10567143139516,NA,NA,NA,NA
1073,NA,NA,NA,NA,NA,NA,NA,NA,NA,NA,NA,NA,NA,NA,NA,NA,NA,NA,NA,NA,NA,NA,NA,NA,NA,NA,NA,NA,NA,NA,NA,NA,NA,NA,NA,NA,NA,NA,NA,NA,NA,NA,NA,NA,NA,NA,NA,NA,NA,NA,NA,NA,NA,NA,NA,NA,NA,NA,NA,NA,NA,NA,NA,NA,NA,0.914513354354685,1.01217068675685,NA,NA,NA,NA
1074,NA,NA,NA,NA,NA,NA,NA,NA,NA,NA,NA,NA,NA,NA,NA,NA,NA,NA,NA,NA,NA,NA,NA,NA,NA,NA,NA,NA,NA,NA,NA,NA,NA,NA,NA,NA,NA,NA,NA,NA,NA,NA,NA,NA,NA,NA,NA,NA,NA,NA,NA,NA,NA,NA,NA,NA,NA,NA,NA,NA,NA,NA,NA,NA,NA,0.880229443386053,0.762192790885174,NA,NA,NA,NA
1075,NA,NA,NA,NA,NA,NA,NA,NA,NA,NA,NA,NA,NA,NA,NA,NA,NA,NA,NA,NA,NA,NA,NA,NA,NA,NA,NA,NA,NA,NA,NA,NA,NA,NA,NA,NA,NA,NA,NA,NA,NA,NA,NA,NA,NA,NA,NA,NA,NA,NA,NA,NA,NA,NA,NA,NA,NA,NA,NA,NA,NA,NA,NA,NA,NA,0.887524019689802,0.827398322555241,NA,NA,NA,NA
1076,NA,NA,NA,NA,NA,NA,NA,NA,NA,NA,NA,NA,NA,NA,NA,NA,NA,NA,NA,NA,NA,NA,NA,NA,NA,NA,NA,NA,NA,NA,NA,NA,NA,NA,NA,NA,NA,NA,NA,NA,NA,NA,NA,NA,NA,NA,NA,NA,NA,NA,NA,NA,NA,NA,NA,NA,NA,NA,NA,NA,NA,NA,NA,NA,NA,0.903479554719811,0.864062746350286,NA,NA,NA,NA
1077,NA,NA,NA,NA,NA,NA,NA,NA,NA,NA,NA,NA,NA,NA,NA,NA,NA,NA,NA,NA,NA,NA,NA,NA,NA,NA,NA,NA,NA,NA,NA,NA,NA,NA,NA,NA,NA,NA,NA,NA,NA,NA,NA,NA,NA,NA,NA,NA,NA,NA,NA,NA,NA,NA,NA,NA,NA,NA,NA,NA,NA,NA,NA,NA,NA,0.93613484241894,0.773040018948088,NA,NA,NA,NA
1078,NA,NA,NA,NA,NA,NA,NA,NA,NA,NA,NA,NA,NA,NA,NA,NA,NA,NA,NA,NA,NA,NA,NA,NA,NA,NA,NA,NA,NA,NA,NA,NA,NA,NA,NA,NA,NA,NA,NA,NA,NA,NA,NA,NA,NA,NA,NA,NA,NA,NA,NA,NA,NA,NA,NA,NA,NA,NA,NA,NA,NA,NA,NA,NA,NA,NA,0.80292239521596,NA,NA,NA,NA
1079,NA,NA,NA,NA,NA,NA,NA,NA,NA,NA,NA,NA,NA,NA,NA,NA,NA,NA,NA,NA,NA,NA,NA,NA,NA,NA,NA,NA,NA,NA,NA,NA,NA,NA,NA,NA,NA,NA,NA,NA,NA,NA,NA,NA,NA,NA,NA,NA,NA,NA,NA,NA,NA,NA,NA,NA,NA,NA,NA,NA,NA,NA,NA,NA,NA,NA,1.04243838539524,NA,NA,NA,NA
1080,NA,NA,NA,NA,NA,NA,NA,NA,NA,NA,NA,NA,NA,NA,NA,NA,NA,NA,NA,NA,NA,NA,NA,NA,NA,NA,NA,NA,NA,NA,NA,NA,NA,NA,NA,NA,NA,NA,NA,NA,NA,NA,NA,NA,NA,NA,NA,NA,NA,NA,NA,NA,NA,NA,NA,NA,NA,NA,NA,NA,NA,NA,NA,NA,NA,NA,0.926169077318806,NA,NA,NA,NA
1081,NA,NA,NA,NA,NA,NA,NA,NA,NA,NA,NA,NA,NA,NA,NA,NA,NA,NA,NA,NA,NA,NA,NA,NA,NA,NA,NA,NA,NA,NA,NA,NA,NA,NA,NA,NA,NA,NA,NA,NA,NA,NA,NA,NA,NA,NA,NA,NA,NA,NA,NA,NA,NA,NA,NA,NA,NA,NA,NA,NA,NA,NA,NA,NA,NA,NA,0.722730411152051,NA,NA,NA,NA
1082,NA,NA,NA,NA,NA,NA,NA,NA,NA,NA,NA,NA,NA,NA,NA,NA,NA,NA,NA,NA,NA,NA,NA,NA,NA,NA,NA,NA,NA,NA,NA,NA,NA,NA,NA,NA,NA,NA,NA,NA,NA,NA,NA,NA,NA,NA,NA,NA,NA,NA,NA,NA,NA,NA,NA,NA,NA,NA,NA,NA,NA,NA,NA,NA,NA,NA,0.840226202786476,NA,NA,NA,NA
1083,NA,NA,NA,NA,NA,NA,NA,NA,NA,NA,NA,NA,NA,NA,NA,NA,NA,NA,NA,NA,NA,NA,NA,NA,NA,NA,NA,NA,NA,NA,NA,NA,NA,NA,NA,NA,NA,NA,NA,NA,NA,NA,NA,NA,NA,NA,NA,NA,NA,NA,NA,NA,NA,NA,NA,NA,NA,NA,NA,NA,NA,NA,NA,NA,NA,NA,0.815589903930805,NA,NA,NA,NA
1084,NA,NA,NA,NA,NA,NA,NA,NA,NA,NA,NA,NA,NA,NA,NA,NA,NA,NA,NA,NA,NA,NA,NA,NA,NA,NA,NA,NA,NA,NA,NA,NA,NA,NA,NA,NA,NA,NA,NA,NA,NA,NA,NA,NA,NA,NA,NA,NA,NA,NA,NA,NA,NA,NA,NA,NA,NA,NA,NA,NA,NA,NA,NA,NA,NA,NA,1.05766754515235,NA,NA,NA,NA
1085,NA,NA,NA,NA,NA,NA,NA,NA,NA,NA,NA,NA,NA,NA,NA,NA,NA,NA,NA,NA,NA,NA,NA,NA,NA,NA,NA,NA,NA,NA,NA,NA,NA,NA,NA,NA,NA,NA,NA,NA,NA,NA,NA,NA,NA,NA,NA,NA,NA,NA,NA,NA,NA,NA,NA,NA,NA,NA,NA,NA,NA,NA,NA,NA,NA,NA,0.939297429335092,NA,NA,NA,NA
1086,NA,NA,NA,NA,NA,NA,NA,NA,NA,NA,NA,NA,NA,NA,NA,NA,NA,NA,NA,NA,NA,NA,NA,NA,NA,NA,NA,NA,NA,NA,NA,NA,NA,NA,NA,NA,NA,NA,NA,NA,NA,NA,NA,NA,NA,NA,NA,NA,NA,NA,NA,NA,NA,NA,NA,NA,NA,NA,NA,NA,NA,NA,NA,NA,NA,NA,1.02300034555219,NA,NA,NA,NA
1087,NA,NA,NA,NA,NA,NA,NA,NA,NA,NA,NA,NA,NA,NA,NA,NA,NA,NA,NA,NA,NA,NA,NA,NA,NA,NA,NA,NA,NA,NA,NA,NA,NA,NA,NA,NA,NA,NA,NA,NA,NA,NA,NA,NA,NA,NA,NA,NA,NA,NA,NA,NA,NA,NA,NA,NA,NA,NA,NA,NA,NA,NA,NA,NA,NA,NA,0.955038292321811,NA,NA,NA,NA
1088,NA,NA,NA,NA,NA,NA,NA,NA,NA,NA,NA,NA,NA,NA,NA,NA,NA,NA,NA,NA,NA,NA,NA,NA,NA,NA,NA,NA,NA,NA,NA,NA,NA,NA,NA,NA,NA,NA,NA,NA,NA,NA,NA,NA,NA,NA,NA,NA,NA,NA,NA,NA,NA,NA,NA,NA,NA,NA,NA,NA,NA,NA,NA,NA,NA,NA,0.848806610751853,NA,NA,NA,NA
1089,NA,NA,NA,NA,NA,NA,NA,NA,NA,NA,NA,NA,NA,NA,NA,NA,NA,NA,NA,NA,NA,NA,NA,NA,NA,NA,NA,NA,NA,NA,NA,NA,NA,NA,NA,NA,NA,NA,NA,NA,NA,NA,NA,NA,NA,NA,NA,NA,NA,NA,NA,NA,NA,NA,NA,NA,NA,NA,NA,NA,NA,NA,NA,NA,NA,NA,0.840791649354121,NA,NA,NA,NA
1090,NA,NA,NA,NA,NA,NA,NA,NA,NA,NA,NA,NA,NA,NA,NA,NA,NA,NA,NA,NA,NA,NA,NA,NA,NA,NA,NA,NA,NA,NA,NA,NA,NA,NA,NA,NA,NA,NA,NA,NA,NA,NA,NA,NA,NA,NA,NA,NA,NA,NA,NA,NA,NA,NA,NA,NA,NA,NA,NA,NA,NA,NA,NA,NA,NA,NA,0.84162788120451,NA,NA,NA,NA
1091,NA,NA,NA,NA,NA,NA,NA,NA,NA,NA,NA,NA,NA,NA,NA,NA,NA,NA,NA,NA,NA,NA,NA,NA,NA,NA,NA,NA,NA,NA,NA,NA,NA,NA,NA,NA,NA,NA,NA,NA,NA,NA,NA,NA,NA,NA,NA,NA,NA,NA,NA,NA,NA,NA,NA,NA,NA,NA,NA,NA,NA,NA,NA,NA,NA,NA,0.818382230279439,NA,NA,NA,NA
1092,NA,NA,NA,NA,NA,NA,NA,NA,NA,NA,NA,NA,NA,NA,NA,NA,NA,NA,NA,NA,NA,NA,NA,NA,NA,NA,NA,NA,NA,NA,NA,NA,NA,NA,NA,NA,NA,NA,NA,NA,NA,NA,NA,NA,NA,NA,NA,NA,NA,NA,NA,NA,NA,NA,NA,NA,NA,NA,NA,NA,NA,NA,NA,NA,NA,NA,0.948392151234801,NA,NA,NA,NA
1093,NA,NA,NA,NA,NA,NA,NA,NA,NA,NA,NA,NA,NA,NA,NA,NA,NA,NA,NA,NA,NA,NA,NA,NA,NA,NA,NA,NA,NA,NA,NA,NA,NA,NA,NA,NA,NA,NA,NA,NA,NA,NA,NA,NA,NA,NA,NA,NA,NA,NA,NA,NA,NA,NA,NA,NA,NA,NA,NA,NA,NA,NA,NA,NA,NA,NA,0.943790455359586,NA,NA,NA,NA
1094,NA,NA,NA,NA,NA,NA,NA,NA,NA,NA,NA,NA,NA,NA,NA,NA,NA,NA,NA,NA,NA,NA,NA,NA,NA,NA,NA,NA,NA,NA,NA,NA,NA,NA,NA,NA,NA,NA,NA,NA,NA,NA,NA,NA,NA,NA,NA,NA,NA,NA,NA,NA,NA,NA,NA,NA,NA,NA,NA,NA,NA,NA,NA,NA,NA,NA,0.962746187618273,NA,NA,NA,NA
1095,NA,NA,NA,NA,NA,NA,NA,NA,NA,NA,NA,NA,NA,NA,NA,NA,NA,NA,NA,NA,NA,NA,NA,NA,NA,NA,NA,NA,NA,NA,NA,NA,NA,NA,NA,NA,NA,NA,NA,NA,NA,NA,NA,NA,NA,NA,NA,NA,NA,NA,NA,NA,NA,NA,NA,NA,NA,NA,NA,NA,NA,NA,NA,NA,NA,NA,0.936205867806991,NA,NA,NA,NA
1096,NA,NA,NA,NA,NA,NA,NA,NA,NA,NA,NA,NA,NA,NA,NA,NA,NA,NA,NA,NA,NA,NA,NA,NA,NA,NA,NA,NA,NA,NA,NA,NA,NA,NA,NA,NA,NA,NA,NA,NA,NA,NA,NA,NA,NA,NA,NA,NA,NA,NA,NA,NA,NA,NA,NA,NA,NA,NA,NA,NA,NA,NA,NA,NA,NA,NA,0.998963500410358,NA,NA,NA,NA
1097,NA,NA,NA,NA,NA,NA,NA,NA,NA,NA,NA,NA,NA,NA,NA,NA,NA,NA,NA,NA,NA,NA,NA,NA,NA,NA,NA,NA,NA,NA,NA,NA,NA,NA,NA,NA,NA,NA,NA,NA,NA,NA,NA,NA,NA,NA,NA,NA,NA,NA,NA,NA,NA,NA,NA,NA,NA,NA,NA,NA,NA,NA,NA,NA,NA,NA,1.09225697697904,NA,NA,NA,NA
1098,NA,NA,NA,NA,NA,NA,NA,NA,NA,NA,NA,NA,NA,NA,NA,NA,NA,NA,NA,NA,NA,NA,NA,NA,NA,NA,NA,NA,NA,NA,NA,NA,NA,NA,NA,NA,NA,NA,NA,NA,NA,NA,NA,NA,NA,NA,NA,NA,NA,NA,NA,NA,NA,NA,NA,NA,NA,NA,NA,NA,NA,NA,NA,NA,NA,NA,0.986061215746527,NA,NA,NA,NA
1099,NA,NA,NA,NA,NA,NA,NA,NA,NA,NA,NA,NA,NA,NA,NA,NA,NA,NA,NA,NA,NA,NA,NA,NA,NA,NA,NA,NA,NA,NA,NA,NA,NA,NA,NA,NA,NA,NA,NA,NA,NA,NA,NA,NA,NA,NA,NA,NA,NA,NA,NA,NA,NA,NA,NA,NA,NA,NA,NA,NA,NA,NA,NA,NA,NA,NA,1.04638584796781,NA,NA,NA,NA
1100,NA,NA,NA,NA,NA,NA,NA,NA,NA,NA,NA,NA,NA,NA,NA,NA,NA,NA,NA,NA,NA,NA,NA,NA,NA,NA,NA,NA,NA,NA,NA,NA,NA,NA,NA,NA,NA,NA,NA,NA,NA,NA,NA,NA,NA,NA,NA,NA,NA,NA,NA,NA,NA,NA,NA,NA,NA,NA,NA,NA,NA,NA,NA,NA,NA,NA,1.0892928705033,NA,NA,NA,NA
1101,NA,NA,NA,NA,NA,NA,NA,NA,NA,NA,NA,NA,NA,NA,NA,NA,NA,NA,NA,NA,NA,NA,NA,NA,NA,NA,NA,NA,NA,NA,NA,NA,NA,NA,NA,NA,NA,NA,NA,NA,NA,NA,NA,NA,NA,NA,NA,NA,NA,NA,NA,NA,NA,NA,NA,NA,NA,NA,NA,NA,NA,NA,NA,NA,NA,NA,1.11536466871403,NA,NA,NA,NA
1102,NA,NA,NA,NA,NA,NA,NA,NA,NA,NA,NA,NA,NA,NA,NA,NA,NA,NA,NA,NA,NA,NA,NA,NA,NA,NA,NA,NA,NA,NA,NA,NA,NA,NA,NA,NA,NA,NA,NA,NA,NA,NA,NA,NA,NA,NA,NA,NA,NA,NA,NA,NA,NA,NA,NA,NA,NA,NA,NA,NA,NA,NA,NA,NA,NA,NA,1.02463635377719,NA,NA,NA,NA
1103,NA,NA,NA,NA,NA,NA,NA,NA,NA,NA,NA,NA,NA,NA,NA,NA,NA,NA,NA,NA,NA,NA,NA,NA,NA,NA,NA,NA,NA,NA,NA,NA,NA,NA,NA,NA,NA,NA,NA,NA,NA,NA,NA,NA,NA,NA,NA,NA,NA,NA,NA,NA,NA,NA,NA,NA,NA,NA,NA,NA,NA,NA,NA,NA,NA,NA,0.997396552357222,NA,NA,NA,NA
1104,NA,NA,NA,NA,NA,NA,NA,NA,NA,NA,NA,NA,NA,NA,NA,NA,NA,NA,NA,NA,NA,NA,NA,NA,NA,NA,NA,NA,NA,NA,NA,NA,NA,NA,NA,NA,NA,NA,NA,NA,NA,NA,NA,NA,NA,NA,NA,NA,NA,NA,NA,NA,NA,NA,NA,NA,NA,NA,NA,NA,NA,NA,NA,NA,NA,NA,1.08855247470604,NA,NA,NA,NA
1105,NA,NA,NA,NA,NA,NA,NA,NA,NA,NA,NA,NA,NA,NA,NA,NA,NA,NA,NA,NA,NA,NA,NA,NA,NA,NA,NA,NA,NA,NA,NA,NA,NA,NA,NA,NA,NA,NA,NA,NA,NA,NA,NA,NA,NA,NA,NA,NA,NA,NA,NA,NA,NA,NA,NA,NA,NA,NA,NA,NA,NA,NA,NA,NA,NA,NA,1.04712940062832,NA,NA,NA,NA
1106,NA,NA,NA,NA,NA,NA,NA,NA,NA,NA,NA,NA,NA,NA,NA,NA,NA,NA,NA,NA,NA,NA,NA,NA,NA,NA,NA,NA,NA,NA,NA,NA,NA,NA,NA,NA,NA,NA,NA,NA,NA,NA,NA,NA,NA,NA,NA,NA,NA,NA,NA,NA,NA,NA,NA,NA,NA,NA,NA,NA,NA,NA,NA,NA,NA,NA,0.920563369008115,NA,NA,NA,NA
1107,NA,NA,NA,NA,NA,NA,NA,NA,NA,NA,NA,NA,NA,NA,NA,NA,NA,NA,NA,NA,NA,NA,NA,NA,NA,NA,NA,NA,NA,NA,NA,NA,NA,NA,NA,NA,NA,NA,NA,NA,NA,NA,NA,NA,NA,NA,NA,NA,NA,NA,NA,NA,NA,NA,NA,NA,NA,NA,NA,NA,NA,NA,NA,NA,NA,NA,1.00884972946984,NA,NA,NA,NA
1108,NA,NA,NA,NA,NA,NA,NA,NA,NA,NA,NA,NA,NA,NA,NA,NA,NA,NA,NA,NA,NA,NA,NA,NA,NA,NA,NA,NA,NA,NA,NA,NA,NA,NA,NA,NA,NA,NA,NA,NA,NA,NA,NA,NA,NA,NA,NA,NA,NA,NA,NA,NA,NA,NA,NA,NA,NA,NA,NA,NA,NA,NA,NA,NA,NA,NA,1.06537879872879,NA,NA,NA,NA
1109,NA,NA,NA,NA,NA,NA,NA,NA,NA,NA,NA,NA,NA,NA,NA,NA,NA,NA,NA,NA,NA,NA,NA,NA,NA,NA,NA,NA,NA,NA,NA,NA,NA,NA,NA,NA,NA,NA,NA,NA,NA,NA,NA,NA,NA,NA,NA,NA,NA,NA,NA,NA,NA,NA,NA,NA,NA,NA,NA,NA,NA,NA,NA,NA,NA,NA,1.12330476246876,NA,NA,NA,NA
1110,NA,NA,NA,NA,NA,NA,NA,NA,NA,NA,NA,NA,NA,NA,NA,NA,NA,NA,NA,NA,NA,NA,NA,NA,NA,NA,NA,NA,NA,NA,NA,NA,NA,NA,NA,NA,NA,NA,NA,NA,NA,NA,NA,NA,NA,NA,NA,NA,NA,NA,NA,NA,NA,NA,NA,NA,NA,NA,NA,NA,NA,NA,NA,NA,NA,NA,0.830844600218536,NA,NA,NA,NA
1111,NA,NA,NA,NA,NA,NA,NA,NA,NA,NA,NA,NA,NA,NA,NA,NA,NA,NA,NA,NA,NA,NA,NA,NA,NA,NA,NA,NA,NA,NA,NA,NA,NA,NA,NA,NA,NA,NA,NA,NA,NA,NA,NA,NA,NA,NA,NA,NA,NA,NA,NA,NA,NA,NA,NA,NA,NA,NA,NA,NA,NA,NA,NA,NA,NA,NA,1.02016859157942,NA,NA,NA,NA
1112,NA,NA,NA,NA,NA,NA,NA,NA,NA,NA,NA,NA,NA,NA,NA,NA,NA,NA,NA,NA,NA,NA,NA,NA,NA,NA,NA,NA,NA,NA,NA,NA,NA,NA,NA,NA,NA,NA,NA,NA,NA,NA,NA,NA,NA,NA,NA,NA,NA,NA,NA,NA,NA,NA,NA,NA,NA,NA,NA,NA,NA,NA,NA,NA,NA,NA,1.14004597280454,NA,NA,NA,NA
1113,NA,NA,NA,NA,NA,NA,NA,NA,NA,NA,NA,NA,NA,NA,NA,NA,NA,NA,NA,NA,NA,NA,NA,NA,NA,NA,NA,NA,NA,NA,NA,NA,NA,NA,NA,NA,NA,NA,NA,NA,NA,NA,NA,NA,NA,NA,NA,NA,NA,NA,NA,NA,NA,NA,NA,NA,NA,NA,NA,NA,NA,NA,NA,NA,NA,NA,1.16933959438604,NA,NA,NA,NA
1114,NA,NA,NA,NA,NA,NA,NA,NA,NA,NA,NA,NA,NA,NA,NA,NA,NA,NA,NA,NA,NA,NA,NA,NA,NA,NA,NA,NA,NA,NA,NA,NA,NA,NA,NA,NA,NA,NA,NA,NA,NA,NA,NA,NA,NA,NA,NA,NA,NA,NA,NA,NA,NA,NA,NA,NA,NA,NA,NA,NA,NA,NA,NA,NA,NA,NA,1.15970955050937,NA,NA,NA,NA
1115,NA,NA,NA,NA,NA,NA,NA,NA,NA,NA,NA,NA,NA,NA,NA,NA,NA,NA,NA,NA,NA,NA,NA,NA,NA,NA,NA,NA,NA,NA,NA,NA,NA,NA,NA,NA,NA,NA,NA,NA,NA,NA,NA,NA,NA,NA,NA,NA,NA,NA,NA,NA,NA,NA,NA,NA,NA,NA,NA,NA,NA,NA,NA,NA,NA,NA,0.979588313452963,NA,NA,NA,NA
1116,NA,NA,NA,NA,NA,NA,NA,NA,NA,NA,NA,NA,NA,NA,NA,NA,NA,NA,NA,NA,NA,NA,NA,NA,NA,NA,NA,NA,NA,NA,NA,NA,NA,NA,NA,NA,NA,NA,NA,NA,NA,NA,NA,NA,NA,NA,NA,NA,NA,NA,NA,NA,NA,NA,NA,NA,NA,NA,NA,NA,NA,NA,NA,NA,NA,NA,1.00869142983417,NA,NA,NA,NA
1117,NA,NA,NA,NA,NA,NA,NA,NA,NA,NA,NA,NA,NA,NA,NA,NA,NA,NA,NA,NA,NA,NA,NA,NA,NA,NA,NA,NA,NA,NA,NA,NA,NA,NA,NA,NA,NA,NA,NA,NA,NA,NA,NA,NA,NA,NA,NA,NA,NA,NA,NA,NA,NA,NA,NA,NA,NA,NA,NA,NA,NA,NA,NA,NA,NA,NA,1.1190779222548,NA,NA,NA,NA
1118,NA,NA,NA,NA,NA,NA,NA,NA,NA,NA,NA,NA,NA,NA,NA,NA,NA,NA,NA,NA,NA,NA,NA,NA,NA,NA,NA,NA,NA,NA,NA,NA,NA,NA,NA,NA,NA,NA,NA,NA,NA,NA,NA,NA,NA,NA,NA,NA,NA,NA,NA,NA,NA,NA,NA,NA,NA,NA,NA,NA,NA,NA,NA,NA,NA,NA,1.07895595435731,NA,NA,NA,NA
1119,NA,NA,NA,NA,NA,NA,NA,NA,NA,NA,NA,NA,NA,NA,NA,NA,NA,NA,NA,NA,NA,NA,NA,NA,NA,NA,NA,NA,NA,NA,NA,NA,NA,NA,NA,NA,NA,NA,NA,NA,NA,NA,NA,NA,NA,NA,NA,NA,NA,NA,NA,NA,NA,NA,NA,NA,NA,NA,NA,NA,NA,NA,NA,NA,NA,NA,0.945472755054733,NA,NA,NA,NA
1120,NA,NA,NA,NA,NA,NA,NA,NA,NA,NA,NA,NA,NA,NA,NA,NA,NA,NA,NA,NA,NA,NA,NA,NA,NA,NA,NA,NA,NA,NA,NA,NA,NA,NA,NA,NA,NA,NA,NA,NA,NA,NA,NA,NA,NA,NA,NA,NA,NA,NA,NA,NA,NA,NA,NA,NA,NA,NA,NA,NA,NA,NA,NA,NA,NA,NA,0.938687271450223,NA,NA,NA,NA
1121,NA,NA,NA,NA,NA,NA,NA,NA,NA,NA,NA,NA,NA,NA,NA,NA,NA,NA,NA,NA,NA,NA,NA,NA,NA,NA,NA,NA,NA,NA,NA,NA,NA,NA,NA,NA,NA,NA,NA,NA,NA,NA,NA,NA,NA,NA,NA,NA,NA,NA,NA,NA,NA,NA,NA,NA,NA,NA,NA,NA,NA,NA,NA,NA,NA,NA,0.902213664573448,NA,NA,NA,NA
1122,NA,NA,NA,NA,NA,NA,NA,NA,NA,NA,NA,NA,NA,NA,NA,NA,NA,NA,NA,NA,NA,NA,NA,NA,NA,NA,NA,NA,NA,NA,NA,NA,NA,NA,NA,NA,NA,NA,NA,NA,NA,NA,NA,NA,NA,NA,NA,NA,NA,NA,NA,NA,NA,NA,NA,NA,NA,NA,NA,NA,NA,NA,NA,NA,NA,NA,1.04060820894706,NA,NA,NA,NA
1123,NA,NA,NA,NA,NA,NA,NA,NA,NA,NA,NA,NA,NA,NA,NA,NA,NA,NA,NA,NA,NA,NA,NA,NA,NA,NA,NA,NA,NA,NA,NA,NA,NA,NA,NA,NA,NA,NA,NA,NA,NA,NA,NA,NA,NA,NA,NA,NA,NA,NA,NA,NA,NA,NA,NA,NA,NA,NA,NA,NA,NA,NA,NA,NA,NA,NA,0.963495524674117,NA,NA,NA,NA
1124,NA,NA,NA,NA,NA,NA,NA,NA,NA,NA,NA,NA,NA,NA,NA,NA,NA,NA,NA,NA,NA,NA,NA,NA,NA,NA,NA,NA,NA,NA,NA,NA,NA,NA,NA,NA,NA,NA,NA,NA,NA,NA,NA,NA,NA,NA,NA,NA,NA,NA,NA,NA,NA,NA,NA,NA,NA,NA,NA,NA,NA,NA,NA,NA,NA,NA,0.86010662702881,NA,NA,NA,NA
1125,NA,NA,NA,NA,NA,NA,NA,NA,NA,NA,NA,NA,NA,NA,NA,NA,NA,NA,NA,NA,NA,NA,NA,NA,NA,NA,NA,NA,NA,NA,NA,NA,NA,NA,NA,NA,NA,NA,NA,NA,NA,NA,NA,NA,NA,NA,NA,NA,NA,NA,NA,NA,NA,NA,NA,NA,NA,NA,NA,NA,NA,NA,NA,NA,NA,NA,0.894824106223999,NA,NA,NA,NA
1126,NA,NA,NA,NA,NA,NA,NA,NA,NA,NA,NA,NA,NA,NA,NA,NA,NA,NA,NA,NA,NA,NA,NA,NA,NA,NA,NA,NA,NA,NA,NA,NA,NA,NA,NA,NA,NA,NA,NA,NA,NA,NA,NA,NA,NA,NA,NA,NA,NA,NA,NA,NA,NA,NA,NA,NA,NA,NA,NA,NA,NA,NA,NA,NA,NA,NA,1.00720209133857,NA,NA,NA,NA
1127,NA,NA,NA,NA,NA,NA,NA,NA,NA,NA,NA,NA,NA,NA,NA,NA,NA,NA,NA,NA,NA,NA,NA,NA,NA,NA,NA,NA,NA,NA,NA,NA,NA,NA,NA,NA,NA,NA,NA,NA,NA,NA,NA,NA,NA,NA,NA,NA,NA,NA,NA,NA,NA,NA,NA,NA,NA,NA,NA,NA,NA,NA,NA,NA,NA,NA,1.02861423849819,NA,NA,NA,NA
1128,NA,NA,NA,NA,NA,NA,NA,NA,NA,NA,NA,NA,NA,NA,NA,NA,NA,NA,NA,NA,NA,NA,NA,NA,NA,NA,NA,NA,NA,NA,NA,NA,NA,NA,NA,NA,NA,NA,NA,NA,NA,NA,NA,NA,NA,NA,NA,NA,NA,NA,NA,NA,NA,NA,NA,NA,NA,NA,NA,NA,NA,NA,NA,NA,NA,NA,0.927873071599827,NA,NA,NA,NA
1129,NA,NA,NA,NA,NA,NA,NA,NA,NA,NA,NA,NA,NA,NA,NA,NA,NA,NA,NA,NA,NA,NA,NA,NA,NA,NA,NA,NA,NA,NA,NA,NA,NA,NA,NA,NA,NA,NA,NA,NA,NA,NA,NA,NA,NA,NA,NA,NA,NA,NA,NA,NA,NA,NA,NA,NA,NA,NA,NA,NA,NA,NA,NA,NA,NA,NA,1.01191739309487,NA,NA,NA,NA
1130,NA,NA,NA,NA,NA,NA,NA,NA,NA,NA,NA,NA,NA,NA,NA,NA,NA,NA,NA,NA,NA,NA,NA,NA,NA,NA,NA,NA,NA,NA,NA,NA,NA,NA,NA,NA,NA,NA,NA,NA,NA,NA,NA,NA,NA,NA,NA,NA,NA,NA,NA,NA,NA,NA,NA,NA,NA,NA,NA,NA,NA,NA,NA,NA,NA,NA,0.969779224560866,NA,NA,NA,NA
1131,NA,NA,NA,NA,NA,NA,NA,NA,NA,NA,NA,NA,NA,NA,NA,NA,NA,NA,NA,NA,NA,NA,NA,NA,NA,NA,NA,NA,NA,NA,NA,NA,NA,NA,NA,NA,NA,NA,NA,NA,NA,NA,NA,NA,NA,NA,NA,NA,NA,NA,NA,NA,NA,NA,NA,NA,NA,NA,NA,NA,NA,NA,NA,NA,NA,NA,1.06850618425218,NA,NA,NA,NA
1132,NA,NA,NA,NA,NA,NA,NA,NA,NA,NA,NA,NA,NA,NA,NA,NA,NA,NA,NA,NA,NA,NA,NA,NA,NA,NA,NA,NA,NA,NA,NA,NA,NA,NA,NA,NA,NA,NA,NA,NA,NA,NA,NA,NA,NA,NA,NA,NA,NA,NA,NA,NA,NA,NA,NA,NA,NA,NA,NA,NA,NA,NA,NA,NA,NA,NA,1.13096931197255,NA,NA,NA,NA
1133,NA,NA,NA,NA,NA,NA,NA,NA,NA,NA,NA,NA,NA,NA,NA,NA,NA,NA,NA,NA,NA,NA,NA,NA,NA,NA,NA,NA,NA,NA,NA,NA,NA,NA,NA,NA,NA,NA,NA,NA,NA,NA,NA,NA,NA,NA,NA,NA,NA,NA,NA,NA,NA,NA,NA,NA,NA,NA,NA,NA,NA,NA,NA,NA,NA,NA,1.10227770115275,NA,NA,NA,NA
1134,NA,NA,NA,NA,NA,NA,NA,NA,NA,NA,NA,NA,NA,NA,NA,NA,NA,NA,NA,NA,NA,NA,NA,NA,NA,NA,NA,NA,NA,NA,NA,NA,NA,NA,NA,NA,NA,NA,NA,NA,NA,NA,NA,NA,NA,NA,NA,NA,NA,NA,NA,NA,NA,NA,NA,NA,NA,NA,NA,NA,NA,NA,NA,NA,NA,NA,1.0780940161127,NA,NA,NA,NA
1135,NA,NA,NA,NA,NA,NA,NA,NA,NA,NA,NA,NA,NA,NA,NA,NA,NA,NA,NA,NA,NA,NA,NA,NA,NA,NA,NA,NA,NA,NA,NA,NA,NA,NA,NA,NA,NA,NA,NA,NA,NA,NA,NA,NA,NA,NA,NA,NA,NA,NA,NA,NA,NA,NA,NA,NA,NA,NA,NA,NA,NA,NA,NA,NA,NA,NA,1.27824883918794,NA,NA,NA,NA
1136,NA,NA,NA,NA,NA,NA,NA,NA,NA,NA,NA,NA,NA,NA,NA,NA,NA,NA,NA,NA,NA,NA,NA,NA,NA,NA,NA,NA,NA,NA,NA,NA,NA,NA,NA,NA,NA,NA,NA,NA,NA,NA,NA,NA,NA,NA,NA,NA,NA,NA,NA,NA,NA,NA,NA,NA,NA,NA,NA,NA,NA,NA,NA,NA,NA,NA,1.15255310812808,NA,NA,NA,NA
1137,NA,NA,NA,NA,NA,NA,NA,NA,NA,NA,NA,NA,NA,NA,NA,NA,NA,NA,NA,NA,NA,NA,NA,NA,NA,NA,NA,NA,NA,NA,NA,NA,NA,NA,NA,NA,NA,NA,NA,NA,NA,NA,NA,NA,NA,NA,NA,NA,NA,NA,NA,NA,NA,NA,NA,NA,NA,NA,NA,NA,NA,NA,NA,NA,NA,NA,1.1319287062827,NA,NA,NA,NA
1138,NA,NA,NA,NA,NA,NA,NA,NA,NA,NA,NA,NA,NA,NA,NA,NA,NA,NA,NA,NA,NA,NA,NA,NA,NA,NA,NA,NA,NA,NA,NA,NA,NA,NA,NA,NA,NA,NA,NA,NA,NA,NA,NA,NA,NA,NA,NA,NA,NA,NA,NA,NA,NA,NA,NA,NA,NA,NA,NA,NA,NA,NA,NA,NA,NA,NA,1.22121822500239,NA,NA,NA,NA
1139,NA,NA,NA,NA,NA,NA,NA,NA,NA,NA,NA,NA,NA,NA,NA,NA,NA,NA,NA,NA,NA,NA,NA,NA,NA,NA,NA,NA,NA,NA,NA,NA,NA,NA,NA,NA,NA,NA,NA,NA,NA,NA,NA,NA,NA,NA,NA,NA,NA,NA,NA,NA,NA,NA,NA,NA,NA,NA,NA,NA,NA,NA,NA,NA,NA,NA,1.0050468239192,NA,NA,NA,NA
1140,NA,NA,NA,NA,NA,NA,NA,NA,NA,NA,NA,NA,NA,NA,NA,NA,NA,NA,NA,NA,NA,NA,NA,NA,NA,NA,NA,NA,NA,NA,NA,NA,NA,NA,NA,NA,NA,NA,NA,NA,NA,NA,NA,NA,NA,NA,NA,NA,NA,NA,NA,NA,NA,NA,NA,NA,NA,NA,NA,NA,NA,NA,NA,NA,NA,NA,1.10468205015928,NA,NA,NA,NA
1141,NA,NA,NA,NA,NA,NA,NA,NA,NA,NA,NA,NA,NA,NA,NA,NA,NA,NA,NA,NA,NA,NA,NA,NA,NA,NA,NA,NA,NA,NA,NA,NA,NA,NA,NA,NA,NA,NA,NA,NA,NA,NA,NA,NA,NA,NA,NA,NA,NA,NA,NA,NA,NA,NA,NA,NA,NA,NA,NA,NA,NA,NA,NA,NA,NA,NA,1.13301052591301,NA,NA,NA,NA
1142,NA,NA,NA,NA,NA,NA,NA,NA,NA,NA,NA,NA,NA,NA,NA,NA,NA,NA,NA,NA,NA,NA,NA,NA,NA,NA,NA,NA,NA,NA,NA,NA,NA,NA,NA,NA,NA,NA,NA,NA,NA,NA,NA,NA,NA,NA,NA,NA,NA,NA,NA,NA,NA,NA,NA,NA,NA,NA,NA,NA,NA,NA,NA,NA,NA,NA,1.10736513416917,NA,NA,NA,NA
1143,NA,NA,NA,NA,NA,NA,NA,NA,NA,NA,NA,NA,NA,NA,NA,NA,NA,NA,NA,NA,NA,NA,NA,NA,NA,NA,NA,NA,NA,NA,NA,NA,NA,NA,NA,NA,NA,NA,NA,NA,NA,NA,NA,NA,NA,NA,NA,NA,NA,NA,NA,NA,NA,NA,NA,NA,NA,NA,NA,NA,NA,NA,NA,NA,NA,NA,1.10184753951359,NA,NA,NA,NA
1144,NA,NA,NA,NA,NA,NA,NA,NA,NA,NA,NA,NA,NA,NA,NA,NA,NA,NA,NA,NA,NA,NA,NA,NA,NA,NA,NA,NA,NA,NA,NA,NA,NA,NA,NA,NA,NA,NA,NA,NA,NA,NA,NA,NA,NA,NA,NA,NA,NA,NA,NA,NA,NA,NA,NA,NA,NA,NA,0.965694184203598,NA,NA,NA,NA,NA,NA,NA,0.825095592295913,NA,NA,NA,NA
1145,NA,NA,NA,NA,NA,NA,NA,NA,NA,NA,NA,NA,NA,NA,NA,NA,NA,NA,NA,NA,NA,NA,NA,NA,NA,NA,NA,NA,NA,NA,NA,NA,NA,NA,NA,NA,NA,NA,NA,NA,NA,NA,NA,NA,NA,NA,NA,NA,NA,NA,NA,NA,NA,NA,NA,NA,NA,NA,0.984552966979304,NA,NA,NA,NA,NA,NA,NA,0.966554595803265,NA,NA,NA,NA
1146,NA,NA,NA,NA,NA,NA,NA,NA,NA,NA,NA,NA,NA,NA,NA,NA,NA,NA,NA,NA,NA,NA,NA,NA,NA,NA,NA,NA,NA,NA,NA,NA,NA,NA,NA,NA,NA,NA,NA,NA,NA,NA,NA,NA,NA,NA,NA,NA,NA,NA,NA,NA,NA,NA,NA,NA,NA,NA,0.988907035004056,NA,NA,NA,NA,NA,NA,NA,0.905004812872386,NA,NA,NA,NA
1147,NA,NA,NA,NA,NA,NA,NA,NA,NA,NA,NA,NA,NA,NA,NA,NA,NA,NA,NA,NA,NA,NA,NA,NA,NA,NA,NA,NA,NA,NA,NA,NA,NA,NA,NA,NA,NA,NA,NA,NA,NA,NA,NA,NA,NA,NA,NA,NA,NA,NA,NA,NA,NA,NA,NA,NA,NA,NA,0.998862007480505,NA,NA,NA,NA,NA,NA,NA,1.04418938762931,NA,NA,NA,NA
1148,NA,NA,NA,NA,NA,NA,NA,NA,NA,NA,NA,NA,NA,NA,NA,NA,NA,NA,NA,NA,NA,NA,NA,NA,NA,NA,NA,NA,NA,NA,NA,NA,NA,NA,NA,NA,NA,NA,NA,NA,NA,NA,NA,NA,NA,NA,NA,NA,NA,NA,NA,NA,NA,NA,NA,NA,NA,NA,0.970410566256776,NA,NA,NA,NA,NA,NA,NA,0.925283510703492,NA,NA,NA,NA
1149,NA,NA,NA,NA,NA,NA,NA,NA,NA,NA,NA,NA,NA,NA,NA,NA,NA,NA,NA,NA,NA,NA,NA,NA,NA,NA,NA,NA,NA,NA,NA,NA,NA,NA,NA,NA,NA,NA,NA,NA,NA,NA,NA,NA,NA,NA,NA,NA,NA,NA,NA,NA,NA,NA,NA,NA,NA,NA,1.0084307249098,NA,NA,NA,NA,NA,NA,NA,1.14968340612763,NA,NA,NA,NA
1150,NA,NA,NA,NA,NA,NA,NA,NA,NA,NA,NA,NA,NA,NA,NA,NA,NA,NA,NA,NA,NA,NA,NA,NA,NA,NA,NA,NA,NA,NA,NA,NA,NA,NA,NA,NA,NA,NA,NA,NA,NA,NA,NA,NA,NA,NA,NA,NA,NA,NA,NA,NA,NA,NA,NA,NA,NA,NA,0.968336305187555,NA,NA,NA,NA,NA,NA,NA,0.884591539301048,NA,NA,NA,NA
1151,NA,NA,NA,NA,NA,NA,NA,NA,NA,NA,NA,NA,NA,NA,NA,NA,NA,NA,NA,NA,NA,NA,NA,NA,NA,NA,NA,NA,NA,0.878750494766806,NA,NA,NA,NA,NA,NA,NA,NA,NA,NA,NA,NA,NA,NA,NA,NA,NA,NA,NA,NA,NA,NA,NA,NA,NA,NA,NA,NA,0.985635701937231,NA,NA,NA,NA,NA,NA,NA,0.883093400667284,NA,NA,NA,NA
1152,NA,NA,NA,NA,NA,NA,NA,NA,NA,NA,NA,NA,NA,NA,NA,NA,NA,NA,NA,NA,NA,NA,NA,NA,NA,NA,NA,NA,NA,1.10290242619949,NA,NA,NA,NA,NA,NA,NA,NA,NA,NA,NA,NA,NA,NA,NA,NA,NA,NA,NA,NA,NA,NA,NA,NA,NA,NA,NA,NA,0.980722681397905,NA,NA,NA,NA,NA,NA,NA,0.936294776547837,NA,NA,NA,NA
1153,NA,NA,NA,NA,NA,NA,NA,NA,NA,NA,NA,NA,NA,NA,NA,NA,NA,NA,NA,NA,NA,NA,NA,NA,NA,NA,NA,NA,NA,0.933191620570607,NA,NA,NA,NA,NA,NA,NA,NA,NA,NA,NA,NA,NA,NA,NA,NA,NA,NA,NA,NA,NA,NA,NA,NA,NA,NA,NA,NA,0.953137434747406,NA,NA,NA,NA,NA,NA,NA,0.937741917223359,NA,NA,NA,NA
1154,NA,NA,NA,NA,NA,NA,NA,NA,NA,NA,NA,NA,NA,NA,NA,NA,NA,NA,NA,NA,NA,NA,NA,NA,NA,NA,NA,NA,NA,0.84673098339151,NA,NA,NA,NA,NA,NA,NA,NA,NA,NA,NA,NA,NA,NA,NA,NA,NA,NA,NA,NA,NA,NA,NA,NA,NA,NA,NA,NA,0.940813676495127,NA,NA,NA,NA,NA,NA,NA,0.971391957123267,NA,NA,NA,NA
1155,NA,NA,NA,NA,NA,NA,NA,NA,NA,NA,NA,NA,NA,NA,NA,NA,NA,NA,NA,NA,NA,NA,NA,NA,NA,NA,NA,NA,NA,1.24147761504489,NA,NA,NA,NA,NA,NA,NA,NA,NA,NA,NA,NA,NA,NA,NA,NA,NA,NA,NA,NA,NA,NA,NA,NA,NA,NA,NA,NA,0.962271016804512,NA,NA,NA,NA,NA,NA,NA,0.877111915964433,NA,NA,NA,NA
1156,NA,NA,NA,NA,NA,NA,NA,NA,NA,NA,NA,NA,NA,NA,NA,NA,NA,NA,NA,NA,NA,NA,NA,NA,NA,NA,NA,NA,NA,0.862763768297964,NA,NA,NA,NA,NA,NA,NA,NA,NA,NA,NA,NA,NA,NA,NA,NA,NA,NA,NA,NA,NA,NA,NA,NA,NA,NA,NA,NA,1.00050003554209,NA,NA,NA,NA,NA,NA,NA,0.935085167287742,NA,NA,NA,NA
1157,NA,NA,NA,NA,NA,NA,NA,NA,NA,NA,NA,NA,NA,NA,NA,NA,NA,NA,NA,NA,NA,NA,NA,NA,NA,NA,NA,NA,NA,0.723366499338905,NA,NA,NA,NA,NA,NA,NA,NA,NA,NA,NA,NA,NA,NA,NA,NA,NA,NA,NA,NA,NA,NA,NA,NA,NA,NA,NA,NA,1.0593908150003,NA,NA,NA,NA,NA,NA,NA,0.993257221774708,NA,NA,NA,NA
1158,NA,NA,NA,NA,NA,NA,NA,NA,NA,NA,NA,NA,NA,NA,NA,NA,NA,NA,NA,NA,NA,NA,NA,NA,NA,NA,NA,NA,NA,0.694817616239013,NA,NA,NA,NA,NA,NA,NA,NA,NA,NA,NA,NA,NA,NA,NA,NA,NA,NA,NA,NA,NA,NA,NA,NA,NA,NA,NA,NA,0.984528292702624,NA,NA,NA,NA,NA,NA,NA,0.977199435561528,NA,NA,NA,NA
1159,NA,NA,NA,NA,NA,NA,NA,NA,NA,NA,NA,NA,NA,NA,NA,NA,NA,NA,NA,NA,NA,NA,NA,NA,NA,NA,NA,NA,NA,0.849119876378276,NA,NA,NA,NA,NA,NA,NA,NA,NA,NA,NA,NA,NA,NA,NA,NA,NA,NA,NA,NA,NA,NA,NA,NA,NA,NA,NA,NA,0.945523783506138,NA,NA,NA,NA,NA,NA,NA,1.09659264183186,NA,NA,NA,NA
1160,NA,NA,NA,NA,NA,NA,NA,NA,NA,NA,NA,NA,NA,NA,NA,NA,NA,NA,NA,NA,NA,NA,NA,NA,NA,NA,NA,NA,NA,1.14560616407468,NA,NA,NA,NA,NA,NA,NA,NA,NA,NA,NA,NA,NA,NA,NA,NA,NA,NA,NA,NA,NA,NA,NA,NA,NA,NA,NA,NA,0.982273384224399,NA,NA,NA,NA,NA,NA,NA,0.942094331520545,NA,NA,NA,NA
1161,NA,NA,NA,NA,NA,NA,NA,NA,NA,NA,NA,NA,NA,NA,NA,NA,NA,NA,NA,NA,NA,NA,NA,NA,NA,NA,NA,NA,NA,1.40946953007291,NA,NA,NA,NA,NA,NA,NA,NA,NA,NA,NA,NA,NA,NA,NA,NA,NA,NA,NA,NA,NA,NA,NA,NA,NA,NA,NA,NA,0.978202373729448,NA,NA,NA,NA,NA,NA,NA,1.01744258851521,NA,NA,NA,NA
1162,NA,NA,NA,NA,NA,NA,NA,NA,NA,NA,NA,NA,NA,NA,NA,NA,NA,NA,NA,NA,NA,NA,NA,NA,NA,NA,NA,NA,NA,1.83083314722269,NA,NA,NA,NA,NA,NA,NA,NA,NA,NA,NA,NA,NA,NA,NA,NA,NA,NA,NA,NA,NA,NA,NA,NA,NA,NA,NA,NA,1.01956227274219,NA,NA,NA,NA,NA,NA,NA,1.16768828106207,NA,NA,NA,NA
1163,NA,NA,NA,NA,NA,NA,NA,NA,NA,NA,NA,NA,NA,NA,NA,NA,NA,NA,NA,NA,NA,NA,NA,NA,NA,NA,NA,NA,NA,1.58850378194168,NA,NA,NA,NA,NA,NA,NA,NA,NA,NA,NA,NA,NA,NA,NA,NA,NA,NA,NA,NA,NA,NA,NA,NA,NA,NA,NA,NA,0.983422364939912,NA,NA,NA,NA,NA,NA,NA,0.964096475573527,NA,NA,NA,NA
1164,NA,NA,NA,NA,NA,NA,NA,NA,NA,NA,NA,NA,NA,NA,NA,NA,NA,NA,NA,NA,NA,NA,NA,NA,NA,NA,NA,NA,NA,0.27035994030694,NA,NA,NA,NA,NA,NA,NA,NA,NA,NA,NA,NA,NA,NA,NA,NA,NA,NA,NA,NA,NA,NA,NA,NA,NA,NA,NA,NA,0.866887532058786,NA,NA,NA,NA,NA,NA,NA,0.809966296693414,NA,NA,NA,NA
1165,NA,NA,NA,NA,NA,NA,NA,NA,NA,NA,NA,NA,NA,NA,NA,NA,NA,NA,NA,NA,NA,NA,NA,NA,NA,NA,NA,NA,NA,0.502301016545748,NA,NA,NA,NA,NA,NA,NA,NA,NA,NA,NA,NA,NA,NA,NA,NA,NA,NA,NA,NA,NA,NA,NA,NA,NA,NA,NA,NA,0.866414411524137,NA,NA,NA,NA,NA,NA,NA,0.957867149958142,NA,NA,NA,NA
1166,NA,NA,NA,NA,NA,NA,NA,NA,NA,NA,NA,NA,NA,NA,NA,NA,NA,NA,NA,NA,NA,NA,NA,NA,NA,NA,NA,NA,NA,1.31598451926644,NA,NA,NA,NA,NA,NA,NA,NA,NA,NA,NA,NA,NA,NA,NA,NA,NA,NA,NA,NA,NA,NA,NA,NA,NA,NA,NA,NA,0.964699153661346,NA,NA,NA,NA,NA,NA,NA,1.00605065782189,NA,NA,NA,NA
1167,NA,NA,NA,NA,NA,NA,NA,NA,NA,NA,NA,NA,NA,NA,NA,NA,NA,NA,NA,NA,NA,NA,NA,NA,NA,NA,NA,NA,NA,1.3311417816919,NA,NA,NA,NA,NA,NA,NA,NA,NA,NA,NA,NA,NA,NA,NA,NA,NA,NA,NA,NA,NA,NA,NA,NA,NA,NA,NA,NA,0.948250462461421,NA,NA,NA,NA,NA,NA,NA,0.980474439108186,NA,NA,NA,NA
1168,NA,NA,NA,NA,NA,NA,NA,NA,NA,NA,NA,NA,NA,NA,NA,NA,NA,NA,NA,NA,NA,NA,NA,NA,NA,NA,NA,NA,NA,0.812509915541355,NA,NA,NA,NA,NA,NA,NA,NA,NA,NA,NA,NA,NA,NA,NA,NA,NA,NA,NA,NA,NA,NA,NA,NA,NA,NA,NA,NA,0.955635232395572,NA,NA,NA,NA,NA,NA,NA,1.04492623730411,NA,NA,NA,NA
1169,NA,NA,NA,NA,NA,NA,NA,NA,NA,NA,NA,NA,NA,NA,NA,NA,NA,NA,NA,NA,NA,NA,NA,NA,NA,NA,NA,NA,NA,0.594946642711496,NA,NA,NA,NA,NA,NA,NA,NA,NA,NA,NA,NA,NA,NA,NA,NA,NA,NA,NA,NA,NA,NA,NA,NA,NA,NA,NA,NA,0.936778879880848,NA,NA,NA,NA,NA,NA,NA,0.901476746471504,NA,NA,NA,NA
1170,NA,NA,NA,NA,NA,NA,NA,NA,NA,NA,NA,NA,NA,NA,NA,NA,NA,NA,NA,NA,NA,NA,NA,NA,NA,NA,NA,NA,NA,1.04614770865719,NA,NA,NA,NA,NA,NA,NA,NA,NA,NA,NA,NA,NA,NA,NA,NA,NA,NA,NA,NA,NA,NA,NA,NA,NA,NA,NA,NA,0.944122408482235,NA,NA,NA,NA,NA,NA,NA,1.01087957518423,NA,NA,NA,NA
1171,NA,NA,NA,NA,NA,NA,NA,NA,NA,NA,NA,NA,NA,NA,NA,NA,NA,NA,NA,NA,NA,NA,NA,NA,NA,NA,NA,NA,NA,0.947841010357899,NA,NA,NA,NA,NA,NA,NA,NA,NA,NA,NA,NA,NA,NA,NA,NA,NA,NA,NA,NA,NA,NA,NA,NA,NA,NA,NA,NA,0.974802620758724,NA,NA,NA,NA,NA,NA,NA,1.02018706151834,NA,NA,NA,NA
1172,NA,NA,NA,NA,NA,NA,NA,NA,NA,NA,NA,NA,NA,NA,NA,NA,NA,NA,NA,NA,NA,NA,NA,NA,NA,NA,NA,NA,NA,1.54351074310626,NA,NA,NA,NA,NA,NA,NA,NA,NA,NA,NA,NA,NA,NA,NA,NA,NA,NA,NA,NA,NA,NA,NA,NA,NA,NA,NA,NA,0.954199089788409,NA,NA,NA,NA,NA,NA,NA,1.0736020894167,NA,NA,NA,NA
1173,NA,NA,NA,NA,NA,NA,NA,NA,NA,NA,NA,NA,NA,NA,NA,NA,NA,NA,NA,NA,NA,NA,NA,NA,NA,NA,NA,NA,NA,2.13974372400282,NA,NA,NA,NA,NA,NA,NA,NA,NA,NA,NA,NA,NA,NA,NA,NA,NA,NA,NA,NA,NA,NA,NA,NA,NA,NA,NA,NA,0.926093675754919,NA,NA,NA,NA,NA,NA,NA,0.940065376966863,NA,NA,NA,NA
1174,NA,NA,NA,NA,NA,NA,NA,NA,NA,NA,NA,NA,NA,NA,NA,NA,NA,NA,NA,NA,NA,NA,NA,NA,NA,NA,NA,NA,NA,1.74935875057071,NA,NA,NA,NA,NA,NA,NA,NA,NA,NA,NA,NA,NA,NA,NA,NA,NA,NA,NA,NA,NA,NA,NA,NA,NA,NA,NA,NA,0.944324532858132,NA,NA,NA,NA,NA,NA,NA,0.929690338809824,NA,NA,NA,NA
1175,NA,NA,NA,NA,NA,NA,NA,NA,NA,NA,NA,NA,NA,NA,NA,NA,NA,NA,NA,NA,NA,NA,NA,NA,NA,NA,NA,NA,0.999327085405253,0.972868866345285,NA,NA,NA,NA,NA,NA,NA,NA,NA,NA,NA,NA,NA,NA,NA,NA,NA,NA,NA,NA,NA,NA,NA,NA,NA,NA,NA,NA,0.907056284092766,NA,NA,NA,NA,NA,NA,NA,0.844249779680676,NA,NA,NA,NA
1176,NA,NA,NA,NA,NA,NA,NA,NA,NA,NA,NA,NA,NA,NA,NA,NA,NA,NA,NA,NA,NA,NA,NA,NA,NA,NA,NA,NA,0.606993709287159,0.467395077222333,NA,NA,NA,NA,NA,NA,NA,NA,NA,NA,NA,NA,NA,NA,NA,NA,NA,NA,NA,NA,NA,NA,NA,NA,NA,NA,NA,NA,0.922889804554337,NA,NA,NA,NA,NA,NA,NA,0.784957602945869,NA,NA,NA,NA
1177,NA,NA,NA,NA,NA,NA,NA,NA,NA,NA,NA,NA,NA,NA,NA,NA,NA,NA,NA,NA,NA,NA,NA,NA,NA,NA,NA,NA,0.582501134090764,0.375421315517086,NA,NA,NA,NA,NA,NA,NA,NA,NA,NA,NA,NA,NA,NA,NA,NA,NA,NA,NA,NA,NA,NA,NA,NA,NA,NA,NA,NA,0.943143853357146,NA,NA,NA,NA,NA,NA,NA,0.841027955501232,NA,NA,NA,NA
1178,NA,NA,NA,NA,NA,NA,NA,NA,NA,NA,NA,NA,NA,NA,NA,NA,NA,NA,NA,NA,NA,NA,NA,NA,NA,NA,NA,NA,0.71353228720091,0.379861996982515,NA,NA,NA,NA,NA,NA,NA,NA,NA,NA,NA,NA,NA,NA,NA,NA,NA,NA,NA,NA,NA,NA,NA,NA,NA,NA,NA,NA,0.951308094697909,NA,NA,NA,NA,NA,NA,NA,0.838196743837664,NA,NA,NA,NA
1179,NA,NA,NA,NA,NA,NA,NA,NA,NA,NA,NA,NA,NA,NA,NA,NA,NA,NA,NA,NA,NA,NA,NA,NA,NA,NA,NA,NA,0.729595849185313,0.63173264787755,NA,NA,NA,NA,NA,NA,NA,NA,NA,NA,NA,NA,NA,NA,NA,NA,NA,NA,NA,NA,NA,NA,NA,NA,NA,NA,NA,NA,0.918299969560249,NA,NA,NA,NA,NA,NA,NA,0.941459706622498,NA,NA,NA,NA
1180,NA,NA,NA,NA,NA,NA,NA,NA,NA,NA,NA,NA,NA,NA,NA,NA,NA,NA,NA,NA,NA,NA,NA,NA,NA,NA,NA,NA,0.960350325582856,1.17898963225241,NA,NA,NA,NA,NA,NA,NA,NA,NA,NA,NA,NA,NA,NA,NA,NA,NA,NA,NA,NA,NA,NA,NA,NA,NA,NA,NA,NA,0.966108895103072,NA,NA,NA,NA,NA,NA,NA,1.01601357758261,NA,NA,NA,NA
1181,NA,NA,NA,NA,NA,NA,NA,NA,NA,NA,NA,NA,NA,NA,NA,NA,NA,NA,NA,NA,NA,NA,NA,NA,NA,NA,NA,NA,0.879753566348763,0.834209095690546,NA,NA,NA,NA,NA,NA,NA,NA,NA,NA,NA,NA,NA,NA,NA,NA,NA,NA,NA,NA,NA,NA,NA,NA,NA,NA,NA,NA,0.926414300314805,NA,NA,NA,NA,NA,NA,NA,0.90609556650884,NA,NA,NA,NA
1182,NA,NA,NA,NA,NA,NA,NA,NA,NA,NA,NA,NA,NA,NA,NA,NA,NA,NA,NA,NA,NA,NA,NA,NA,NA,NA,NA,NA,0.827708020092088,0.692588792392868,NA,NA,NA,NA,NA,NA,NA,NA,NA,NA,NA,NA,NA,NA,NA,NA,NA,NA,NA,NA,NA,NA,NA,NA,NA,NA,NA,NA,0.877934661495121,NA,NA,NA,NA,NA,NA,NA,0.872766377380251,NA,NA,NA,NA
1183,NA,NA,NA,NA,NA,NA,NA,NA,NA,NA,NA,NA,NA,NA,NA,NA,NA,NA,NA,NA,NA,NA,NA,NA,NA,NA,NA,NA,0.956978301904274,0.72010733802542,NA,NA,NA,NA,NA,NA,NA,NA,NA,NA,NA,NA,NA,NA,NA,NA,NA,NA,NA,NA,NA,NA,NA,NA,NA,NA,NA,NA,0.934234531220635,NA,NA,NA,NA,NA,NA,NA,1.00528932254212,NA,NA,NA,NA
1184,NA,NA,NA,NA,NA,NA,NA,NA,NA,NA,NA,NA,NA,NA,NA,NA,NA,NA,NA,NA,NA,NA,NA,NA,NA,NA,NA,NA,1.04461556286937,0.813457022604043,NA,NA,NA,NA,NA,NA,NA,NA,NA,NA,NA,NA,NA,NA,NA,NA,NA,NA,NA,NA,NA,NA,NA,NA,NA,NA,NA,NA,0.957954975577814,NA,NA,NA,NA,NA,NA,NA,0.957097635833818,NA,NA,NA,NA
1185,NA,NA,NA,NA,NA,NA,NA,NA,NA,NA,NA,NA,NA,NA,NA,NA,NA,NA,NA,NA,NA,NA,NA,NA,NA,NA,NA,NA,1.08060407346852,1.23638282717736,NA,NA,NA,NA,NA,NA,NA,NA,NA,NA,NA,NA,NA,NA,NA,NA,NA,NA,NA,NA,NA,NA,NA,NA,NA,NA,NA,NA,0.956504724032465,NA,NA,NA,NA,NA,NA,NA,0.960779003372609,NA,NA,NA,NA
1186,NA,NA,NA,NA,NA,NA,NA,NA,NA,NA,NA,NA,NA,NA,NA,NA,NA,NA,NA,NA,NA,NA,NA,NA,NA,NA,NA,NA,0.908004570528757,1.2196442368161,NA,NA,NA,NA,NA,NA,NA,NA,NA,NA,NA,NA,NA,NA,NA,NA,NA,NA,NA,NA,NA,NA,NA,NA,NA,NA,NA,NA,0.94019037261035,NA,NA,NA,NA,NA,NA,NA,0.862519395576987,NA,NA,NA,NA
1187,NA,NA,NA,NA,NA,NA,NA,NA,NA,NA,NA,NA,NA,NA,NA,NA,NA,NA,NA,NA,NA,NA,NA,NA,NA,NA,NA,NA,0.836578892287521,0.559337311566295,NA,NA,NA,NA,NA,NA,NA,NA,NA,NA,NA,NA,NA,NA,NA,NA,NA,NA,NA,NA,NA,NA,NA,NA,NA,NA,NA,NA,0.952360583557312,NA,NA,NA,NA,NA,NA,NA,0.887061358077116,NA,NA,NA,NA
1188,NA,NA,NA,NA,NA,NA,NA,NA,NA,NA,NA,NA,NA,NA,NA,NA,NA,NA,NA,NA,NA,NA,NA,NA,NA,NA,NA,NA,1.04326525474457,0.663866772032811,NA,NA,NA,NA,NA,NA,NA,NA,NA,NA,NA,NA,NA,NA,NA,NA,NA,NA,NA,NA,NA,NA,NA,NA,NA,NA,NA,NA,0.946755677637591,NA,NA,NA,NA,NA,NA,NA,0.799675656682034,NA,NA,NA,NA
1189,NA,NA,NA,NA,NA,NA,NA,NA,NA,NA,NA,NA,NA,NA,NA,NA,NA,NA,NA,NA,NA,NA,NA,NA,NA,NA,NA,NA,0.878384525456829,0.52814264178114,NA,NA,NA,NA,NA,NA,NA,NA,NA,NA,NA,NA,NA,NA,NA,NA,NA,NA,NA,NA,NA,NA,NA,NA,NA,NA,NA,NA,0.90614325076037,NA,NA,NA,NA,NA,NA,NA,0.646473020164774,NA,NA,NA,NA
1190,NA,NA,NA,NA,NA,NA,NA,NA,NA,NA,NA,NA,NA,NA,NA,NA,NA,NA,NA,NA,NA,NA,NA,NA,NA,NA,NA,NA,0.963914830774624,0.825913480944012,NA,NA,NA,NA,NA,NA,NA,NA,NA,NA,NA,NA,NA,NA,NA,NA,NA,NA,NA,NA,NA,NA,NA,NA,NA,NA,NA,NA,0.855466784067545,NA,NA,NA,NA,NA,NA,NA,0.776902265510281,NA,NA,NA,NA
1191,NA,NA,NA,NA,NA,NA,NA,NA,NA,NA,NA,NA,NA,NA,NA,NA,NA,NA,NA,NA,NA,NA,NA,NA,NA,NA,NA,NA,1.04800481366182,0.948704834037358,NA,NA,NA,NA,NA,NA,NA,NA,NA,NA,NA,NA,NA,NA,NA,NA,NA,NA,NA,NA,NA,NA,NA,NA,NA,NA,NA,NA,0.877326261676128,NA,NA,NA,NA,NA,NA,NA,0.920350001203019,NA,NA,NA,NA
1192,NA,NA,NA,NA,NA,NA,NA,NA,NA,NA,NA,NA,NA,NA,NA,NA,NA,NA,NA,NA,NA,NA,NA,NA,NA,NA,NA,NA,1.18800228110943,0.977794194887574,NA,NA,NA,NA,NA,NA,NA,NA,NA,NA,NA,NA,NA,NA,NA,NA,NA,NA,NA,NA,NA,NA,NA,NA,NA,NA,NA,NA,0.909268152268666,NA,NA,NA,NA,NA,NA,NA,0.906754411074737,NA,NA,NA,NA
1193,NA,NA,NA,NA,NA,NA,NA,NA,NA,NA,NA,NA,NA,NA,NA,NA,NA,NA,NA,NA,NA,NA,NA,NA,NA,NA,NA,NA,0.973891624334739,0.981969413141053,NA,NA,NA,NA,NA,NA,NA,NA,NA,NA,NA,NA,NA,NA,NA,NA,NA,NA,NA,NA,NA,NA,NA,NA,NA,NA,NA,NA,0.932873097164977,NA,NA,NA,NA,NA,NA,NA,1.00894268982558,NA,NA,NA,NA
1194,NA,NA,NA,NA,NA,NA,NA,NA,NA,NA,NA,NA,NA,NA,NA,NA,NA,NA,NA,NA,NA,NA,NA,NA,NA,NA,NA,NA,0.761734317152721,0.749742333418381,NA,NA,NA,NA,NA,NA,NA,NA,NA,NA,NA,NA,NA,NA,NA,NA,NA,NA,NA,NA,NA,NA,NA,NA,NA,NA,NA,NA,0.914236869846335,NA,NA,NA,NA,NA,NA,NA,0.953859392867772,NA,NA,NA,NA
1195,NA,NA,NA,NA,NA,NA,NA,NA,NA,NA,NA,NA,NA,NA,NA,NA,NA,NA,NA,NA,NA,NA,NA,NA,NA,NA,NA,NA,0.65387799074281,0.643977765826584,NA,NA,NA,NA,NA,NA,NA,NA,NA,NA,NA,NA,NA,NA,NA,NA,NA,NA,NA,NA,NA,NA,NA,NA,NA,NA,NA,NA,0.918470377900777,NA,NA,NA,NA,NA,NA,NA,0.5544838426833,NA,NA,NA,NA
1196,NA,NA,NA,NA,NA,NA,NA,NA,NA,NA,NA,NA,NA,NA,NA,NA,NA,NA,NA,NA,NA,NA,NA,NA,NA,NA,NA,NA,0.683632988482443,0.89373709826128,NA,NA,NA,NA,NA,NA,NA,NA,NA,NA,NA,NA,NA,NA,NA,NA,NA,NA,NA,NA,NA,NA,NA,NA,NA,NA,NA,NA,0.976659791369349,NA,NA,NA,NA,NA,NA,NA,0.969062849484179,NA,NA,NA,NA
1197,NA,NA,NA,NA,NA,NA,NA,NA,NA,NA,NA,NA,NA,NA,NA,NA,NA,NA,NA,NA,NA,NA,NA,NA,NA,NA,NA,NA,0.82524910143923,0.734021062879905,NA,NA,NA,NA,NA,NA,NA,NA,NA,NA,NA,NA,NA,NA,NA,NA,NA,NA,NA,NA,NA,NA,NA,NA,NA,NA,NA,NA,0.915567195567949,NA,NA,NA,NA,NA,NA,NA,0.811482454338962,NA,NA,NA,NA
1198,NA,NA,NA,NA,NA,NA,NA,NA,NA,NA,NA,NA,NA,NA,NA,NA,NA,NA,NA,NA,NA,NA,NA,NA,NA,NA,NA,NA,0.764869280976582,0.648854620289006,NA,NA,NA,NA,NA,NA,NA,NA,NA,NA,NA,NA,NA,NA,NA,NA,NA,NA,NA,NA,NA,NA,NA,NA,NA,NA,NA,NA,0.905527878507067,NA,NA,NA,NA,NA,NA,NA,0.796819476576117,NA,NA,NA,NA
1199,NA,NA,NA,NA,NA,NA,NA,NA,NA,NA,NA,NA,NA,NA,NA,NA,NA,NA,NA,NA,NA,NA,NA,NA,NA,NA,NA,NA,1.22140563530566,1.80279614865327,NA,NA,NA,NA,NA,NA,NA,NA,NA,NA,NA,NA,NA,NA,NA,NA,NA,NA,NA,NA,NA,NA,NA,NA,NA,NA,NA,0.980334981115758,0.970092992364715,NA,NA,NA,NA,NA,NA,NA,0.983248674456863,NA,NA,NA,NA
1200,NA,NA,NA,NA,NA,NA,NA,NA,NA,NA,NA,NA,NA,NA,NA,NA,NA,NA,NA,NA,NA,NA,NA,NA,NA,NA,NA,NA,1.00898926313592,1.12917859356911,NA,NA,NA,NA,NA,NA,NA,NA,NA,NA,NA,NA,NA,NA,NA,NA,NA,NA,NA,NA,NA,NA,NA,NA,NA,NA,NA,0.901338495250188,0.93893550894867,NA,NA,NA,NA,NA,NA,NA,0.959167794497945,NA,NA,NA,NA
1201,NA,NA,NA,NA,NA,NA,NA,NA,NA,NA,NA,NA,NA,NA,NA,NA,NA,NA,NA,NA,NA,NA,NA,NA,NA,NA,NA,NA,0.654354915881366,0.630543742542439,NA,NA,NA,NA,NA,NA,NA,NA,NA,NA,NA,NA,NA,NA,NA,NA,NA,NA,NA,NA,NA,NA,NA,NA,NA,NA,NA,0.974654115617913,0.96483712226146,NA,NA,NA,NA,NA,NA,NA,1.16528190202663,NA,NA,NA,NA
1202,NA,NA,NA,NA,NA,NA,NA,NA,NA,NA,NA,NA,NA,NA,NA,NA,NA,NA,NA,NA,NA,NA,NA,NA,NA,NA,NA,NA,0.530158900535734,0.333632876528881,NA,NA,NA,NA,NA,NA,NA,NA,NA,NA,NA,NA,NA,NA,NA,NA,NA,NA,NA,NA,NA,NA,NA,NA,NA,NA,NA,0.805281941116138,0.868329874645131,NA,NA,NA,NA,NA,NA,NA,0.854257960511373,NA,NA,NA,NA
1203,NA,NA,NA,NA,NA,NA,NA,NA,NA,NA,NA,NA,NA,NA,NA,NA,NA,NA,NA,NA,NA,NA,NA,NA,NA,NA,NA,NA,0.539066990018858,0.418437416683381,NA,NA,NA,NA,NA,NA,NA,NA,NA,NA,NA,NA,NA,NA,NA,NA,NA,NA,NA,NA,NA,NA,NA,NA,NA,NA,NA,0.821031226645746,0.896775836351027,NA,NA,NA,NA,NA,NA,NA,0.993989039388105,NA,NA,NA,NA
1204,NA,NA,NA,NA,NA,NA,NA,NA,NA,NA,NA,NA,NA,NA,NA,NA,NA,NA,NA,NA,NA,NA,NA,NA,NA,NA,NA,NA,0.970824805095327,0.854939614873735,NA,NA,NA,NA,NA,NA,NA,NA,NA,NA,NA,NA,NA,NA,NA,NA,NA,NA,NA,NA,NA,NA,NA,NA,NA,NA,NA,0.941525513870471,0.952574277917898,NA,NA,NA,NA,NA,NA,NA,1.08594354810416,NA,NA,NA,NA
1205,NA,NA,NA,NA,NA,NA,NA,NA,NA,NA,NA,NA,NA,NA,NA,NA,NA,NA,NA,NA,NA,NA,NA,NA,NA,NA,NA,NA,1.07431794717018,0.854847270318871,NA,NA,NA,NA,NA,NA,NA,NA,NA,NA,NA,NA,NA,NA,NA,NA,NA,NA,NA,NA,NA,NA,NA,NA,NA,NA,NA,0.974177951773134,0.943752340953219,NA,NA,NA,NA,NA,NA,NA,1.0945181492648,NA,NA,NA,NA
1206,NA,NA,NA,NA,NA,NA,NA,NA,NA,NA,NA,NA,NA,NA,NA,NA,NA,NA,NA,NA,NA,NA,NA,NA,NA,NA,NA,NA,1.19828867995517,0.976463006050797,NA,NA,NA,NA,NA,NA,NA,NA,NA,NA,NA,NA,NA,NA,NA,NA,NA,NA,NA,NA,NA,NA,NA,NA,NA,NA,NA,1.04652934045283,0.970618590303194,NA,NA,NA,NA,NA,NA,NA,0.990165713146038,NA,NA,NA,NA
1207,NA,NA,NA,NA,NA,NA,NA,NA,NA,NA,NA,NA,NA,NA,NA,NA,NA,NA,NA,NA,NA,NA,NA,NA,NA,NA,NA,NA,0.962361409963868,0.716765759493238,NA,NA,NA,NA,NA,NA,NA,NA,NA,NA,NA,NA,NA,NA,NA,NA,NA,NA,NA,NA,NA,NA,NA,NA,NA,NA,NA,0.976087258834438,0.94859793821928,NA,NA,NA,NA,NA,NA,NA,0.903253565342266,NA,NA,NA,NA
1208,NA,NA,NA,NA,NA,NA,NA,NA,NA,NA,NA,NA,NA,NA,NA,NA,NA,NA,NA,NA,NA,NA,NA,NA,NA,NA,NA,NA,0.864612371413152,0.806617950259443,NA,NA,NA,NA,NA,NA,NA,NA,NA,NA,NA,NA,NA,NA,NA,NA,NA,NA,NA,NA,NA,NA,NA,NA,NA,NA,NA,1.00258877665747,1.00132079020415,NA,NA,NA,NA,NA,NA,NA,0.884645588458485,NA,NA,NA,NA
1209,NA,NA,NA,NA,NA,NA,NA,NA,NA,NA,NA,NA,NA,NA,NA,NA,NA,NA,NA,NA,NA,NA,NA,NA,NA,NA,NA,NA,0.94806714553097,1.18253630144827,NA,NA,NA,NA,NA,NA,NA,NA,NA,NA,NA,NA,NA,NA,NA,NA,NA,NA,NA,NA,NA,NA,NA,NA,NA,NA,NA,1.06841584691411,1.02131225668612,NA,NA,NA,NA,NA,NA,NA,1.09743383267158,NA,NA,NA,NA
1210,NA,NA,NA,NA,NA,NA,NA,NA,NA,NA,NA,NA,NA,NA,NA,NA,NA,NA,NA,NA,NA,NA,NA,NA,NA,NA,NA,NA,1.1155999958884,1.61458007279483,NA,NA,NA,NA,NA,NA,NA,NA,NA,NA,NA,NA,NA,NA,NA,NA,NA,NA,NA,NA,NA,NA,NA,NA,NA,NA,NA,1.02142552991993,1.04549214563141,NA,NA,NA,NA,NA,NA,NA,1.06369361577401,NA,NA,NA,NA
1211,NA,NA,NA,NA,NA,NA,NA,NA,NA,NA,NA,NA,NA,NA,NA,NA,NA,NA,NA,NA,NA,NA,NA,NA,NA,NA,NA,NA,1.21946438860995,1.4039269894779,NA,NA,NA,NA,NA,NA,NA,NA,NA,NA,NA,NA,NA,NA,NA,NA,NA,NA,NA,NA,NA,NA,NA,NA,NA,NA,NA,1.04059191497718,1.06349334576068,NA,NA,NA,NA,NA,NA,NA,1.0077934295559,NA,NA,NA,NA
1212,NA,NA,NA,NA,NA,NA,NA,NA,NA,NA,NA,NA,NA,NA,NA,NA,NA,NA,NA,NA,NA,NA,NA,NA,NA,NA,NA,NA,1.20842765169194,0.527022386660715,NA,NA,NA,NA,NA,NA,NA,NA,NA,NA,NA,NA,NA,NA,NA,NA,NA,NA,NA,NA,NA,NA,NA,NA,NA,NA,NA,0.930103191062347,0.976319922513145,NA,NA,NA,NA,NA,NA,NA,0.930678252417592,NA,NA,NA,NA
1213,NA,NA,NA,NA,NA,NA,NA,NA,NA,NA,NA,NA,NA,NA,NA,NA,NA,NA,NA,NA,NA,NA,NA,NA,NA,NA,NA,NA,1.37538387775585,0.526340068738241,NA,NA,NA,NA,NA,NA,NA,NA,NA,NA,NA,NA,NA,NA,NA,NA,NA,NA,NA,NA,NA,NA,NA,NA,NA,NA,NA,1.0450257551247,1.02172879239176,NA,NA,NA,NA,NA,NA,NA,1.07302836571789,NA,NA,NA,NA
1214,NA,NA,NA,NA,NA,NA,NA,NA,NA,NA,NA,NA,NA,NA,NA,NA,NA,NA,NA,NA,NA,NA,NA,NA,NA,NA,NA,NA,1.62502028295249,0.711292104079822,NA,NA,NA,NA,NA,NA,NA,NA,NA,NA,NA,NA,NA,NA,NA,NA,NA,NA,NA,NA,NA,NA,NA,NA,NA,NA,NA,1.02200642183498,1.0014587898048,NA,NA,NA,NA,NA,NA,NA,1.00326511632898,NA,NA,NA,NA
1215,NA,NA,NA,NA,NA,NA,NA,NA,NA,NA,NA,NA,NA,NA,NA,NA,NA,NA,NA,NA,NA,NA,NA,NA,NA,NA,NA,NA,1.46028916383618,0.754578336953444,NA,NA,NA,NA,NA,NA,NA,NA,NA,NA,NA,NA,NA,NA,NA,NA,NA,NA,NA,NA,NA,NA,NA,NA,NA,NA,NA,0.928417122647321,0.935658634367751,NA,NA,NA,NA,NA,NA,NA,0.917546799895675,NA,NA,NA,NA
1216,NA,NA,NA,NA,NA,NA,NA,NA,NA,NA,NA,NA,NA,NA,NA,NA,NA,NA,NA,NA,NA,NA,NA,NA,NA,NA,NA,NA,1.40991879176302,1.42352434729935,NA,NA,NA,NA,NA,NA,NA,NA,NA,NA,NA,NA,NA,NA,NA,NA,NA,NA,NA,NA,NA,NA,NA,NA,NA,NA,NA,1.03147852008446,1.02046272693647,NA,NA,NA,NA,NA,NA,NA,1.03414545831408,NA,NA,NA,NA
1217,NA,NA,NA,NA,NA,NA,NA,NA,NA,NA,NA,NA,NA,NA,NA,NA,NA,NA,NA,NA,NA,NA,NA,NA,NA,NA,NA,NA,1.35982960651321,1.72342674361028,NA,NA,NA,NA,NA,NA,NA,NA,NA,NA,NA,NA,NA,NA,NA,NA,NA,NA,NA,NA,NA,NA,NA,NA,NA,NA,NA,1.04808571584709,1.03104947804762,NA,NA,NA,NA,NA,NA,NA,1.13613100814381,NA,NA,NA,NA
1218,NA,NA,NA,NA,NA,NA,NA,NA,NA,NA,NA,NA,NA,NA,NA,NA,NA,NA,NA,NA,NA,NA,NA,NA,NA,NA,NA,NA,1.28891721603549,2.18219148817993,NA,NA,NA,NA,NA,NA,NA,NA,NA,NA,NA,NA,NA,NA,NA,NA,NA,NA,NA,NA,NA,NA,NA,NA,NA,NA,NA,0.955818874685502,1.01341089490355,NA,NA,NA,NA,NA,NA,NA,1.04777742611142,NA,NA,NA,NA
1219,NA,NA,NA,NA,NA,NA,NA,NA,NA,NA,NA,NA,NA,NA,NA,NA,NA,NA,NA,NA,NA,NA,NA,NA,NA,NA,NA,NA,1.21790136842683,1.65669679672334,NA,NA,NA,NA,NA,NA,NA,NA,NA,NA,NA,NA,NA,NA,NA,NA,NA,NA,NA,NA,NA,NA,NA,NA,NA,NA,NA,1.02510878329123,1.07509521635971,NA,NA,NA,NA,NA,NA,NA,1.12756655885877,NA,NA,NA,NA
1220,NA,NA,NA,NA,NA,NA,NA,NA,NA,NA,NA,NA,NA,NA,NA,NA,NA,NA,NA,NA,NA,NA,NA,NA,NA,NA,NA,NA,1.04046343878902,0.936102334137799,NA,NA,NA,NA,NA,NA,NA,NA,NA,NA,NA,NA,NA,NA,NA,NA,NA,NA,NA,NA,NA,NA,NA,NA,NA,NA,NA,1.01583305212713,1.0448001913321,NA,NA,NA,NA,NA,NA,NA,1.10009784487835,NA,NA,NA,NA
1221,NA,NA,NA,NA,NA,NA,NA,NA,NA,NA,NA,NA,NA,NA,NA,NA,NA,NA,NA,NA,NA,NA,NA,NA,NA,NA,NA,NA,1.06444217420758,1.35696862116754,NA,NA,NA,NA,NA,NA,NA,NA,NA,NA,NA,NA,NA,NA,NA,NA,NA,NA,NA,NA,NA,NA,NA,NA,NA,NA,NA,1.05286260560197,0.999257561960474,NA,NA,NA,NA,NA,NA,NA,1.18560069765656,NA,NA,NA,NA
1222,NA,NA,NA,NA,NA,NA,NA,NA,NA,NA,NA,NA,NA,NA,NA,NA,NA,NA,NA,NA,NA,NA,NA,NA,NA,NA,NA,NA,0.733634716811298,0.725612009765334,NA,NA,NA,NA,NA,NA,NA,NA,NA,NA,NA,NA,NA,NA,NA,NA,NA,NA,NA,NA,NA,NA,NA,NA,NA,NA,NA,0.954184530220763,0.94793795698598,NA,NA,NA,NA,NA,NA,NA,0.933348320360325,NA,NA,NA,NA
1223,NA,NA,NA,NA,NA,NA,NA,NA,NA,NA,NA,NA,NA,NA,NA,NA,NA,NA,NA,NA,NA,NA,NA,NA,NA,NA,NA,NA,0.876659149255947,0.981869422803716,NA,NA,NA,NA,NA,NA,NA,NA,NA,NA,NA,NA,NA,NA,NA,NA,NA,NA,NA,NA,NA,NA,NA,NA,NA,NA,NA,1.02947118652767,0.973075990407837,NA,NA,NA,NA,NA,NA,NA,0.983819942269148,NA,NA,NA,NA
1224,NA,NA,NA,NA,NA,NA,NA,NA,NA,NA,NA,NA,NA,NA,NA,NA,NA,NA,NA,NA,NA,NA,NA,NA,NA,NA,NA,NA,1.04121395525248,1.08195120068052,NA,NA,NA,NA,NA,NA,NA,NA,NA,NA,NA,NA,NA,NA,NA,NA,NA,NA,NA,NA,NA,NA,NA,NA,NA,NA,NA,1.05779499462751,1.03594423683982,NA,NA,NA,NA,NA,NA,NA,0.970937970054843,NA,NA,NA,NA
1225,NA,NA,NA,NA,NA,NA,NA,NA,NA,NA,NA,NA,NA,NA,NA,NA,NA,NA,NA,NA,NA,NA,NA,NA,NA,NA,NA,NA,1.02274748980508,1.32279269064848,NA,NA,NA,NA,NA,NA,NA,NA,NA,NA,NA,NA,NA,NA,NA,NA,NA,NA,NA,NA,NA,NA,NA,NA,NA,NA,NA,1.07901459218083,1.03597288016379,NA,NA,NA,NA,NA,NA,NA,0.958610208958614,NA,NA,NA,NA
1226,NA,NA,NA,NA,NA,NA,NA,NA,NA,NA,NA,NA,NA,NA,NA,NA,NA,NA,NA,NA,NA,NA,NA,NA,NA,NA,NA,NA,0.862765128949664,0.905750354445,NA,NA,NA,NA,NA,NA,NA,NA,NA,NA,NA,NA,NA,NA,NA,NA,NA,NA,NA,NA,NA,NA,NA,NA,NA,NA,NA,1.02698681310715,1.0225398010948,NA,NA,NA,NA,NA,NA,NA,0.920968693503156,NA,NA,NA,NA
1227,NA,NA,NA,NA,NA,NA,NA,NA,NA,NA,NA,NA,NA,NA,NA,NA,NA,NA,NA,NA,NA,NA,NA,NA,NA,NA,NA,NA,1.22406013786724,1.37656110228191,NA,NA,NA,NA,NA,NA,NA,NA,NA,NA,NA,NA,NA,NA,NA,NA,NA,NA,NA,NA,NA,NA,NA,NA,NA,NA,NA,1.08920443876281,1.04884921418346,NA,NA,NA,NA,NA,NA,NA,0.987813100810774,NA,NA,NA,NA
1228,NA,NA,NA,NA,NA,NA,NA,NA,NA,NA,NA,NA,NA,NA,NA,NA,NA,NA,NA,NA,NA,NA,NA,NA,NA,NA,NA,NA,0.977704532185809,0.856760054966629,NA,NA,NA,NA,NA,NA,NA,NA,NA,NA,NA,NA,NA,NA,NA,NA,NA,NA,NA,NA,NA,NA,NA,NA,NA,NA,NA,1.02623392260424,1.02508516623088,NA,NA,NA,NA,NA,NA,NA,0.925645537199897,NA,NA,NA,NA
1229,NA,NA,NA,NA,NA,NA,NA,NA,NA,NA,NA,NA,NA,NA,NA,NA,NA,NA,NA,NA,NA,NA,NA,NA,NA,NA,NA,NA,0.72716148391975,0.615034946806938,NA,NA,NA,NA,NA,NA,NA,NA,NA,NA,NA,NA,NA,NA,NA,NA,NA,NA,NA,NA,NA,NA,NA,NA,NA,NA,NA,1.04674300869368,1.00266152828492,NA,NA,NA,NA,NA,NA,NA,0.872198866586784,NA,NA,NA,NA
1230,NA,NA,NA,NA,NA,NA,NA,NA,NA,NA,NA,NA,NA,NA,NA,NA,NA,NA,NA,NA,NA,NA,NA,NA,NA,NA,NA,NA,0.773908532633711,0.442391956207705,NA,NA,NA,NA,NA,NA,NA,NA,NA,NA,NA,NA,NA,NA,NA,NA,NA,NA,NA,NA,NA,NA,NA,NA,NA,NA,NA,0.993202509088714,0.992357566267036,NA,NA,NA,NA,NA,NA,NA,0.902842513914533,NA,NA,NA,NA
1231,NA,NA,NA,NA,NA,NA,NA,NA,NA,NA,NA,NA,NA,NA,NA,NA,NA,NA,NA,NA,NA,NA,NA,NA,NA,NA,NA,NA,0.60844227353096,0.460013795812224,NA,NA,NA,NA,NA,NA,NA,NA,NA,NA,NA,NA,NA,NA,NA,NA,NA,NA,NA,NA,NA,NA,NA,NA,NA,NA,NA,1.020585691191,1.00594713524656,NA,NA,NA,NA,NA,NA,NA,0.942967897117887,NA,NA,NA,NA
1232,NA,NA,NA,NA,NA,NA,NA,NA,NA,NA,NA,NA,NA,NA,NA,NA,NA,NA,NA,NA,NA,NA,NA,NA,NA,NA,NA,NA,0.677875054625733,0.634119578842398,NA,NA,NA,NA,NA,NA,NA,NA,NA,NA,NA,NA,NA,NA,NA,NA,NA,NA,NA,NA,NA,NA,NA,NA,NA,NA,NA,0.96623602321282,1.00732946074727,NA,NA,NA,NA,NA,NA,NA,0.968312883095514,NA,NA,NA,NA
1233,NA,NA,NA,NA,NA,NA,NA,NA,NA,NA,NA,NA,NA,NA,NA,NA,NA,NA,NA,NA,NA,NA,NA,NA,NA,NA,NA,NA,1.01515969190574,1.20467608499931,NA,NA,NA,NA,NA,NA,NA,NA,NA,NA,NA,NA,NA,NA,NA,NA,NA,NA,NA,NA,NA,NA,NA,NA,NA,NA,NA,1.01094272013514,1.03642126059242,NA,NA,NA,NA,NA,NA,NA,1.15863295470764,NA,NA,NA,NA
1234,NA,NA,NA,NA,NA,NA,NA,NA,NA,NA,NA,NA,NA,NA,NA,NA,NA,NA,NA,NA,NA,NA,NA,NA,NA,NA,NA,NA,0.962545082777046,1.1772536911692,NA,NA,NA,NA,NA,NA,NA,NA,NA,NA,NA,NA,NA,NA,NA,NA,NA,NA,NA,NA,NA,NA,NA,NA,NA,NA,NA,1.05653730860076,1.07437932405979,NA,NA,NA,NA,NA,NA,NA,1.09278552476724,NA,NA,NA,NA
1235,NA,NA,NA,NA,NA,NA,NA,NA,NA,NA,NA,NA,NA,NA,NA,NA,NA,NA,NA,NA,NA,NA,NA,NA,NA,NA,NA,NA,0.931851474932087,1.28480257496258,NA,NA,NA,NA,NA,NA,NA,NA,NA,NA,NA,NA,NA,NA,NA,NA,NA,NA,NA,NA,NA,NA,NA,NA,NA,NA,NA,1.01119935828081,1.03411366234568,NA,NA,NA,NA,NA,NA,NA,1.04590167637968,NA,NA,NA,NA
1236,NA,NA,NA,NA,NA,NA,NA,NA,NA,NA,NA,NA,NA,NA,NA,NA,NA,NA,NA,NA,NA,NA,NA,NA,NA,NA,NA,NA,0.900889695561658,1.14965742870693,NA,NA,NA,NA,NA,NA,NA,NA,NA,NA,NA,NA,NA,NA,NA,NA,NA,NA,NA,NA,NA,NA,NA,NA,NA,NA,NA,1.03827104993466,1.03629645159503,NA,NA,NA,NA,NA,NA,NA,1.00937946537868,NA,NA,NA,NA
1237,NA,NA,NA,NA,NA,NA,NA,NA,NA,NA,NA,NA,NA,NA,NA,NA,NA,NA,NA,NA,NA,NA,NA,NA,NA,NA,NA,NA,1.12810592854975,1.78547589326375,NA,NA,NA,NA,NA,NA,NA,NA,NA,NA,NA,NA,NA,NA,NA,NA,NA,NA,NA,NA,NA,NA,NA,NA,NA,NA,NA,1.04886915807377,1.05577840574085,NA,NA,NA,NA,NA,NA,NA,1.1351002598306,NA,NA,NA,NA
1238,NA,NA,NA,NA,NA,NA,NA,NA,NA,NA,NA,NA,NA,NA,NA,NA,NA,NA,NA,NA,NA,NA,NA,NA,NA,NA,NA,NA,0.826817074828381,1.07113856365765,NA,NA,NA,NA,NA,NA,NA,NA,NA,NA,NA,NA,NA,NA,NA,NA,NA,NA,NA,NA,NA,NA,NA,NA,NA,NA,NA,0.91768937131911,0.940361428713456,NA,NA,NA,NA,NA,NA,NA,0.95840964521657,NA,NA,NA,NA
1239,NA,NA,NA,NA,NA,NA,NA,NA,NA,NA,NA,NA,NA,NA,NA,NA,NA,NA,NA,NA,NA,NA,1.00179117960337,NA,NA,NA,NA,NA,0.863340398231197,1.33851357576076,NA,NA,NA,NA,NA,NA,NA,NA,NA,NA,NA,NA,NA,NA,NA,NA,NA,NA,NA,NA,NA,NA,NA,NA,NA,NA,NA,0.907487363304307,0.970582798496608,NA,NA,NA,NA,NA,NA,NA,1.07806257752773,NA,NA,NA,NA
1240,NA,NA,NA,NA,NA,NA,NA,NA,NA,NA,NA,NA,NA,NA,NA,NA,NA,NA,NA,NA,NA,NA,0.997477577912091,NA,NA,NA,NA,NA,0.762942134559901,0.970643010242255,NA,NA,NA,NA,NA,NA,NA,NA,NA,NA,NA,NA,NA,NA,NA,NA,NA,NA,NA,NA,NA,NA,NA,NA,NA,NA,NA,0.944126820347293,0.928884211222779,NA,NA,NA,NA,NA,NA,NA,1.0177050023753,NA,NA,NA,NA
1241,NA,NA,NA,NA,NA,NA,NA,NA,NA,NA,NA,NA,NA,NA,NA,NA,NA,NA,NA,NA,NA,NA,0.94972044276206,NA,NA,NA,NA,NA,0.591873513042368,0.828059467513535,NA,NA,NA,NA,NA,NA,NA,NA,NA,NA,NA,NA,NA,NA,NA,NA,NA,NA,NA,NA,NA,NA,NA,NA,NA,NA,NA,0.903235808315628,0.90228631325947,NA,NA,NA,NA,0.851569549335393,NA,NA,0.965597339245299,NA,NA,NA,NA
1242,NA,NA,NA,NA,NA,NA,NA,NA,NA,NA,NA,NA,NA,NA,NA,NA,NA,NA,NA,NA,NA,NA,0.997287788353474,NA,NA,NA,NA,NA,0.663281150059092,0.694944863287336,NA,NA,NA,NA,NA,NA,NA,NA,NA,NA,NA,NA,NA,NA,NA,NA,NA,NA,NA,NA,NA,NA,NA,NA,NA,NA,NA,0.872436656814969,0.688038894992702,NA,NA,NA,NA,0.833360934413543,NA,NA,0.966889756624086,NA,NA,NA,NA
1243,NA,NA,NA,NA,NA,NA,NA,NA,NA,NA,NA,NA,NA,NA,NA,NA,NA,NA,NA,NA,NA,NA,0.941536976442603,NA,NA,NA,NA,NA,0.618607621444787,0.828156686136146,NA,NA,NA,NA,NA,NA,NA,NA,NA,NA,NA,NA,NA,NA,NA,NA,NA,NA,NA,NA,NA,NA,NA,NA,NA,NA,NA,0.929275139188367,NA,NA,NA,NA,NA,0.7961691240048,NA,NA,0.963692623970249,NA,NA,NA,NA
1244,NA,NA,NA,NA,NA,NA,NA,NA,NA,NA,NA,NA,NA,NA,NA,NA,NA,NA,NA,NA,NA,NA,0.913147500941625,NA,NA,NA,NA,NA,0.887326971077653,1.07100410003581,NA,NA,NA,NA,NA,NA,NA,NA,NA,NA,NA,NA,NA,NA,NA,NA,NA,NA,NA,NA,NA,NA,NA,NA,NA,NA,NA,0.987552025798419,0.917010191872313,NA,NA,NA,NA,0.917470124923028,0.902684552114424,NA,1.02613895344498,NA,NA,NA,NA
1245,NA,NA,NA,NA,NA,NA,NA,NA,NA,NA,NA,NA,NA,NA,NA,NA,NA,NA,NA,NA,NA,NA,0.943357234494027,0.748198154882465,NA,NA,NA,NA,0.680739758763083,0.828507976830111,NA,NA,NA,NA,NA,NA,NA,NA,NA,NA,NA,NA,NA,NA,NA,NA,NA,NA,NA,NA,NA,NA,NA,NA,NA,NA,NA,0.952641160425346,0.899929725851203,NA,NA,NA,NA,1.05320181927848,0.959171652913171,NA,1.09453168159322,NA,NA,NA,NA
1246,NA,NA,NA,NA,NA,NA,NA,NA,NA,NA,NA,NA,NA,NA,NA,NA,NA,NA,NA,NA,NA,NA,0.930478773724031,0.904101791723172,NA,NA,NA,NA,0.857737947064769,0.898944624396677,NA,NA,NA,NA,NA,NA,NA,NA,NA,NA,NA,NA,NA,NA,NA,NA,NA,NA,NA,NA,NA,NA,NA,NA,NA,NA,NA,0.8792499892506,0.813897144223231,NA,NA,NA,NA,0.925690792472662,1.01736116810397,NA,1.07943959966221,NA,NA,NA,NA
1247,NA,NA,NA,NA,NA,NA,NA,NA,NA,NA,NA,NA,NA,NA,NA,NA,NA,NA,NA,NA,NA,NA,0.960729141369304,1.01398312501335,NA,NA,NA,NA,0.988106148457656,1.02143026330468,NA,NA,NA,NA,NA,NA,NA,NA,NA,NA,NA,NA,NA,NA,NA,NA,NA,NA,NA,NA,NA,NA,NA,NA,NA,NA,NA,0.993771581037585,0.964227355504587,NA,NA,NA,NA,1.03608593657405,1.05507438599859,NA,1.12586930537336,NA,NA,NA,NA
1248,NA,NA,NA,NA,NA,NA,NA,NA,NA,NA,NA,NA,NA,NA,NA,NA,NA,NA,NA,NA,NA,NA,0.885105087086444,0.943447577897673,NA,NA,NA,NA,1.1764313687819,1.45455624941604,NA,NA,NA,NA,NA,NA,NA,NA,NA,NA,NA,NA,NA,NA,NA,NA,NA,NA,NA,NA,NA,NA,NA,NA,NA,NA,NA,0.972412933640529,0.983642509916712,NA,NA,NA,NA,1.07009621742863,1.04965903591111,NA,1.08768657344202,NA,NA,NA,NA
1249,NA,NA,NA,NA,NA,NA,NA,NA,NA,NA,NA,NA,NA,NA,NA,NA,NA,NA,NA,NA,NA,NA,0.955437806599692,1.10498247120988,NA,NA,NA,NA,1.46828980908998,1.25830685466442,NA,NA,NA,NA,NA,NA,NA,NA,NA,NA,NA,NA,NA,NA,NA,NA,NA,NA,NA,NA,NA,NA,NA,NA,NA,NA,NA,0.977792841117086,1.04513304234775,NA,NA,NA,NA,1.04114747173297,1.00827507978297,NA,0.981689746633566,NA,NA,NA,NA
1250,NA,NA,NA,NA,NA,NA,NA,NA,NA,NA,NA,NA,NA,NA,NA,NA,NA,NA,NA,NA,NA,NA,0.990365842444127,1.36532187359213,NA,NA,NA,NA,1.55360776834051,1.57414687031155,NA,NA,NA,NA,NA,NA,NA,NA,NA,NA,NA,NA,NA,NA,NA,NA,NA,NA,NA,NA,NA,NA,NA,NA,NA,NA,NA,1.03488442925645,1.05994351381397,NA,NA,NA,NA,1.089837130181,1.07971417167218,NA,1.08800598678799,NA,NA,NA,NA
1251,NA,NA,NA,NA,NA,NA,NA,NA,NA,NA,NA,NA,NA,NA,NA,NA,NA,NA,NA,NA,NA,NA,1.05422534119523,1.50923975376071,NA,NA,NA,NA,1.63947352134226,1.88637784649068,NA,NA,NA,NA,NA,NA,NA,NA,NA,NA,NA,NA,NA,NA,NA,NA,NA,NA,NA,NA,NA,NA,NA,NA,NA,NA,NA,1.13497287511374,1.06583304371601,NA,NA,NA,NA,1.2118947726404,1.11415701066398,NA,1.16670771837714,NA,NA,NA,NA
1252,NA,NA,NA,NA,NA,NA,NA,NA,NA,NA,NA,NA,NA,NA,NA,NA,NA,NA,NA,NA,NA,NA,1.04080522641144,1.31689505926252,NA,NA,NA,NA,1.50641840707205,1.72924901465207,NA,NA,NA,NA,NA,NA,NA,NA,NA,NA,NA,NA,NA,NA,NA,NA,NA,NA,NA,NA,NA,NA,NA,NA,NA,NA,NA,1.02250809124955,1.01208423025757,NA,NA,NA,NA,1.1208701352199,1.08277608867238,NA,1.00646807462794,NA,NA,NA,NA
1253,NA,NA,NA,NA,NA,NA,NA,NA,NA,NA,NA,NA,NA,NA,NA,NA,NA,NA,NA,NA,NA,NA,1.02577685347093,1.35708223400572,NA,NA,NA,NA,1.58155410310037,1.82519637363201,NA,NA,NA,NA,NA,NA,NA,NA,NA,NA,NA,NA,NA,NA,NA,NA,NA,NA,NA,NA,NA,NA,NA,NA,NA,NA,NA,1.1403341261737,1.08961071130208,NA,NA,NA,NA,1.15169345422124,1.17300237172685,NA,1.2131832915406,NA,NA,NA,NA
1254,NA,NA,NA,NA,NA,NA,NA,NA,NA,NA,NA,NA,NA,NA,NA,NA,NA,NA,NA,NA,NA,NA,0.932579754263728,0.997610251598499,NA,NA,NA,NA,1.30678916945598,1.23576237222764,NA,NA,NA,NA,NA,NA,NA,NA,NA,NA,NA,NA,NA,NA,NA,NA,NA,NA,NA,NA,NA,NA,NA,NA,NA,NA,NA,1.03476251618431,1.0387341410051,NA,NA,NA,NA,1.10370462848826,1.13375555232072,NA,1.08590687396405,NA,1.05142376279713,NA,NA
1255,NA,NA,NA,NA,NA,NA,NA,NA,NA,NA,NA,NA,NA,NA,NA,NA,NA,NA,NA,NA,NA,NA,0.971317615195156,0.90579835583754,NA,NA,NA,NA,1.13450813675748,1.13010182688511,NA,NA,NA,NA,NA,NA,NA,NA,NA,NA,NA,NA,NA,NA,NA,NA,NA,NA,NA,NA,NA,NA,NA,NA,NA,NA,NA,0.918961241507173,0.978982332499476,NA,NA,NA,NA,0.973044295181091,1.00009582781826,NA,0.919273070824687,NA,1.01724247490442,NA,NA
1256,NA,NA,NA,NA,NA,NA,NA,NA,NA,NA,NA,NA,NA,NA,NA,NA,NA,NA,NA,NA,NA,NA,0.921130872866815,0.804552483724491,NA,NA,NA,NA,0.947877509884835,0.953735030370871,NA,NA,NA,NA,NA,NA,NA,NA,NA,NA,NA,NA,NA,NA,NA,NA,NA,NA,NA,NA,NA,NA,NA,NA,NA,NA,NA,0.918358873491651,0.982017592916129,NA,NA,NA,NA,0.762392000439068,0.891146669858566,NA,0.802286934137182,NA,0.975672005413197,NA,NA
1257,NA,NA,NA,NA,NA,NA,NA,NA,NA,NA,NA,NA,NA,NA,NA,NA,NA,NA,NA,NA,NA,NA,1.00638459143718,1.15216354527108,NA,NA,NA,NA,1.11971350738133,1.18533195593144,NA,NA,NA,NA,NA,NA,NA,NA,NA,NA,NA,NA,NA,NA,NA,NA,NA,NA,NA,NA,NA,NA,NA,NA,NA,NA,NA,1.04874612467584,1.04834692469164,NA,NA,NA,NA,1.06285178080682,0.992693779119217,NA,0.940010193514777,NA,1.06909875702275,NA,NA
1258,NA,NA,NA,NA,NA,NA,NA,NA,NA,NA,NA,NA,NA,NA,NA,NA,NA,NA,NA,NA,NA,NA,0.966013385342367,0.923071841022908,NA,NA,NA,NA,0.858787313673727,0.659229483086734,NA,NA,NA,NA,NA,NA,NA,NA,NA,NA,NA,NA,NA,NA,NA,NA,NA,NA,NA,NA,NA,NA,NA,NA,NA,NA,NA,1.00217372726679,1.01951682287431,NA,NA,NA,NA,1.04200783691179,0.923371717398456,NA,0.905440074458106,NA,1.01331740302874,NA,NA
1259,NA,NA,NA,NA,NA,NA,NA,NA,NA,NA,NA,NA,NA,NA,NA,NA,NA,NA,NA,NA,NA,NA,0.97221448191971,0.898539909906286,NA,NA,NA,NA,0.776936621610776,0.618315597099035,NA,NA,NA,NA,NA,NA,NA,NA,NA,NA,NA,NA,NA,NA,NA,NA,NA,NA,NA,NA,NA,NA,NA,NA,NA,NA,NA,0.947791864792698,0.996854790721888,NA,NA,NA,NA,0.974553438730548,0.914905508623118,NA,0.899686303140804,NA,0.970430972077417,NA,NA
1260,NA,NA,NA,NA,NA,NA,NA,NA,NA,NA,NA,NA,NA,NA,NA,NA,NA,NA,NA,NA,NA,NA,0.936453552654351,0.914575025647822,NA,NA,NA,NA,0.817208583086959,0.482093516986691,NA,NA,NA,NA,NA,NA,NA,NA,NA,NA,NA,NA,NA,NA,NA,NA,NA,NA,NA,NA,NA,NA,NA,NA,NA,NA,NA,0.970180471211242,1.0184325486954,NA,NA,NA,NA,0.915664057792052,0.894117482296294,NA,0.957753961329515,NA,0.975173514780479,NA,NA
1261,NA,NA,NA,NA,NA,NA,NA,NA,NA,NA,NA,NA,NA,NA,NA,NA,NA,NA,NA,NA,NA,NA,0.938352100090437,0.751635783501608,NA,NA,NA,NA,0.845529923217481,0.559192622843531,NA,NA,NA,NA,NA,NA,NA,NA,NA,NA,NA,NA,NA,NA,NA,NA,NA,NA,NA,NA,NA,NA,NA,NA,NA,NA,NA,0.99388114391946,1.05656699194996,NA,NA,NA,NA,0.921250927843082,0.921924102455275,NA,0.907836155173239,NA,0.966926449562775,NA,NA
1262,NA,NA,NA,NA,NA,NA,NA,NA,NA,NA,NA,NA,NA,NA,NA,NA,NA,NA,NA,NA,NA,NA,0.994863817413341,0.849138804175959,NA,NA,NA,NA,0.799870513481095,0.662024627168978,NA,NA,NA,NA,NA,NA,NA,NA,NA,NA,NA,NA,NA,NA,NA,NA,NA,NA,NA,NA,NA,NA,NA,NA,NA,NA,NA,0.81588036383842,0.975481021405894,NA,NA,NA,NA,0.803420169655983,0.850815882529476,NA,0.861528722268432,NA,0.934813406894844,NA,NA
1263,NA,NA,NA,NA,NA,NA,NA,NA,NA,NA,NA,NA,NA,NA,NA,NA,NA,NA,NA,NA,NA,NA,1.01069675701027,0.928316505896686,NA,NA,NA,NA,0.803636741785228,0.749600308239174,NA,NA,NA,NA,NA,NA,NA,NA,NA,NA,NA,NA,NA,NA,NA,NA,NA,NA,NA,NA,NA,NA,NA,NA,NA,NA,NA,0.795568175669549,0.956813843502238,NA,NA,NA,NA,0.753502085638198,0.817343713713138,NA,0.6755682662226,NA,0.83993304668818,NA,NA
1264,NA,NA,NA,NA,NA,NA,NA,NA,NA,NA,NA,NA,NA,NA,NA,NA,NA,NA,NA,NA,NA,NA,1.04019748248242,1.13857093383182,NA,NA,NA,NA,0.919896572464583,0.663444844594813,NA,NA,NA,NA,NA,NA,NA,NA,NA,NA,NA,NA,NA,NA,NA,NA,NA,NA,NA,NA,NA,NA,NA,NA,NA,NA,NA,1.01494613121691,1.05253543085608,NA,NA,NA,NA,0.966734572823089,0.974030795950197,NA,0.904568748776758,NA,0.989542747137982,NA,NA
1265,NA,NA,NA,NA,NA,NA,NA,NA,NA,NA,NA,NA,NA,NA,NA,NA,NA,NA,NA,NA,NA,NA,1.04634240484423,1.25181213047742,NA,NA,NA,NA,0.99941028841345,0.643082075463023,NA,NA,NA,NA,NA,NA,NA,NA,NA,NA,NA,NA,NA,NA,NA,NA,NA,NA,NA,NA,NA,NA,NA,NA,NA,NA,NA,1.01672630884487,1.03635729463626,NA,NA,NA,NA,1.09104387809586,1.04781541768657,NA,1.09243651242468,NA,0.959841325750354,NA,NA
1266,NA,NA,NA,NA,NA,NA,NA,NA,NA,NA,NA,NA,NA,NA,NA,NA,NA,NA,NA,NA,NA,NA,0.976445263920646,1.02485769863292,NA,NA,NA,NA,1.53876369168039,1.22382723513,NA,NA,NA,NA,NA,NA,NA,NA,NA,NA,NA,NA,NA,NA,NA,NA,NA,NA,NA,NA,NA,NA,NA,NA,NA,NA,NA,1.07247123126914,1.07120955329581,NA,NA,NA,NA,1.09507113996004,1.05202920032386,NA,1.0141527492789,NA,1.03660995867461,NA,NA
1267,NA,NA,NA,NA,NA,NA,NA,NA,NA,NA,NA,NA,NA,NA,NA,NA,NA,NA,NA,NA,NA,NA,1.03149713995945,0.994528910986815,NA,NA,NA,NA,1.19802307546265,0.798073110279921,NA,NA,NA,NA,NA,NA,NA,NA,NA,NA,NA,NA,NA,NA,NA,NA,NA,NA,NA,NA,NA,NA,NA,NA,NA,NA,NA,0.842070816325811,0.936534844686199,NA,NA,NA,NA,0.903720945046266,0.948301608413121,NA,0.932105797957489,NA,1.00218462271719,NA,NA
1268,NA,NA,NA,NA,NA,NA,NA,NA,NA,NA,NA,NA,NA,NA,NA,NA,NA,NA,NA,NA,NA,NA,1.00080366577168,1.02114022831777,NA,NA,NA,NA,1.02758745117669,0.753621843552668,NA,NA,NA,NA,NA,NA,NA,NA,NA,NA,NA,NA,NA,NA,NA,NA,NA,NA,NA,NA,NA,NA,NA,NA,NA,NA,NA,0.99645393237789,0.98285547099429,NA,NA,NA,NA,1.00926232667355,0.983170754651785,NA,1.09040214980149,NA,0.971501550490125,NA,NA
1269,NA,NA,NA,NA,NA,NA,NA,NA,NA,NA,NA,NA,NA,NA,NA,NA,NA,NA,NA,NA,NA,NA,1.01405831798183,1.0677939429711,NA,NA,NA,NA,1.37483970989832,1.25522731060547,NA,NA,NA,NA,NA,NA,NA,NA,NA,NA,NA,NA,NA,NA,NA,NA,NA,NA,NA,NA,NA,NA,NA,NA,NA,NA,NA,1.09517959237446,1.06002681078791,NA,NA,NA,NA,1.01263260418504,1.00416248058798,NA,0.991890795530822,NA,0.99757800573754,NA,NA
1270,NA,NA,NA,NA,NA,NA,NA,NA,NA,NA,NA,NA,NA,NA,NA,NA,NA,NA,NA,NA,NA,NA,1.01501793915293,0.993498398917161,NA,NA,NA,NA,1.29365695594727,1.2018179109064,NA,NA,NA,NA,NA,NA,NA,NA,NA,NA,NA,NA,NA,NA,NA,NA,NA,NA,NA,NA,NA,NA,NA,NA,NA,NA,NA,1.0926078095106,1.04107515926238,NA,NA,NA,NA,1.06729873288705,1.01486378130859,NA,1.00038652266909,NA,0.990496025824364,NA,NA
1271,NA,NA,NA,NA,NA,NA,NA,NA,NA,NA,NA,NA,NA,NA,NA,NA,NA,NA,NA,NA,NA,NA,1.05485751879725,1.14277279310981,NA,NA,NA,NA,1.4028202253816,1.23038349777633,NA,NA,NA,NA,NA,NA,NA,NA,NA,NA,NA,NA,NA,NA,NA,NA,NA,NA,NA,NA,NA,NA,NA,NA,NA,NA,NA,1.08718976812452,1.0966443513316,NA,NA,NA,NA,1.13423640441734,1.07509048994282,NA,0.993506315000415,NA,1.00095991039992,NA,NA
1272,NA,NA,NA,NA,NA,NA,NA,NA,NA,NA,NA,NA,NA,NA,NA,NA,NA,NA,NA,NA,NA,NA,1.02333631310022,1.09883174872411,NA,NA,NA,NA,1.29545276321439,NA,NA,NA,NA,NA,NA,NA,NA,NA,NA,NA,NA,NA,NA,NA,NA,NA,NA,NA,NA,NA,NA,NA,NA,NA,NA,NA,NA,1.11730934091577,1.12028496938039,NA,NA,NA,NA,1.12435045403934,1.06469064276804,NA,1.0272684670989,NA,0.993767555180557,NA,NA
1273,NA,NA,NA,NA,NA,NA,NA,NA,NA,NA,NA,NA,NA,NA,NA,NA,NA,NA,NA,NA,NA,NA,1.05104383157882,1.32862188611917,NA,NA,NA,NA,1.56027140680444,NA,NA,NA,NA,NA,NA,NA,NA,NA,NA,NA,NA,NA,NA,NA,NA,NA,NA,NA,NA,NA,NA,NA,NA,NA,NA,NA,NA,1.06755383271386,1.12664987412597,NA,NA,NA,NA,1.16600428885578,1.05798085181456,NA,1.06625492492148,NA,1.00478562071399,NA,NA
1274,NA,NA,NA,NA,NA,NA,NA,NA,NA,NA,NA,NA,NA,NA,NA,NA,NA,NA,NA,NA,NA,NA,0.991442145821934,1.03338706364882,NA,NA,NA,NA,1.23260430649573,NA,NA,NA,NA,NA,NA,NA,NA,NA,NA,NA,NA,NA,NA,NA,NA,NA,NA,NA,NA,NA,NA,NA,NA,NA,NA,NA,NA,1.00380229681632,1.0886056548041,NA,NA,NA,NA,1.07377256631523,1.04248858569125,NA,0.992913034538463,NA,0.986500934193477,NA,NA
1275,NA,NA,NA,NA,NA,NA,NA,NA,NA,NA,NA,NA,NA,NA,NA,NA,NA,NA,NA,NA,NA,NA,1.00192070140325,1.0815299001091,NA,NA,NA,NA,1.13500153436353,NA,NA,NA,NA,NA,NA,NA,NA,NA,NA,NA,NA,NA,NA,NA,NA,NA,NA,NA,NA,NA,NA,NA,NA,NA,NA,NA,NA,1.01900806929505,1.0606789822539,NA,NA,NA,NA,1.09040297113271,1.04656085352032,NA,1.08754165078363,NA,1.01098847372106,NA,NA
1276,NA,NA,NA,NA,NA,NA,NA,NA,NA,NA,NA,NA,NA,NA,NA,NA,NA,NA,NA,NA,NA,NA,1.02282195285081,1.05051771916755,NA,NA,NA,NA,1.12866769026973,NA,NA,NA,NA,NA,NA,NA,NA,NA,NA,NA,NA,NA,NA,NA,NA,NA,NA,NA,NA,NA,NA,NA,NA,NA,NA,NA,NA,0.986962397301844,0.995265079026523,NA,NA,NA,NA,1.05017194372869,1.04504120207654,NA,0.962870242946176,NA,1.02446458555327,NA,NA
1277,NA,NA,NA,NA,NA,NA,NA,NA,NA,NA,NA,NA,NA,NA,NA,NA,NA,NA,NA,NA,NA,NA,0.995736658446637,1.09868186389222,NA,NA,NA,NA,1.00215062278691,NA,NA,NA,NA,NA,NA,NA,NA,NA,NA,NA,NA,NA,NA,NA,NA,NA,NA,NA,NA,NA,NA,NA,NA,NA,NA,NA,NA,1.03012640295172,1.05796799977024,1.03122012660912,NA,NA,NA,1.00402993854863,1.03902612182843,NA,1.08361200859975,NA,0.965884409788314,NA,NA
1278,NA,NA,NA,NA,NA,NA,NA,NA,NA,NA,NA,NA,NA,NA,NA,NA,NA,NA,NA,NA,NA,NA,1.04619720842606,0.841516472334287,NA,NA,NA,NA,0.994932494651887,NA,NA,NA,NA,NA,NA,NA,NA,NA,NA,NA,NA,NA,NA,NA,NA,NA,NA,NA,NA,NA,NA,NA,NA,NA,NA,NA,NA,0.988712317788705,1.01153302865739,0.965416767403271,NA,NA,NA,1.08155242082847,1.05370543264653,NA,1.01301691935424,NA,0.999252758418487,NA,NA
1279,NA,NA,NA,NA,NA,NA,NA,NA,NA,NA,NA,NA,NA,NA,NA,NA,NA,NA,NA,NA,NA,NA,1.02031616756449,0.67037400137047,NA,NA,NA,NA,0.919732387985235,NA,NA,NA,NA,NA,NA,NA,NA,NA,NA,NA,NA,NA,NA,NA,NA,NA,NA,NA,NA,NA,NA,NA,NA,NA,NA,NA,NA,0.997476639125992,1.01872884299112,0.930790269535818,NA,NA,NA,0.945117066857551,0.988036194835794,NA,0.925464487192835,NA,0.977419499917592,NA,NA
1280,NA,NA,NA,NA,NA,NA,NA,NA,NA,NA,NA,NA,NA,NA,NA,NA,NA,NA,NA,NA,NA,NA,0.950756871664304,0.47032120794312,NA,NA,NA,NA,0.857044383761218,NA,NA,NA,NA,NA,NA,NA,NA,NA,NA,NA,NA,NA,NA,NA,NA,NA,NA,NA,NA,NA,NA,NA,NA,NA,NA,NA,NA,0.98118281104889,0.986927304524169,0.910609988442846,NA,NA,NA,0.990192203847189,1.00265481814275,NA,0.957691020034734,NA,0.904149539504966,NA,NA
1281,NA,NA,NA,NA,NA,NA,NA,NA,NA,NA,NA,NA,NA,NA,NA,NA,NA,NA,NA,NA,NA,NA,0.943080501810926,0.623205994858672,NA,NA,NA,NA,0.765592734701276,NA,NA,NA,NA,NA,NA,NA,NA,NA,NA,NA,NA,NA,NA,NA,NA,NA,NA,NA,NA,NA,NA,NA,NA,NA,NA,NA,NA,1.00849508837862,0.987717405933727,0.872960825798001,NA,NA,NA,0.971418562679421,0.944276124821528,NA,0.843966054620308,NA,0.905002661918381,NA,NA
1282,NA,NA,NA,NA,NA,NA,NA,NA,NA,NA,NA,NA,NA,NA,NA,NA,NA,NA,NA,NA,NA,NA,0.975412131945872,0.660063465682639,NA,NA,NA,NA,0.8264009919117,NA,NA,NA,NA,NA,NA,NA,NA,NA,NA,NA,NA,NA,NA,NA,NA,NA,NA,NA,NA,NA,NA,NA,0.960448045841258,NA,NA,NA,NA,1.06432226759506,1.00407531545114,0.899401127201728,NA,NA,NA,0.929191277372019,0.938340579216578,NA,0.933817599489212,NA,0.932956980634813,NA,NA
1283,NA,NA,NA,NA,NA,NA,NA,NA,NA,NA,NA,NA,NA,NA,NA,NA,NA,NA,NA,NA,NA,NA,0.987399349991491,0.799881176129792,NA,NA,NA,NA,0.999537393807015,NA,NA,NA,NA,NA,NA,NA,NA,NA,NA,NA,NA,NA,NA,NA,NA,NA,NA,NA,NA,NA,NA,NA,0.962020741849316,NA,NA,NA,NA,1.06624085630129,1.02281560252257,0.936274926549584,NA,NA,NA,0.919003785898381,0.916791864989385,NA,1.00577776531045,NA,0.91341471846216,NA,NA
1284,NA,NA,NA,NA,NA,NA,NA,NA,NA,NA,NA,NA,NA,NA,NA,NA,NA,NA,NA,NA,NA,NA,1.020117647371,0.904806127078352,NA,NA,NA,NA,1.00614707788144,NA,NA,NA,NA,NA,NA,NA,NA,NA,NA,NA,NA,NA,NA,NA,NA,NA,NA,NA,NA,NA,NA,NA,1.01440977204328,NA,NA,NA,NA,1.05903506005818,1.09726138935918,1.02205899438113,NA,NA,NA,1.05406655415792,0.999117589395939,NA,1.01212908036344,NA,0.897684027410874,NA,NA
1285,NA,NA,NA,NA,NA,NA,NA,NA,NA,NA,NA,NA,NA,NA,NA,NA,NA,NA,NA,NA,NA,NA,1.11103591026278,1.03255435279071,NA,NA,NA,NA,1.23770512989029,NA,NA,NA,NA,NA,NA,NA,NA,NA,NA,NA,NA,NA,NA,NA,NA,NA,NA,NA,NA,NA,NA,NA,1.09797068021907,NA,NA,NA,NA,1.18381570344399,1.1330223066185,1.10669280463867,NA,NA,NA,1.18833188660594,1.05992356967185,NA,0.915471326184882,NA,1.02500465065237,NA,NA
1286,NA,NA,NA,NA,NA,NA,NA,NA,NA,NA,NA,NA,NA,NA,NA,NA,NA,NA,NA,NA,NA,NA,1.06824056514604,0.930704328424801,NA,NA,NA,NA,0.991221051370508,NA,NA,NA,NA,NA,NA,NA,NA,NA,NA,NA,NA,NA,NA,NA,NA,NA,NA,NA,NA,NA,NA,NA,1.02481591616554,NA,NA,NA,NA,1.06999564094407,1.14537203952715,1.04319118896378,NA,NA,NA,1.04088062412759,0.959642209476535,NA,1.02592422524684,NA,1.0160531054539,NA,NA
1287,NA,NA,NA,NA,NA,NA,NA,NA,NA,NA,NA,NA,NA,NA,NA,NA,NA,NA,NA,NA,NA,NA,1.03843531206003,0.746013645858237,NA,NA,NA,NA,0.695164219295631,NA,NA,NA,NA,NA,NA,NA,NA,NA,NA,NA,NA,NA,NA,NA,NA,NA,NA,NA,NA,NA,NA,NA,0.952090561192809,NA,NA,NA,NA,1.04320048244763,1.0785723088256,0.941534797540189,NA,NA,NA,0.796918025814258,0.889583207471369,NA,0.918120050484534,NA,0.921455108063377,NA,NA
1288,NA,NA,NA,NA,NA,NA,NA,NA,NA,NA,NA,NA,NA,NA,NA,NA,NA,NA,NA,NA,NA,NA,1.01497636751391,0.840055493520712,NA,NA,NA,NA,0.61189661894339,NA,NA,NA,NA,NA,NA,NA,NA,NA,NA,NA,NA,NA,NA,NA,NA,NA,NA,NA,NA,NA,NA,NA,1.02448963212654,NA,NA,NA,NA,1.07741170236628,1.07518333109601,0.984084465488016,NA,NA,NA,0.856947508057678,0.93871237083723,NA,1.02889657136125,NA,1.03797146177554,NA,NA
1289,NA,NA,NA,NA,NA,NA,NA,NA,NA,NA,NA,NA,NA,NA,NA,NA,NA,NA,NA,NA,NA,NA,1.03368844489133,0.798838814933197,NA,NA,NA,NA,0.792832767107218,NA,NA,NA,NA,NA,NA,NA,NA,NA,NA,NA,NA,NA,NA,NA,NA,NA,NA,NA,NA,NA,NA,NA,0.952349181924934,NA,NA,NA,NA,1.04154109478124,1.02908788241646,1.01075921080737,NA,NA,NA,0.979946070977337,0.963339390636474,NA,0.974295190355851,NA,0.972896701110332,NA,NA
1290,NA,NA,NA,NA,NA,NA,NA,NA,NA,NA,NA,NA,NA,NA,NA,NA,NA,NA,NA,NA,NA,NA,0.957628367657291,0.831912951269894,NA,NA,NA,NA,0.635226273535769,NA,NA,NA,NA,NA,NA,NA,NA,NA,NA,NA,NA,NA,NA,NA,NA,NA,NA,NA,NA,NA,NA,NA,0.886448597441956,NA,NA,NA,NA,1.08316532206448,1.00116117082784,0.974245562381801,NA,NA,NA,0.971046655423107,0.968230992834199,NA,0.940258552374643,NA,0.884612865532215,NA,NA
1291,NA,NA,NA,NA,NA,NA,NA,NA,NA,NA,NA,NA,NA,NA,NA,NA,NA,NA,NA,NA,NA,NA,0.940455349877415,0.819490740825206,NA,NA,NA,NA,0.59456498148625,NA,NA,NA,NA,NA,NA,NA,NA,NA,NA,NA,NA,NA,NA,NA,NA,NA,NA,NA,NA,NA,NA,NA,0.876620872597874,NA,NA,NA,NA,1.09169190049857,1.01483004763724,0.964255927414318,NA,NA,NA,0.961754825839992,1.03009613295136,NA,1.04054454856144,NA,0.924874060778365,NA,NA
1292,NA,NA,NA,NA,NA,NA,NA,NA,NA,NA,NA,NA,NA,NA,NA,NA,NA,NA,NA,NA,NA,NA,1.02041684453843,0.981767910292509,NA,NA,NA,NA,0.869185147697417,NA,NA,NA,NA,NA,NA,NA,NA,NA,NA,NA,NA,NA,NA,NA,NA,NA,NA,NA,NA,NA,NA,NA,0.955684131119907,NA,NA,NA,NA,1.12271554538564,1.01776406617781,1.0685547020202,NA,NA,NA,1.0072843166306,1.05693717395525,NA,1.12358455287118,NA,0.947378795072702,NA,NA
1293,NA,NA,NA,NA,NA,NA,NA,NA,NA,NA,NA,NA,NA,NA,NA,NA,NA,NA,NA,NA,NA,NA,0.973120930946672,0.838523488504269,NA,NA,NA,NA,0.875273889802262,NA,NA,NA,NA,NA,NA,NA,NA,NA,NA,NA,NA,NA,NA,NA,NA,NA,NA,NA,NA,NA,NA,NA,0.9362946230868,NA,NA,NA,NA,0.963320361995463,0.927777317803214,1.03123279941019,NA,NA,NA,0.90235373148032,1.03768767905863,NA,0.873179561246473,NA,0.847099297865879,NA,NA
1294,NA,NA,NA,NA,NA,NA,NA,NA,NA,NA,NA,NA,NA,NA,NA,NA,NA,NA,NA,NA,NA,NA,0.984336784397828,0.985538999792738,NA,NA,NA,NA,0.881442873873795,NA,NA,NA,NA,NA,NA,NA,NA,NA,NA,NA,NA,NA,NA,NA,NA,NA,NA,NA,NA,NA,NA,NA,1.01992652816102,NA,NA,NA,NA,1.0473135210189,1.00517826888822,1.08216964555639,NA,NA,NA,1.06948883437129,1.08323695372484,NA,1.14559380915474,NA,0.914057110003884,NA,NA
1295,NA,NA,NA,NA,NA,NA,NA,NA,NA,NA,NA,NA,NA,NA,NA,NA,NA,NA,NA,NA,NA,NA,1.03338751631169,0.98679749355947,NA,NA,NA,NA,1.19060037991114,NA,NA,NA,NA,NA,NA,NA,NA,NA,NA,NA,NA,NA,NA,NA,NA,NA,NA,NA,NA,NA,NA,NA,0.974645780643914,NA,NA,NA,NA,1.02548640478229,1.01012997158665,1.09816101686068,NA,NA,NA,1.07876741139548,1.07197078683263,NA,1.12952088154832,NA,1.03379219032054,NA,NA
1296,NA,NA,NA,NA,NA,NA,NA,NA,NA,NA,NA,NA,NA,NA,NA,NA,NA,NA,NA,NA,NA,NA,0.999489766912841,0.841767747814614,NA,NA,NA,NA,1.10794854499151,NA,NA,NA,NA,NA,NA,NA,NA,NA,NA,NA,NA,NA,NA,NA,NA,NA,NA,NA,NA,NA,NA,NA,1.03625850592247,NA,NA,NA,NA,0.980964955939084,0.98779746431889,1.03416992031213,NA,NA,NA,1.11510418564452,1.04426595521135,NA,NA,NA,1.01212340297789,NA,NA
1297,NA,NA,NA,NA,NA,NA,NA,NA,NA,NA,NA,NA,NA,NA,NA,NA,NA,NA,NA,NA,NA,NA,0.992720042490946,0.842225181504636,NA,NA,NA,NA,0.977620781240983,NA,NA,NA,NA,NA,NA,NA,NA,NA,NA,NA,NA,NA,NA,NA,NA,NA,NA,NA,NA,NA,NA,NA,1.09527011490678,NA,NA,NA,NA,1.07277614004348,0.988081095348226,0.941985070854878,NA,NA,NA,1.04169086014445,1.06412347539519,NA,NA,0.925889916109279,0.990615325496503,NA,NA
1298,NA,NA,NA,NA,NA,NA,NA,NA,NA,NA,NA,NA,NA,NA,NA,NA,NA,NA,NA,NA,NA,NA,1.00122404465371,1.09886997491812,NA,NA,NA,NA,1.1239878450262,NA,NA,NA,NA,NA,NA,NA,NA,NA,NA,NA,NA,NA,NA,NA,NA,NA,NA,NA,NA,NA,NA,NA,1.03899743687759,NA,NA,NA,NA,1.05727817843386,1.05353413691732,1.02207368903361,NA,NA,NA,1.00872374482196,0.99684107183471,NA,NA,1.04517040359423,1.105380902771,NA,NA
1299,NA,NA,NA,NA,NA,NA,NA,NA,NA,NA,NA,NA,NA,NA,NA,NA,NA,NA,NA,NA,NA,NA,0.951720539381111,0.916619698654571,NA,NA,NA,NA,1.03872563843929,NA,NA,NA,NA,NA,NA,NA,NA,NA,NA,NA,NA,NA,NA,NA,NA,NA,NA,NA,NA,NA,NA,NA,0.959627613761297,NA,NA,NA,NA,0.997217542995602,0.997877526381744,1.02251160113569,NA,NA,NA,1.0958431579212,0.994738598826782,NA,NA,1.04657321576803,1.07749895054357,NA,NA
1300,NA,NA,NA,NA,NA,NA,NA,NA,NA,NA,NA,NA,NA,NA,NA,NA,NA,NA,NA,NA,NA,NA,0.935992585470212,0.780642415993636,NA,NA,NA,NA,0.8411569598138,NA,NA,NA,NA,NA,NA,NA,NA,NA,NA,NA,NA,NA,NA,NA,NA,NA,NA,NA,NA,NA,NA,NA,0.902351423525934,NA,NA,NA,NA,0.960118844508516,0.926549633464609,0.86389751359434,NA,NA,NA,0.949259043805514,0.962669826311178,NA,NA,0.88382558969678,1.03147974067814,NA,NA
1301,NA,NA,NA,NA,NA,NA,NA,NA,NA,NA,NA,NA,NA,NA,NA,NA,NA,NA,NA,NA,NA,NA,0.970817611404245,1.02950501243868,NA,NA,NA,NA,0.911177923438015,NA,NA,NA,NA,NA,NA,NA,NA,NA,NA,NA,NA,NA,NA,NA,NA,NA,NA,NA,NA,NA,NA,NA,0.928828322489385,NA,NA,NA,NA,1.05934222565564,0.965381257465143,0.909951861455109,NA,NA,NA,0.941651104816542,0.909780127651155,NA,NA,0.996802290299939,1.05109259904087,NA,NA
1302,NA,NA,NA,NA,NA,NA,NA,NA,NA,NA,NA,NA,NA,NA,NA,NA,NA,NA,NA,NA,NA,NA,0.991403876515453,0.972669742280904,NA,NA,NA,NA,1.04598982907271,NA,NA,NA,NA,NA,NA,NA,NA,NA,NA,NA,NA,NA,NA,NA,NA,NA,NA,NA,NA,NA,NA,NA,0.906236151163323,NA,NA,NA,NA,0.933143652717324,0.948227902007151,0.91970251309433,NA,NA,NA,0.942711992808,0.906112530120124,NA,NA,0.92687405366856,0.975320685278955,NA,NA
1303,NA,NA,NA,NA,NA,NA,NA,NA,NA,NA,NA,NA,NA,NA,NA,NA,NA,NA,NA,NA,NA,NA,0.996456164646032,1.0278226129691,NA,NA,NA,NA,1.0538460714286,NA,NA,NA,NA,NA,NA,NA,NA,NA,NA,NA,NA,NA,NA,NA,NA,NA,NA,NA,NA,NA,NA,NA,0.864951640682649,NA,NA,NA,NA,0.890475323666081,0.923376848754649,0.866196572012303,NA,NA,NA,0.863084308665357,0.877427482832165,NA,NA,0.938209677128564,0.974375938380445,NA,NA
1304,NA,NA,NA,NA,NA,NA,NA,NA,NA,NA,NA,NA,NA,NA,NA,NA,NA,NA,NA,NA,NA,NA,1.05914594777472,1.35163435805655,NA,NA,NA,NA,1.25559166065331,NA,NA,NA,NA,NA,NA,NA,NA,NA,NA,NA,NA,NA,NA,NA,NA,NA,NA,NA,NA,NA,NA,NA,1.09209915959512,NA,NA,NA,NA,1.03641361542265,1.02643628014749,1.03281530312206,NA,NA,NA,1.05910450605114,0.984336997109711,NA,NA,1.0705270495429,1.08796654768444,NA,NA
1305,NA,NA,NA,NA,NA,NA,NA,NA,NA,NA,NA,NA,NA,NA,NA,NA,NA,NA,NA,NA,NA,NA,1.03244866368529,1.0255455819431,NA,NA,NA,NA,1.1839807210291,NA,NA,NA,NA,NA,NA,NA,NA,NA,NA,NA,NA,NA,NA,NA,NA,NA,NA,NA,NA,NA,NA,NA,1.05460310058728,NA,NA,NA,NA,0.953337103389859,1.01068208196473,1.01590509189068,NA,NA,NA,0.963730761726004,0.978273503134404,NA,NA,0.879455739288005,0.946555111536238,NA,NA
1306,NA,NA,NA,NA,NA,NA,NA,NA,NA,NA,NA,NA,NA,NA,NA,NA,NA,NA,NA,NA,NA,NA,1.09202595333863,1.19748018139849,NA,NA,NA,NA,1.25856332841657,NA,NA,NA,NA,NA,NA,NA,NA,NA,NA,NA,NA,NA,NA,NA,NA,NA,NA,NA,NA,NA,NA,NA,1.15117318732951,NA,NA,NA,NA,0.945605639250009,1.0393173268045,1.04923521925378,NA,NA,NA,0.933446595878485,0.978425351686784,NA,NA,0.987492732097786,0.981075134474746,NA,NA
1307,NA,NA,NA,NA,NA,NA,NA,NA,NA,NA,NA,NA,NA,NA,NA,NA,NA,NA,NA,NA,NA,NA,1.05574098343839,1.00902043527824,NA,NA,NA,NA,1.2683279812979,NA,NA,NA,NA,NA,NA,NA,NA,NA,NA,NA,NA,NA,NA,NA,NA,NA,NA,NA,NA,NA,NA,NA,1.1295767291089,NA,NA,NA,NA,1.05234995013843,1.0622263411023,1.07515447577205,NA,NA,NA,1.02504413560562,1.00669468810794,NA,NA,1.0426567008485,0.996403472383302,NA,NA
1308,NA,NA,NA,NA,NA,NA,NA,NA,NA,NA,NA,NA,NA,NA,NA,NA,NA,NA,NA,NA,NA,NA,1.09108313010176,1.38101374603802,NA,NA,NA,NA,1.27825031624092,NA,NA,NA,NA,NA,NA,NA,NA,NA,NA,NA,NA,NA,NA,NA,NA,NA,NA,NA,NA,NA,NA,NA,1.15959241847807,NA,NA,NA,NA,0.970877770991381,1.01199525583511,1.0967484363351,NA,NA,NA,0.97725360372524,1.00304620865952,NA,NA,1.15446128897276,1.00547784986978,NA,NA
1309,NA,NA,NA,NA,NA,NA,NA,NA,NA,NA,NA,NA,NA,NA,NA,NA,NA,NA,NA,NA,NA,NA,1.04492382037121,1.31798770591025,NA,NA,NA,NA,1.01932262309369,NA,NA,NA,NA,NA,NA,NA,NA,NA,NA,NA,NA,NA,NA,NA,NA,NA,NA,NA,NA,NA,NA,NA,1.05784858338296,NA,NA,NA,NA,0.999723002155064,1.00168139993193,1.10272244780442,NA,NA,NA,0.875314312898238,0.967703687407239,NA,NA,0.956363025134173,0.871120341129835,NA,NA
1310,NA,NA,NA,NA,NA,NA,NA,NA,NA,NA,NA,NA,NA,NA,NA,NA,NA,NA,NA,NA,NA,NA,1.04612940103814,1.05900073122714,NA,NA,NA,NA,0.873673735537635,NA,NA,NA,NA,NA,NA,NA,NA,NA,NA,NA,NA,NA,NA,NA,NA,NA,NA,NA,NA,NA,NA,NA,0.97599778072849,NA,NA,NA,NA,0.999453454748596,1.02772816356568,0.990269164145307,NA,NA,NA,0.828720666060731,1.00899285805103,NA,NA,0.966919635222478,1.00501362830387,NA,NA
1311,NA,NA,NA,NA,NA,NA,NA,NA,NA,NA,NA,NA,NA,NA,NA,NA,NA,NA,NA,NA,NA,NA,1.05629732206562,1.32602251277206,NA,NA,NA,NA,1.18972969027015,NA,NA,NA,NA,NA,NA,NA,NA,NA,NA,NA,NA,NA,NA,NA,NA,NA,NA,NA,NA,NA,NA,NA,1.09342602745698,NA,NA,NA,NA,1.10061809244025,1.04851622766475,1.06689493135703,NA,NA,NA,0.958714021621762,1.08468892959635,NA,NA,1.05071206545069,1.14080515296886,NA,NA
1312,NA,NA,NA,NA,NA,NA,NA,NA,NA,NA,NA,NA,NA,NA,NA,NA,NA,NA,NA,NA,NA,NA,0.942232348813693,0.722334850497387,NA,NA,NA,NA,0.887802208737485,NA,NA,NA,NA,NA,NA,NA,NA,NA,NA,NA,NA,NA,NA,NA,NA,NA,NA,NA,NA,NA,NA,NA,1.05131924374413,NA,NA,NA,NA,1.0856670020464,1.03042140522854,0.977158101618461,NA,NA,NA,0.947163550822367,0.981824268795038,NA,NA,1.08317948327079,1.05793838017623,NA,NA
1313,NA,NA,NA,NA,NA,NA,NA,NA,NA,NA,NA,NA,NA,NA,NA,NA,NA,NA,NA,NA,NA,NA,0.926874055439059,0.589513285098177,NA,NA,NA,NA,0.754086408267744,NA,NA,NA,NA,NA,NA,NA,NA,NA,NA,NA,NA,NA,NA,NA,NA,NA,NA,NA,NA,NA,NA,NA,0.908402730318135,NA,NA,NA,NA,0.97252406746967,1.00818265557027,0.93701533469676,NA,NA,NA,0.866134514373546,0.946141981117617,NA,NA,0.937151981136586,1.01413821733318,NA,NA
1314,NA,NA,NA,NA,NA,NA,NA,NA,NA,NA,NA,NA,NA,NA,NA,NA,NA,NA,NA,NA,NA,NA,0.905237061095019,0.688010563415332,NA,NA,NA,NA,0.831465299519429,NA,NA,NA,NA,NA,NA,NA,NA,NA,NA,NA,NA,NA,NA,NA,NA,NA,NA,NA,NA,NA,NA,NA,0.962855199698912,NA,NA,NA,NA,0.987928541574753,1.04709998624229,0.969516999803651,NA,NA,NA,0.847278246071839,0.974553673480809,NA,NA,0.917513431208904,1.02933850801966,NA,NA
1315,NA,NA,NA,NA,NA,NA,NA,NA,NA,NA,NA,NA,NA,NA,NA,NA,NA,NA,NA,NA,NA,NA,1.01010870796978,1.10285435223577,NA,NA,NA,NA,1.22917796474347,NA,NA,NA,NA,NA,NA,NA,NA,NA,NA,NA,NA,NA,NA,NA,NA,NA,NA,NA,NA,NA,NA,NA,1.07732594102209,NA,NA,NA,NA,0.996198194840692,1.04032844047612,1.00129757316693,NA,NA,NA,0.98055742972079,1.01666864485489,NA,NA,1.13829942999918,1.14793406234826,NA,NA
1316,NA,NA,NA,NA,NA,NA,NA,NA,NA,NA,NA,NA,NA,NA,NA,NA,NA,NA,NA,NA,NA,NA,1.03556083812434,1.0613307044624,NA,NA,NA,NA,1.2927638728498,NA,NA,NA,NA,NA,NA,NA,NA,NA,NA,NA,NA,NA,NA,NA,NA,NA,NA,NA,NA,NA,NA,NA,1.0423246308114,NA,NA,NA,NA,1.01916338411273,1.07636880727239,1.06617628755844,NA,NA,NA,1.07676052695815,1.00801680745549,NA,NA,1.17336015239255,1.18841832621377,NA,NA
1317,NA,NA,NA,NA,NA,NA,NA,NA,NA,NA,NA,NA,NA,NA,NA,NA,NA,NA,NA,NA,NA,NA,0.962624518616684,0.746929790289051,NA,NA,NA,NA,0.961502981932661,NA,NA,NA,NA,NA,NA,NA,NA,NA,NA,NA,NA,NA,NA,NA,NA,NA,NA,NA,NA,NA,NA,NA,0.979074671188953,NA,NA,NA,NA,0.997823228561872,1.10893125608734,0.962437040191363,NA,NA,NA,0.970928529311094,0.937732399736862,NA,NA,0.96342452858347,0.983475756573456,NA,NA
1318,NA,NA,NA,NA,NA,NA,NA,NA,NA,NA,NA,NA,NA,NA,NA,NA,NA,NA,NA,NA,NA,NA,1.02157275517147,0.935289615314433,NA,NA,NA,NA,1.00621062590077,NA,NA,NA,NA,NA,NA,NA,NA,NA,NA,NA,NA,NA,NA,NA,NA,NA,NA,NA,NA,NA,NA,NA,1.00493196904391,NA,NA,NA,NA,1.0112083249888,1.12448268299588,0.950996797461917,NA,NA,NA,1.00721606634882,1.0100024432369,NA,NA,0.92783172426514,1.01522114769097,NA,NA
1319,NA,NA,NA,NA,NA,NA,NA,NA,NA,NA,NA,NA,NA,NA,NA,NA,NA,NA,NA,NA,NA,NA,1.02468442586306,0.988490358611757,NA,NA,NA,NA,0.867121724345207,NA,NA,NA,NA,NA,NA,NA,NA,NA,NA,NA,NA,NA,NA,NA,NA,NA,NA,NA,NA,NA,NA,NA,0.982018340012186,NA,NA,NA,NA,0.984788689981283,1.06821635875259,0.938981027939772,NA,NA,NA,0.976981144163931,0.967950123750003,NA,NA,0.949983694117099,0.974626305688886,NA,NA
1320,NA,NA,NA,NA,NA,NA,NA,NA,NA,NA,NA,NA,NA,NA,NA,NA,NA,NA,NA,NA,NA,NA,1.03149507541395,0.973046006999324,NA,NA,NA,NA,0.949240892210701,NA,NA,NA,NA,NA,NA,NA,NA,NA,NA,NA,NA,NA,NA,NA,NA,NA,NA,NA,NA,NA,NA,NA,0.999415947562837,NA,NA,NA,NA,1.08096608263354,1.11791309583359,0.978696498391447,NA,NA,NA,0.935003466625799,0.985525210381226,NA,NA,0.987099862914071,0.958171605126969,NA,NA
1321,NA,NA,NA,NA,NA,NA,NA,NA,NA,NA,NA,NA,NA,NA,NA,NA,NA,NA,NA,NA,NA,NA,1.02897106954654,1.09058624465432,NA,NA,NA,NA,NA,NA,NA,NA,NA,NA,NA,NA,NA,NA,NA,NA,NA,NA,NA,NA,NA,NA,NA,NA,NA,NA,NA,NA,1.08600038351381,NA,NA,NA,NA,1.06502285370153,1.1195375514609,0.947392243986719,NA,NA,NA,0.884330570666755,0.976512822907946,NA,NA,0.976483566017063,0.98230979821304,NA,NA
1322,NA,NA,NA,NA,NA,NA,NA,NA,NA,NA,NA,NA,NA,NA,NA,NA,NA,NA,NA,NA,NA,NA,1.01218256178877,0.996413576661187,NA,NA,NA,NA,NA,NA,NA,NA,NA,NA,NA,NA,NA,NA,NA,NA,NA,NA,NA,NA,NA,NA,NA,NA,NA,NA,NA,NA,1.07185112741071,NA,NA,NA,NA,0.94501592304524,1.05289557306479,0.942224131649234,NA,NA,NA,0.853810079384347,0.95154023705645,NA,NA,0.885337733196983,0.931830254336899,NA,NA
1323,NA,NA,NA,NA,NA,NA,NA,NA,NA,NA,NA,NA,NA,NA,NA,NA,NA,NA,NA,NA,NA,NA,1.01753284970874,0.9945766473458,NA,NA,NA,NA,NA,NA,NA,NA,NA,NA,NA,NA,NA,NA,NA,NA,NA,NA,NA,NA,NA,NA,NA,NA,NA,NA,NA,NA,1.03171777670855,0.919436719254475,NA,NA,NA,1.07687996166618,1.08837883021631,0.967928605144196,NA,NA,NA,0.949332235720199,0.991727809708502,NA,NA,0.961609572434544,0.962685365489232,NA,NA
1324,NA,NA,NA,NA,NA,NA,NA,NA,NA,NA,NA,NA,NA,NA,NA,NA,NA,NA,NA,NA,NA,NA,0.958639045032987,0.706612521352027,NA,NA,NA,NA,NA,NA,NA,NA,NA,NA,NA,NA,NA,NA,NA,NA,NA,NA,NA,NA,NA,NA,NA,NA,NA,NA,NA,NA,0.981149692799898,0.828101933366045,NA,NA,NA,0.95849836049874,1.0413623792348,0.9409620874353,NA,NA,NA,0.835748288836342,0.959115260870149,NA,NA,0.918512828427486,0.93370529052553,NA,NA
1325,NA,NA,NA,NA,NA,NA,NA,NA,NA,NA,NA,NA,NA,NA,NA,NA,NA,NA,NA,NA,NA,NA,1.00464351602453,0.895554061967818,NA,NA,NA,NA,NA,NA,NA,NA,NA,NA,NA,NA,NA,NA,NA,NA,NA,NA,NA,NA,NA,NA,NA,NA,NA,NA,NA,NA,1.0078940279687,0.911816551664508,NA,NA,NA,1.00709186499754,1.04566560201755,0.897337690677759,NA,NA,NA,0.869929456785778,0.96803385229663,NA,NA,0.817422528244898,0.886030246862506,NA,NA
1326,NA,NA,NA,NA,NA,NA,NA,NA,NA,NA,NA,NA,NA,NA,NA,NA,NA,NA,NA,NA,NA,NA,0.991393946344455,0.779452614462996,NA,NA,NA,NA,NA,NA,NA,NA,NA,NA,NA,NA,NA,NA,NA,NA,NA,NA,NA,NA,NA,NA,NA,NA,NA,NA,NA,NA,0.991158576089717,0.892133796847029,NA,NA,NA,1.02301275211867,1.048713783615,0.903047705129281,NA,NA,NA,0.856282755047377,0.997356577165257,NA,NA,0.9226546950443,0.913553225378828,NA,NA
1327,NA,NA,NA,NA,NA,NA,NA,NA,NA,NA,NA,NA,NA,NA,NA,NA,NA,NA,NA,NA,NA,NA,1.06057244059038,1.34693114321209,NA,NA,NA,NA,NA,NA,NA,NA,NA,NA,NA,NA,NA,NA,NA,NA,NA,NA,NA,NA,NA,NA,NA,NA,NA,NA,NA,NA,1.12494036644818,0.963791269007895,NA,NA,NA,1.08869457778242,1.06855807044049,1.04952691036002,NA,NA,NA,1.03294973297061,1.06667095531008,NA,NA,0.954580478056434,1.05498950012506,NA,NA
1328,NA,NA,NA,NA,NA,NA,NA,NA,NA,NA,NA,NA,NA,NA,NA,NA,NA,NA,NA,NA,NA,NA,1.04274787906548,1.08977327498589,NA,NA,NA,NA,NA,NA,NA,NA,NA,NA,NA,NA,NA,NA,NA,NA,NA,NA,NA,NA,NA,NA,NA,NA,NA,NA,NA,NA,1.04864011320883,0.945342045101641,NA,NA,NA,0.920348705712752,0.994594324609601,0.990854066581079,NA,NA,NA,0.894444113026599,0.987087025731511,NA,NA,1.01919169699466,0.978226768952048,NA,NA
1329,NA,NA,NA,NA,NA,NA,NA,NA,NA,NA,NA,NA,NA,NA,NA,NA,NA,NA,NA,NA,NA,NA,1.08423631913982,1.34244692074236,NA,NA,NA,NA,NA,NA,NA,NA,NA,NA,NA,NA,NA,NA,NA,NA,NA,NA,NA,NA,NA,NA,NA,NA,NA,NA,NA,NA,1.05887852355478,1.20572500835834,NA,NA,NA,1.00599954854801,1.05345762329788,1.07727090341969,NA,NA,NA,1.07431031396089,1.05954784649553,NA,NA,1.16647707449455,1.06474293113251,NA,NA
1330,NA,NA,NA,NA,NA,NA,NA,NA,NA,NA,NA,NA,NA,NA,NA,NA,NA,NA,NA,NA,NA,NA,1.10302486994615,1.38632056111647,NA,NA,NA,NA,NA,NA,NA,NA,NA,NA,NA,NA,NA,NA,NA,NA,NA,NA,NA,NA,NA,NA,NA,NA,NA,NA,NA,NA,1.11303055029367,0.976773708572848,NA,NA,NA,1.0779118241636,1.03733870267004,1.11368485377075,NA,NA,NA,1.19163021784509,1.0627538948073,NA,NA,1.19467533853997,1.02972228171783,NA,NA
1331,NA,NA,NA,NA,NA,NA,NA,NA,NA,NA,NA,NA,NA,NA,NA,NA,NA,NA,NA,NA,NA,NA,1.09626309137854,1.38417438921219,NA,NA,NA,NA,NA,NA,NA,NA,NA,NA,NA,NA,NA,NA,NA,NA,NA,NA,NA,NA,NA,NA,NA,NA,NA,NA,NA,NA,1.08732326863042,1.03825420311998,NA,NA,NA,1.11744990556338,1.03551047707173,1.14750777065422,NA,NA,NA,1.14888687886801,1.01987765778319,NA,NA,1.23221023274445,1.09118739080523,NA,NA
1332,NA,NA,NA,NA,NA,NA,NA,NA,NA,NA,NA,NA,NA,NA,NA,NA,NA,NA,NA,NA,NA,NA,1.05610280361883,1.13300591467524,NA,NA,NA,NA,NA,NA,NA,NA,NA,NA,NA,NA,NA,NA,NA,NA,NA,NA,NA,NA,NA,NA,NA,NA,NA,NA,NA,NA,1.05069051103796,1.03159956301357,NA,NA,NA,0.9909592153307,1.05735500975169,1.09641709617567,NA,NA,NA,1.03724405436174,1.01659926766935,NA,NA,1.03603979759649,1.0299214136763,NA,NA
1333,NA,NA,NA,NA,NA,NA,NA,NA,NA,NA,NA,NA,NA,NA,NA,NA,NA,NA,NA,NA,NA,NA,0.944364296846742,0.665509397216422,NA,NA,NA,NA,NA,NA,NA,NA,NA,NA,NA,NA,NA,NA,NA,NA,NA,NA,NA,NA,NA,NA,NA,NA,NA,NA,NA,NA,1.07745627737355,1.09579033944776,NA,NA,NA,0.975255042499371,1.05229786083056,1.00602953832236,NA,NA,NA,1.02740831271975,0.990995783655805,NA,NA,0.939471694602152,0.961691725619322,NA,NA
1334,NA,NA,NA,NA,NA,NA,NA,NA,NA,NA,NA,NA,NA,NA,NA,NA,NA,NA,NA,NA,NA,NA,1.05819663127408,1.07984143579808,NA,NA,NA,NA,NA,NA,NA,NA,NA,NA,NA,NA,NA,NA,NA,NA,NA,NA,NA,NA,NA,NA,NA,NA,NA,NA,NA,NA,1.16169228129334,1.41441666878074,NA,NA,NA,1.09538994957193,1.11774757811567,1.1336666940345,NA,NA,NA,1.19361243997262,1.1019942727665,NA,NA,1.28430613515463,1.15515876982875,NA,NA
1335,NA,NA,NA,NA,NA,NA,NA,NA,NA,NA,NA,NA,NA,NA,NA,NA,NA,NA,NA,NA,NA,NA,1.06094264969161,1.1771604771417,NA,NA,NA,NA,NA,NA,NA,NA,NA,NA,NA,NA,NA,NA,NA,NA,NA,NA,NA,NA,NA,NA,NA,NA,NA,NA,NA,NA,1.14320256394012,1.1284817534441,NA,NA,NA,1.03375889023496,1.05439524575951,1.18425640167633,NA,NA,NA,1.15542688096113,1.06466691347243,NA,NA,1.19390629874018,1.08869351307517,NA,NA
1336,NA,NA,NA,NA,NA,NA,NA,NA,NA,NA,NA,NA,NA,NA,NA,NA,NA,NA,NA,NA,NA,NA,1.06018934765889,1.15128642011759,NA,NA,NA,NA,NA,NA,NA,NA,NA,NA,NA,NA,NA,NA,NA,NA,NA,NA,NA,NA,NA,NA,NA,NA,NA,NA,NA,NA,1.05656023277318,1.20394850486713,NA,NA,NA,1.05504181177778,1.0179989771345,1.13138631899851,NA,NA,NA,1.13133389027875,1.05049529825496,NA,NA,1.19618247050711,1.05514831325061,NA,NA
1337,NA,NA,NA,NA,NA,NA,NA,NA,NA,NA,NA,NA,NA,NA,NA,NA,NA,NA,NA,NA,NA,NA,1.00754934473685,0.986079192655026,NA,NA,NA,NA,NA,NA,NA,NA,NA,NA,NA,NA,NA,NA,NA,NA,NA,NA,NA,NA,NA,NA,NA,NA,NA,NA,NA,NA,1.05693701648306,1.14473105212404,NA,NA,NA,0.970343097228693,1.00592676671996,0.934953463898073,NA,NA,NA,1.12141228471831,1.06343142515304,NA,NA,0.99822822720109,1.05781533615477,NA,NA
1338,NA,NA,NA,NA,NA,NA,NA,NA,NA,NA,NA,NA,NA,NA,NA,NA,NA,NA,NA,NA,NA,NA,1.00085873523684,1.02358400815487,NA,NA,NA,NA,NA,NA,NA,NA,NA,NA,NA,NA,NA,NA,NA,NA,NA,NA,NA,NA,NA,NA,NA,NA,NA,NA,NA,NA,1.10373032896063,1.11918993303426,NA,NA,NA,1.00700147692844,0.995611300956019,1.03398808242705,NA,NA,NA,1.10156004039097,1.05318739886188,NA,NA,1.11205780298264,1.08037807985494,NA,NA
1339,NA,NA,NA,NA,NA,NA,NA,NA,NA,NA,NA,NA,NA,NA,NA,NA,NA,NA,NA,NA,NA,NA,1.01413723735977,0.944363734014472,NA,NA,NA,NA,NA,NA,NA,NA,NA,NA,NA,NA,NA,NA,NA,NA,NA,NA,NA,NA,NA,NA,NA,NA,NA,NA,NA,NA,1.17252458474994,1.07990278198848,NA,NA,NA,1.04815407330618,1.04959167128173,1.10054124281801,NA,NA,NA,1.21711869663991,1.07887918927057,NA,NA,1.16772557743701,1.13849050316099,NA,NA
1340,NA,NA,NA,NA,NA,NA,NA,NA,NA,NA,NA,NA,NA,NA,NA,NA,NA,NA,NA,NA,NA,NA,1.01734058001988,1.2058480613346,NA,NA,NA,NA,NA,NA,NA,NA,NA,NA,NA,NA,NA,NA,NA,NA,NA,NA,NA,NA,NA,NA,NA,NA,NA,NA,NA,NA,1.13491821537609,1.12310166373196,NA,NA,NA,1.02693420489953,1.0291685133761,1.09594406859155,NA,NA,NA,1.09765214029304,1.03448409519856,NA,NA,1.10193420399141,1.10110965706521,NA,NA
1341,NA,NA,NA,NA,NA,NA,NA,NA,NA,NA,NA,NA,NA,NA,NA,NA,NA,NA,NA,NA,NA,NA,1.00070678761607,1.04545224704857,NA,NA,NA,NA,NA,NA,NA,NA,NA,NA,NA,NA,NA,NA,NA,NA,NA,NA,NA,NA,NA,NA,NA,NA,NA,NA,NA,NA,0.991864535053327,0.977153345186071,NA,NA,NA,0.896510694838637,0.9194814747002,0.975992372836062,NA,NA,NA,1.00182950584214,1.00398825547881,NA,NA,0.954380718835875,1.04045715192805,NA,NA
1342,NA,NA,NA,NA,NA,NA,NA,NA,NA,NA,NA,NA,NA,NA,NA,NA,NA,NA,NA,NA,NA,NA,1.00409140052688,0.776664408292372,NA,NA,NA,NA,NA,NA,NA,NA,NA,NA,NA,NA,NA,NA,NA,NA,NA,NA,NA,NA,NA,NA,NA,NA,NA,NA,NA,NA,0.926761288869911,1.11916982303258,NA,1.03608394507809,1.08399580090272,0.944867440339245,1.01757108225954,0.931007005224172,NA,NA,NA,1.06809139910354,1.00336597234221,NA,NA,0.99106688709407,1.0330151089675,NA,NA
1343,NA,NA,NA,NA,NA,NA,NA,NA,NA,NA,NA,NA,NA,NA,NA,NA,NA,NA,NA,NA,NA,NA,0.979433799002399,0.886949560383165,NA,NA,NA,NA,NA,NA,NA,NA,NA,NA,NA,NA,NA,NA,NA,NA,NA,NA,NA,NA,NA,NA,NA,NA,NA,NA,NA,NA,0.923438896973657,1.00860262056017,NA,1.02080742683706,1.04427709587757,0.83115675220341,0.962262615185169,0.897348847316221,NA,NA,NA,1.04189751839618,0.993901650183066,NA,NA,1.03098223747629,0.998891290136046,NA,NA
1344,NA,NA,NA,NA,NA,NA,NA,NA,NA,NA,NA,NA,NA,NA,NA,NA,NA,NA,NA,NA,NA,NA,0.915322508942507,0.817477630305345,NA,NA,NA,NA,NA,NA,NA,NA,NA,NA,NA,NA,NA,NA,NA,NA,NA,NA,NA,NA,NA,NA,NA,NA,NA,NA,NA,NA,0.940252033366237,0.883257464375881,NA,1.02343054177309,1.02631380570106,0.95655089586896,0.952730371916361,0.937699217167197,NA,NA,NA,0.894885721619782,0.94349430926065,NA,NA,0.991473886759696,0.937819263403261,NA,NA
1345,NA,NA,NA,NA,NA,NA,NA,NA,NA,NA,NA,NA,NA,NA,NA,NA,NA,NA,NA,NA,NA,NA,0.977691363946921,0.925298470958938,NA,NA,NA,NA,NA,NA,NA,NA,NA,NA,NA,NA,NA,NA,NA,NA,NA,NA,NA,NA,NA,NA,NA,NA,NA,NA,NA,NA,1.00610287274445,0.900881907184428,NA,1.0173112937145,0.994190444947988,0.986361381367702,0.983571322528825,0.91672285522149,NA,NA,NA,0.93810027846996,0.969422977281497,NA,NA,1.09286398895405,0.976755493512627,NA,NA
1346,NA,NA,NA,NA,NA,NA,NA,NA,NA,NA,NA,NA,NA,NA,NA,NA,NA,NA,NA,NA,NA,NA,0.965182155693253,0.989565176155928,NA,NA,NA,NA,NA,NA,NA,NA,NA,NA,NA,NA,NA,NA,NA,NA,NA,NA,NA,NA,NA,NA,NA,NA,NA,NA,NA,NA,1.00011938972815,0.722451777557939,NA,0.998340589458072,0.935341996876014,0.9229092704561,0.970164875413792,0.995059069882292,NA,NA,NA,0.98083527055922,1.01020407541456,NA,NA,1.07974620891959,0.967910966578105,NA,NA
1347,NA,NA,NA,NA,NA,NA,NA,NA,NA,NA,NA,NA,NA,NA,NA,NA,NA,NA,NA,NA,NA,NA,0.988114230670807,0.897112485588325,NA,NA,NA,NA,NA,NA,NA,NA,NA,NA,NA,NA,NA,NA,NA,NA,NA,NA,NA,NA,NA,NA,NA,NA,NA,NA,NA,NA,0.927329998414673,1.03893215546689,NA,1.00076435180904,0.951369752987657,0.921243413049157,0.935887699815115,1.00661130276079,NA,NA,NA,1.08013903451927,1.05575978799698,NA,NA,1.02091768665122,1.0538553886979,NA,NA
1348,NA,NA,NA,NA,NA,NA,NA,NA,NA,NA,NA,NA,NA,NA,NA,NA,NA,NA,NA,NA,NA,NA,0.982668446255384,0.987917771885087,NA,NA,NA,NA,NA,NA,NA,NA,NA,NA,NA,NA,NA,NA,NA,NA,NA,NA,NA,NA,NA,NA,NA,NA,NA,NA,NA,NA,0.93074756133352,0.764542512210966,NA,0.99677399229662,0.952974863675102,0.859229151976045,0.921785315581345,0.886199366607587,NA,NA,NA,0.987606571764508,0.990214883082581,NA,NA,0.985966184962868,0.941537407589491,NA,NA
1349,NA,NA,NA,NA,NA,NA,NA,NA,NA,NA,NA,NA,NA,NA,NA,NA,NA,NA,NA,NA,NA,NA,1.05948807027975,1.32263246709019,NA,NA,NA,NA,NA,NA,NA,NA,NA,NA,NA,NA,NA,NA,NA,NA,NA,NA,NA,NA,NA,NA,NA,NA,NA,NA,NA,NA,0.995379313991826,1.08031275835748,NA,1.04574930926572,1.13199415200879,0.854785383028909,1.00398417945663,0.954268274912988,NA,NA,NA,1.09199760042099,1.02815876743687,NA,NA,1.00097846141343,1.12636593191171,NA,NA
1350,NA,NA,NA,NA,NA,NA,NA,NA,NA,NA,NA,NA,NA,NA,NA,NA,NA,NA,NA,NA,NA,NA,1.06925806389366,1.51873554794634,NA,NA,NA,NA,NA,NA,NA,NA,NA,NA,NA,NA,NA,NA,NA,NA,NA,NA,NA,NA,NA,NA,NA,NA,NA,NA,NA,NA,0.975926802368952,1.18785656880688,NA,1.02699386675209,1.08880531781546,0.915931731370999,0.982803810022113,1.08217059542643,NA,NA,NA,1.07307559793169,1.03865561110244,NA,NA,1.10449272459787,1.10515219487888,NA,NA
1351,NA,NA,NA,NA,NA,NA,NA,NA,NA,NA,NA,NA,NA,NA,NA,NA,NA,NA,NA,NA,NA,NA,1.06438036074873,1.44249344742605,NA,NA,NA,NA,NA,NA,NA,NA,NA,NA,NA,NA,NA,NA,NA,NA,NA,NA,NA,NA,NA,NA,NA,NA,NA,NA,NA,NA,1.13224130100351,1.2801537666071,NA,1.02311700648573,1.05860546491326,1.00067126951859,1.04418672531989,1.13713290003079,NA,NA,NA,1.2108441781428,1.04859310637433,NA,NA,1.13303491872871,1.16894135690588,NA,NA
1352,NA,NA,NA,NA,NA,NA,NA,NA,NA,NA,NA,NA,NA,NA,NA,NA,NA,NA,NA,NA,NA,NA,1.08570843176181,1.4306963909271,NA,NA,NA,NA,NA,NA,NA,NA,NA,NA,NA,NA,NA,NA,NA,NA,NA,NA,NA,NA,NA,NA,NA,NA,NA,NA,NA,NA,1.12646258316011,1.09778301806106,NA,1.02499268781803,1.05459333097101,0.955892519216935,1.04892627282901,1.06904167913708,NA,NA,NA,1.18482704524955,1.06127697233522,NA,NA,1.24790877311589,1.21090285165874,NA,NA
1353,NA,NA,NA,NA,NA,NA,NA,NA,NA,NA,NA,NA,NA,NA,NA,NA,NA,NA,NA,NA,NA,NA,1.0209570529122,1.10894547351101,NA,NA,NA,NA,NA,NA,NA,NA,NA,NA,NA,NA,NA,NA,NA,NA,NA,NA,NA,NA,NA,NA,NA,NA,NA,NA,NA,NA,0.952405906623425,0.964732764499319,NA,0.998219202238278,0.873182113832988,0.953310452272534,1.07128604929334,0.988741281096588,NA,NA,NA,1.12437424728767,1.02419825059068,NA,NA,1.11117765144058,1.09297301348391,NA,NA
1354,NA,NA,NA,NA,NA,NA,NA,NA,NA,NA,NA,NA,NA,NA,NA,NA,NA,NA,NA,NA,NA,NA,1.01390013103057,1.2730116420391,NA,NA,NA,NA,NA,NA,NA,NA,NA,NA,NA,NA,NA,NA,NA,NA,NA,NA,NA,NA,NA,NA,NA,NA,NA,NA,NA,NA,0.991646916588196,1.0344684101796,NA,1.01607958838156,0.931607492443795,1.02679875671044,1.07990465191982,1.09734140817491,NA,NA,NA,1.13451073822547,1.08376924816949,NA,NA,1.1341214341299,1.17391940819587,NA,NA
1355,NA,NA,NA,NA,NA,NA,NA,NA,NA,NA,NA,NA,NA,NA,NA,NA,NA,NA,NA,NA,NA,NA,1.00642568327058,1.11982167813627,NA,NA,NA,NA,NA,NA,NA,NA,NA,NA,NA,NA,NA,NA,NA,NA,NA,NA,NA,NA,NA,NA,NA,NA,NA,NA,NA,NA,1.00120118089051,1.13283086541729,NA,0.993588536195807,0.970158930541004,1.03074759048857,1.07941689936846,0.94896896501707,NA,NA,NA,1.0696899983516,1.05325956562097,NA,NA,1.06357223135936,1.12369092646517,NA,NA
1356,NA,NA,NA,NA,NA,NA,NA,NA,NA,NA,NA,NA,NA,NA,NA,NA,NA,NA,NA,NA,NA,NA,1.04076665732707,1.4275486282365,NA,NA,NA,NA,NA,NA,NA,NA,NA,NA,NA,NA,NA,NA,NA,NA,NA,NA,NA,NA,NA,NA,NA,NA,NA,NA,NA,NA,1.07540417177054,1.19013649029173,NA,1.02680594469133,1.03024692694031,1.12399660002553,1.07995654299999,1.08077825220472,NA,NA,NA,1.17257873850892,1.08770125505306,NA,NA,1.23479820901472,1.21398465028458,NA,NA
1357,NA,NA,NA,NA,NA,NA,NA,NA,NA,NA,NA,NA,NA,NA,NA,NA,NA,NA,NA,NA,NA,NA,0.967108574030988,0.995209620088076,NA,NA,NA,NA,NA,NA,NA,NA,NA,NA,NA,NA,NA,NA,NA,NA,NA,NA,NA,NA,NA,NA,NA,NA,NA,NA,NA,NA,1.09545962705725,1.16282108641567,NA,1.02442593712669,1.05251940616708,1.09845478442682,1.07492212289941,1.11362233536209,1.57055512813464,NA,NA,1.15273020115824,1.0502975192652,NA,NA,0.965638678006776,1.2187015605652,NA,NA
1358,NA,NA,NA,NA,NA,NA,NA,NA,NA,NA,NA,NA,NA,NA,NA,NA,NA,NA,NA,NA,NA,NA,0.963878021895731,1.04488689718286,NA,NA,NA,NA,NA,NA,NA,NA,NA,NA,NA,NA,NA,NA,NA,NA,NA,NA,NA,NA,NA,NA,NA,NA,NA,NA,NA,NA,0.943681612545126,0.912059750890825,NA,0.992443109708493,0.969367348729279,1.08254486233627,1.06113559790841,1.08387488139334,1.31847183125913,NA,NA,1.08692495178182,0.994186984104832,NA,NA,0.924749368857862,1.12337186338333,0.918539787714623,NA
1359,NA,NA,NA,NA,NA,NA,NA,NA,NA,NA,NA,NA,NA,NA,NA,NA,NA,NA,NA,NA,NA,NA,1.00243318638398,0.930120546340051,NA,NA,NA,NA,NA,NA,NA,NA,NA,NA,NA,NA,NA,NA,NA,NA,NA,NA,NA,NA,NA,NA,NA,NA,NA,NA,NA,NA,0.882150282221814,0.857142538067364,NA,0.993302627587048,0.929374458019207,0.985130424427958,1.05107570654921,0.947771554007004,0.807516229117184,0.993673764572111,NA,1.06044901182734,0.941637981321397,NA,NA,0.937889898884554,1.06299063885101,0.941288813083416,NA
1360,NA,NA,NA,NA,NA,NA,NA,NA,NA,NA,NA,NA,NA,NA,NA,NA,NA,NA,NA,NA,NA,NA,1.01621840383659,1.09306902731459,NA,NA,NA,NA,NA,NA,NA,NA,NA,NA,NA,NA,NA,NA,NA,NA,NA,NA,NA,NA,NA,NA,NA,NA,NA,NA,NA,NA,0.866801545755094,1.0021177886664,NA,1.00410581302175,0.979970078896664,0.990896723086336,1.01276844917177,0.950449004204185,0.701615313626809,0.988289126752952,NA,0.888442825974819,0.934216677493439,NA,NA,0.963556250794346,0.99772257955653,0.888358774294785,NA
1361,NA,NA,NA,NA,NA,NA,NA,NA,NA,NA,NA,NA,NA,NA,NA,NA,NA,NA,NA,NA,NA,NA,1.06682842342436,1.19972653641882,NA,NA,NA,NA,NA,NA,NA,NA,NA,NA,NA,NA,NA,NA,NA,NA,NA,NA,NA,NA,NA,NA,NA,NA,NA,NA,NA,NA,0.986093526446783,1.00955098270186,NA,1.00337835273636,0.948514710368728,1.01104582837822,1.07672658272037,0.954714738103031,0.797651815255624,0.990261747694029,NA,0.96050663800328,0.987944297856339,NA,NA,1.07907804714679,1.07337469594409,0.871221853067203,NA
1362,NA,NA,NA,NA,NA,NA,NA,NA,NA,NA,NA,NA,NA,NA,NA,NA,NA,NA,NA,NA,NA,NA,1.02920926180602,0.70909671636395,NA,NA,NA,NA,NA,NA,NA,NA,NA,NA,NA,NA,NA,NA,NA,NA,NA,NA,NA,NA,NA,NA,NA,NA,NA,NA,NA,NA,0.975965472346885,0.984609789594439,NA,1.00816684485147,1.01130054863742,0.905252903515648,1.09528935375213,0.879662053473451,0.82780319539364,0.991526819513783,NA,1.03183093171014,0.987628003694646,NA,NA,0.89914167699079,1.00630654998924,1.002310508188,NA
1363,NA,NA,NA,NA,NA,NA,NA,NA,NA,NA,NA,NA,NA,NA,NA,NA,NA,NA,NA,NA,NA,NA,0.932889159656142,0.522555565205656,NA,NA,NA,NA,NA,NA,NA,NA,NA,NA,NA,NA,NA,NA,NA,NA,NA,NA,NA,NA,NA,NA,NA,NA,NA,NA,NA,NA,0.844552644735487,0.91518448732035,NA,1.01164407296474,1.01995173334606,0.883935240846091,1.0081201633786,0.900373442649892,0.579867123875207,0.985014711780495,NA,0.947784615191882,0.959206783933095,NA,NA,0.934103936798034,0.931835240469975,0.958777884329963,NA
1364,NA,NA,NA,NA,NA,NA,NA,NA,NA,NA,NA,NA,NA,NA,NA,NA,NA,NA,NA,NA,NA,NA,0.92849267841913,0.633842127352227,NA,NA,NA,NA,NA,NA,NA,NA,NA,NA,NA,NA,NA,NA,NA,NA,NA,NA,NA,NA,NA,NA,NA,NA,NA,NA,NA,NA,0.88422277561308,0.985541612824139,NA,1.03675380449309,1.09037466190679,0.99676817783014,1.01088800230085,0.914900622840945,0.614573973090288,0.987774799231897,NA,1.08801362355224,1.04486295556208,NA,NA,1.06429532696803,1.08099652526169,1.03401883688366,NA
1365,NA,NA,NA,NA,NA,NA,NA,NA,NA,NA,NA,NA,NA,NA,NA,NA,NA,NA,NA,NA,NA,NA,1.02267300653253,1.13893372768605,NA,NA,NA,NA,NA,NA,NA,NA,NA,NA,NA,NA,NA,NA,NA,NA,NA,NA,NA,NA,NA,NA,NA,NA,NA,NA,NA,NA,0.939432346732622,0.676443798950444,NA,1.02091342346323,1.01816742725912,0.955761214639665,1.00094614058656,0.959712615525109,0.820078189146358,1.00532369473079,NA,1.11329130101586,1.07740228991585,NA,NA,1.01016181908511,1.09095141128309,0.997693156491022,NA
1366,NA,NA,NA,NA,NA,NA,NA,NA,NA,NA,NA,NA,NA,NA,NA,NA,NA,NA,NA,NA,NA,NA,1.03491078908695,1.22052915620453,NA,NA,NA,NA,NA,NA,NA,NA,NA,NA,NA,NA,NA,NA,NA,NA,NA,NA,NA,NA,NA,NA,NA,NA,NA,NA,NA,NA,1.0091120123565,0.914237622639423,NA,1.03361751251912,1.09644128731869,1.04399977023984,1.03070454136908,1.01703128605636,0.828159864633383,1.00730371881123,NA,0.983738116935616,1.03314804375963,NA,NA,1.06163557736154,1.09935619033486,1.03778012023069,NA
1367,NA,NA,NA,NA,NA,NA,NA,NA,NA,NA,NA,NA,NA,NA,NA,NA,NA,NA,NA,NA,NA,NA,0.966242714951706,1.06564929525108,NA,NA,NA,NA,NA,NA,NA,NA,NA,NA,NA,NA,NA,NA,NA,NA,NA,NA,NA,NA,NA,NA,NA,NA,NA,NA,NA,NA,0.900096191738783,0.975830508573734,NA,1.01532084731726,1.03292910186312,1.04409578931573,1.07495327259357,1.01742964547148,0.965388501016554,1.00540120064266,NA,0.978472438287976,0.971766957289543,NA,NA,0.913836045456931,1.00811866794234,0.914205876476491,NA
1368,NA,NA,NA,NA,NA,NA,NA,NA,NA,NA,NA,NA,NA,NA,NA,NA,NA,NA,NA,NA,NA,NA,1.00752376666352,1.2425258277753,NA,NA,NA,NA,NA,NA,NA,NA,NA,NA,NA,NA,NA,NA,NA,NA,NA,NA,NA,NA,NA,NA,NA,NA,NA,NA,NA,NA,0.894940441399857,0.960030053070028,NA,1.01811815891118,1.00708434441276,1.00701858332374,1.06856492604093,1.02415970496193,1.12502251790343,1.00832711489514,NA,0.894439220835834,1.00183599721575,NA,NA,1.10969344324684,1.09324089144945,1.03537473232204,NA
1369,NA,NA,NA,NA,NA,NA,NA,NA,NA,NA,NA,NA,NA,NA,NA,NA,NA,NA,NA,NA,NA,NA,1.00769620472471,0.977648230092316,NA,NA,NA,NA,NA,NA,NA,NA,NA,NA,NA,NA,NA,NA,NA,NA,NA,NA,NA,NA,NA,NA,NA,NA,NA,NA,NA,NA,1.00695431559299,0.899348797978318,NA,1.02259977288169,1.07146315558901,1.00997269721273,1.09685707855521,1.0892134910001,1.30868261566969,1.01711620620597,NA,0.939080808976232,1.00208755332256,NA,NA,1.04593194977643,1.14897026295375,1.11603133735763,NA
1370,NA,NA,NA,NA,NA,NA,NA,NA,NA,NA,NA,NA,NA,NA,NA,NA,NA,NA,NA,NA,NA,NA,0.959267626424099,0.778074875472343,NA,NA,NA,NA,NA,NA,NA,NA,NA,NA,NA,NA,NA,NA,NA,NA,NA,NA,NA,NA,NA,NA,NA,NA,NA,NA,NA,NA,0.916358256907017,0.84831196863502,NA,0.99386450817298,1.01682319757474,0.959666418822739,1.05093532082313,1.01072924933731,1.15010416818157,1.00405976540813,NA,0.887614124085777,0.986324660437326,NA,NA,0.925018725410979,1.01750623889593,0.993850079523827,NA
1371,NA,NA,NA,NA,NA,NA,NA,NA,NA,NA,NA,NA,NA,NA,NA,NA,NA,NA,NA,NA,NA,NA,1.02377489575513,0.886298650806131,NA,NA,NA,NA,NA,NA,NA,NA,NA,NA,NA,NA,NA,NA,NA,NA,NA,NA,NA,NA,NA,NA,NA,NA,NA,NA,NA,NA,1.02964989244065,1.1125892727024,NA,0.995164773336963,1.0485062421061,0.967059115282234,1.10497703152496,1.05738434441286,1.43459235854861,0.994735493222571,NA,1.06385985723019,1.08138289429088,NA,NA,0.97627738025149,1.05396558713107,1.01996737547747,NA
1372,NA,NA,NA,NA,NA,NA,NA,NA,NA,NA,NA,NA,NA,NA,NA,NA,NA,NA,NA,NA,NA,NA,1.08533303578179,1.11173126879724,NA,NA,NA,NA,NA,NA,NA,NA,NA,NA,NA,NA,NA,NA,NA,NA,NA,NA,NA,NA,NA,NA,NA,NA,NA,NA,NA,NA,1.1331942244584,1.30032046033287,NA,1.02186712371422,1.0419028631705,1.06941526437331,1.1042333678632,1.14671934193706,1.44069733361199,1.01564473863619,NA,1.1690628080881,1.09663057693075,NA,NA,1.20607877950774,1.13022249835915,1.23457252001017,NA
1373,NA,NA,NA,NA,NA,NA,NA,NA,NA,NA,NA,NA,NA,NA,NA,NA,NA,NA,NA,NA,NA,NA,1.05357069470002,0.845513514651865,NA,NA,NA,NA,NA,NA,NA,NA,NA,NA,NA,NA,NA,NA,NA,NA,NA,NA,NA,NA,NA,NA,NA,NA,NA,NA,NA,NA,0.922324589219562,1.0733326143581,NA,1.00281005504666,1.02483585266232,1.04537578933647,1.01742909613882,1.00602650216532,0.904335378188699,0.999841527651289,NA,1.01384789336045,0.993304231779623,NA,NA,1.0416598110389,1.02696489618441,1.11268057402224,NA
1374,NA,NA,NA,NA,NA,NA,NA,NA,NA,NA,NA,NA,NA,NA,NA,NA,NA,NA,NA,NA,NA,NA,1.04733380362296,0.818017233162528,NA,NA,NA,NA,NA,NA,NA,NA,NA,NA,NA,NA,NA,NA,NA,NA,NA,NA,NA,NA,NA,NA,NA,NA,NA,NA,NA,NA,0.799983133406326,1.20820239998933,NA,1.03251604745288,1.09226736743666,1.02915562290101,1.01505870430806,0.985904644054846,0.994844740134701,1.00740385664001,NA,1.0304378526436,1.00862033470873,NA,NA,0.96581677045507,1.08058508696574,1.12296259389941,NA
1375,NA,NA,NA,NA,NA,NA,NA,NA,NA,NA,NA,NA,NA,NA,NA,NA,NA,NA,NA,NA,NA,NA,0.999894089804987,0.85808419763698,NA,NA,NA,NA,NA,NA,NA,NA,NA,NA,NA,NA,NA,NA,NA,NA,NA,NA,NA,NA,NA,NA,NA,NA,NA,NA,NA,NA,0.871983704710762,1.10394624944001,NA,1.00040246162153,1.00520592762954,0.97834319689809,0.9684738376069,0.913279270798524,0.712115194548999,0.995374875546172,NA,0.874908379721407,0.952598981170998,NA,NA,0.833251675467502,0.913119256752451,0.951345114029039,0.882803034119366
1376,NA,NA,NA,NA,NA,NA,NA,NA,NA,NA,NA,NA,NA,NA,NA,NA,NA,NA,NA,NA,NA,NA,1.00852042612058,0.775858722518072,NA,NA,NA,NA,NA,NA,NA,NA,NA,NA,NA,NA,NA,NA,NA,NA,NA,NA,NA,NA,NA,NA,NA,NA,NA,NA,NA,NA,0.829452396715885,1.22003507049414,NA,1.00244595103042,1.05619351911011,0.982889085982157,0.972629056778453,0.93602372307311,0.808542055085926,0.985049917812767,NA,0.821004371516679,0.93894611460227,NA,NA,0.868428884753161,0.822836141039318,0.944330612116397,0.935014601222531
1377,NA,NA,NA,NA,NA,NA,NA,NA,NA,NA,NA,NA,NA,NA,NA,NA,NA,NA,NA,NA,NA,NA,0.981349422669416,0.551932981645581,NA,NA,NA,NA,NA,NA,NA,NA,NA,NA,NA,NA,NA,NA,NA,NA,NA,NA,NA,NA,NA,NA,NA,NA,NA,NA,NA,NA,0.841508901471946,1.05136190230055,NA,0.977883229615197,0.985820628164802,0.978413307746987,0.956832724163302,0.95098389103243,0.636382550463811,0.9897716631013,NA,0.757552690919507,0.935386514940001,NA,NA,0.861584858222471,0.718479874989044,0.936696568161266,0.928924880597336
1378,NA,NA,NA,NA,NA,NA,NA,NA,NA,NA,NA,NA,NA,NA,NA,NA,NA,NA,NA,NA,NA,NA,0.991044076294781,0.883204951812945,NA,NA,NA,NA,NA,NA,NA,NA,NA,NA,NA,NA,NA,NA,NA,NA,NA,NA,NA,NA,NA,NA,NA,NA,NA,NA,NA,NA,0.885164241567676,0.963356644570967,NA,1.01689468320172,1.08979517277313,1.0332962653005,0.952540587535266,0.987330858668223,0.939986446740399,1.00919684488247,NA,0.937184754243125,0.973310952286294,NA,NA,1.01871153285647,0.823689543103461,1.00955932729921,1.03597563228792
1379,NA,NA,NA,NA,NA,NA,NA,NA,NA,NA,NA,NA,NA,NA,NA,NA,NA,NA,NA,NA,NA,NA,1.04331972646905,1.05953102266107,NA,NA,NA,NA,NA,NA,NA,NA,NA,NA,NA,NA,NA,NA,NA,NA,NA,NA,NA,NA,NA,NA,NA,NA,NA,NA,NA,NA,1.08259955186423,0.823788227398209,NA,1.02583472046633,1.13620575019724,1.02203321952822,0.985759386326149,1.12926049210004,1.35419545295197,1.00687472227096,NA,1.08757523642491,1.04790846183596,NA,NA,1.02376062733433,0.835512195886857,1.00154281018087,1.06924434259387
1380,NA,NA,NA,NA,NA,NA,NA,NA,NA,NA,NA,NA,NA,NA,NA,NA,NA,NA,NA,NA,NA,NA,1.02944909196625,0.984846444804139,NA,NA,NA,NA,NA,NA,NA,NA,NA,NA,NA,NA,NA,NA,NA,NA,NA,NA,NA,NA,NA,NA,NA,NA,NA,NA,NA,NA,1.12357910739088,0.944745268659898,NA,1.02551573201532,1.07188838240041,1.03805511014772,1.00546077959801,1.11998203706914,1.35654970821837,0.998754478156085,NA,1.06447412908768,1.03444037252208,NA,NA,1.05272168948262,0.92037134356774,1.04690082608413,1.09411137975654
1381,NA,NA,NA,NA,NA,NA,NA,NA,NA,NA,NA,NA,NA,NA,NA,NA,NA,NA,NA,NA,NA,NA,0.930417746348774,0.801238223677423,NA,NA,NA,NA,NA,NA,NA,NA,NA,NA,NA,NA,NA,NA,NA,NA,NA,NA,NA,NA,NA,NA,NA,NA,NA,NA,NA,NA,1.08472230384424,0.871281324017395,NA,1.00815280730277,1.01110294930679,1.04348583540924,1.05269300456674,1.08409754063195,1.19750482627188,0.988117808647353,NA,1.10165356938891,1.01765173160321,NA,NA,0.956042839901804,0.819156759813926,1.03002492389612,1.01777388203907
1382,NA,NA,NA,NA,NA,NA,NA,NA,NA,NA,NA,NA,NA,NA,NA,NA,NA,NA,NA,NA,NA,NA,0.892736325188577,0.517791103844581,NA,NA,NA,NA,NA,NA,NA,NA,NA,NA,NA,NA,NA,NA,NA,NA,NA,NA,NA,NA,NA,NA,NA,NA,NA,NA,NA,NA,1.02957639336439,0.6454671112351,NA,0.979403056905758,0.982933533751328,0.943985336941493,0.995689146880647,0.96352042704536,0.706517126890436,0.967159196972534,NA,0.926297355111137,0.917169091129886,NA,NA,0.785611654305799,0.751535271334136,0.886294066358086,0.866341576653164
1383,NA,NA,NA,NA,NA,NA,NA,NA,NA,NA,NA,NA,NA,NA,NA,NA,NA,NA,NA,NA,NA,NA,0.93508334006486,0.854147625799143,NA,NA,NA,NA,NA,NA,NA,NA,NA,NA,NA,NA,NA,NA,NA,NA,NA,NA,NA,NA,NA,NA,NA,NA,NA,NA,NA,NA,1.04251672528142,0.69374576703974,NA,0.978947752965156,0.957882396870984,0.984775157438148,0.982632027525621,0.944813348849361,0.645912223409619,0.98326407779838,NA,0.912565277536925,0.947379488309528,NA,NA,0.968665249518133,0.857938608336865,0.849205113655924,0.925578788248026
1384,NA,NA,NA,NA,NA,NA,NA,NA,NA,NA,NA,NA,NA,NA,NA,NA,NA,NA,NA,NA,NA,NA,0.88639990585449,0.772199292519382,NA,NA,NA,NA,NA,NA,NA,NA,NA,NA,NA,NA,NA,NA,NA,NA,NA,NA,NA,NA,NA,NA,NA,NA,NA,NA,NA,NA,0.920138090005777,0.670723016660428,NA,0.97588047848854,0.923904974677332,0.922165024283283,0.962139939802935,0.97597558417828,0.731773095022494,0.97418023288836,NA,0.908396627402289,0.946727111497455,NA,NA,0.929160635366665,0.830038139326029,0.879278385250389,0.902556308707983
1385,NA,NA,NA,NA,NA,NA,NA,NA,NA,NA,NA,NA,NA,NA,NA,NA,NA,NA,NA,NA,NA,NA,0.782596946590824,0.715370848348897,NA,NA,NA,NA,NA,NA,NA,NA,NA,NA,NA,NA,NA,NA,NA,NA,NA,NA,NA,NA,NA,NA,NA,NA,NA,NA,NA,NA,0.903355611156058,0.672811857070555,NA,0.985170106125048,0.973432662144292,0.891399329462169,0.956493114046508,0.989466915227711,0.855315656901166,0.970737231578365,NA,0.838546909753563,0.911406550618584,NA,NA,0.754571891643944,0.77273071636171,0.876803263261228,0.914059045561294
1386,NA,NA,NA,NA,NA,NA,NA,NA,NA,NA,NA,NA,NA,NA,NA,NA,NA,NA,NA,NA,NA,NA,0.952244014539542,0.955969732999836,NA,NA,NA,NA,NA,NA,NA,NA,NA,NA,NA,NA,NA,NA,NA,NA,NA,NA,NA,NA,NA,NA,NA,NA,NA,NA,NA,NA,0.91626153523382,0.925026121987339,NA,1.01060109912038,1.00489798433511,0.962863889247527,0.950625310679931,1.07037850405046,1.13752860399221,0.987181775011201,NA,0.995538303900132,0.991951243960315,NA,NA,0.899551588212611,0.826136181349099,1.04191140710537,1.01403379696481
1387,NA,NA,NA,NA,NA,NA,NA,NA,NA,NA,NA,NA,NA,NA,NA,NA,NA,NA,NA,NA,NA,NA,1.02451785179233,1.12574895421391,NA,NA,NA,NA,NA,NA,NA,NA,NA,NA,NA,NA,NA,NA,NA,NA,NA,NA,NA,NA,NA,NA,NA,NA,NA,NA,NA,NA,1.05543047873634,1.00121237629852,NA,1.0029666609508,0.964756413462013,1.0472800818939,1.02054277349787,1.12442943993311,1.36763992124144,1.00052702025743,NA,1.16753231911457,1.03798886909309,NA,NA,0.975343235852348,0.953643739717787,1.07614628483623,1.06668424605204
1388,NA,NA,NA,NA,NA,NA,NA,NA,NA,NA,NA,NA,NA,NA,NA,NA,NA,NA,NA,NA,NA,NA,0.967544187400947,1.02912929575086,NA,NA,NA,NA,NA,NA,NA,NA,NA,NA,NA,NA,NA,NA,NA,NA,NA,NA,NA,NA,NA,NA,NA,NA,NA,NA,NA,NA,0.9320586467439,1.09168791311967,NA,0.994366064366064,0.912311726138175,0.998074047212163,0.96481052810737,1.10408577463637,1.17285204069345,0.99025823379033,NA,0.996162377773784,0.979469012134096,NA,NA,0.867922073744937,0.837062677704889,1.07254699022647,1.0010978935004
1389,NA,NA,NA,NA,NA,NA,NA,NA,NA,NA,NA,NA,NA,NA,NA,NA,NA,NA,NA,NA,NA,NA,0.974618001785755,0.991509793318567,NA,NA,NA,NA,NA,NA,NA,NA,NA,NA,NA,NA,NA,NA,NA,NA,NA,NA,NA,NA,NA,NA,NA,NA,NA,NA,NA,NA,0.906409742676478,0.862667208433274,NA,0.986868918875386,0.86427566154538,0.946231839816473,0.937449750090307,1.03708268562927,0.904998398284012,0.975916248385156,NA,0.916927854534915,0.918707465660117,NA,NA,0.867241145555912,0.819869048629598,0.993553659796449,0.950210023445978
1390,NA,NA,NA,NA,NA,NA,NA,NA,NA,NA,NA,NA,NA,NA,NA,NA,NA,NA,NA,NA,NA,NA,0.984639584292727,1.26080802870456,NA,NA,NA,NA,NA,NA,NA,NA,NA,NA,NA,NA,NA,NA,NA,NA,NA,NA,NA,NA,NA,NA,NA,NA,NA,NA,NA,NA,1.00146953128734,0.94201472470464,NA,0.988132438399798,0.962059577920612,0.987193328328025,0.935057658020218,0.979436767330037,0.979875048023266,0.983294855800185,NA,0.926866922238023,0.953997761909946,NA,NA,0.823194955538291,0.943626839578968,1.11673142752127,0.997663139825882
1391,NA,NA,NA,NA,NA,NA,NA,NA,NA,NA,NA,NA,NA,NA,NA,NA,NA,NA,NA,NA,NA,NA,0.959921955927412,1.20353274277901,NA,NA,NA,NA,NA,NA,NA,NA,NA,NA,NA,NA,NA,NA,NA,NA,NA,NA,NA,NA,NA,NA,NA,NA,NA,NA,NA,NA,0.95102690344986,0.859408635753657,NA,0.967897244799363,0.922366640631891,0.922328809293825,0.950533444274239,1.01479257255746,1.08312471891501,0.980836994613868,NA,0.918395184781425,1.01915893835283,NA,NA,0.854787168692704,0.896534960992338,1.23145246846323,1.05470542773502
1392,NA,NA,NA,NA,NA,NA,NA,NA,NA,NA,NA,NA,NA,NA,NA,NA,NA,NA,NA,NA,NA,NA,0.996972821054319,1.12183099544091,NA,NA,NA,NA,NA,NA,NA,NA,NA,NA,NA,NA,NA,NA,NA,NA,NA,NA,NA,NA,NA,NA,NA,NA,NA,NA,NA,NA,0.925749140773863,0.846979056275791,NA,0.996445876571432,0.949918990277033,0.97098328635129,0.972894381368516,0.998620717388751,1.09634275078351,0.991029380949117,NA,1.01208841862294,0.977063723114236,NA,NA,0.83846295446223,0.87202110147417,1.13968156270428,1.0062077644573
1393,NA,NA,NA,NA,NA,NA,NA,NA,NA,NA,NA,NA,NA,NA,NA,NA,NA,NA,NA,NA,NA,NA,0.996903898152197,1.12103512703879,NA,NA,NA,NA,NA,NA,NA,NA,NA,NA,NA,NA,NA,NA,NA,NA,NA,NA,NA,NA,NA,NA,NA,NA,NA,NA,NA,NA,0.979017968605187,0.816134054803419,NA,1.00082231257278,0.979383441953957,1.02735547274191,1.01373650317891,1.01437706043115,1.07797003479534,0.988370227785275,NA,1.05170683675362,1.00028632271325,NA,NA,0.871588979018552,0.917635398205828,1.17317457937398,1.02668400382427
1394,NA,NA,NA,NA,NA,NA,NA,NA,NA,NA,NA,NA,NA,NA,NA,NA,NA,NA,NA,NA,NA,NA,0.943509704835921,1.02479281137232,NA,NA,NA,NA,NA,NA,NA,NA,NA,NA,NA,NA,NA,NA,NA,NA,NA,NA,NA,NA,NA,NA,NA,NA,NA,NA,NA,NA,1.02019038595959,0.975806240597778,NA,0.963592924699589,0.898803706243842,1.05339127241738,1.04445122273934,0.982156294186489,1.16083861944807,0.981427002883422,NA,1.01197529774896,0.971876146299735,NA,NA,0.91584324178839,0.909808940749618,1.07983019121635,1.01069085328385
1395,NA,NA,NA,NA,NA,NA,NA,NA,NA,NA,NA,NA,NA,NA,NA,NA,NA,NA,NA,NA,NA,NA,0.963431626129939,1.0240598594323,NA,NA,NA,NA,NA,NA,NA,NA,NA,NA,NA,NA,NA,NA,NA,NA,NA,NA,NA,NA,NA,NA,NA,NA,NA,NA,NA,1.03256115246347,0.994475987965739,0.874374036552653,NA,0.97862923267126,0.875431615494173,1.03759855079499,1.05684838644672,0.913224900458963,1.08476098127268,0.978198887474508,NA,0.979381709682732,0.979581891525466,NA,NA,0.840680959815997,0.921461540229703,1.03734252520158,0.982486127948647
1396,NA,NA,NA,NA,NA,NA,NA,NA,NA,NA,NA,NA,NA,NA,NA,NA,NA,NA,NA,NA,NA,NA,0.999623106074839,1.08331392071404,NA,NA,NA,NA,NA,NA,NA,NA,NA,NA,NA,NA,NA,NA,NA,NA,NA,NA,NA,NA,NA,NA,NA,NA,NA,NA,NA,1.05926728953439,1.01857444965348,0.877661032073054,NA,0.988166154284581,1.01333683100063,1.06607104433679,1.08347741833256,0.972688186518917,1.2478697065009,0.98218415182373,NA,1.07473565291165,1.06266343861398,NA,NA,0.921122407584032,0.975626108438269,1.08621279869841,1.05184229441956
1397,NA,NA,NA,NA,NA,NA,NA,NA,NA,NA,NA,NA,NA,NA,NA,NA,NA,NA,NA,NA,NA,NA,0.97406456376869,1.01041818991759,NA,NA,NA,NA,NA,NA,NA,NA,NA,NA,NA,NA,NA,NA,NA,NA,NA,NA,NA,NA,NA,NA,NA,NA,NA,NA,NA,0.955004954296165,0.945372940401156,0.999271738107286,NA,0.990180077110451,0.982274446647437,0.964781506839794,1.00460264794493,0.966908043990403,1.05965342186739,0.980324171761188,NA,0.952067491063159,0.948164504038637,NA,NA,0.854656697993097,0.938273050745885,0.950591817692528,0.978861076674914
1398,NA,NA,NA,NA,NA,NA,NA,NA,NA,NA,NA,NA,NA,NA,NA,NA,NA,NA,NA,NA,NA,NA,0.885693318925487,0.680250047369024,NA,NA,NA,NA,NA,NA,NA,NA,NA,NA,NA,NA,NA,NA,NA,NA,NA,NA,NA,NA,NA,NA,NA,NA,NA,NA,NA,0.676059211541821,0.848454847453951,0.952987515056702,NA,0.963824619519332,0.958238814864244,0.822820588513566,0.978981426716333,0.792944382945199,0.72560117569345,0.969819615614632,NA,0.856031340104062,0.927420551163877,NA,NA,0.722256797742301,0.946574391999826,0.812225767520934,0.910093050565972
1399,NA,NA,NA,NA,NA,NA,NA,NA,NA,NA,NA,NA,NA,NA,NA,NA,NA,NA,NA,NA,NA,NA,0.98066342057179,0.934671461152834,NA,NA,NA,NA,NA,NA,NA,NA,NA,NA,NA,NA,NA,NA,NA,NA,NA,NA,NA,NA,NA,NA,NA,NA,NA,NA,NA,1.06486131017975,1.02748395339972,1.14604708076206,NA,0.979946957285617,0.966742446609751,0.937066927188739,1.00653725262718,0.957694562416908,1.02090340945503,0.989992468910084,NA,0.986260987517332,1.02585246647951,NA,NA,0.895426721701597,1.08184813752139,0.907116611543747,0.966932990277947
1400,NA,NA,NA,NA,NA,NA,NA,NA,NA,NA,NA,NA,NA,NA,NA,NA,NA,NA,NA,NA,NA,NA,0.97378195784638,0.620493691974373,NA,NA,NA,NA,NA,NA,NA,NA,NA,NA,NA,NA,NA,NA,NA,NA,NA,NA,NA,NA,NA,NA,NA,NA,NA,NA,NA,0.734934709982267,0.815577366132165,0.874269757907318,NA,0.964004688677948,0.903697266431658,0.852295476137623,0.923984822494344,0.874354013641043,0.730979885556058,0.975007984897777,NA,0.745039553565321,0.920131394561755,NA,NA,0.83553773707971,0.962981865749152,0.923695855606177,0.928561800562224
1401,NA,NA,NA,NA,NA,NA,NA,NA,NA,NA,NA,NA,NA,NA,NA,NA,NA,NA,NA,NA,NA,NA,0.919661338539863,0.693104098231614,NA,NA,NA,NA,NA,NA,NA,NA,NA,NA,NA,NA,NA,NA,NA,NA,NA,NA,NA,NA,NA,NA,NA,NA,NA,NA,NA,1.14524693497009,1.0466507929318,0.920277358988467,NA,0.987246150384133,1.01703564935219,0.915737868752833,0.985751083898173,0.880033372168556,0.844710775141992,0.995066946751205,NA,0.933644117190674,0.988884707339493,NA,NA,0.822169961595798,0.979076982859937,0.980513935650174,1.01800302418127
1402,NA,NA,NA,NA,NA,NA,NA,NA,NA,NA,NA,NA,NA,NA,NA,NA,NA,NA,NA,NA,NA,NA,1.04215792966953,1.07859559774782,NA,NA,NA,NA,NA,NA,NA,NA,NA,NA,NA,NA,NA,NA,NA,NA,NA,NA,NA,NA,NA,NA,NA,NA,NA,NA,NA,1.0548950660308,1.08899639901118,1.17779996865683,1.24425449340744,0.991278670055095,1.06449928565531,1.0087204588619,0.993807715919855,1.03141678633866,1.19788265170551,1.0012660762594,NA,0.978373766151712,1.04435107929019,NA,NA,0.920042041181928,1.09667809335529,1.0109641941191,1.09216262557036
1403,NA,NA,NA,NA,NA,NA,NA,NA,NA,NA,NA,NA,NA,NA,NA,NA,NA,NA,NA,NA,NA,NA,1.0588554430616,1.04216775858546,NA,NA,NA,NA,NA,NA,NA,NA,NA,NA,NA,NA,NA,NA,NA,NA,NA,NA,NA,NA,NA,NA,NA,NA,NA,NA,NA,1.14312490812943,1.0901711427558,1.23617074583167,0.961813112417785,1.00599125622429,1.08190191208882,0.961043530452338,0.983506485015432,0.8800923735712,1.04580289551162,0.997316140362806,NA,0.987539329222493,1.04793345091752,NA,NA,0.975113215948556,1.08116160891206,0.951440192118733,1.10364051161677
1404,NA,NA,NA,NA,NA,NA,NA,NA,NA,NA,NA,NA,NA,NA,NA,NA,NA,NA,NA,NA,NA,NA,1.05469973735365,1.12372091687929,NA,NA,NA,NA,NA,NA,NA,NA,NA,NA,NA,NA,NA,NA,NA,NA,NA,NA,NA,NA,NA,NA,NA,NA,NA,NA,NA,1.09636039832075,1.08010741032986,1.12213700205235,0.959997991157761,1.00217086427679,1.0728787491966,0.972095188937998,1.03457979478896,0.991845545684147,0.96317475395208,1.00302886070374,NA,1.0647943671919,1.02061818488188,NA,NA,0.997649848328146,1.08031449942462,0.962073945409326,1.09682757590703
1405,NA,NA,NA,NA,NA,NA,NA,NA,NA,NA,NA,NA,NA,NA,NA,NA,NA,NA,NA,NA,NA,NA,1.04832594849162,1.35579134389323,NA,NA,NA,NA,NA,NA,NA,NA,NA,NA,NA,NA,NA,NA,NA,NA,NA,NA,NA,NA,NA,NA,NA,NA,NA,NA,NA,0.951936568458928,1.06379866778594,0.946955740856852,0.827380997945189,0.993561065496951,1.00061051713058,1.07613295765801,1.03565551971703,0.961550589384252,0.92182534190712,0.99626760702442,NA,0.944344407250482,0.948946615055267,NA,NA,1.02697984116852,1.04064678887326,0.813524408654611,0.917340480484077
1406,NA,NA,NA,NA,NA,NA,NA,NA,NA,NA,NA,NA,NA,NA,NA,NA,NA,NA,NA,NA,NA,NA,1.01521072135638,1.02790036766599,NA,NA,NA,NA,NA,NA,NA,NA,NA,NA,NA,NA,NA,NA,NA,NA,NA,NA,NA,NA,NA,NA,NA,NA,NA,NA,NA,0.943051783544382,1.06289582248438,1.21000044122189,0.960992893410332,1.01836868974469,1.10267163009231,1.03360317197999,1.06089044325552,0.94459685316015,1.18100767964684,0.999109105913154,NA,1.15661457253811,1.06335668682705,NA,NA,1.00241508806839,1.04154751337814,0.822903309798353,0.890761894587189
1407,NA,NA,NA,NA,NA,NA,NA,NA,NA,NA,NA,NA,NA,NA,NA,NA,NA,NA,NA,NA,NA,NA,0.992510426223115,0.786721594526174,NA,NA,NA,NA,NA,NA,1.04103481535881,NA,NA,NA,NA,NA,NA,NA,NA,NA,NA,NA,NA,NA,NA,NA,NA,NA,NA,NA,NA,0.970688206115294,1.03567820210913,1.11424711340625,0.913225221216383,0.9899961463121,1.01849653301048,0.993825885630484,1.05320608250948,0.875435877383697,0.981111885615753,0.990915995568769,NA,NA,0.96336876069338,NA,NA,0.857790603710061,0.976294236806792,0.7872194505713,0.832816458112864
1408,NA,NA,NA,NA,NA,NA,NA,NA,NA,NA,NA,NA,NA,NA,NA,NA,NA,NA,NA,NA,NA,NA,1.02265556330449,1.13192976086131,NA,NA,NA,NA,NA,NA,1.07787496787797,NA,NA,NA,NA,NA,NA,NA,NA,NA,NA,NA,NA,NA,NA,NA,NA,NA,NA,NA,NA,1.03806749444329,1.08253299953645,1.2445286239507,1.03995777067922,0.995704142347045,1.04075831077754,1.02315664222687,1.07174500901063,0.957665733476168,0.889195230928214,0.984612729679905,NA,NA,0.982281984398034,NA,NA,0.959308951528323,0.951965131701879,0.858411077426132,0.86759716261189
1409,NA,NA,NA,NA,NA,NA,NA,NA,NA,NA,NA,NA,NA,NA,NA,NA,NA,NA,NA,NA,NA,NA,1.03454619480908,1.19911294056285,NA,NA,NA,NA,NA,NA,1.06565260202767,NA,NA,NA,NA,NA,NA,NA,NA,NA,NA,NA,NA,NA,NA,NA,NA,NA,NA,NA,NA,1.23098393601578,1.20393475684086,1.29951617963061,1.13361020593135,1.01322199532236,1.00646557480699,0.983189142386448,1.0906294995897,0.946239311829338,1.22806075984327,0.996386801854322,NA,NA,1.01278568672455,NA,NA,0.852355502342387,1.01743720835746,0.864716156972978,0.920465506330232
1410,NA,NA,NA,NA,NA,NA,NA,NA,NA,NA,NA,NA,NA,NA,NA,NA,NA,NA,NA,NA,NA,NA,1.03442453452663,NA,NA,NA,NA,NA,NA,NA,1.10290077551631,NA,NA,NA,NA,NA,NA,NA,NA,NA,NA,NA,NA,NA,NA,NA,NA,NA,NA,NA,NA,1.1912647263681,1.199746230375,1.37890032450584,1.27141922587729,1.00179191893528,1.06512132811805,0.95461811023154,1.14749164614737,1.03725713611797,1.13307588996428,0.995967763547376,NA,NA,0.994404478374593,NA,NA,0.924409863120354,1.09129755577471,1.01213911727289,0.996999396751008
1411,NA,NA,NA,NA,NA,NA,NA,NA,NA,NA,NA,NA,NA,NA,NA,NA,NA,NA,NA,NA,NA,NA,1.05384746496192,NA,NA,NA,NA,NA,NA,NA,1.04601720240637,NA,NA,NA,NA,NA,NA,NA,NA,NA,NA,NA,NA,NA,NA,NA,NA,NA,NA,NA,NA,1.28518083729028,1.28420700365349,1.23790201087302,0.864603749225224,1.00706043105901,1.05293357182038,0.997838266156072,1.06717793304587,1.04336874348999,1.31019680675115,1.00765250688173,NA,NA,0.981204167817122,NA,NA,1.00826842944407,1.08337480567604,1.08770970851861,1.06297058794084
1412,NA,NA,NA,NA,NA,NA,NA,NA,NA,NA,NA,NA,NA,NA,NA,NA,NA,NA,NA,NA,NA,NA,1.01965735878015,NA,NA,NA,NA,NA,NA,NA,0.999555250638215,NA,NA,NA,NA,NA,NA,NA,NA,NA,NA,NA,NA,NA,NA,NA,NA,NA,NA,NA,NA,1.02746625028118,1.2307719803568,1.20932799259653,1.15305403085401,0.986357126050808,1.01461915406382,0.964477808784283,1.05308498509481,1.03903416893635,1.13542735113985,0.987901347736381,NA,NA,0.929844186412477,NA,NA,0.983104497247798,1.03790696386469,0.884888923442703,1.02456367435072
1413,NA,NA,NA,NA,NA,NA,NA,NA,NA,NA,NA,NA,NA,NA,NA,NA,NA,NA,NA,NA,NA,NA,1.0408415253776,NA,NA,NA,NA,NA,NA,NA,0.951002274624496,NA,NA,NA,NA,NA,NA,NA,NA,NA,NA,NA,NA,NA,NA,NA,NA,NA,NA,NA,NA,1.04847280185445,1.17051120836552,0.919751416306527,1.00932061546479,0.975349175532849,0.979096420152887,0.965486581586615,NA,1.00495302917051,1.0797387656642,0.985937357805939,NA,NA,0.948736273776175,NA,NA,0.929989192064805,0.98793366679875,0.955699143359143,0.982004049622793
1414,NA,NA,NA,NA,NA,NA,NA,NA,NA,NA,NA,NA,NA,NA,NA,NA,NA,NA,NA,NA,NA,NA,1.04071775923303,NA,NA,NA,NA,NA,NA,NA,0.902713709653188,NA,NA,NA,NA,NA,NA,NA,NA,NA,NA,NA,NA,NA,NA,NA,NA,NA,NA,NA,NA,1.11873590462313,1.05830395808214,1.0950356717538,1.04507886098198,1.0074894709079,1.01146991365729,0.939604471930085,NA,1.08569858124321,1.11152221618966,0.99510953550385,NA,NA,NA,NA,NA,0.911120897210198,0.996779908866176,0.951527118342308,0.98381126614196
1415,NA,NA,NA,NA,NA,NA,NA,NA,NA,NA,NA,NA,NA,NA,NA,NA,NA,NA,NA,NA,NA,NA,1.00043164165643,NA,NA,NA,NA,NA,NA,NA,0.974967368157741,NA,NA,NA,NA,NA,NA,NA,NA,NA,NA,NA,NA,NA,NA,NA,NA,NA,NA,NA,NA,1.05277114837129,1.04859293843948,1.22838471650399,1.18436629859882,1.00551689577139,1.05599522951609,1.01833694476645,NA,1.07956954771028,1.00376775163706,0.99911216060864,NA,NA,NA,NA,NA,1.03005469977146,1.01281408053864,0.912190201583466,1.01803705481316
1416,NA,NA,NA,NA,NA,NA,NA,NA,NA,NA,NA,NA,NA,NA,NA,NA,NA,NA,NA,NA,NA,NA,1.04483584529131,NA,NA,NA,NA,NA,NA,NA,1.00092746352571,NA,NA,NA,NA,NA,NA,NA,NA,NA,NA,NA,NA,NA,NA,NA,NA,NA,NA,NA,NA,1.30918927330756,1.0473737055768,1.12491354003413,1.16080934638257,0.99672865194569,1.00648655997309,1.03548519494725,NA,1.04005300733964,1.04336744949198,1.00172003874957,NA,NA,NA,NA,NA,0.919308973403571,1.02002752277104,0.900788649401725,0.965357157783861
1417,NA,NA,NA,NA,NA,NA,NA,NA,NA,NA,NA,NA,NA,NA,NA,NA,NA,NA,NA,NA,NA,NA,1.07412614117826,NA,NA,NA,NA,NA,NA,NA,1.01890423751687,NA,NA,NA,NA,NA,NA,NA,NA,NA,NA,NA,NA,NA,NA,NA,NA,NA,NA,NA,NA,1.09893530660814,1.0630849743016,0.833756777112236,0.843560260894177,0.991846527631725,0.97395160385232,1.00662076824935,NA,0.967404417753009,0.690227859392957,0.978747833344845,NA,NA,NA,NA,NA,0.898249147418333,1.01210293098988,0.845514826941988,0.915677602459256
1418,NA,NA,NA,NA,NA,NA,NA,NA,NA,NA,NA,NA,NA,NA,NA,NA,NA,NA,NA,NA,NA,NA,1.02635756039865,NA,NA,NA,NA,NA,NA,NA,1.00385149773495,NA,NA,NA,NA,NA,NA,NA,NA,NA,NA,NA,NA,NA,NA,NA,NA,NA,NA,NA,NA,0.822323575414559,0.910845444925228,0.884435601583603,0.903590695115782,0.973522703456883,0.85412825801331,0.892521761865492,NA,0.838340991933669,0.502209579021418,0.96608121137726,NA,NA,NA,NA,NA,0.790107875028355,1.01500886903411,0.760667759369381,0.846898778033997
1419,NA,NA,NA,NA,NA,NA,NA,NA,NA,NA,NA,NA,NA,NA,NA,NA,NA,NA,NA,NA,NA,NA,0.988036617708637,NA,NA,NA,NA,NA,NA,NA,1.01090055783079,NA,NA,NA,NA,NA,NA,NA,NA,NA,NA,NA,NA,NA,NA,NA,NA,NA,NA,NA,NA,0.802939170853213,0.922032541895937,0.904818442095731,0.978281770245622,0.984668569164114,0.853899963933547,0.889864073331965,NA,0.818601305877361,0.65030169168457,0.983171482145175,NA,NA,NA,NA,NA,0.91836345281886,1.00024052768349,0.787187309217139,0.903411222315781
1420,NA,NA,NA,NA,NA,NA,NA,NA,NA,NA,NA,NA,NA,NA,NA,NA,NA,NA,NA,NA,NA,NA,0.99695036678078,NA,NA,NA,NA,NA,NA,NA,1.02311327843622,NA,NA,NA,NA,NA,NA,NA,NA,NA,NA,NA,NA,NA,NA,NA,NA,NA,NA,NA,NA,0.873598407114298,0.918343159520768,1.00103996218563,1.29987507137768,1.01278143603334,1.00307800207724,1.02701895394275,NA,0.988990973039857,1.08029572574483,0.991988338519918,NA,NA,NA,NA,NA,0.94278158136828,0.985767259595525,1.04476074508734,0.937057668597577
1421,NA,NA,NA,NA,NA,NA,NA,NA,NA,NA,NA,NA,NA,NA,NA,NA,NA,NA,NA,NA,NA,NA,0.999728073780529,NA,NA,NA,NA,NA,NA,NA,1.02962689472343,NA,NA,NA,NA,NA,NA,NA,NA,NA,NA,NA,NA,NA,NA,NA,NA,NA,NA,NA,NA,0.995641114782209,1.08323485622332,1.01623935937528,1.0914644921881,0.993608686403487,1.0010893819263,1.01508937540242,NA,0.973985024011921,1.09662479196889,0.996271630081169,NA,NA,NA,NA,NA,0.972176739358748,1.02154525137196,1.08825114189695,0.995243411678249
1422,NA,NA,NA,NA,NA,NA,NA,NA,NA,NA,NA,NA,NA,NA,NA,NA,NA,NA,NA,NA,NA,NA,0.974743840627116,NA,NA,NA,NA,NA,NA,NA,0.977713218314681,NA,NA,NA,NA,NA,NA,NA,NA,NA,NA,NA,NA,NA,NA,NA,NA,NA,NA,NA,NA,1.11949373278691,1.20269645972642,0.955424087327989,1.03760805692814,0.98933064700403,0.973390493101261,1.12496546687609,NA,1.02554010817621,1.11594274081292,0.985158348164945,NA,NA,NA,NA,NA,0.866754389799688,1.02226728659756,0.983648435652944,0.984617236376819
1423,NA,NA,NA,NA,NA,NA,NA,NA,NA,NA,NA,NA,NA,NA,NA,NA,NA,NA,NA,NA,NA,NA,0.974631731326017,NA,NA,NA,NA,NA,NA,NA,0.978785799028158,NA,NA,NA,NA,NA,NA,NA,NA,NA,NA,NA,NA,NA,NA,NA,NA,NA,NA,NA,NA,0.942803104803991,1.03647947793528,0.987246485052927,0.99651148909518,0.990510166800626,0.951875138539067,1.11324070211702,NA,0.948169025665834,0.837822467723337,0.971728800594421,NA,NA,NA,NA,NA,0.986735749153884,0.995341675572599,1.01617796064335,0.987090539726646
1424,NA,NA,NA,NA,NA,NA,NA,NA,NA,NA,NA,NA,NA,NA,NA,NA,NA,NA,NA,NA,NA,NA,1.02073837007241,NA,NA,NA,NA,NA,NA,NA,0.986471877852394,NA,NA,NA,NA,NA,NA,NA,NA,NA,NA,NA,NA,NA,NA,NA,NA,NA,NA,NA,NA,1.01352920206018,1.02475777105715,1.24190971169369,1.24805034260977,0.99427532704962,1.01090205638518,1.07546174731105,NA,0.978403301933306,0.904756050492446,0.985547446275514,NA,NA,NA,NA,NA,1.07071126082338,0.974969010189425,1.06035572930767,1.0178180500379
1425,NA,NA,NA,NA,NA,NA,NA,NA,NA,NA,NA,NA,NA,NA,NA,NA,NA,NA,NA,NA,NA,NA,1.09173822282919,NA,NA,NA,NA,NA,NA,NA,0.980652565577043,NA,NA,NA,NA,NA,NA,NA,NA,NA,NA,NA,NA,NA,NA,NA,NA,NA,NA,NA,NA,0.868153254132646,0.964639880983716,1.34633636171455,1.14505116741833,1.01318144228218,1.10955931916991,1.13351916250494,NA,1.08714854901968,1.16045860583987,0.988766140123626,NA,NA,NA,NA,NA,1.12132485760878,1.03244856928487,1.12018769117949,1.05222307776495
1426,NA,NA,NA,NA,NA,NA,NA,NA,NA,NA,NA,NA,NA,NA,NA,NA,NA,NA,NA,NA,NA,NA,1.0075137236399,NA,NA,NA,NA,NA,NA,NA,0.967237928406027,NA,NA,NA,NA,NA,NA,NA,NA,NA,NA,NA,NA,NA,NA,NA,NA,NA,NA,NA,NA,0.721517789290965,0.793050040552638,1.06876207892882,0.97894851527383,0.987722653802903,0.939434382081119,1.07741422725767,NA,1.00621056769352,0.943128672644454,0.978373206141527,NA,NA,NA,NA,NA,0.921101882696902,0.953436298558006,1.04472878303345,1.03958138361733
1427,NA,NA,NA,NA,NA,NA,NA,NA,NA,NA,NA,NA,NA,NA,NA,NA,NA,NA,NA,NA,NA,NA,0.993202620853469,NA,NA,NA,NA,NA,NA,NA,0.975166721973519,NA,NA,NA,NA,NA,NA,NA,NA,NA,NA,NA,NA,NA,NA,NA,NA,NA,NA,NA,NA,0.949851007685866,0.932798600106934,1.06926123447224,0.889006204740195,1.00344466541073,0.967051921093855,1.07574536841254,NA,0.972968247047391,0.903754523435025,0.980342658802995,NA,NA,NA,NA,NA,0.925937225412598,0.992471216989831,1.02318157441648,1.01523693509042
1428,NA,NA,NA,NA,NA,NA,NA,NA,NA,NA,NA,NA,NA,NA,NA,NA,NA,NA,NA,NA,NA,NA,1.00176498626428,NA,NA,NA,NA,NA,NA,NA,0.989474176539488,NA,NA,NA,NA,NA,NA,NA,NA,NA,NA,NA,NA,NA,NA,NA,NA,NA,NA,NA,NA,0.83414383972975,0.886650154396793,1.03315342438509,0.830792769653856,1.00559219726471,0.997481093693254,1.05944732623212,NA,1.03011856441705,0.982293733659839,0.97404114716777,NA,NA,NA,NA,NA,0.985068221168333,1.01607526004023,1.06331065417812,0.978879370374744
1429,NA,NA,NA,NA,NA,NA,NA,NA,NA,NA,NA,NA,NA,NA,NA,NA,NA,NA,NA,NA,NA,NA,1.03668743598463,NA,NA,NA,NA,NA,NA,NA,0.990011416161617,NA,NA,NA,NA,NA,NA,NA,NA,NA,NA,NA,NA,NA,NA,NA,NA,NA,NA,NA,NA,1.03922831251668,1.04936771848346,1.01814546661418,0.800154120214676,0.988710465061591,0.959922163773427,1.06662884361537,NA,1.01338206235101,1.12282825269975,0.993430719766473,NA,NA,NA,NA,NA,0.882621438201193,1.01523723298882,1.11464308390813,1.03418537779928
1430,NA,NA,NA,NA,NA,NA,NA,NA,NA,NA,NA,NA,NA,NA,NA,NA,NA,NA,NA,NA,NA,NA,0.926322719416301,NA,NA,NA,NA,NA,NA,NA,0.969509973628039,NA,NA,NA,NA,NA,NA,NA,NA,NA,NA,NA,NA,NA,NA,NA,NA,NA,NA,NA,NA,0.767522139634304,0.859738765159317,0.804247255771604,0.60858708717876,0.988592493639689,0.953179522640811,0.955508302078757,NA,1.01546349465226,1.04384057499498,0.96829064790781,NA,NA,NA,NA,NA,0.86755807502578,0.961294720157222,0.992911514535594,0.880537763172382
1431,NA,NA,NA,NA,NA,NA,NA,NA,NA,NA,NA,NA,NA,NA,NA,NA,NA,NA,NA,NA,NA,NA,0.977087121992276,NA,NA,NA,NA,NA,NA,NA,0.969907136463955,NA,NA,NA,NA,NA,NA,NA,NA,NA,NA,NA,NA,NA,NA,NA,NA,NA,NA,NA,NA,0.706271221407218,0.807413365639713,1.04478785116289,0.779615024997254,1.00243242755604,0.93407287317739,0.98997836112225,NA,0.925466941153256,0.846398897724974,0.961389086746902,NA,NA,NA,NA,NA,0.864667664861731,0.972502099601063,0.889470587473551,0.881382700582056
1432,NA,NA,NA,NA,NA,NA,NA,NA,NA,NA,NA,NA,NA,NA,NA,NA,NA,NA,NA,NA,NA,NA,0.947844676406227,NA,NA,NA,NA,NA,NA,NA,0.997740945668499,NA,NA,NA,NA,NA,NA,NA,NA,NA,NA,NA,NA,NA,NA,NA,NA,NA,NA,NA,NA,0.832256881241615,0.947115415396313,0.923786997541864,0.901294100759021,0.991868315418592,0.965629799469161,1.02545821989637,NA,0.971526059021191,1.11621001308026,0.979568235164538,NA,NA,NA,NA,NA,1.04136807094579,1.06641605686627,0.980109208018544,0.969446215840283
1433,NA,NA,NA,NA,NA,NA,NA,NA,NA,NA,NA,NA,NA,NA,NA,NA,NA,NA,NA,NA,NA,NA,0.97010922617159,NA,NA,NA,NA,NA,NA,NA,0.984797860851401,NA,NA,NA,NA,NA,NA,NA,NA,NA,NA,NA,NA,NA,NA,NA,NA,NA,NA,NA,NA,1.01479460900743,0.988971278067603,0.996785138898136,0.974799172500278,0.999903553703074,0.996313163817671,0.953012462921953,NA,0.992531079095145,1.32441543561091,0.987470651521428,NA,NA,NA,NA,NA,1.04557099560872,1.11250242664217,1.12377571239228,1.07410011318955
1434,NA,NA,NA,NA,NA,NA,NA,NA,NA,NA,NA,NA,NA,NA,NA,NA,NA,NA,NA,NA,NA,NA,0.983219483636138,NA,NA,NA,NA,NA,NA,NA,0.985050824311478,NA,NA,NA,NA,NA,NA,NA,NA,NA,NA,NA,NA,NA,NA,NA,NA,NA,NA,NA,NA,0.744943182881626,0.883633317521872,0.797696000224078,0.842394291314066,1.00553609898878,1.02655132329414,0.904372425504648,NA,0.998504876414576,1.14243454416356,0.987262670969073,NA,NA,NA,NA,NA,1.02738275571273,1.01701166987149,1.07532372017274,1.0535428556167
1435,NA,NA,NA,NA,NA,NA,NA,NA,NA,NA,NA,NA,NA,NA,NA,NA,NA,NA,NA,NA,NA,NA,0.943436447273546,NA,NA,NA,NA,NA,NA,NA,0.920035584994735,NA,NA,NA,NA,NA,NA,NA,NA,NA,NA,NA,NA,NA,NA,NA,NA,NA,NA,NA,NA,1.04178600077308,0.915772237366525,0.910160112824128,0.545569044548781,0.98863887363234,0.982248453738636,0.962463056886113,NA,1.09660438411761,1.331718746752,0.994710666270153,NA,NA,NA,NA,NA,1.1455006209132,0.987713478465176,1.03856631090499,0.944221954098726
1436,NA,NA,NA,NA,NA,NA,NA,NA,NA,NA,NA,NA,NA,NA,NA,NA,NA,NA,NA,NA,NA,NA,0.930314975134841,NA,NA,NA,NA,NA,NA,NA,0.899335836073575,NA,NA,NA,NA,NA,NA,NA,NA,NA,NA,NA,NA,NA,NA,NA,NA,NA,NA,NA,NA,0.976940791367373,0.929339285739646,0.756491965804392,0.740915843013455,0.983576644426911,0.988141533802842,0.99729673846155,NA,1.03870667395965,1.29803238515713,0.978032581604865,NA,NA,NA,NA,NA,0.920046330513408,0.892998968771716,0.861791781067407,0.825801088857487
1437,NA,NA,NA,NA,NA,NA,NA,NA,NA,NA,NA,NA,NA,NA,NA,NA,NA,NA,NA,NA,NA,NA,0.969672367278645,NA,NA,NA,NA,NA,NA,NA,0.929895414617275,NA,NA,NA,NA,NA,NA,NA,NA,NA,NA,NA,NA,NA,NA,NA,NA,NA,NA,NA,NA,0.976635356762043,1.04540117435709,0.887779212293633,0.86481040597096,0.987446825699205,1.01487207157081,1.03086365155762,NA,0.979110693182593,0.905001011620669,0.980687753791488,NA,NA,NA,NA,NA,0.926975018689951,0.887553117884134,0.99826671783722,0.976468901240927
1438,NA,NA,NA,NA,NA,NA,NA,NA,NA,NA,NA,NA,NA,NA,NA,NA,NA,NA,NA,NA,NA,NA,0.969563193383195,NA,NA,NA,NA,NA,NA,NA,0.930006095115002,NA,NA,NA,NA,NA,NA,NA,NA,NA,NA,NA,NA,NA,NA,NA,NA,NA,NA,NA,NA,1.0732568471027,1.04683444517415,0.802531035573039,0.794367232552185,0.973846554538754,0.962664627219045,1.00848963859863,NA,0.960415439921597,0.895733782571112,0.987639262168548,NA,NA,NA,NA,NA,0.828657796509327,0.878097262977266,1.01914181586287,0.991206795658236
1439,NA,NA,NA,NA,NA,NA,NA,NA,NA,NA,NA,NA,NA,NA,NA,NA,NA,NA,NA,NA,NA,NA,NA,NA,NA,NA,NA,NA,NA,NA,0.939182175878192,0.68524065021871,NA,NA,NA,NA,NA,NA,NA,NA,NA,NA,NA,NA,NA,NA,NA,NA,NA,NA,NA,0.606834116000451,0.867447304460312,0.695043369841984,0.630634653961767,0.963114302507325,0.88565568118865,0.938892720305802,NA,0.898206315589996,0.784174896100822,0.97237305782843,NA,NA,NA,NA,NA,0.744635686845701,0.804646385637317,0.977547705855815,0.912944379388052
1440,NA,NA,NA,NA,NA,NA,NA,NA,NA,NA,NA,NA,NA,NA,NA,NA,NA,NA,NA,NA,NA,NA,NA,NA,NA,NA,NA,NA,NA,NA,0.978891915125392,0.879449309384647,NA,NA,NA,NA,NA,NA,NA,NA,NA,NA,NA,NA,NA,NA,NA,NA,NA,NA,NA,0.954580483210261,0.96896595412644,0.748465405717815,0.918425296530867,0.974368658583986,0.949282763491056,1.04114741221227,NA,1.03167230744826,1.09322384310911,0.982650407859693,NA,NA,NA,NA,NA,0.940180314392301,0.894153718937268,1.05709189823069,1.02080134648222
1441,NA,NA,NA,NA,NA,NA,NA,NA,NA,NA,NA,NA,NA,NA,NA,NA,NA,NA,NA,NA,NA,NA,NA,NA,NA,0.978334956262913,NA,NA,NA,NA,0.99924530406267,0.868185176216548,NA,NA,NA,NA,NA,NA,NA,NA,NA,NA,NA,NA,NA,NA,NA,NA,NA,NA,NA,0.997866627446885,0.938613938719241,0.803319046805856,0.933452322936519,0.989583671464222,0.93165202602553,1.01488177464771,NA,0.97839480712641,1.0268390016101,0.975705077906994,NA,NA,NA,NA,NA,0.981750827301926,0.881766136449143,1.10548838081956,1.01285624515555
1442,NA,NA,NA,NA,NA,NA,NA,NA,NA,NA,NA,NA,NA,NA,NA,NA,NA,NA,NA,NA,NA,NA,NA,NA,NA,1.03321155283896,NA,NA,NA,NA,1.02896905435055,0.971798566320521,NA,NA,NA,NA,NA,NA,NA,NA,NA,NA,NA,NA,NA,NA,NA,NA,NA,NA,NA,0.906589180116172,0.979582973534236,1.074122641471,1.03529004945632,0.974675488813895,0.937200826083038,1.03540221776173,NA,1.01623143221367,0.910425700094297,0.959194442782052,NA,NA,NA,NA,NA,0.94102862118208,0.876040171972153,1.04623460297489,1.08206235655763
1443,NA,NA,NA,NA,NA,NA,NA,NA,NA,NA,NA,NA,NA,NA,NA,NA,NA,NA,NA,NA,NA,NA,NA,NA,NA,0.959442162652829,NA,NA,NA,NA,0.986178669495474,0.949227241577264,NA,NA,NA,NA,NA,NA,NA,NA,NA,NA,NA,NA,NA,NA,NA,NA,NA,NA,NA,0.879200502588383,0.912548434289267,0.934759845759063,1.08591961925962,0.990936247344884,0.920849188463889,1.05184400763815,NA,0.854447511229365,0.684928502321068,0.974000743268522,NA,NA,NA,NA,NA,0.996818622380121,0.988893733423115,1.04007722344111,1.10851574649178
1444,NA,NA,NA,NA,NA,NA,NA,NA,NA,NA,NA,NA,NA,NA,NA,NA,NA,NA,NA,NA,NA,NA,NA,NA,NA,0.913441039285975,NA,NA,NA,NA,1.02360957803528,1.03293327620058,NA,NA,NA,NA,NA,NA,NA,NA,NA,NA,NA,NA,NA,NA,NA,NA,NA,NA,NA,0.916261205006996,0.980894558344422,1.03448955729079,0.963669437730534,1.00293165278576,0.983169996540671,1.04446371104431,NA,1.01945604262676,0.860391097487025,0.986395923708783,0.967416136207174,NA,NA,NA,NA,1.06331027511465,0.991095482169141,1.1477851539594,1.1503250444506
1445,NA,NA,NA,NA,NA,NA,NA,NA,NA,NA,NA,NA,NA,NA,NA,NA,NA,NA,NA,NA,NA,NA,NA,NA,NA,0.891933194384634,NA,NA,NA,NA,1.01798861641983,1.08706678209439,NA,NA,NA,NA,NA,NA,NA,NA,NA,NA,NA,NA,NA,NA,NA,NA,NA,NA,NA,1.07573055326216,0.994925920431849,0.984382874519221,0.889295959642626,0.990784883538528,0.967886166636693,1.00516671603649,NA,0.992023477064362,0.887733041301616,0.992875589859135,1.01329579029515,NA,NA,NA,NA,1.07619696475188,1.00317084222414,1.22130797434349,1.19852335065684
1446,NA,NA,NA,NA,NA,NA,NA,NA,NA,NA,NA,NA,NA,NA,NA,NA,NA,NA,NA,NA,NA,NA,NA,NA,NA,1.00042062378422,NA,NA,NA,NA,1.09056673318529,1.20408647850206,NA,NA,NA,NA,NA,NA,NA,NA,NA,NA,NA,NA,NA,NA,NA,NA,NA,NA,NA,1.11539602821932,1.05698343433099,0.924795715372195,1.06530648813446,0.988690851015178,0.950455665079996,1.06059282294876,NA,1.05931101727396,1.03606707329392,0.999961285748596,1.00723323872294,NA,NA,NA,NA,1.20262330279721,0.980405163020306,1.31714398572223,1.23655350848575
1447,NA,NA,NA,NA,NA,NA,NA,NA,NA,NA,NA,NA,NA,NA,NA,NA,NA,NA,NA,NA,NA,NA,NA,NA,NA,0.977258497040767,NA,NA,NA,NA,1.07814678006261,1.30103105953948,NA,NA,NA,NA,NA,NA,NA,NA,NA,NA,NA,NA,NA,NA,NA,NA,NA,NA,NA,0.995032529209311,1.02804836743476,1.26576199754793,1.17376320972194,0.976068032963074,0.990334652594661,1.09120009266131,NA,1.06661279598808,1.03931003750282,1.00017009559013,0.989767083796856,NA,NA,NA,NA,1.16610273181336,1.04332681402883,1.44721402754318,1.33936064986925
1448,NA,NA,NA,NA,NA,NA,NA,NA,NA,NA,NA,NA,NA,NA,NA,NA,NA,NA,NA,NA,NA,NA,NA,NA,NA,1.06552526710101,NA,NA,NA,NA,1.06025002401827,1.22990310583241,NA,NA,NA,NA,NA,NA,NA,NA,NA,NA,NA,NA,NA,NA,NA,NA,NA,NA,NA,1.0609498111155,1.07629388880908,1.03473267756297,1.04642177601272,0.972387885676202,0.95593302659049,1.03364344869296,NA,1.01915944824545,0.879984133023953,0.995259861384774,0.966742715561712,NA,NA,NA,NA,1.18868107927895,1.04554835250153,1.32652171127433,1.32116114638255
1449,NA,NA,NA,NA,NA,NA,NA,NA,NA,NA,NA,NA,NA,NA,NA,NA,NA,NA,NA,NA,NA,NA,NA,NA,NA,1.02281085951766,NA,NA,NA,NA,1.10670123193852,1.19557827542789,NA,NA,NA,NA,NA,NA,NA,NA,NA,NA,NA,NA,NA,NA,NA,NA,NA,NA,NA,1.1967642772876,1.0689453649765,1.07000835671675,1.13246771025294,0.991236900325209,1.00499455907186,1.03594408569341,NA,1.0886100377642,0.808545435249698,0.98462517000579,0.934982576342874,NA,NA,NA,NA,1.15348850198343,0.914075507812695,1.17272962686083,1.18118217840244
1450,NA,NA,NA,NA,NA,NA,NA,NA,NA,NA,NA,NA,NA,NA,NA,NA,NA,NA,NA,NA,NA,NA,NA,NA,NA,1.16559805595883,NA,NA,NA,NA,1.1416313791111,1.31869148125233,NA,NA,NA,NA,NA,NA,NA,NA,NA,NA,NA,NA,NA,NA,NA,NA,NA,NA,NA,1.34917844320377,1.17271258979835,1.24394235311154,1.36275839139355,0.996633946930944,1.02437151423854,1.11696132040957,NA,1.11511449009592,1.00756658830811,0.996899652963589,1.04256610307837,NA,NA,NA,NA,1.3555631109835,0.984150795490806,1.25459369742008,1.2681108970792
1451,NA,NA,NA,NA,NA,NA,NA,NA,NA,NA,NA,NA,NA,NA,NA,NA,NA,NA,NA,NA,NA,NA,NA,NA,NA,1.15642476628911,NA,NA,NA,NA,1.03022620081466,0.983790487387787,NA,NA,NA,NA,NA,NA,NA,NA,NA,NA,NA,NA,NA,NA,NA,NA,NA,NA,NA,0.891080424563154,1.04694962994031,1.15831537187566,0.966913310925827,0.976904564427611,0.938631359906021,0.978409806300465,NA,1.00769866499837,0.604569658741208,0.991486700190483,1.01139423294177,NA,NA,NA,NA,1.07535485056941,0.956558128618421,0.947791955491989,1.02390246399633
1452,NA,NA,NA,NA,NA,NA,NA,NA,NA,NA,NA,NA,NA,NA,NA,NA,NA,NA,NA,NA,NA,NA,NA,NA,NA,0.922983246348875,NA,NA,NA,NA,1.01316171470937,1.02097041966111,NA,NA,NA,NA,NA,NA,NA,NA,NA,NA,NA,NA,NA,NA,NA,NA,NA,NA,NA,0.995564816135775,1.03795994006908,0.996344121732752,0.82211397556458,0.908566101820125,0.863614969702733,0.953454369782289,NA,0.950905887224901,0.470081311132336,0.975064066120695,0.918766062093813,NA,NA,NA,NA,1.02155250691087,0.838497187160104,0.860007447750051,0.905761187439669
1453,NA,NA,NA,NA,NA,NA,NA,NA,NA,NA,NA,NA,NA,NA,NA,NA,NA,NA,NA,NA,NA,NA,NA,NA,NA,0.939868306353899,NA,NA,NA,NA,0.949605788836678,0.809504065745157,NA,NA,NA,NA,NA,NA,NA,NA,NA,NA,NA,NA,NA,NA,NA,NA,NA,NA,NA,0.799688555087674,0.899764167823756,0.786265359050075,0.659795868359861,NA,NA,0.744716637210704,NA,0.72452511324769,0.468631127512725,0.958625179439836,0.671993662340656,NA,NA,NA,NA,0.654673412292679,0.799277462611489,0.743280112142217,0.751324927007944
1454,NA,NA,NA,NA,NA,NA,NA,NA,NA,NA,NA,NA,NA,NA,NA,NA,NA,NA,NA,NA,NA,NA,NA,NA,NA,0.883855781421968,NA,NA,NA,NA,1.01947284567101,0.976913929670203,NA,NA,NA,NA,NA,NA,NA,NA,NA,NA,NA,NA,NA,NA,NA,NA,NA,NA,NA,0.856546513040005,0.865510445467971,0.81050295118328,0.85772931797337,0.916632730940837,0.911339896721538,0.862087133244001,NA,0.792423276619134,0.0954284745603817,0.981239891892571,0.928176947131132,NA,NA,NA,NA,1.00280967366662,0.925262183929013,0.685674587176732,0.751704505654455
1455,NA,NA,NA,NA,NA,NA,NA,NA,NA,NA,NA,NA,NA,NA,NA,NA,NA,NA,NA,NA,NA,NA,NA,NA,NA,0.985847882861244,NA,NA,NA,NA,1.00763349489894,0.952348422427188,NA,NA,NA,NA,NA,NA,NA,NA,NA,NA,NA,NA,NA,NA,NA,NA,NA,NA,NA,0.907341291842172,0.972554412691374,0.898697081528906,0.72997737465039,0.899723674795817,0.672341914525316,NA,NA,0.890682770967523,0.739541324712623,0.981390739599001,0.94784425190492,NA,NA,NA,NA,1.07123123948009,0.887923930030422,0.576665817707518,0.719719248858193
1456,NA,NA,NA,NA,NA,NA,NA,NA,NA,NA,NA,NA,NA,NA,NA,NA,NA,NA,NA,NA,NA,NA,NA,NA,NA,0.948134821387069,NA,NA,NA,NA,0.981201236775337,1.00946258472943,NA,NA,NA,NA,NA,NA,NA,NA,NA,NA,NA,NA,NA,NA,NA,NA,NA,NA,NA,1.04595982714901,0.993710848908253,0.920541992098491,0.837365334270304,0.975860017165756,0.909372687058791,NA,NA,0.88757764651962,0.696787999597202,0.999922853327504,1.21037711698161,NA,NA,NA,NA,1.00871778059207,0.802636801376958,0.815463507294734,0.863369727593929
1457,NA,NA,NA,NA,NA,NA,NA,NA,NA,NA,NA,NA,NA,NA,NA,NA,NA,NA,NA,NA,NA,NA,NA,NA,NA,0.931761678666601,NA,NA,NA,NA,0.941649718836183,0.815901556241592,NA,NA,NA,NA,NA,NA,NA,NA,NA,NA,NA,NA,NA,NA,NA,NA,NA,NA,NA,0.804878913257394,0.876125861610469,0.584224546280918,0.627172674069922,0.996542805911674,1.01973195019337,NA,NA,0.854432976101887,0.385851011286773,0.984855061091586,0.962467104243709,NA,NA,NA,NA,0.953574577224541,0.856529244355536,0.716588884453192,0.820852908206611
1458,NA,NA,NA,NA,NA,NA,NA,NA,NA,NA,NA,NA,NA,NA,NA,NA,NA,NA,NA,NA,NA,NA,NA,NA,NA,0.987116207127099,NA,NA,NA,NA,0.9129371159911,0.777561450084361,NA,NA,NA,NA,NA,NA,NA,NA,NA,NA,NA,NA,NA,NA,NA,NA,NA,NA,NA,0.75798755926649,0.923687899411953,0.522447392056648,0.56655780794917,1.02548388097583,1.03503291062459,NA,NA,0.721928556187618,0.298361925577225,0.991685872424033,1.02849176385463,NA,NA,NA,NA,1.16664332776417,0.977654951214088,0.813757864582105,0.895637833657816
1459,NA,NA,NA,NA,NA,NA,NA,NA,NA,NA,NA,NA,NA,NA,NA,NA,NA,NA,NA,NA,NA,NA,NA,NA,NA,0.863986248266825,NA,NA,NA,NA,0.890761014559218,0.807191423432927,NA,NA,NA,NA,NA,NA,NA,NA,NA,NA,NA,NA,NA,NA,NA,NA,NA,NA,NA,0.415769054228647,0.766857106098203,0.698820172798075,0.435782040550433,0.996349605210778,0.914175734688673,NA,NA,NA,NA,0.975947656766231,0.972419907813324,NA,NA,NA,NA,0.93412675522942,0.855652442058953,0.650678034020539,0.741143225826263
1460,NA,NA,NA,NA,NA,NA,NA,NA,NA,NA,NA,NA,NA,NA,NA,NA,NA,NA,NA,NA,NA,NA,NA,NA,NA,0.709485597877837,NA,NA,NA,NA,0.865170188913125,0.740438382947742,NA,NA,NA,NA,NA,NA,NA,NA,NA,NA,NA,NA,NA,NA,NA,NA,NA,NA,NA,0.655125259127158,0.94180196148918,0.598739553068746,0.407122533257762,0.995013724875428,0.919552948860282,NA,NA,0.746603997200722,0.482763448735701,0.988949018900523,0.988984663529242,NA,NA,NA,NA,0.986056222474245,0.853544846749293,0.701201059789095,0.748626658086645
1461,NA,NA,NA,NA,NA,NA,NA,NA,NA,NA,NA,NA,NA,NA,NA,NA,NA,NA,NA,NA,NA,NA,NA,NA,NA,0.934859067815255,NA,NA,NA,NA,0.913107221924735,0.982641544125311,NA,NA,NA,NA,NA,NA,NA,NA,NA,NA,NA,NA,NA,NA,NA,NA,NA,NA,NA,0.922578575967259,1.05908007804755,0.793120385161199,0.801091041402621,0.996187933165769,0.967950749894883,NA,NA,0.715344281050381,0.464345999020808,1.00595056352839,1.14044212626072,NA,NA,NA,NA,1.07959126529731,0.896503031159705,0.875583542278536,0.894310623018935
1462,NA,NA,NA,NA,NA,NA,NA,NA,NA,NA,NA,NA,NA,NA,NA,NA,NA,NA,NA,NA,NA,NA,NA,NA,NA,0.927022318507405,NA,NA,NA,NA,0.958847302546176,0.933324503941505,NA,NA,NA,NA,NA,NA,NA,NA,NA,NA,NA,NA,NA,NA,NA,NA,NA,NA,NA,1.03235451085617,1.01169262177055,0.911032960811966,0.879576093627074,1.01723196884195,1.0400227272903,NA,NA,0.949276323739263,0.433525944950017,1.00493036753154,1.08083513266355,NA,NA,NA,NA,1.16818865233595,0.990343748124196,0.81290334291489,0.888108003624214
1463,NA,NA,NA,NA,NA,NA,NA,NA,NA,NA,NA,NA,NA,NA,NA,NA,NA,NA,NA,NA,NA,NA,NA,NA,NA,0.909419862840562,NA,NA,NA,NA,0.950449445129289,0.783612931520838,NA,NA,NA,NA,NA,NA,NA,NA,NA,NA,NA,NA,NA,NA,NA,NA,NA,NA,NA,1.02240355664885,1.14800180728146,0.897142076637858,1.12166226031148,1.0138766669049,1.01521946483134,NA,NA,1.00403260484222,0.793375507034031,0.996348891976914,1.05407101408469,NA,NA,NA,NA,1.03229690761004,0.973772876126721,0.976939465958704,0.957103798576808
1464,NA,NA,NA,NA,NA,NA,NA,NA,NA,NA,NA,NA,NA,NA,NA,NA,NA,NA,NA,NA,NA,NA,NA,NA,NA,0.954892517073405,NA,NA,NA,NA,0.96642117718374,0.838399753401117,NA,NA,NA,NA,NA,NA,NA,NA,NA,NA,NA,NA,NA,NA,NA,NA,NA,NA,NA,0.95713639868887,0.996652354320012,0.970266018451533,0.920240922038462,0.986496520721544,1.02187040299423,NA,NA,0.972219830806358,0.704977647218813,1.00430671691691,1.13879741982171,NA,NA,NA,NA,1.07395286293995,0.902429586510406,0.998182218286259,0.909396122477014
1465,NA,NA,NA,NA,NA,NA,NA,NA,NA,NA,NA,NA,NA,NA,NA,NA,NA,NA,NA,NA,NA,NA,NA,NA,NA,1.04045937993279,NA,NA,NA,NA,1.00129079797345,1.0297006015022,NA,NA,NA,NA,NA,NA,NA,NA,NA,NA,NA,NA,NA,NA,NA,NA,NA,NA,NA,1.01163842567956,1.03831412311078,1.09509501202117,1.25920658231307,1.01126963031155,1.08569138127596,NA,NA,1.05891087561561,1.19878832844698,1.02072176949099,1.25623377429256,NA,NA,NA,NA,1.04109639556723,1.00169658015372,0.995542316416227,0.978285700038155
1466,NA,NA,NA,NA,NA,NA,NA,NA,NA,NA,NA,NA,NA,NA,NA,NA,NA,NA,NA,NA,NA,NA,NA,NA,NA,1.04773601231043,NA,NA,NA,NA,0.957817873979887,1.03635177887192,NA,NA,NA,NA,NA,NA,NA,NA,NA,NA,NA,NA,NA,NA,NA,NA,NA,NA,NA,0.966073095412785,1.06961383454082,1.05306058432139,1.71912196228931,1.01932746249989,1.13339239767841,NA,NA,1.10494350124925,1.5769368507901,1.01398436843077,1.07766039564075,NA,NA,NA,NA,1.1848222302479,1.09735393139973,0.962536498809117,1.08867506797705
1467,NA,NA,NA,NA,NA,NA,NA,NA,NA,NA,NA,NA,NA,NA,NA,NA,NA,NA,NA,NA,NA,NA,NA,NA,NA,1.03672137396011,NA,NA,NA,NA,0.965224240429542,1.04271458097257,NA,NA,NA,NA,NA,NA,NA,NA,NA,NA,NA,NA,NA,NA,NA,NA,NA,NA,NA,0.949943190724582,1.03954840874729,0.983479297494623,1.50558216541083,0.999356329543861,1.04272175305806,NA,NA,1.10779326988647,1.54295126460852,1.00444963062283,0.997484540357679,NA,NA,NA,NA,1.18148738244237,1.11185324687073,0.96777989687955,1.09916508806659
1468,NA,NA,NA,NA,NA,NA,NA,NA,NA,NA,NA,NA,NA,NA,NA,NA,NA,NA,NA,NA,NA,NA,NA,NA,NA,1.07883466943416,NA,NA,NA,NA,0.921161891554113,0.970949785483195,NA,NA,NA,NA,NA,NA,NA,NA,NA,NA,NA,NA,NA,NA,NA,NA,NA,NA,NA,0.992989847100953,0.968412033919259,0.975012776733521,1.44979808256365,1.00620371561684,0.945014197626287,NA,NA,1.10462323646429,1.35887974107393,1.01725225207472,0.999438986362178,NA,NA,NA,NA,1.22979603125642,1.15232333784903,1.09750087064081,1.09454501055841
1469,NA,NA,NA,NA,NA,NA,NA,NA,NA,NA,NA,NA,NA,NA,NA,NA,NA,NA,NA,NA,NA,NA,NA,NA,NA,0.998917440305909,NA,NA,NA,NA,0.93005129008032,1.09085078661906,NA,NA,NA,NA,NA,NA,NA,NA,NA,NA,NA,NA,NA,NA,NA,NA,NA,NA,NA,1.08438353453182,1.08796673801257,0.930553290201239,1.35837491893016,0.99265670444441,0.914506883569474,NA,NA,1.03900934948655,1.24995222584053,1.00512551057168,0.972556960956894,NA,NA,NA,NA,1.10793632652928,1.07635052484275,1.05550742166944,1.03778863952018
1470,1.55890321290873,NA,NA,NA,NA,NA,NA,NA,NA,NA,NA,NA,NA,NA,NA,NA,NA,NA,NA,NA,NA,NA,NA,NA,NA,1.05259778317148,NA,NA,NA,NA,0.938331605407743,1.11413212638941,NA,NA,NA,NA,NA,NA,NA,NA,NA,NA,NA,NA,NA,NA,NA,NA,NA,NA,NA,1.18521154605892,1.10996828411568,1.02009014146377,1.41062978055284,1.00482644361837,0.888749909340904,NA,NA,1.03202531360872,1.32666379955129,0.998712908564609,0.984701143944959,NA,NA,NA,NA,1.27399467364863,1.20487936688172,1.13104331998529,1.06213288156601
1471,1.83393622815087,NA,NA,NA,NA,NA,NA,NA,NA,NA,NA,NA,NA,NA,NA,NA,NA,NA,NA,NA,NA,NA,NA,NA,NA,0.970780169071326,NA,NA,NA,NA,0.937427763939235,0.964925792960158,NA,NA,NA,NA,NA,NA,NA,NA,NA,NA,NA,NA,NA,NA,NA,NA,NA,NA,NA,1.09414001477037,0.982029551746726,0.921085392009174,0.876060337126961,0.976882133466331,0.87333011019691,NA,NA,1.06162565392926,1.07171579858693,0.987950209508905,0.847277742120815,NA,NA,NA,NA,1.06388903250906,1.12668802158743,1.04251064986935,1.0403183675882
1472,1.34519204723609,NA,NA,NA,NA,NA,NA,NA,NA,NA,NA,NA,NA,NA,NA,NA,NA,NA,NA,NA,NA,NA,NA,NA,NA,0.778698815657147,NA,NA,NA,NA,0.885587768842977,0.851851105741415,NA,NA,NA,NA,NA,NA,NA,NA,NA,NA,NA,NA,NA,NA,NA,NA,NA,NA,NA,0.931596628096808,0.840940312528612,0.738208178477275,0.739889878605793,0.965152948518188,0.816915229965378,NA,NA,0.798394698091316,0.531752195434873,0.985335328204978,0.779579080445662,NA,NA,NA,NA,0.987524298053381,1.05252033137,0.887108301995795,0.893534880608752
1473,1.01293145281076,NA,NA,NA,NA,NA,NA,NA,NA,NA,NA,NA,NA,NA,NA,NA,NA,NA,NA,NA,NA,NA,NA,NA,NA,1.01044182811535,NA,NA,NA,NA,0.935313305612022,0.973365578326172,NA,NA,NA,NA,NA,NA,NA,NA,NA,NA,NA,NA,NA,NA,NA,NA,NA,NA,NA,0.964865960773675,0.959335830339252,0.862373287928802,1.15527869491178,0.983323467854261,0.831611436516086,NA,NA,0.880555144507635,0.5740433392437,0.985644105342102,0.824234642590068,NA,NA,NA,NA,1.0161084921838,1.04482852312983,0.970150965302917,0.938192414732477
1474,1.19952993854698,NA,NA,NA,NA,NA,NA,NA,NA,NA,NA,NA,NA,NA,NA,NA,NA,NA,NA,NA,NA,NA,NA,NA,NA,1.10205073694813,NA,NA,NA,NA,0.91555959675941,0.804554998323797,NA,NA,NA,NA,NA,NA,NA,NA,NA,NA,NA,NA,NA,NA,NA,NA,NA,NA,NA,0.859757692749169,0.964987806380479,0.759315568353374,0.805875238019452,0.998985951539231,0.71690876483918,NA,NA,0.650765012923254,0.155503770975266,0.979404146345648,0.710358514729033,NA,NA,NA,NA,1.03892451914602,1.07955397233995,0.886700472435435,0.88066481089027
1475,1.13181666360618,NA,NA,NA,NA,NA,NA,NA,NA,NA,NA,NA,NA,NA,NA,NA,NA,NA,NA,NA,NA,NA,NA,NA,NA,1.10836040124674,NA,NA,NA,NA,0.88217017554193,0.807426692978379,NA,NA,NA,NA,NA,NA,NA,NA,NA,NA,NA,NA,NA,NA,NA,NA,NA,NA,NA,0.904791337673336,0.995452158718305,0.891509282171837,0.991307893237642,1.03029342701479,1.01610054921827,NA,NA,0.879396301546655,0.796782823894962,1.00622627406801,0.951444570612416,NA,NA,NA,NA,1.06665716113335,1.1066385581683,0.903741926014049,0.891559010221503
1476,0.950133321455235,NA,NA,NA,NA,NA,NA,NA,NA,NA,NA,NA,NA,NA,NA,NA,NA,NA,NA,NA,NA,NA,NA,NA,NA,0.92261938855862,NA,NA,NA,NA,0.868656092896014,0.837950249509062,NA,NA,NA,NA,NA,NA,NA,NA,NA,NA,NA,NA,NA,NA,NA,NA,NA,NA,NA,0.997973408401458,0.974064824205797,0.987210393392788,1.01749725208231,1.03059465729626,1.07325729263583,NA,NA,0.928981838929584,0.855043516003173,1.00057857325786,0.929906054145683,NA,NA,NA,NA,0.889064397562888,1.02083443355347,0.90076123952032,0.918614501439701
1477,0.713566152364107,NA,NA,NA,NA,NA,NA,NA,NA,NA,NA,NA,NA,NA,NA,NA,NA,NA,NA,NA,NA,NA,NA,NA,NA,1.10529654836823,NA,NA,NA,NA,0.890802998215521,1.02940671000251,NA,NA,NA,NA,NA,NA,NA,NA,NA,NA,NA,NA,NA,NA,NA,NA,NA,NA,NA,0.887417371617768,0.903346742248139,0.880946978849821,1.07951673963046,1.04530326749178,1.01385967656846,NA,NA,0.924639333672827,0.763523152569933,0.980263330470299,0.871458992153372,NA,NA,NA,NA,0.9932856331513,0.983810968865123,0.603552379637338,0.704704253783286
1478,0.384003671733614,NA,NA,NA,NA,NA,NA,NA,NA,NA,NA,NA,NA,NA,NA,NA,NA,NA,NA,NA,NA,NA,NA,NA,NA,0.893075734868061,NA,NA,NA,NA,0.928362849476537,1.01107808230656,NA,NA,NA,NA,NA,NA,NA,NA,NA,NA,NA,NA,NA,NA,NA,NA,NA,NA,NA,0.958684690655778,0.934138323976796,1.01420380261728,0.955917004960508,1.05193646463843,1.19086418841086,NA,NA,0.975679027562799,0.809898194043924,1.01170367628268,0.927055094786136,NA,NA,NA,NA,0.961118529929274,1.02484945064551,0.721741173597164,0.786472106021923
1479,0.383634746360162,NA,NA,NA,NA,NA,NA,NA,NA,NA,NA,NA,NA,NA,NA,NA,NA,NA,NA,NA,NA,NA,NA,NA,NA,0.904666435669031,NA,NA,NA,NA,0.876406867940605,0.969329757520268,NA,NA,NA,NA,NA,NA,NA,NA,NA,NA,NA,NA,NA,NA,NA,NA,NA,NA,NA,1.12163931111183,0.989934478429399,0.927294480106193,1.10589562534512,1.05463822483016,1.15591199947557,NA,NA,1.03113398412195,1.05401557987387,1.03118619390739,1.33484485641063,NA,NA,NA,NA,1.13632727763171,1.03968698085899,1.1454818959471,0.962130017133897
1480,0.464678403032801,NA,NA,NA,NA,NA,NA,NA,NA,NA,NA,NA,NA,NA,NA,NA,NA,NA,NA,NA,NA,NA,NA,NA,NA,0.944774811927498,NA,NA,NA,NA,0.933496499449973,1.07749706896992,NA,NA,NA,NA,NA,NA,NA,NA,NA,NA,NA,NA,NA,NA,NA,NA,NA,NA,NA,1.38275148916024,1.14361445692333,1.06019033810922,1.0694752899405,1.03630028593143,1.08075518967992,NA,NA,1.12941056415103,1.32757674483315,1.03340213056844,1.26072702602209,NA,NA,NA,NA,1.13670494057043,1.15791860799205,1.12274314504209,1.06978894214421
1481,0.707491271603654,NA,NA,NA,NA,NA,NA,NA,NA,NA,NA,NA,NA,NA,NA,NA,NA,NA,NA,NA,NA,NA,NA,NA,NA,0.987829433172445,NA,NA,NA,NA,0.847932513163476,0.819839760244708,NA,NA,NA,NA,NA,NA,NA,NA,NA,NA,NA,NA,NA,NA,NA,NA,NA,NA,NA,1.24189894745102,1.17452873527192,0.983804666507623,0.924737324441114,1.0250504141678,1.05040855819767,NA,NA,1.07050451561235,1.33832616090892,1.03893033796557,0.931365729181193,NA,NA,NA,NA,0.939048594567047,1.0903618795065,1.11437953495035,1.04268019435472
1482,0.637140686620422,NA,NA,NA,NA,NA,NA,NA,NA,NA,NA,NA,NA,NA,NA,NA,NA,NA,NA,NA,NA,NA,NA,NA,NA,1.09327782022856,NA,NA,NA,NA,0.937886159078725,0.927403453491792,NA,NA,NA,NA,NA,NA,NA,NA,NA,NA,NA,NA,NA,NA,NA,NA,NA,NA,NA,1.18219329729957,1.11114746105611,1.27162188444426,1.24521667175028,1.03339162013811,1.13034969963037,NA,NA,1.17681155165045,2.25301806535715,1.02285674074519,0.930410474596617,NA,NA,NA,NA,1.1993403417164,1.12411373803489,1.15705967510908,1.17118948412784
1483,1.03532848720768,0.996577618449652,NA,NA,NA,NA,NA,NA,NA,NA,NA,NA,NA,NA,NA,NA,NA,NA,NA,NA,NA,NA,NA,NA,NA,1.03271203480513,NA,NA,NA,NA,0.951054767062478,0.952797647822319,NA,NA,NA,1.06449949905287,NA,NA,NA,NA,NA,NA,NA,NA,NA,NA,NA,NA,NA,NA,NA,0.900605206989031,1.00486523345743,1.16190527522093,0.925871894035812,1.02623686295311,1.12801023650774,NA,NA,0.987705265056609,1.34411944342885,1.00472754543041,0.912259156012854,NA,NA,NA,NA,0.975721796449518,0.99298273039291,1.09859119948145,1.17343890634388
1484,0.918010890798873,0.939525182103667,NA,NA,NA,NA,NA,NA,NA,NA,NA,NA,NA,NA,NA,NA,NA,NA,NA,NA,NA,NA,NA,NA,NA,0.973152731968123,NA,NA,NA,NA,0.975892947844444,1.02176591929268,NA,NA,NA,1.03493211227854,NA,NA,NA,NA,NA,NA,NA,NA,NA,NA,NA,NA,NA,NA,NA,0.892825955313108,0.921451369256617,1.33550994182559,1.01270888784462,1.02270025520716,1.06261663654395,NA,NA,0.987538920461949,1.51440502525835,1.00415674295084,0.834257202234009,NA,NA,NA,NA,1.04473631991839,1.07291176173711,1.16599115964357,1.28013678327391
1485,0.479702609652266,1.08482780246164,NA,NA,NA,NA,NA,NA,NA,NA,NA,NA,NA,NA,NA,NA,NA,NA,NA,NA,NA,NA,NA,NA,NA,1.11093997708757,NA,NA,NA,NA,1.00260318487492,1.10471358522292,NA,NA,NA,1.03979529766396,NA,NA,NA,NA,NA,NA,NA,NA,NA,NA,NA,NA,NA,NA,NA,1.3699632632493,1.0188663498443,1.50357102508091,1.26880827525267,1.02462453111245,1.03240441770576,NA,NA,1.11587162069831,1.76733307538525,1.00789605008097,1.01142141355734,NA,NA,NA,NA,1.24420647494325,1.12783681178296,1.16192761499593,1.23258801166575
1486,0.81205992842229,0.817774345068451,NA,NA,NA,NA,NA,NA,NA,NA,NA,NA,NA,NA,NA,NA,NA,NA,NA,NA,NA,NA,NA,NA,NA,0.938142538575213,NA,NA,NA,NA,0.937409486774731,0.955518021931327,NA,NA,NA,1.03552178610145,NA,NA,NA,NA,NA,NA,NA,NA,NA,NA,NA,NA,NA,NA,NA,1.21121773777331,0.898034615428144,1.18493021315499,1.19047895417678,0.998680751517904,0.965057220565076,NA,NA,1.03319148873031,1.29298131462763,1.0153285401507,0.874682957781212,NA,NA,NA,NA,1.1057509601719,1.03408642436083,0.979283372791943,1.0735028467974
1487,0.596905491546495,0.927272823789499,NA,NA,NA,NA,NA,NA,NA,NA,NA,NA,NA,NA,NA,NA,NA,NA,NA,NA,NA,NA,NA,NA,NA,0.885875690708693,NA,NA,NA,NA,0.902401150098124,0.931867627888476,NA,NA,NA,1.04344529992863,NA,NA,NA,NA,NA,NA,NA,NA,NA,NA,NA,NA,NA,NA,NA,1.27388879295776,0.840848287347847,1.13442147787212,1.19266517271758,0.989805479154305,0.939063216418422,NA,NA,0.854142468690916,0.925241965907613,1.00287202125307,0.781056792405668,NA,NA,NA,NA,1.15241909620313,0.987611653250919,1.07978448303575,1.11618264093836
1488,0.703898478184728,0.96635891149118,NA,NA,NA,NA,NA,NA,NA,NA,NA,NA,NA,NA,NA,NA,NA,NA,NA,NA,NA,NA,NA,NA,NA,0.928730950350151,NA,NA,NA,NA,0.973131559122082,1.10664281130594,NA,NA,NA,1.07265310012561,NA,NA,NA,NA,NA,NA,NA,NA,NA,NA,NA,NA,NA,NA,NA,1.26444183311851,0.925609662039261,1.32593926432303,1.43554421915232,1.01939345811885,1.00319800426688,NA,NA,1.00090717962635,1.323463334058,1.02050818921098,1.01080064776097,NA,NA,NA,NA,1.16157341200146,0.918536950360438,1.08113658767714,1.14013341901133
1489,0.873594620012023,1.12725022054941,NA,NA,NA,NA,NA,NA,NA,NA,NA,NA,NA,NA,NA,NA,NA,NA,NA,NA,NA,NA,NA,NA,NA,1.0782455119521,NA,NA,NA,NA,1.0181936114899,1.10693675785284,NA,NA,NA,1.09778721658938,NA,NA,NA,NA,NA,NA,NA,NA,NA,NA,NA,NA,NA,NA,NA,1.47403390010599,1.02693462129329,1.26134019388081,1.68838034639002,1.03451026099939,1.09573536214089,NA,NA,1.07927765646623,1.95111725177199,1.02984014621004,1.32641946570368,NA,NA,NA,NA,1.2326292134281,1.09417158069234,1.23674633601971,1.23894712680241
1490,1.06438173021563,1.19347624123103,NA,NA,NA,NA,NA,NA,NA,NA,NA,NA,NA,NA,NA,NA,NA,NA,NA,NA,NA,NA,NA,NA,NA,0.96554981891395,NA,NA,NA,NA,0.985614240360545,1.02492357219116,NA,NA,NA,1.1121127635428,NA,NA,NA,NA,NA,NA,NA,NA,NA,NA,NA,NA,NA,NA,NA,1.32965119564062,1.08087186683788,1.20017908104873,1.47951820319663,1.00146793318726,1.00756653604874,NA,NA,1.09102535173974,1.32200411921487,1.02742568651596,1.01255306746285,NA,NA,NA,NA,1.21607252644794,1.131242335957,1.29922146672023,1.18143020494539
1491,0.957151357189761,1.15480515279614,NA,NA,NA,NA,NA,NA,NA,NA,NA,NA,NA,NA,NA,NA,NA,NA,NA,NA,NA,NA,NA,NA,NA,1.02712521533919,NA,NA,NA,NA,0.96014311895181,0.881418933865452,NA,NA,NA,1.10667429302973,NA,NA,NA,NA,NA,NA,NA,NA,NA,NA,NA,NA,NA,NA,NA,1.13124594625087,1.03613504929896,1.02268304484601,0.89801481520506,1.00188753276197,1.05931627614748,NA,NA,1.05432406499746,1.26424804360933,1.02523036498668,1.13814990821945,NA,NA,NA,NA,1.20084392407037,1.06926216000498,1.28033397759821,1.08603074150046
1492,0.754772062756726,1.06810419258016,NA,NA,NA,NA,NA,NA,NA,NA,NA,NA,NA,NA,NA,NA,NA,NA,NA,NA,NA,NA,NA,NA,NA,1.03381512062207,NA,NA,NA,NA,0.975389663807445,0.907422077061845,NA,NA,NA,1.09858473927814,NA,NA,NA,NA,NA,NA,NA,NA,NA,NA,NA,NA,NA,NA,NA,1.05797659383811,1.00436695131577,0.854728229360511,0.961117107153596,0.992928710765918,1.08456708591747,NA,NA,1.09900151376066,0.86181117513817,1.01856616815827,0.941706584363191,NA,NA,NA,NA,1.12030338592739,1.06478925074302,1.13503382978371,0.96250734305905
1493,0.856002855914439,0.96518445535849,NA,NA,NA,NA,NA,NA,NA,NA,NA,NA,NA,NA,NA,NA,NA,NA,NA,NA,NA,NA,NA,NA,NA,1.06571209109901,NA,NA,NA,NA,1.07452004179321,0.979963609045354,NA,NA,NA,1.10676937428143,NA,NA,NA,NA,NA,NA,NA,NA,NA,NA,NA,NA,NA,NA,NA,0.982382607566707,1.08314757883945,1.04949088897754,0.811871996471897,1.00230955450545,1.04031114001043,NA,NA,1.07783466614912,0.592284525385123,1.01985140223961,1.09258589897176,NA,NA,NA,NA,1.14555905058894,1.03086230390015,1.12081768908702,0.974006146770566
1494,1.14384612883807,1.10085400556661,NA,NA,NA,NA,NA,NA,NA,NA,NA,NA,NA,NA,NA,NA,NA,NA,NA,NA,NA,NA,NA,NA,NA,1.08319264739503,NA,NA,NA,NA,1.11903412630928,1.045684646324,NA,NA,NA,1.08386401921194,NA,NA,NA,NA,NA,NA,NA,NA,NA,NA,NA,NA,NA,NA,NA,0.986052037888354,1.13248749537662,1.02702094892777,1.09364602484399,1.0101833687998,1.10338667431677,NA,NA,1.1448750922448,1.17964062539527,1.02569448320493,1.08147880341986,NA,NA,NA,NA,1.21904972203963,1.04556490612265,1.11950422056555,0.970780643843462
1495,0.781121187420479,0.961176682936205,NA,NA,NA,NA,NA,NA,NA,NA,NA,NA,NA,NA,NA,NA,NA,NA,NA,NA,NA,NA,NA,NA,NA,1.01913547210198,NA,NA,NA,NA,1.1458283261797,1.04531858407149,NA,NA,NA,1.04846702321141,NA,NA,NA,NA,NA,NA,NA,NA,NA,NA,NA,NA,NA,NA,NA,0.955599559770413,1.15297294363082,1.06949670518805,1.03340037510028,1.01907969361792,1.14306984845351,NA,NA,1.18383214269245,1.20787381149019,1.01795194737574,0.885401965234693,NA,NA,NA,NA,1.06093988845819,0.96568442378887,1.07545822728832,0.987019148351614
1496,1.17436643349043,1.21935013563253,NA,NA,NA,NA,NA,NA,NA,NA,NA,NA,NA,NA,NA,NA,NA,NA,NA,NA,NA,NA,NA,NA,NA,1.17215604835649,NA,NA,NA,NA,1.25462838423454,1.18008382162638,NA,NA,NA,1.1008548161131,NA,NA,NA,NA,NA,NA,NA,NA,NA,NA,NA,NA,NA,NA,NA,1.42939444821707,1.32140728043889,1.3191782845876,1.43262131532433,1.01510680707886,1.18360339393811,NA,NA,1.21038959507399,1.37287244141966,1.02118319531673,1.07455864044123,NA,NA,NA,NA,1.11840434911968,1.03776442563025,1.0874465034406,1.08310667843288
1497,0.915688820929609,1.09313287076112,NA,NA,NA,NA,NA,NA,NA,NA,NA,NA,NA,NA,NA,NA,NA,NA,NA,NA,NA,NA,NA,NA,NA,1.03899653122957,NA,NA,NA,NA,1.13349869484342,1.08539758195954,NA,NA,NA,1.06439054015283,NA,NA,NA,NA,NA,NA,NA,NA,NA,NA,NA,NA,NA,NA,NA,1.2923793105167,1.30862233697935,1.09641287958348,1.26826579053697,1.00535251864319,1.07066151174623,NA,NA,1.16141322555642,1.29817460642865,1.03629454176122,1.13915841903151,NA,NA,NA,NA,1.1530111220689,1.01935996013806,1.09692216178982,1.05673445827072
1498,0.880841847529254,1.01358301902905,NA,NA,NA,NA,NA,NA,NA,NA,NA,NA,NA,NA,NA,NA,NA,NA,NA,NA,NA,NA,NA,NA,NA,0.963503516774729,NA,NA,NA,NA,1.10329755031528,0.930521315546744,NA,NA,NA,1.04821777157692,NA,NA,NA,NA,NA,NA,NA,NA,NA,NA,NA,NA,NA,NA,NA,1.10041941631625,1.14109440148457,0.766399611828082,1.14189607636305,0.988712539320116,1.08333216075236,NA,NA,1.08946634958911,0.957568254129467,1.02698572489673,1.01551546547336,NA,NA,NA,NA,1.01671272943005,0.994192765283852,1.01385339978691,1.01009854116818
1499,0.922196636388917,1.0269363712533,NA,NA,NA,NA,NA,NA,NA,NA,NA,NA,NA,NA,NA,NA,NA,NA,NA,NA,NA,NA,NA,NA,NA,0.895071239715796,NA,NA,NA,NA,1.13751960115269,1.02211053238813,NA,NA,NA,1.03153569917286,NA,NA,NA,NA,NA,NA,NA,NA,NA,NA,NA,NA,NA,NA,NA,1.28281763399331,1.16302281925238,0.884476914124579,1.08016943806973,0.984945682815821,1.02912573227901,NA,NA,1.05371304125837,0.913637784157262,1.02293579744335,1.048369173779,NA,NA,NA,NA,0.98313385623678,1.01877930336571,0.993366278468329,0.977648757156196
1500,0.852420507720217,1.03395707381953,NA,NA,NA,NA,NA,NA,NA,NA,NA,NA,NA,NA,NA,NA,NA,NA,NA,NA,NA,NA,NA,NA,NA,0.883374020347905,NA,NA,NA,NA,1.11622674678966,1.02159957855733,NA,NA,NA,1.02636970681175,NA,NA,NA,NA,NA,NA,NA,NA,NA,NA,NA,NA,NA,NA,NA,1.24830408673526,1.15654060626723,0.800294710914421,0.833569685710895,0.978091347095505,0.961633455735461,NA,NA,0.977060676570564,1.13343054258574,1.02330086605847,1.01914238928284,NA,NA,NA,NA,0.87358602026752,0.984070794173187,1.0310362461515,0.973983153358746
1501,1.06420722619838,1.10293662011388,NA,NA,NA,NA,NA,NA,NA,NA,NA,NA,NA,NA,NA,NA,NA,NA,NA,NA,NA,NA,NA,NA,NA,0.986979293031816,NA,NA,NA,NA,1.09325780973463,1.12214933056874,NA,NA,NA,1.01262744315051,NA,NA,NA,NA,NA,NA,NA,NA,NA,NA,NA,NA,NA,NA,NA,1.22496696488697,1.19156801435503,1.04709545700204,1.17387032613355,1.01627256762487,1.03988353558675,NA,NA,1.12917389803153,1.4150739309518,1.04898052983186,1.16383830430428,NA,NA,NA,NA,1.02436031499545,0.941427034550975,1.00119696610415,1.01213480446753
1502,1.14359741902543,1.08386884182116,NA,NA,NA,NA,NA,NA,NA,NA,NA,NA,NA,NA,NA,NA,NA,NA,NA,NA,NA,NA,NA,NA,NA,0.994334375068393,NA,NA,NA,NA,1.06516566857207,1.02059815646624,NA,NA,NA,1.012690710266,NA,NA,NA,NA,NA,NA,NA,NA,NA,NA,NA,NA,NA,NA,NA,1.19549882410482,1.10182557700336,1.02596731549117,1.24705646238849,1.01167666997863,1.11106665892777,NA,NA,1.15200153373234,1.17051989865191,1.03031084517672,0.987985070686061,NA,NA,NA,NA,1.02497970956254,1.12940503769705,1.02647303535392,1.04314168652466
1503,1.14303286100348,1.08470514021381,NA,NA,NA,NA,NA,NA,NA,NA,NA,NA,NA,NA,NA,NA,NA,NA,NA,NA,NA,NA,NA,NA,NA,1.06786524909808,NA,NA,NA,NA,1.05986054887263,0.952364418515268,NA,NA,NA,1.01464257277712,NA,NA,NA,NA,NA,NA,NA,NA,NA,NA,NA,NA,NA,NA,NA,1.05200946584025,1.02852125451712,1.34301472237561,1.38419661365892,1.00613435980058,1.06158343123456,NA,NA,1.21004931878596,1.3441961726555,1.02607157558507,0.986982745647228,NA,NA,NA,NA,1.07840847170246,1.12957067276331,1.01499805552231,1.0352458272644
1504,1.24520243153904,1.11373477496409,NA,NA,NA,NA,NA,NA,NA,NA,NA,NA,NA,NA,NA,NA,NA,NA,NA,NA,NA,NA,NA,NA,NA,1.1012727901909,NA,NA,NA,NA,1.05457449089314,1.06162497076753,NA,NA,NA,1.01012243812802,NA,NA,NA,NA,NA,NA,NA,NA,NA,NA,NA,NA,NA,NA,NA,1.08265182175141,1.125085771804,1.29323740723994,1.05794882486743,1.01864136976779,1.0849805966469,NA,NA,1.10633372484383,1.45877440962767,1.02158670596407,0.984168916270634,NA,NA,NA,NA,1.06770493905677,1.09303970348954,1.09977463779638,1.06355539879936
1505,1.57520760054437,1.14055109115962,NA,NA,NA,NA,NA,NA,NA,NA,NA,NA,NA,NA,NA,NA,NA,NA,NA,NA,NA,NA,NA,NA,NA,1.19321646150992,NA,NA,NA,NA,1.06161270792745,1.12015579445266,NA,NA,NA,0.993905040581221,NA,NA,NA,NA,NA,NA,NA,NA,NA,NA,NA,NA,NA,NA,NA,1.12171390059149,1.13917527128966,1.50291883432242,1.16841415293391,1.04738849865842,1.13296385947514,NA,NA,1.1866593993158,1.4553052153807,1.02542910935089,0.972480132769769,NA,NA,NA,NA,1.21183085753997,1.19762595028348,1.25874896018263,1.15019631724775
1506,1.53225183709638,1.10196633874576,NA,NA,NA,NA,NA,NA,NA,NA,NA,NA,NA,NA,NA,NA,NA,NA,NA,NA,NA,NA,NA,NA,NA,1.14062894698708,NA,NA,NA,NA,1.02374647268099,1.13849068384009,NA,NA,NA,1.02502071367088,NA,NA,NA,NA,NA,NA,NA,NA,NA,NA,NA,NA,NA,NA,NA,1.07451403219116,1.05043383007198,1.24276992926957,0.783934741080504,1.04345517143504,1.08007211937589,NA,NA,1.20195639060784,1.24243961755841,1.02721533005228,1.14748231756671,NA,NA,NA,NA,1.22889271088764,1.11530504745142,1.11259149371424,1.09064072522935
1507,1.37669264244798,1.03538914719194,NA,NA,NA,NA,NA,NA,NA,NA,NA,NA,NA,NA,NA,NA,NA,NA,NA,NA,NA,NA,NA,NA,NA,1.08939970318993,NA,NA,NA,NA,0.999161694078486,1.10026611165648,NA,NA,0.978557709274025,1.00808926749902,NA,NA,NA,NA,NA,NA,NA,NA,NA,NA,NA,NA,NA,NA,NA,1.00050571961224,0.996774335707399,0.983356891163421,0.650817173631396,1.0100121444722,1.0212448371769,NA,NA,1.03632694148161,0.912039272991254,1.03484221083,0.975466076776384,NA,NA,NA,NA,1.0839356316843,1.06807709623603,1.05863623091377,1.0588968140305
1508,1.48866544002744,1.13860514131867,NA,NA,NA,NA,NA,NA,NA,NA,NA,NA,NA,NA,NA,NA,NA,NA,NA,NA,NA,NA,NA,NA,NA,1.17574310234796,NA,NA,NA,NA,1.05554318330375,1.20886850005905,NA,NA,1.04566207386191,1.07564010486124,NA,NA,NA,NA,NA,NA,NA,NA,NA,NA,NA,NA,NA,NA,NA,1.14822427862041,1.04933175811152,1.28855838339831,0.929722008993167,1.0350918425227,1.0645079732047,NA,NA,1.05645416788126,1.06009318319647,1.03154777295799,1.04827476448911,NA,NA,NA,NA,1.15683230697441,1.15835946087593,1.09444047650547,1.05552965237725
1509,1.18014664240881,1.04502006118485,NA,NA,NA,NA,NA,NA,NA,NA,NA,NA,NA,NA,NA,NA,NA,NA,NA,NA,NA,NA,NA,NA,NA,1.12542034641133,NA,NA,NA,NA,1.04142691506738,1.08018968445475,NA,NA,0.987846067760887,1.02764748162321,NA,NA,NA,NA,NA,NA,NA,NA,NA,NA,NA,NA,NA,NA,NA,1.170153331661,0.944289386764095,1.01940424545317,0.969735052546008,1.01491373488979,1.03623633635756,NA,NA,1.09042541621316,1.11649611111628,1.03462446615064,0.958902468620754,NA,NA,NA,NA,0.983561838334242,0.817684681653093,0.903753949765668,1.02034379345244
1510,0.929483683020164,0.827705226061839,NA,NA,NA,NA,NA,NA,NA,NA,NA,NA,NA,NA,NA,NA,NA,NA,NA,NA,NA,NA,NA,NA,NA,0.951125284435223,NA,NA,NA,NA,1.02323058853791,0.973713153811761,NA,NA,1.04740002299998,0.986797745527351,NA,NA,NA,NA,NA,NA,NA,NA,NA,NA,NA,NA,NA,NA,NA,0.884145607764039,0.939293869115502,0.868986240805418,0.482488587665732,1.0316285963331,1.02683002858416,NA,NA,0.996667013747747,0.711863905427031,1.00791628781578,0.761670484410801,NA,NA,NA,NA,0.848790802756492,0.735788530061462,0.970519245593674,1.00393693496727
1511,1.1876634712801,0.962969502480495,NA,NA,NA,NA,NA,NA,NA,NA,NA,NA,NA,NA,NA,NA,NA,NA,NA,NA,NA,NA,NA,NA,NA,1.04746861316591,NA,NA,NA,NA,1.01099231369798,1.03927274160337,NA,NA,1.01020554843249,0.978159833972859,NA,NA,NA,NA,NA,NA,NA,NA,NA,NA,NA,NA,NA,NA,NA,1.22355892090364,1.13959677765159,1.13656346862281,1.17623363063316,1.02265056868349,1.05099988079455,NA,NA,1.02817376188022,1.08955762635825,1.05647768091422,1.00995993079674,NA,NA,NA,NA,0.982406399103013,0.918348721644442,1.03558823091588,1.07310251348756
1512,1.12625260002074,0.915970782086233,NA,NA,NA,NA,NA,NA,NA,NA,NA,NA,NA,NA,NA,NA,NA,NA,NA,NA,NA,NA,NA,NA,NA,1.19975379439816,NA,NA,NA,NA,1.05411971555818,1.11884884706824,NA,NA,1.05297529420693,1.01037638177839,NA,NA,NA,NA,NA,NA,NA,NA,NA,NA,NA,NA,NA,NA,NA,1.24299101423848,1.14700700935061,1.38698191129664,1.84467912972501,1.02226973134449,1.07176941479456,NA,NA,1.12586107478578,1.94562467408682,1.05232554372111,1.2590646016519,NA,NA,NA,NA,1.09071069481949,0.965544304166072,1.13057291468596,1.03608174368329
1513,1.06510160722643,0.958496791004174,NA,NA,NA,NA,NA,NA,NA,NA,NA,NA,NA,NA,NA,NA,NA,NA,NA,NA,NA,NA,NA,NA,NA,1.07175844412703,NA,NA,NA,NA,1.06358531792525,0.996359418209785,NA,NA,0.999793938008783,1.00074980394258,NA,NA,NA,NA,NA,NA,NA,NA,NA,NA,NA,NA,NA,NA,NA,1.05872129450192,1.04381823945823,1.12541107107061,1.20670159649755,1.00408467501539,1.05805358851372,NA,NA,1.05346620528955,1.04445930108492,1.04796588404646,1.05455188616037,NA,NA,NA,NA,1.10947897648623,1.01916106563159,1.04271453141971,0.989573847266248
1514,0.845080598457944,0.891050975494213,NA,NA,NA,NA,NA,NA,NA,NA,NA,NA,NA,NA,NA,NA,NA,NA,NA,NA,NA,NA,NA,NA,NA,0.968311807052166,NA,NA,NA,NA,0.995173898421299,0.875813664244918,NA,NA,0.958205211614894,0.968913376535171,NA,NA,NA,NA,NA,NA,NA,NA,NA,NA,NA,NA,NA,NA,NA,0.916609821836912,0.960320534033957,0.78434011338991,0.689500635819229,1.00292218184304,1.03363743667061,NA,NA,1.02569991963645,0.653932377678305,1.0395293877051,0.852939747696594,NA,NA,NA,NA,0.911236248858806,0.906876179821743,0.947673704434026,0.912404108358626
1515,1.2218669529046,1.03049599272521,NA,NA,NA,NA,NA,NA,NA,NA,NA,NA,NA,NA,NA,NA,NA,NA,NA,NA,NA,NA,NA,NA,NA,1.17983942226415,NA,NA,NA,NA,1.09048753964645,1.10035680662645,NA,NA,1.02019202229548,1.02976671476705,NA,NA,NA,NA,NA,NA,NA,NA,NA,NA,NA,NA,NA,NA,NA,0.807401103701387,0.85163633422176,1.046822968039,0.845372887470093,1.01463991012146,1.070647392359,NA,NA,1.02565940073174,0.876417178086475,1.03621535853596,0.964277022060367,NA,NA,NA,NA,0.923139743505207,1.02153898110988,0.910446933552488,0.929017452316051
1516,0.8364490042769,0.872882080140569,NA,NA,NA,NA,NA,NA,NA,NA,NA,NA,NA,NA,NA,NA,NA,NA,NA,NA,NA,NA,NA,NA,NA,1.06637529205561,NA,NA,NA,NA,1.12716873771908,1.01907209479955,NA,NA,0.972959068115855,0.99837946369642,NA,NA,NA,NA,NA,NA,NA,NA,NA,NA,NA,NA,NA,NA,NA,0.630706107191105,0.850216873807002,1.08226550257047,0.890233808885828,1.01191089500532,0.973809267685476,NA,NA,0.99703243013624,0.902692433350962,1.04865851980671,0.938434953477377,NA,NA,NA,NA,0.847731747469517,0.815481450885599,0.864558252506776,0.941806763788095
1517,1.08306164770139,0.99572410950743,NA,NA,NA,NA,NA,NA,NA,NA,NA,NA,NA,NA,NA,NA,NA,NA,NA,NA,NA,NA,NA,NA,NA,1.14980671790188,NA,NA,NA,NA,1.11777668457923,1.12043660809587,NA,NA,1.03480163549986,1.00684286250363,NA,NA,NA,NA,NA,NA,NA,NA,NA,NA,NA,NA,NA,NA,NA,0.678227280325324,0.835434378114611,1.13460671753818,0.955092979335598,1.01232164174085,1.04052042867306,NA,NA,1.04451974240613,0.992971525852699,1.04451445789842,1.03716951860998,NA,NA,NA,NA,0.88505072524648,1.05472044159923,1.03227187432263,0.978117295944294
1518,1.07883412745416,1.08001356871993,NA,NA,NA,NA,NA,NA,NA,NA,NA,NA,NA,NA,NA,NA,NA,NA,NA,NA,NA,NA,NA,NA,NA,1.08436972683448,NA,NA,NA,NA,1.07422718174118,1.02008519328226,NA,NA,1.02443955121143,1.01463904538292,NA,NA,NA,NA,NA,NA,NA,NA,NA,NA,NA,NA,NA,NA,NA,0.903827407664021,1.09874294893953,1.03126129281368,0.93283872344555,1.00038356615106,1.0356067812359,NA,NA,1.0291558663447,0.932930990351085,1.04356444221177,0.880779736542154,NA,NA,NA,NA,0.81338272925262,1.04637720118726,1.04450951720855,1.02052601014993
1519,1.21402440733144,1.2055610041736,NA,NA,NA,NA,NA,NA,NA,NA,NA,NA,NA,NA,NA,NA,NA,NA,NA,NA,NA,NA,NA,NA,NA,1.15966462252566,NA,NA,NA,NA,1.08945518652422,0.976242212570431,NA,NA,1.00161167807094,1.0201505696127,NA,NA,NA,NA,NA,NA,NA,NA,NA,NA,NA,NA,NA,NA,NA,0.843426949408829,1.03121319451676,1.07598359165657,1.12105376287016,1.01985677466934,1.01873451775704,NA,NA,0.935265295034079,1.0285657428768,1.04958520170718,1.18627947506125,NA,NA,NA,NA,0.882563278346389,1.0015805287871,1.12842739618491,0.978297217129369
1520,0.924205262641581,0.957530974126476,NA,NA,NA,NA,NA,NA,NA,NA,NA,NA,NA,NA,NA,NA,NA,NA,NA,NA,NA,NA,NA,NA,NA,1.10170030020834,NA,NA,NA,NA,1.02499855277802,0.999539465047343,NA,NA,0.999304156960066,1.02533679476711,NA,NA,NA,NA,NA,NA,NA,NA,NA,NA,NA,NA,NA,NA,NA,0.786687594691808,0.910054088417776,0.823664136537861,0.229206788688456,0.985374466788353,0.990306974945765,NA,NA,0.943769820199203,0.931364564062305,1.04122989818166,1.05474537298674,NA,NA,NA,NA,0.678811138302365,0.963581228009915,1.07310058410526,0.967458070676235
1521,1.02984756033757,0.983844696814985,NA,NA,NA,NA,NA,NA,NA,NA,NA,NA,NA,NA,NA,NA,NA,NA,NA,NA,NA,NA,NA,NA,0.645367919509065,1.04357647258563,NA,NA,NA,NA,1.06561714204271,1.16062778530626,NA,NA,0.96609559795982,1.03638378265593,NA,NA,NA,NA,NA,NA,NA,NA,NA,NA,NA,NA,NA,NA,NA,0.640787758026352,0.908890921706579,0.933612575282481,0.695102745125332,0.998132150551297,1.01528662877688,NA,NA,0.856170751752184,1.02325582905323,1.03703309384631,0.981048469329613,NA,NA,NA,NA,0.764887916408447,1.03614099006894,0.970628635182473,0.9480455640897
1522,1.01433255110799,0.960452827563749,NA,NA,NA,NA,NA,NA,NA,NA,NA,NA,NA,NA,NA,NA,NA,NA,NA,NA,NA,NA,NA,NA,1.06433825734623,1.19929832104179,NA,NA,NA,NA,1.08820428983581,1.35713699872595,NA,NA,0.982118064076817,1.02396423975837,NA,NA,NA,NA,NA,NA,NA,NA,NA,NA,NA,NA,NA,NA,NA,0.809335443562043,0.976479288121119,1.1150856101337,1.02043808131542,1.02066719736741,1.05360013380615,NA,NA,0.989436944891232,1.04146402258891,NA,1.11184136098281,NA,NA,NA,NA,0.890012155066471,1.01870051373259,0.997665700591665,1.02153564844341
1523,1.23829954502575,1.08878373009538,NA,NA,NA,NA,NA,NA,NA,NA,NA,NA,NA,NA,NA,NA,NA,NA,NA,NA,NA,NA,NA,NA,1.85687262521465,1.1999686681595,NA,NA,NA,NA,1.08939245583453,1.42957765394235,NA,NA,1.05331628504027,1.03784425091365,NA,NA,NA,NA,NA,NA,NA,NA,NA,NA,NA,NA,NA,NA,NA,0.853506656875884,1.06216122858207,1.12470814095845,1.14229636897213,1.0272571390102,1.06710122486236,NA,NA,1.11197977486338,1.32775012229903,NA,1.25345112462785,NA,NA,NA,NA,0.990737706426869,1.08937681794581,1.13837813258922,1.10919600817506
1524,0.902605194157424,0.909954778764446,NA,NA,NA,NA,NA,NA,NA,NA,NA,NA,NA,NA,NA,NA,NA,NA,NA,NA,NA,NA,NA,NA,0.528221692910911,1.01821595984677,NA,NA,NA,NA,1.01787368559467,1.06748097567875,NA,NA,0.950754682767779,0.990706992144249,NA,NA,NA,NA,NA,NA,NA,NA,NA,NA,NA,NA,NA,NA,NA,0.66110434478691,0.908022182289906,0.814632762353524,0.360426335019467,1.00838358617751,1.01641985550221,NA,NA,0.915802243032521,0.84331928610169,NA,0.97245144227452,NA,NA,NA,NA,0.782820421450209,0.95583240125424,0.989914652302476,1.04763846077866
1525,0.99631195654937,1.056318384851,NA,NA,NA,NA,NA,NA,NA,NA,NA,NA,NA,NA,NA,NA,NA,NA,NA,NA,NA,NA,NA,NA,0.91761962742189,1.09935404756198,NA,NA,NA,NA,1.12938215101802,1.33152503477914,NA,NA,0.953755683924556,1.0044234265699,NA,NA,NA,NA,NA,NA,NA,NA,NA,NA,NA,NA,NA,NA,NA,0.815885696148689,1.01991960860463,0.692695822793561,0.28107626045393,1.01982184771949,1.07104495057731,NA,NA,1.00082987453125,1.06892250157591,NA,0.978788624332485,NA,NA,NA,NA,0.807555216667509,1.04109638393598,1.006560804356,1.02360706068079
1526,1.33894318037294,1.14297545179105,NA,NA,NA,NA,NA,NA,NA,NA,NA,NA,NA,NA,NA,NA,NA,NA,NA,NA,NA,NA,NA,NA,1.02360865448651,1.13121005570626,NA,NA,NA,NA,1.09318624421256,1.37785909105524,NA,NA,0.99566160445323,1.00486723077939,NA,NA,NA,NA,NA,NA,NA,NA,NA,NA,NA,NA,NA,NA,NA,1.18304775925494,1.07462633988067,1.15134520004817,0.896164665892091,1.02518326267139,1.07338934298965,NA,NA,1.14593442062051,1.48860437592539,NA,1.11691570745225,NA,NA,NA,NA,0.93008813286704,1.07399504996529,1.10587549263321,1.11267925723589
1527,0.886056789121092,0.94354129206823,NA,NA,NA,NA,NA,NA,NA,NA,NA,NA,NA,NA,NA,NA,NA,NA,NA,NA,NA,NA,NA,NA,0.492106721525442,0.947733079152746,NA,NA,NA,NA,0.95308968987932,1.02910518832694,NA,NA,0.981670550107205,0.950896764398779,NA,NA,NA,NA,NA,NA,NA,NA,NA,NA,NA,NA,NA,NA,NA,0.864931539204849,0.886784798319525,0.952710113483902,0.71974807828031,0.992511313431042,0.975346583707386,NA,NA,1.0262837432315,0.65120361034935,NA,1.00960615612844,NA,NA,NA,NA,0.736263792476893,1.06353690047127,0.882760150847449,0.900895171665497
1528,1.27948746453711,1.08709700640111,NA,NA,NA,NA,NA,NA,NA,NA,NA,NA,NA,NA,NA,NA,NA,NA,NA,NA,NA,NA,NA,NA,1.21556691083453,1.11227794153296,NA,NA,NA,NA,0.991598439122053,1.27361041000922,NA,NA,1.06394212983288,0.996942659906715,NA,NA,NA,NA,NA,NA,NA,NA,NA,NA,NA,NA,NA,NA,NA,1.23602635486276,1.07084666039475,1.21750622561648,1.28729098448873,1.01804843128703,1.06530181604367,NA,NA,1.07398256118035,1.33325011353422,NA,1.0856238181622,NA,NA,NA,NA,1.13224984701524,1.15376902688598,1.00672309630819,1.02611497853981
1529,1.0333134959942,1.02504207524143,NA,NA,NA,NA,NA,NA,NA,NA,NA,NA,NA,NA,NA,NA,NA,NA,NA,NA,NA,NA,NA,NA,1.36865408499458,1.2086306173301,NA,NA,NA,NA,0.947469168349558,1.11472838275999,NA,NA,0.983027113803103,0.945990742046769,NA,NA,NA,NA,NA,NA,NA,NA,NA,NA,NA,NA,NA,NA,NA,1.01142937578604,1.02398208493366,0.937409369549019,0.346387736712701,1.0000148814082,1.04848696950986,NA,NA,0.938464389328519,0.910168312307553,NA,0.838414766388502,NA,NA,NA,NA,0.830723185466945,0.897143748469251,0.961557485792153,0.873702035069518
1530,0.926969207240905,0.90477829873941,NA,NA,NA,NA,NA,NA,NA,NA,NA,NA,NA,NA,NA,NA,NA,NA,NA,NA,NA,NA,NA,NA,1.08116224169861,1.06223063512823,NA,NA,NA,NA,0.997372592391934,1.09647780217361,NA,NA,1.00563775854748,0.961967335987007,NA,NA,NA,NA,NA,NA,NA,NA,NA,NA,NA,NA,NA,NA,NA,0.963415039213117,1.02534460209895,1.2942469081171,1.46421712589458,1.02079395768766,1.03914963091647,NA,NA,1.04714284156681,1.06855622585503,NA,1.07657839626437,NA,NA,NA,NA,0.962894146940783,1.01379836065611,1.0694305804734,0.989430812771834
1531,1.13506636609691,1.01403580956466,NA,NA,NA,NA,NA,NA,NA,NA,NA,NA,NA,NA,NA,NA,NA,NA,NA,NA,NA,NA,NA,NA,1.30362756171781,1.00836397507464,NA,NA,NA,NA,0.99344274345425,1.13758417668126,NA,NA,1.06320821601044,0.989801529538083,NA,NA,NA,NA,NA,NA,NA,NA,NA,NA,NA,NA,NA,NA,NA,1.15350920795165,1.05030480722881,1.09719020714084,1.45666426799802,1.01326476194477,1.06110609502373,NA,NA,1.00650179020188,0.751806847322223,NA,1.06610622776321,NA,NA,NA,NA,1.07944566839776,NA,1.06175756499212,1.03688915912038
1532,1.24482630848536,1.11144949373678,NA,NA,NA,NA,NA,NA,NA,NA,NA,NA,NA,NA,NA,NA,NA,NA,NA,NA,NA,NA,NA,NA,1.46664501916681,1.00905153851799,NA,NA,NA,NA,1.03340044591023,1.26477068788587,NA,NA,1.12985735302076,1.03060911154548,NA,NA,NA,NA,NA,NA,NA,NA,NA,NA,NA,NA,NA,NA,NA,1.31727264281988,1.18628154021853,1.18792021446291,NA,1.01333152865039,1.08663004735897,NA,NA,0.904485151267636,0.464300694164017,NA,1.15359760085706,NA,NA,NA,NA,1.11536366150881,NA,1.04185721603803,1.02291185732502
1533,1.0477062886702,1.11836261800749,NA,NA,NA,NA,NA,NA,NA,NA,NA,NA,NA,NA,NA,NA,NA,NA,NA,NA,NA,NA,NA,NA,1.41698978756362,1.06439991300918,NA,NA,NA,NA,1.02143269154229,1.14122521275221,NA,NA,1.15352436810586,1.06553068873514,NA,NA,NA,NA,NA,NA,NA,NA,NA,NA,NA,NA,NA,NA,NA,1.2899466576673,1.15861031895108,1.02482337217521,NA,1.01659599768684,1.11680162602842,NA,NA,0.89521886646824,0.673778498271984,NA,1.07880333001307,NA,NA,NA,NA,0.928540752419272,NA,1.03204421666942,1.04004706431652
1534,1.07423775452353,1.030964237972,NA,NA,NA,NA,NA,NA,NA,NA,NA,NA,NA,NA,NA,NA,NA,NA,NA,NA,NA,NA,NA,NA,2.52833115027953,1.21272799142662,NA,NA,NA,NA,1.03541359507848,1.12353493982715,NA,NA,1.09072130657599,1.0589356564516,NA,NA,NA,NA,NA,NA,NA,NA,NA,NA,NA,NA,NA,NA,NA,1.25458449708885,1.1229025226023,0.878836347628144,NA,1.02156491209257,1.11915849445673,NA,NA,1.0140204125388,0.841671837542632,NA,1.11180282206833,NA,NA,NA,NA,1.00557378491412,NA,0.964151117628498,1.03521974517889
1535,1.38709884862715,1.12465855976552,NA,NA,NA,NA,NA,NA,NA,NA,NA,NA,NA,NA,NA,NA,NA,NA,NA,NA,NA,NA,NA,NA,2.2439205713944,1.19299944621736,NA,NA,NA,NA,1.07955062965954,1.35149498164001,NA,NA,1.17963459344165,1.08329425701007,NA,NA,NA,NA,NA,NA,NA,NA,NA,NA,NA,NA,NA,NA,NA,1.03035864085448,1.10967982173487,1.11572677347598,NA,1.03870782762208,1.10286205197387,NA,NA,1.05692056052043,1.28342409066129,NA,1.19465409133755,NA,NA,NA,NA,1.38197926703413,NA,1.11989812550148,1.16776010518083
1536,0.773511391433953,0.846918531545548,NA,NA,NA,NA,NA,NA,NA,NA,NA,NA,NA,NA,NA,NA,NA,NA,NA,NA,NA,NA,NA,NA,0.316643076260039,0.839492165662613,NA,NA,NA,NA,0.940312021600786,0.949648923231925,NA,NA,0.938263325600462,1.02838322203197,NA,NA,NA,NA,NA,NA,NA,NA,NA,NA,NA,NA,NA,NA,NA,0.724480932692154,0.827423377704884,0.901199538121243,NA,1.00543454479445,0.949708052221754,NA,NA,NA,0.158446100548355,NA,0.983550633934011,NA,NA,NA,NA,0.285382875337758,NA,0.860062551599855,0.942431467144194
1537,0.789384164958137,0.823611337674798,NA,NA,NA,NA,NA,NA,NA,NA,NA,NA,NA,NA,NA,NA,NA,NA,NA,NA,NA,NA,NA,NA,0.741795455878412,0.944573246258034,NA,NA,NA,NA,1.00160527553013,1.02295892034544,NA,NA,1.03058813563925,1.05070074696352,NA,NA,NA,NA,NA,NA,NA,NA,NA,NA,NA,NA,NA,NA,NA,1.17363504197321,1.04249436404163,1.03271993923974,NA,1.01939831735145,0.968386232524448,NA,NA,NA,NA,NA,1.03333178190042,NA,NA,NA,NA,0.794523554333851,NA,0.875109524656649,0.97825378573547
1538,1.21628196624931,1.06853577086425,NA,NA,NA,NA,NA,NA,NA,NA,NA,NA,NA,NA,NA,NA,NA,NA,NA,NA,NA,NA,NA,NA,1.0413707846656,0.954511709412489,NA,NA,NA,NA,1.00145622030878,1.00151621372326,NA,NA,0.965429434337475,1.01258080347998,NA,NA,NA,NA,NA,NA,NA,NA,NA,NA,NA,NA,NA,NA,NA,1.13329758087004,1.05004750315993,1.0659543673951,NA,0.995588187450185,0.944369752236765,NA,NA,NA,NA,NA,1.17561355775476,NA,NA,NA,NA,0.808814200174267,NA,0.954976071382207,1.07002834598951
1539,1.09357504664242,1.07237272975027,NA,NA,NA,NA,NA,NA,NA,NA,NA,NA,NA,NA,NA,NA,NA,NA,NA,NA,NA,NA,NA,NA,1.76443059657568,1.03509220174655,NA,NA,NA,NA,1.06740899529309,0.979234999241091,NA,NA,1.02754271434543,1.03977332660264,NA,NA,NA,NA,NA,NA,NA,NA,NA,NA,NA,NA,NA,NA,NA,1.13410390702883,1.03175510235014,1.06104214879122,NA,1.02931494692995,1.04700241506955,NA,NA,NA,NA,NA,1.26980876846163,NA,NA,NA,NA,1.01772929956743,NA,1.06682249709558,1.04351975299135
1540,0.619226231865987,0.845851866935031,NA,NA,NA,NA,NA,NA,NA,NA,NA,NA,NA,NA,NA,NA,NA,NA,NA,NA,NA,NA,NA,NA,NA,0.646780737225433,NA,NA,NA,NA,0.991219391253536,0.81592825661667,NA,NA,0.939027857476339,1.01166826879034,NA,NA,NA,NA,NA,NA,NA,NA,NA,NA,NA,NA,NA,NA,NA,0.695564942488031,0.892047458543887,0.882481624299921,NA,0.993219741025761,0.92858762886816,NA,NA,NA,NA,NA,1.02827104505718,NA,NA,NA,NA,0.912928349001306,NA,0.891163946986407,0.903718263366188
1541,0.398204885514288,0.686174706576359,NA,NA,NA,NA,NA,NA,NA,NA,NA,NA,NA,NA,NA,NA,NA,NA,NA,NA,NA,NA,NA,NA,0.472382904027731,NA,NA,NA,NA,NA,0.980562679030062,0.847904560392228,NA,NA,0.924975690191041,0.998641212719367,NA,NA,NA,NA,NA,NA,NA,NA,NA,NA,NA,NA,NA,NA,NA,0.567029933555086,0.534998295816394,0.898042377128161,NA,0.991516793739532,0.926414802071003,NA,NA,NA,NA,NA,1.03267885669774,NA,NA,NA,NA,0.824839124634806,NA,0.771704773116232,0.861599921262153
1542,0.439494471855481,0.720974855309751,NA,NA,NA,NA,NA,NA,NA,NA,NA,NA,NA,NA,NA,NA,NA,NA,NA,NA,NA,NA,NA,NA,NA,NA,NA,NA,NA,NA,1.00134871285851,NA,NA,NA,0.935538747033986,0.964890313896792,NA,NA,NA,NA,NA,NA,NA,NA,NA,NA,NA,NA,NA,NA,NA,0.553487591066388,0.565541746674575,0.925016742515231,NA,0.993570197295636,0.946269078225135,NA,NA,NA,NA,NA,1.02428617758329,NA,NA,NA,NA,0.677758972986795,NA,0.800155665021519,0.833235235581342
1543,0.399580766652155,0.731661379937802,NA,NA,NA,NA,NA,NA,NA,NA,NA,NA,NA,NA,NA,NA,NA,NA,NA,NA,NA,NA,NA,NA,0.166210259155965,NA,NA,NA,NA,NA,0.915547317438942,0.587406008294498,NA,NA,0.888911424684467,0.949214454519135,NA,NA,NA,NA,NA,NA,NA,NA,NA,NA,NA,NA,NA,NA,NA,0.532261806027311,0.655886264662974,0.492971774853788,NA,0.982923228183303,0.947327941739543,NA,NA,NA,NA,NA,0.903336214368655,NA,NA,NA,NA,0.635479384280232,NA,0.795485910907539,0.801063205115838
1544,0.783183944490291,0.893731938468419,NA,NA,NA,NA,NA,NA,NA,NA,NA,NA,NA,NA,NA,NA,NA,NA,NA,NA,NA,NA,NA,NA,0.167866616998289,0.680807319532124,NA,NA,NA,NA,0.874421464410832,0.717695801481668,NA,NA,0.901176528938283,0.936881983489722,NA,NA,NA,NA,NA,NA,NA,NA,NA,NA,NA,NA,NA,NA,NA,0.780676909818553,0.797871453179031,0.658633647801968,NA,0.991373221925753,0.959096012960115,NA,NA,NA,NA,NA,0.932496179823947,NA,NA,NA,NA,0.870304103781335,NA,0.869938693774767,0.969597141967616
1545,0.829643510593469,0.942048616772346,NA,NA,NA,NA,NA,NA,NA,NA,NA,NA,NA,NA,NA,NA,NA,NA,NA,NA,NA,NA,NA,NA,0.784202984884803,0.966276433587401,NA,NA,NA,NA,0.887425092175078,0.589210903716748,NA,NA,0.979092986900351,0.974922562237843,NA,NA,NA,NA,NA,NA,NA,NA,NA,NA,NA,NA,NA,NA,NA,0.843430270684442,0.897516807821153,0.890227314221354,NA,1.00793962059423,1.02718345558321,NA,NA,NA,NA,NA,1.06866233502676,NA,NA,NA,NA,0.755916575119123,NA,0.830034647967334,0.980312924615032
1546,1.09414315529449,0.974698591887336,NA,NA,NA,NA,NA,NA,NA,NA,NA,NA,NA,NA,NA,NA,NA,NA,NA,NA,NA,NA,NA,NA,1.30738986682568,0.947913411033037,NA,NA,NA,NA,0.945000086973847,0.719842846537937,NA,NA,1.01595904099047,0.973065773799426,NA,NA,NA,NA,NA,NA,NA,NA,NA,NA,NA,NA,NA,NA,NA,0.85579520039742,0.886436655571221,1.11735027564969,NA,1.01291814541072,1.02513588524751,NA,NA,NA,NA,NA,1.09052091416585,NA,NA,NA,NA,0.87830658636705,NA,0.915327078062227,1.01366687299859
1547,0.975870495653992,0.852926935658525,NA,NA,NA,NA,NA,NA,NA,NA,NA,NA,NA,NA,NA,NA,NA,NA,NA,NA,NA,NA,NA,NA,0.643434642768183,0.734362324030647,NA,NA,NA,NA,0.94074417486607,0.991530513287827,NA,NA,0.881409295123278,0.914837012509456,NA,NA,NA,NA,NA,NA,NA,NA,NA,NA,NA,NA,NA,NA,NA,0.665521612028073,0.700794812202124,0.821409183248174,NA,1.00819303337934,1.02157421211631,NA,NA,NA,NA,NA,0.993734391735168,NA,NA,NA,NA,0.70563668961691,NA,0.802271932773065,0.984867685805566
1548,1.15040801813494,0.906743302381081,NA,NA,NA,NA,NA,NA,NA,NA,NA,NA,NA,NA,NA,NA,NA,NA,NA,NA,NA,NA,NA,NA,0.23278531767664,0.734462726597485,NA,NA,NA,NA,0.970496955212118,0.682231314267969,NA,NA,0.922155629416969,0.895385226287244,NA,NA,NA,NA,NA,NA,NA,NA,NA,NA,NA,NA,NA,NA,NA,0.578020938416716,0.87249097859264,0.961932117094266,NA,0.972031665806137,0.964660097353817,NA,NA,NA,NA,NA,0.918316463460934,NA,NA,NA,NA,0.721788591386135,NA,0.858539001657547,0.980621721568851
1549,0.895329506439588,0.881118356384727,NA,NA,NA,NA,NA,NA,NA,NA,NA,NA,NA,NA,NA,NA,NA,NA,NA,NA,NA,NA,NA,NA,0.397209433677805,0.756740448040449,NA,NA,NA,NA,0.927098867023143,0.88758960709726,NA,NA,0.958030221007183,0.899124124238158,NA,NA,NA,NA,NA,NA,NA,NA,NA,NA,NA,NA,NA,NA,NA,0.690212840824012,0.864788806669069,1.10290740748864,NA,1.00043094491745,0.977504805647444,NA,NA,NA,NA,NA,0.806178357732864,NA,NA,NA,NA,0.956500121809507,NA,0.889787589480095,0.972632834481479
1550,0.911808820810062,0.990834079570373,NA,NA,NA,NA,NA,NA,NA,NA,NA,NA,NA,NA,NA,NA,NA,NA,NA,NA,NA,NA,NA,NA,0.574211621862426,0.94835419477159,NA,NA,NA,NA,0.946249076267479,0.640848179523614,NA,NA,0.986065035143245,0.935370569120839,NA,NA,NA,NA,NA,NA,NA,NA,NA,NA,NA,NA,NA,NA,NA,0.920219321330477,0.932325976771569,1.090979864016,NA,0.984994188856096,0.984142337411034,NA,NA,NA,NA,NA,0.936821793277209,NA,NA,NA,NA,1.0255561330329,NA,0.841339040170121,0.984354559073802
1551,1.05309630042502,1.04738421978435,NA,NA,NA,NA,NA,NA,NA,NA,NA,NA,NA,NA,NA,NA,NA,NA,NA,NA,NA,NA,NA,NA,0.915394583527693,0.895363618960361,NA,NA,NA,NA,1.00700072468914,0.829129692439371,NA,NA,1.03810038965392,0.968288078331253,NA,NA,NA,NA,NA,NA,NA,NA,NA,NA,NA,NA,NA,NA,NA,0.991921235346203,1.11631985450442,1.22295069921424,NA,0.983558650650591,1.03059912565487,NA,NA,NA,NA,NA,1.10231913591165,NA,NA,NA,NA,1.11558802658618,NA,1.04449100525729,1.08422900232219
1552,1.26232488554507,1.11282828969625,NA,NA,NA,NA,NA,NA,NA,NA,NA,NA,NA,NA,NA,NA,NA,NA,NA,NA,NA,NA,NA,NA,0.609211581217023,0.906831901390436,NA,NA,NA,NA,1.01996788043083,0.946463482946275,NA,NA,1.03608604377501,0.993338169132317,NA,NA,NA,NA,NA,NA,NA,NA,NA,NA,NA,NA,NA,NA,NA,1.05754799970283,1.03728051979183,0.919292553439884,NA,0.972712987648723,0.996863896047918,NA,NA,NA,NA,NA,1.0389933409227,NA,NA,NA,NA,1.17074454981074,NA,1.07390936374837,1.01567604474765
1553,1.22797230457029,1.05695484187958,NA,NA,NA,NA,NA,NA,NA,NA,NA,NA,NA,NA,NA,NA,NA,NA,NA,NA,NA,NA,NA,NA,0.871697267867944,0.9283424293183,NA,NA,NA,NA,1.04060290318787,1.0234903116973,NA,NA,0.994808507102248,0.990191298659547,NA,1.01795062934401,NA,NA,NA,NA,NA,NA,NA,NA,NA,NA,NA,NA,NA,1.15383570877839,1.0239357331681,1.02679123931398,NA,0.971168728020694,1.00353119744631,NA,NA,NA,NA,NA,1.02272851919605,NA,NA,NA,NA,1.23755860059009,NA,1.04945154976262,1.03967578703319
1554,0.978154645056221,0.966547056310163,NA,NA,NA,NA,NA,NA,NA,NA,NA,NA,NA,NA,NA,NA,NA,NA,NA,NA,NA,NA,NA,NA,0.753204145149798,1.00847159509702,NA,NA,NA,NA,1.01486111255049,1.17731272048228,NA,NA,0.945985158747293,0.983248325903004,NA,1.01722635010938,NA,NA,NA,NA,NA,NA,NA,NA,NA,NA,NA,NA,NA,1.06423581369963,0.987531071607355,0.800849648592346,NA,0.986037451591646,0.985225162788341,NA,NA,NA,NA,NA,1.06001142136913,NA,NA,NA,NA,1.25009813358461,NA,1.07931025347001,0.989226811193831
1555,0.849215017159084,0.956194554721263,NA,NA,NA,NA,NA,NA,NA,NA,NA,NA,NA,NA,NA,NA,NA,NA,NA,NA,NA,NA,NA,NA,0.674725212698293,0.957532565297402,NA,NA,NA,NA,0.995678720328425,1.13769470423751,NA,NA,0.942297389972805,0.952109572011797,NA,1.01651112858474,NA,NA,NA,NA,NA,NA,NA,NA,NA,NA,NA,NA,NA,1.08478907791399,0.914800520054367,0.928135759271971,NA,0.995668509702716,0.9563231138167,NA,NA,NA,NA,NA,0.988911136936011,NA,NA,NA,NA,1.1766199592805,NA,1.04521802193068,0.913128815367552
1556,0.805400685275464,0.956774394487721,NA,NA,NA,NA,NA,NA,NA,NA,NA,NA,NA,NA,NA,NA,NA,NA,NA,NA,NA,NA,NA,NA,0.634074732563873,0.992247522268708,NA,NA,NA,NA,1.00308921938903,1.09583208533047,NA,NA,0.963341823286453,0.9477007637266,NA,1.01578593614613,NA,NA,NA,NA,NA,NA,NA,NA,NA,NA,NA,NA,NA,1.06376546353094,1.00589514917304,0.622691601663357,NA,1.00203256535878,0.99514354403985,NA,NA,NA,NA,NA,1.01410329783294,NA,NA,NA,NA,1.24650562514419,NA,1.07702310287245,0.945598118987468
1557,0.884169913517445,1.00915138048166,NA,NA,NA,NA,NA,NA,NA,NA,NA,NA,NA,NA,NA,NA,NA,NA,NA,NA,NA,NA,NA,NA,0.852324442781745,0.937982297083042,NA,NA,NA,NA,1.02881920192283,1.07445526826666,NA,NA,0.923609283191813,0.908616008300287,NA,1.01514456067445,NA,NA,NA,NA,NA,NA,NA,NA,NA,NA,NA,NA,NA,0.950206126995288,1.04225918176258,0.856023885760308,NA,0.985744867385096,1.00534034351881,NA,NA,NA,NA,NA,0.937947408365235,NA,NA,NA,NA,1.16953474086469,NA,0.891967017388941,1.01244037659733
1558,1.04541654200123,1.0601574732123,NA,NA,NA,NA,NA,NA,NA,NA,NA,NA,NA,NA,NA,NA,NA,NA,NA,NA,NA,NA,NA,NA,0.80834878128812,1.03726839769685,NA,NA,NA,NA,1.02351170101456,0.97855828713939,NA,NA,0.940905794426804,0.943507424202415,NA,1.01443700557473,NA,NA,NA,NA,NA,NA,NA,NA,NA,NA,NA,NA,NA,1.08641147937468,1.02669787194091,1.19541073889705,NA,0.999157891568702,1.02238603164898,NA,NA,NA,NA,NA,1.06156033985828,NA,NA,NA,NA,NA,NA,0.987979725542795,1.00231475598184
1559,1.06240697090888,1.02963030079858,NA,NA,NA,NA,NA,NA,NA,NA,NA,NA,NA,NA,NA,NA,NA,NA,NA,NA,NA,NA,NA,NA,1.06856016810939,1.02266622871496,NA,NA,NA,NA,1.05509731522465,1.02939572541806,NA,NA,0.989979646173352,0.946411882825917,NA,1.0137098065585,NA,NA,NA,NA,NA,NA,NA,NA,NA,NA,NA,NA,NA,1.10706767821753,1.0942599885175,1.13491347511592,NA,0.994781549360902,1.01394606950048,NA,NA,NA,NA,NA,1.05235697416862,NA,NA,NA,NA,NA,NA,1.16193077850302,1.09563353607181
1560,1.14747695879706,1.04864787517109,NA,NA,NA,NA,NA,NA,NA,NA,NA,NA,NA,NA,NA,NA,NA,NA,NA,NA,NA,NA,NA,NA,1.53934356700639,1.01495626056939,NA,NA,NA,NA,1.05584845863323,1.12145045890539,NA,NA,0.991092513300798,0.981861987035769,NA,1.01296148929998,NA,NA,NA,NA,NA,NA,NA,NA,NA,NA,NA,NA,NA,1.0744887141577,1.06515381836906,0.829282314716693,NA,0.969943869568704,0.992829441411124,NA,NA,NA,NA,NA,1.08662347243113,NA,NA,NA,NA,NA,NA,1.10933130277812,1.13433458160897
1561,1.05496849328556,1.00737998001164,NA,NA,NA,NA,NA,NA,NA,NA,NA,NA,NA,NA,NA,NA,NA,NA,NA,NA,NA,NA,NA,NA,0.751721345712683,0.974239884504294,NA,NA,NA,NA,1.03462336159726,0.98085720592745,NA,NA,0.969115286874611,1.00214764522877,1.01751663571664,1.01209654445208,NA,NA,NA,NA,NA,NA,NA,NA,NA,NA,NA,NA,NA,1.15389574093646,0.958045471920644,0.989806944844333,NA,0.989892421520211,0.913823819639291,NA,NA,NA,NA,NA,1.16359789225409,NA,NA,NA,NA,NA,NA,1.06465836187805,1.03206106616371
1562,1.31161902426847,1.15340318775993,NA,NA,NA,NA,NA,NA,NA,NA,NA,NA,NA,NA,NA,NA,NA,NA,NA,NA,NA,NA,NA,NA,1.04068015415418,1.00674049920967,NA,NA,NA,NA,1.05215364637944,1.00701443752886,NA,NA,1.00608220200264,1.00752507021191,1.02266327279455,1.01133852488465,NA,NA,NA,NA,NA,NA,NA,NA,NA,NA,NA,NA,NA,1.33309271912646,1.12667708000294,1.09167731121691,NA,1.00706245517241,1.01806125414368,NA,NA,NA,NA,NA,1.2791408440929,NA,NA,NA,NA,NA,NA,1.00659896953359,1.05550229556075
1563,1.01900867057311,0.988957974128959,NA,NA,NA,NA,NA,NA,NA,NA,NA,NA,NA,NA,NA,NA,NA,NA,NA,NA,NA,NA,NA,NA,0.632703651630534,0.96482942431821,NA,NA,NA,NA,0.986744198294286,1.10184284998657,NA,NA,0.989498813922062,0.999508795915864,1.00215074525678,1.01042226488708,NA,NA,NA,NA,NA,NA,NA,NA,NA,NA,NA,NA,NA,1.02738632274598,1.04773923186206,0.772316700596151,NA,0.959974251032252,0.880562898019243,NA,NA,NA,NA,NA,1.20850280252452,NA,NA,NA,NA,NA,NA,1.02574688800997,1.05721746744071
1564,0.903554561228882,0.984685365380028,NA,NA,NA,NA,NA,NA,NA,NA,NA,NA,NA,NA,NA,NA,NA,NA,NA,NA,NA,NA,NA,NA,0.874174152961431,0.955404269988434,NA,NA,NA,NA,0.975888753138439,0.805553132978832,NA,NA,0.951790566811315,0.981438641711217,0.981197045972842,1.00957642988474,NA,NA,NA,NA,NA,NA,NA,NA,NA,NA,NA,NA,NA,0.764499633189623,0.904898355179363,0.404164294517177,NA,0.99500525261141,0.828692621183414,NA,NA,NA,NA,NA,0.97363743523615,NA,NA,NA,NA,NA,NA,0.909169420569868,0.914595657649082
1565,0.891173913252909,0.985677262336431,NA,NA,NA,NA,NA,NA,NA,NA,NA,NA,NA,NA,NA,NA,NA,NA,NA,NA,NA,NA,NA,NA,1.0487488681064,1.02084096800963,NA,NA,NA,NA,1.04650811753904,0.929226138997818,NA,NA,0.94727233684112,0.975766369832001,0.995714734714329,1.00876259336443,NA,NA,NA,NA,NA,NA,NA,NA,NA,NA,NA,NA,NA,1.13832113905327,1.06165642623785,0.865294521867345,NA,1.00867772111118,0.964442516994404,NA,NA,NA,NA,NA,1.07697851790231,NA,NA,NA,NA,NA,NA,1.03204753757352,0.94930359850275
1566,0.814836626024902,0.898218321343344,NA,NA,NA,NA,NA,NA,NA,NA,NA,NA,NA,NA,NA,NA,NA,NA,NA,NA,NA,NA,NA,NA,0.857718895018637,0.972675522274818,NA,NA,NA,NA,1.08084521773658,0.929660439573366,NA,NA,0.977788160731916,0.982159861254545,1.00195387577777,1.00787817125817,NA,NA,NA,NA,NA,NA,NA,NA,NA,NA,NA,NA,NA,1.05270575894127,0.984901481475141,0.894674676397749,NA,1.00540387761895,1.01950198939833,NA,NA,NA,NA,NA,1.10172003176012,NA,NA,NA,NA,NA,NA,1.07976662064597,0.928185199110416
1567,0.784765430529838,0.885623141830836,NA,NA,NA,NA,NA,NA,NA,NA,NA,NA,NA,NA,NA,NA,NA,NA,NA,NA,NA,NA,NA,NA,0.575983907360778,0.840355133914149,NA,NA,NA,NA,1.05922679711936,0.806683157008831,NA,NA,0.937686596106365,0.956611726816149,0.947332341130518,1.00699077790822,NA,NA,NA,NA,NA,NA,NA,NA,NA,NA,NA,NA,NA,0.955787149152143,0.909208967713147,0.544193338314898,NA,0.990644723492776,0.926517719235878,NA,NA,NA,NA,NA,0.892126424051713,NA,NA,NA,NA,NA,NA,0.875163035478818,0.89432595964981
1568,0.753845851074959,0.834514704372434,NA,0.934520032606569,NA,NA,NA,NA,NA,NA,NA,NA,NA,NA,NA,NA,NA,NA,NA,NA,NA,NA,NA,NA,0.473929566280043,0.891851533494068,NA,NA,NA,NA,1.03474500888888,0.901673345807873,NA,NA,0.964235817186946,0.944542604038639,0.962505523917057,1.00616513423396,NA,NA,NA,NA,NA,NA,NA,NA,NA,NA,NA,NA,NA,0.875099646193183,0.909680193578861,1.011705211021,NA,0.981445527317137,0.884992134156265,NA,NA,NA,NA,NA,0.987702209177766,NA,NA,NA,NA,NA,NA,0.963448673401799,1.0006458327716
1569,1.18264060723957,1.02057998367077,NA,1.19170199217702,NA,NA,NA,NA,NA,NA,NA,NA,NA,NA,NA,NA,NA,NA,NA,NA,NA,NA,NA,NA,1.26555173868258,1.07900814414754,NA,NA,NA,NA,1.02324158168192,0.871929363905762,NA,NA,1.02312721193262,0.985140950080578,0.998448045233017,1.00541632804461,NA,NA,NA,NA,NA,NA,NA,NA,NA,NA,NA,NA,NA,1.02267564991632,1.03858362704875,0.913340301529482,NA,0.992086698896801,0.950680719835956,NA,NA,NA,NA,NA,1.27437006808979,NA,NA,NA,NA,NA,NA,1.02405600739195,1.0083772988576
1570,1.17306064255142,1.13749381452317,NA,1.08266649636015,NA,NA,NA,NA,NA,NA,NA,NA,NA,NA,NA,NA,NA,NA,NA,NA,NA,NA,NA,NA,1.44059744723621,1.09614256145567,NA,NA,NA,NA,1.03966758695825,0.840641168917505,NA,NA,1.00231135706977,0.996691664710084,1.00307205972446,1.00454702775747,NA,NA,NA,NA,NA,NA,NA,NA,NA,NA,NA,NA,NA,1.38881333260728,1.12319674747198,1.355294514465,NA,0.99695537824815,0.969643252897372,NA,NA,NA,NA,NA,1.24422279118076,NA,NA,NA,NA,NA,NA,1.00545131436138,1.09995636113775
1571,1.00314686027484,0.976116792403674,NA,0.960378958028623,NA,NA,NA,NA,NA,NA,NA,NA,NA,NA,NA,NA,NA,NA,NA,NA,NA,NA,NA,NA,1.13445734223377,1.05314581103462,NA,NA,NA,NA,1.008370754552,0.902365997973539,NA,NA,0.970128047816506,0.96483401127823,0.980064362169376,1.00357116934081,NA,NA,NA,NA,NA,NA,NA,NA,NA,NA,NA,NA,NA,1.05104156688268,0.958707425369426,1.21260191911036,NA,0.977982807906293,0.983029822750311,NA,NA,NA,NA,NA,1.09410905921841,NA,NA,NA,NA,NA,NA,0.995294677702158,1.03831540175192
1572,0.991714725303406,0.966098924120363,NA,0.9192609986156,NA,NA,NA,NA,NA,NA,NA,NA,NA,NA,NA,NA,NA,NA,NA,NA,NA,NA,NA,NA,1.41582547027463,1.05919607701538,NA,NA,NA,NA,1.02617994829937,0.985342352137903,NA,NA,0.933690255824447,0.965133503833269,0.973528437058588,1.00257514695752,NA,NA,NA,NA,NA,NA,NA,NA,NA,NA,NA,NA,NA,1.11890824019427,1.04461812500353,1.16024013815494,NA,0.990430360705723,0.920611144291061,NA,NA,NA,NA,NA,1.0360703678216,NA,NA,NA,NA,NA,NA,0.916616594300013,1.04055544372656
1573,1.01078955898928,1.01049398614739,NA,0.910072457638567,NA,NA,NA,NA,NA,NA,NA,NA,NA,NA,NA,NA,NA,NA,NA,NA,NA,NA,NA,NA,1.33098869793319,1.08915243810029,NA,NA,NA,NA,1.06790644426162,0.958910217320911,NA,NA,0.922369877023884,0.932391793459152,1.0070451992826,1.00163701569739,NA,NA,NA,NA,NA,NA,NA,NA,NA,NA,NA,NA,NA,1.29874418364962,1.0982848072248,1.29949774485218,NA,0.970791731225522,0.947013345137141,NA,NA,NA,NA,NA,1.15233203092708,NA,NA,NA,NA,NA,NA,1.05527834250114,0.972856553049045
1574,0.920942523235074,0.979822858995315,NA,0.913604079009664,NA,NA,NA,NA,NA,NA,NA,NA,NA,NA,NA,NA,NA,NA,NA,NA,NA,NA,NA,NA,0.799218175894667,0.994584681433017,NA,NA,NA,NA,1.03768674992076,0.985497781376115,NA,NA,0.910480958533559,0.923749635242052,1.01205711264707,1.00062168737357,NA,NA,NA,NA,NA,NA,NA,NA,NA,NA,NA,NA,NA,1.1041484598474,1.01069743969185,0.82258929927862,NA,0.947441362113484,0.927029392241134,NA,NA,NA,NA,NA,0.772372538735503,NA,NA,NA,NA,NA,NA,0.956613831676697,0.967795258462867
1575,1.03400621927566,0.952317181862619,NA,0.98642391568928,NA,NA,NA,NA,NA,NA,NA,NA,NA,NA,NA,NA,NA,NA,NA,NA,NA,NA,NA,NA,0.994735204313682,1.0096225085891,NA,NA,NA,NA,1.07006616491118,0.985504510312291,NA,NA,0.93377016484333,0.941297563367761,1.01968826869444,0.999540886655149,NA,NA,NA,NA,NA,NA,NA,NA,NA,NA,NA,NA,NA,0.966499420364259,1.00567094823268,0.778365875817519,NA,0.943756072568196,0.888054714596598,NA,NA,NA,NA,NA,0.807961184352493,NA,NA,NA,NA,NA,NA,1.01286068328454,0.991213165141038
1576,0.944335089518181,1.02465100021474,NA,0.964329425080928,NA,NA,NA,NA,NA,NA,NA,NA,NA,NA,NA,NA,NA,NA,NA,NA,NA,NA,NA,NA,1.33652874734435,1.08790131439873,NA,NA,NA,NA,1.07379283611952,1.08299639545843,NA,NA,0.970276265969067,0.956899620782557,1.01445382048156,0.998460962485369,NA,NA,NA,NA,NA,NA,NA,NA,NA,NA,NA,NA,NA,0.98117199231782,1.03635192589947,NA,NA,0.972356980295528,0.838312848542546,NA,NA,NA,NA,NA,0.669685648892311,NA,NA,NA,NA,NA,NA,1.10036104901863,0.99690668769378
1577,0.964163199663191,0.978176175001348,NA,0.971187229701342,NA,NA,NA,NA,NA,NA,NA,NA,NA,NA,NA,NA,NA,NA,NA,NA,NA,NA,NA,NA,0.814450640974179,1.01626110923936,NA,NA,NA,NA,1.06142806802957,0.985381299422167,NA,NA,0.96013389453639,0.981527321112531,1.01849552539047,0.997262030696926,NA,NA,NA,NA,NA,NA,NA,NA,NA,NA,NA,NA,NA,1.06255291008312,1.05606652744638,NA,NA,NA,NA,NA,NA,NA,NA,NA,0.737205096082474,NA,NA,NA,NA,NA,NA,0.967629746602718,0.883994201610272
1578,0.903071414509962,0.973846278999133,NA,0.933120437454178,NA,NA,NA,NA,NA,NA,NA,NA,NA,NA,NA,NA,NA,NA,NA,NA,NA,NA,NA,NA,0.744536920369405,1.05033604062522,NA,NA,NA,NA,1.03887806006727,0.985253319050453,NA,NA,1.00232097783652,0.969026402369868,1.00297451118281,0.996058678172442,NA,NA,NA,NA,NA,NA,NA,NA,NA,NA,NA,NA,NA,0.994802326158984,0.980172581248828,NA,NA,NA,NA,NA,NA,NA,NA,NA,0.712960976313067,NA,NA,NA,NA,NA,NA,1.00482291215406,0.991178333948144
1579,1.11209004132572,1.10276737627018,NA,1.05225593458684,NA,NA,NA,NA,NA,NA,NA,NA,NA,NA,NA,NA,NA,NA,NA,NA,NA,NA,NA,NA,1.48734772468661,1.098011995996,NA,NA,NA,NA,1.06086348066099,1.01066607517627,NA,NA,0.974484829407017,0.975815401986084,1.02754685718373,0.994868229795972,NA,NA,NA,NA,NA,NA,NA,NA,NA,NA,NA,NA,NA,1.10823645526094,1.05204548357484,NA,NA,NA,NA,NA,NA,NA,NA,NA,0.779674532905258,NA,NA,NA,NA,NA,NA,1.03940383591796,0.956533999803251
1580,0.943734511624022,0.940495281898138,NA,0.925051251347617,NA,NA,NA,NA,NA,NA,NA,NA,NA,NA,NA,NA,NA,NA,NA,NA,NA,NA,NA,NA,0.863742217795531,1.04298547029298,NA,NA,NA,NA,0.995194724825132,0.87204493868294,NA,NA,0.877122662177598,0.939842781942819,0.987974222326815,0.993439490942089,NA,NA,NA,NA,NA,NA,NA,NA,NA,NA,NA,NA,NA,0.93640587791402,1.00504189145294,NA,NA,NA,NA,NA,NA,NA,NA,NA,0.776218457414591,NA,NA,NA,NA,NA,NA,0.832245814331012,0.873361285214724
1581,1.09096195343391,0.995004108070536,NA,1.03872792239737,NA,NA,NA,NA,NA,NA,NA,NA,NA,NA,NA,NA,NA,NA,NA,NA,NA,NA,NA,NA,1.29495194790596,1.15320762304142,NA,NA,NA,NA,0.992237203418144,1.01018657872869,NA,NA,0.883582009431714,0.962951118414333,1.01801280414586,0.99215411583226,NA,NA,NA,NA,NA,NA,NA,NA,NA,NA,NA,NA,NA,0.982090761022869,1.07957458586453,NA,NA,NA,NA,NA,NA,NA,NA,NA,0.840519870856829,NA,NA,NA,NA,NA,NA,1.06489373779588,1.07907633673955
1582,1.56197404115016,1.1522817919068,NA,1.11696882277428,NA,NA,NA,NA,NA,NA,NA,NA,NA,NA,NA,NA,NA,NA,NA,NA,NA,NA,NA,NA,1.89483643916884,1.15279557200541,NA,NA,NA,NA,1.03694834241615,1.05852459154465,NA,NA,0.942940288038395,0.994568669364404,1.04694952668186,0.990833814055768,NA,NA,NA,NA,NA,NA,NA,NA,NA,NA,NA,NA,NA,1.09405308009915,1.047015769557,NA,NA,NA,NA,NA,NA,NA,NA,NA,0.938405434139754,NA,NA,NA,NA,NA,NA,0.960726828034398,1.05356781352907
1583,1.64666276613244,1.14225615502974,NA,1.10936401242953,NA,NA,NA,NA,NA,NA,NA,NA,NA,NA,NA,NA,NA,NA,NA,NA,NA,NA,NA,NA,2.10731233984932,1.19201283269648,NA,NA,NA,NA,1.03808375905672,1.168053348359,NA,NA,1.01331704773664,1.03265222122998,1.05116902729572,0.989476650255721,NA,NA,NA,NA,NA,NA,NA,NA,NA,NA,NA,NA,NA,1.29091432058006,1.1357809587599,NA,NA,NA,NA,NA,NA,NA,NA,NA,1.10643251536523,NA,NA,NA,NA,NA,NA,1.13579829768059,1.07098677691912
1584,1.3996382031826,1.1110167979431,NA,1.00086763005779,NA,NA,NA,NA,NA,NA,NA,NA,NA,NA,NA,NA,NA,NA,NA,NA,NA,NA,NA,NA,1.30999374551099,1.13766621314382,NA,NA,NA,NA,1.03258542550447,1.08096289639973,NA,NA,1.03307254869395,1.02851920107754,1.03328810616595,0.987971204525349,NA,NA,NA,NA,NA,NA,NA,NA,NA,NA,NA,NA,NA,1.28079603639327,1.13382487336476,NA,NA,NA,NA,NA,NA,NA,NA,NA,1.00258632923058,NA,NA,NA,NA,NA,NA,1.13821207513123,1.0745246551841
1585,1.23260534319836,1.14178478461467,NA,0.904542585866871,NA,NA,NA,NA,NA,NA,NA,NA,NA,NA,NA,NA,NA,NA,NA,NA,NA,NA,NA,NA,1.1355254715109,1.08436636440593,NA,NA,NA,NA,1.03372657080799,1.05732575510889,NA,NA,0.962216066014064,1.00271484364667,1.02969341917603,0.986529865652432,NA,NA,NA,NA,NA,NA,NA,NA,NA,NA,NA,NA,NA,1.04825845178986,1.01718703146082,NA,NA,NA,NA,NA,NA,NA,NA,NA,0.873336035924792,NA,NA,NA,NA,NA,NA,1.10750523465029,1.06938276890963
1586,1.32661531380946,1.1932171330459,NA,1.00480740204746,NA,NA,NA,NA,NA,NA,NA,NA,NA,NA,NA,NA,NA,NA,NA,NA,NA,NA,NA,NA,1.0648222914861,1.10081256879552,NA,NA,NA,NA,1.02444893264396,1.14578663368896,NA,NA,0.935680109580117,1.00120788533717,1.01814772711256,0.98500328318251,NA,NA,NA,NA,NA,NA,NA,NA,NA,NA,NA,NA,NA,1.16049990299624,1.09614361167358,NA,NA,NA,NA,NA,NA,NA,NA,NA,1.013486371869,NA,NA,NA,NA,NA,NA,1.00607647622011,0.987217705292919
1587,1.02356677112882,0.963192932856206,NA,0.938828136977572,NA,NA,NA,NA,NA,NA,NA,NA,NA,NA,NA,NA,NA,NA,NA,NA,NA,NA,NA,NA,0.804548185816754,0.97370172175527,NA,NA,NA,NA,1.01830907596931,1.00778957743957,NA,NA,0.874231209686757,0.973651623530533,0.98725755927741,0.983440514574246,NA,NA,NA,NA,NA,NA,NA,NA,NA,NA,NA,NA,NA,1.20385345740156,1.10684242039656,NA,NA,NA,NA,NA,NA,NA,NA,NA,0.865101244168333,NA,NA,NA,NA,NA,NA,1.05334553415466,1.00196651555371
1588,0.960875919190798,0.939154127586657,NA,1.03816562864353,NA,NA,NA,NA,NA,NA,NA,NA,NA,NA,NA,NA,NA,NA,NA,NA,NA,NA,NA,NA,0.559611456695042,0.860987853201813,NA,NA,NA,NA,0.931155160014576,0.804783347184132,NA,NA,0.917795513971343,0.982485223856458,0.968342255043799,0.981858314515877,NA,NA,NA,NA,NA,NA,NA,NA,NA,NA,NA,NA,NA,1.14129524871762,0.964436187365056,NA,NA,NA,NA,NA,NA,NA,NA,NA,0.727263605008459,NA,NA,NA,NA,NA,NA,0.850178890905822,0.799795382942121
1589,0.982500242065837,0.920261322896725,NA,0.936067409001462,NA,NA,NA,NA,NA,NA,NA,NA,NA,NA,NA,NA,NA,NA,NA,NA,NA,NA,NA,NA,0.768109531241185,0.964591277026673,NA,NA,NA,NA,0.954631284603284,0.898721092463403,NA,NA,0.969883155218503,1.01092053817916,0.963789908010253,0.980457498681041,NA,NA,NA,NA,NA,NA,NA,NA,NA,NA,NA,NA,NA,1.12225976077859,1.11198093099156,NA,NA,NA,NA,NA,NA,NA,NA,NA,0.935795030715595,NA,NA,NA,NA,NA,NA,1.00826567769728,1.01407588683398
1590,0.881467075534537,0.81679888327934,NA,0.995145862857281,NA,NA,NA,NA,NA,NA,NA,NA,NA,NA,NA,NA,NA,NA,NA,NA,NA,NA,NA,NA,0.704682100946291,0.927499784376023,NA,NA,NA,NA,0.927152441363831,0.868289925103169,NA,NA,0.974104549349472,1.01792695488469,0.94536877881789,0.979059823680729,NA,NA,NA,NA,NA,NA,NA,NA,NA,NA,NA,NA,NA,1.02650499827706,0.995430805592899,NA,NA,NA,NA,NA,NA,NA,NA,NA,0.754591548672757,NA,NA,NA,NA,NA,NA,0.961363049430956,0.937615992582936
1591,0.848898954832945,0.943755066374748,NA,1.05236181321463,NA,NA,NA,NA,NA,NA,NA,NA,NA,NA,NA,NA,NA,NA,NA,NA,NA,NA,NA,NA,0.613006554499659,0.927207136692553,NA,NA,NA,NA,0.915337720545999,0.867744417245354,NA,NA,0.933126078726434,0.999169373576998,0.947016321504313,0.977709577526305,NA,NA,NA,NA,NA,NA,NA,NA,NA,NA,NA,NA,NA,1.02564078240232,0.891285159946396,NA,NA,NA,NA,NA,NA,NA,NA,NA,0.744310778702042,NA,NA,NA,NA,NA,NA,0.989763495571722,0.986212135847163
1592,1.01374581939486,0.931761314001291,NA,1.09131291440796,NA,NA,NA,NA,NA,NA,NA,NA,NA,NA,NA,NA,NA,NA,NA,NA,NA,NA,NA,NA,0.611366919289352,0.859894616970827,NA,NA,NA,NA,0.916361649963174,0.867171032803478,NA,NA,0.938023287145934,0.968543194187656,0.941300771950375,0.976366269920972,NA,NA,NA,NA,NA,NA,NA,NA,NA,NA,NA,NA,NA,0.75093886414252,0.882283768582129,NA,NA,NA,NA,NA,NA,NA,NA,NA,0.675640525241013,NA,NA,NA,NA,NA,NA,0.955626304978596,0.921636338232008
1593,0.948404854759847,0.889359045585323,1.09232829967877,1.15602419419762,NA,NA,NA,NA,NA,NA,NA,NA,NA,NA,NA,NA,NA,NA,NA,NA,NA,NA,NA,NA,0.699039954920047,0.936298729099334,NA,NA,NA,NA,0.930266840368357,1.00410431776556,NA,NA,1.01211916747507,1.01906516963355,0.970539651392087,0.97514537908104,NA,NA,NA,NA,NA,NA,NA,NA,NA,NA,NA,NA,NA,0.818564375103524,0.874150663481638,NA,NA,NA,NA,NA,NA,NA,NA,NA,0.797076131462268,NA,NA,NA,NA,NA,NA,0.99323834229778,0.957205752392935
1594,1.49544351525227,1.08343355717351,1.35934522714891,1.35947337357572,NA,NA,NA,NA,NA,NA,NA,NA,NA,NA,NA,NA,NA,NA,NA,NA,NA,NA,NA,NA,1.53829292195162,1.05737627720395,NA,NA,NA,NA,1.00247209063562,1.05170511053177,NA,NA,1.03532627763228,1.03642182038772,0.980655497215459,0.973983489960879,NA,NA,NA,NA,NA,NA,NA,NA,NA,NA,NA,NA,NA,1.273330017614,1.11881249258443,NA,NA,NA,NA,NA,NA,NA,NA,NA,1.1076957360594,NA,NA,NA,NA,NA,NA,1.09372807933046,1.14024849203736
1595,1.36885486168833,0.982140975652333,1.15906807179369,1.24999030618556,NA,NA,NA,NA,NA,NA,NA,NA,NA,NA,NA,NA,NA,NA,NA,NA,NA,NA,NA,NA,1.26551847571735,1.06922307913721,NA,NA,NA,NA,1.00777634774275,1.07396025841107,NA,NA,1.06034615901371,1.0278628858831,1.00691574374889,0.972863645471592,NA,NA,NA,NA,NA,NA,NA,NA,NA,NA,NA,NA,NA,1.07434573047012,1.06945971389864,NA,NA,NA,NA,NA,NA,NA,NA,NA,0.952651934203588,NA,NA,NA,NA,NA,NA,1.06738224464909,1.11892425977484
1596,1.20207533071501,1.06731458149275,1.10662911967269,1.1927451826683,NA,NA,NA,NA,NA,NA,NA,NA,NA,NA,NA,NA,NA,NA,NA,NA,NA,NA,NA,NA,1.2962799481404,1.03084988969441,NA,NA,NA,NA,0.962120925931253,1.13846400148178,NA,NA,1.05283343944073,1.0084804153929,0.997635751378787,0.971766685150939,NA,NA,NA,NA,NA,NA,NA,NA,NA,NA,NA,NA,NA,1.09623774574293,0.999318419037253,NA,NA,NA,NA,NA,NA,NA,NA,NA,0.988547447021042,NA,NA,NA,NA,NA,NA,1.16407829902769,1.07987740011414
1597,1.12466624541294,1.0209543533421,0.970014946484423,1.04339691266598,NA,NA,NA,NA,NA,NA,NA,NA,NA,NA,NA,NA,NA,NA,NA,NA,NA,NA,NA,NA,1.32732114823508,1.002173996914,NA,NA,NA,NA,0.940552503975911,1.07225234914058,NA,NA,0.975551335064535,0.961045196032829,0.925845766700206,0.970644651245591,NA,NA,NA,NA,NA,NA,NA,NA,NA,NA,NA,NA,NA,0.980239691550045,0.976800247343185,NA,NA,NA,NA,NA,NA,NA,NA,NA,1.04854536074521,NA,NA,NA,NA,NA,NA,1.06653300043619,1.07377111481019
1598,0.858618972200983,0.90460915328447,0.984495194807841,0.985063038086252,NA,NA,NA,NA,NA,NA,NA,NA,NA,NA,NA,NA,NA,NA,NA,NA,NA,NA,NA,NA,1.09616395427544,0.970409044479279,NA,NA,NA,NA,1.01524940402693,1.13659093347379,NA,NA,1.06260067085849,0.984358014419819,0.931320429000626,0.969659562704727,NA,NA,NA,NA,NA,NA,NA,NA,NA,NA,NA,NA,NA,0.977509252660371,1.00860985300744,NA,NA,NA,NA,NA,NA,NA,NA,NA,1.13423699763309,NA,NA,NA,NA,NA,NA,1.14934498434821,1.06754766883039
1599,1.23612153299553,1.03563132711287,1.0342308676602,0.995576688597413,NA,NA,NA,NA,NA,NA,NA,NA,NA,NA,NA,NA,NA,NA,NA,NA,NA,NA,NA,NA,1.87163136220168,1.02312286392359,NA,NA,NA,NA,1.02821865170279,1.11446044724341,NA,NA,1.07908204960964,1.01347402488513,0.96099582667319,0.968872576730963,NA,NA,NA,NA,NA,NA,NA,NA,NA,NA,NA,NA,NA,1.35010428151039,1.13933007928364,NA,NA,NA,NA,NA,NA,NA,NA,NA,1.26870805732597,NA,NA,NA,NA,NA,NA,1.22024514742651,1.08334334864911
1600,1.29117045199205,1.05901278945989,1.16183437940125,1.00973913347022,NA,NA,NA,NA,NA,NA,NA,NA,NA,NA,NA,NA,NA,NA,NA,NA,NA,NA,NA,NA,1.59176478797738,0.986027742436678,NA,NA,NA,NA,1.00485952224361,1.1552083444686,NA,NA,1.05148192858238,1.01227665291732,0.966316513403676,0.968127341532903,NA,NA,NA,NA,NA,NA,NA,NA,NA,NA,NA,NA,NA,1.14384065992532,1.00717193438168,NA,NA,NA,NA,NA,NA,NA,NA,NA,1.18003701249819,NA,NA,NA,NA,NA,NA,1.18873074017431,1.12216251811958
1601,0.661878341189113,0.768595760280594,0.9340245428954,0.876257474897314,NA,NA,NA,NA,NA,NA,NA,NA,NA,NA,NA,NA,NA,NA,NA,NA,NA,NA,NA,NA,0.54452081560117,0.830693143621747,NA,NA,NA,NA,0.911528017992144,0.997528093032424,NA,NA,0.950394928938173,0.952759519403788,0.900492018401411,0.967271084993536,NA,NA,NA,NA,NA,NA,NA,NA,NA,NA,NA,NA,NA,0.736598150261121,0.803011412116169,NA,NA,NA,NA,NA,NA,NA,NA,NA,0.73488753159579,NA,NA,NA,NA,NA,NA,1.01651576064567,0.933462676816562
1602,0.990495351456164,NA,0.769740623358545,0.802956417582404,NA,NA,NA,NA,NA,NA,NA,NA,NA,NA,NA,NA,NA,NA,NA,NA,NA,NA,NA,NA,0.719279496947118,0.844310718102186,NA,NA,NA,NA,0.939579241220419,0.889701635959415,NA,NA,0.912612608468762,0.942167252468187,0.954122375511082,0.96680995246164,NA,NA,NA,NA,NA,NA,NA,NA,0.885697325360896,NA,NA,NA,NA,0.814240005876382,0.95322506661265,NA,NA,NA,NA,NA,NA,NA,NA,NA,0.887919913236616,NA,NA,NA,NA,NA,NA,0.926099638535823,0.857926485460175
1603,0.839424620792479,NA,0.860561256261534,0.862895139800207,NA,NA,NA,NA,NA,NA,NA,NA,NA,NA,NA,NA,NA,NA,NA,NA,NA,NA,NA,NA,1.05877437386196,0.881446465869098,NA,NA,NA,NA,0.969564527472718,0.970429989163666,NA,NA,0.992130279184084,1.01406440011811,0.977001348693959,0.966479694729722,NA,NA,NA,NA,NA,NA,NA,NA,0.815095928555319,NA,NA,NA,NA,0.892965375149082,0.976284784272753,NA,NA,NA,NA,NA,NA,NA,NA,NA,1.09232628893441,NA,NA,NA,NA,NA,NA,0.970592205597095,0.927118551661647
1604,0.552561223836943,NA,0.620900354917267,0.670315954506375,NA,NA,NA,NA,NA,NA,NA,NA,NA,NA,NA,NA,NA,NA,NA,NA,NA,NA,NA,NA,0.32474608200715,0.830031016547008,NA,NA,NA,NA,0.907028415883383,0.827397816501847,NA,NA,0.929253346770769,0.954517884651178,0.935441558555026,0.966063876754154,NA,NA,NA,NA,NA,NA,NA,NA,0.700937805802333,NA,NA,NA,NA,0.778611353358102,0.900352375198604,NA,NA,NA,NA,NA,NA,NA,NA,NA,1.10864126554566,NA,NA,NA,NA,NA,NA,0.912610656049096,0.937721868388622
1605,0.421820999364496,NA,0.54333212350829,0.733297693078144,NA,NA,NA,NA,NA,NA,NA,NA,NA,NA,NA,NA,NA,NA,NA,NA,NA,NA,NA,NA,0.273219438852115,0.829819366283699,NA,NA,NA,NA,0.900177374281274,0.793907382087544,NA,NA,0.923798387811718,0.977426541060682,0.904907550961703,0.965752003169208,NA,NA,NA,NA,NA,NA,NA,NA,0.620851051989472,NA,NA,NA,NA,0.579766816950269,0.730269461426698,NA,NA,NA,NA,NA,NA,NA,NA,NA,0.72770062859516,NA,NA,NA,NA,NA,NA,0.727300298749891,0.70545706807632
1606,0.767064488074983,NA,0.96435654195315,0.992752654615094,NA,NA,NA,NA,NA,NA,NA,NA,NA,NA,NA,NA,NA,NA,NA,NA,NA,NA,NA,NA,0.688164195428221,0.880772664877741,NA,NA,NA,NA,0.949854996466955,0.682039417165248,NA,NA,1.06841968454556,1.03889073594661,0.959448095823599,0.965864017475906,NA,NA,NA,NA,NA,NA,NA,NA,1.0125750803541,NA,NA,NA,NA,0.767057977623618,0.84713806038439,NA,NA,NA,NA,NA,NA,NA,NA,NA,1.07182147994031,NA,NA,NA,NA,NA,NA,0.62668475828197,0.731815905474923
1607,0.508688549632285,NA,0.706853365786536,0.864459873907011,NA,NA,NA,NA,NA,NA,NA,NA,NA,NA,NA,NA,NA,NA,NA,NA,NA,NA,NA,NA,0.458799699480435,0.782263504552048,NA,NA,NA,NA,0.676969564563755,NA,NA,NA,1.01729220732163,0.9788184812762,0.951895373162972,0.965876467290815,NA,NA,NA,NA,NA,NA,NA,NA,1.14083127262547,NA,NA,NA,NA,0.795878185970968,0.874940135402814,NA,NA,NA,NA,NA,NA,NA,NA,NA,0.961636508535279,NA,NA,NA,NA,NA,NA,0.519646434121369,0.474148155614354
1608,0.637175489281461,NA,0.758046148649618,0.850520279615717,NA,NA,NA,NA,NA,NA,NA,NA,NA,NA,NA,NA,NA,NA,NA,NA,NA,NA,NA,NA,0.658516341248658,0.868525681444855,NA,NA,NA,NA,0.877075725119894,0.537151288659643,NA,NA,1.04054148630292,1.01403949557387,0.959985104835836,0.966166081975769,NA,NA,NA,NA,NA,NA,NA,NA,1.07705246747632,NA,NA,NA,1.05519804387077,0.731595550661331,0.895910909185511,NA,NA,NA,NA,NA,NA,NA,NA,NA,1.15113982457132,NA,NA,NA,NA,NA,NA,0.695321631566238,0.724076548536107
1609,0.337550739377034,NA,0.737482692118007,0.826794454813934,NA,NA,NA,NA,NA,NA,NA,NA,NA,NA,NA,NA,NA,NA,NA,NA,NA,NA,NA,NA,0.350679453971449,0.763736991914654,NA,NA,NA,NA,0.858103245779981,0.719337458423438,NA,NA,0.950806604781628,0.989215116928951,0.923406103523915,0.966522511212641,NA,NA,NA,NA,NA,NA,NA,NA,0.820970622554019,NA,NA,NA,1.12305846723223,0.534215152436878,0.91397663702678,NA,NA,NA,NA,NA,NA,NA,NA,NA,0.840389530372015,NA,NA,NA,NA,NA,NA,0.63249400777379,0.773145747862902
1610,0.667127068445383,NA,0.825870955425757,0.880871435656889,NA,NA,NA,NA,NA,NA,NA,NA,NA,NA,NA,NA,NA,NA,NA,NA,NA,NA,NA,NA,0.600373174895202,0.975611029623971,NA,NA,NA,NA,0.848062557694821,0.679079396171733,NA,NA,0.935601280157229,0.990011683404939,0.949105848778856,0.967071815178527,NA,NA,NA,NA,NA,NA,NA,NA,0.979851003317949,NA,NA,NA,0.99926479678646,0.760992388022468,0.961758007904443,NA,NA,NA,NA,NA,NA,NA,NA,NA,0.744714477768665,NA,NA,NA,NA,NA,NA,0.709893087123772,0.721450775607951
1611,0.762839250663225,NA,1.04498443680204,1.06961373948803,NA,NA,NA,NA,NA,NA,NA,NA,NA,NA,NA,NA,NA,NA,NA,NA,NA,NA,NA,NA,1.0577746556194,0.983346088354726,NA,NA,NA,NA,0.913826823839819,0.851972998109876,NA,NA,1.01850279569854,1.02696752163149,0.971521135918306,0.967761662012803,NA,NA,NA,NA,NA,NA,NA,NA,1.45363778340979,NA,NA,NA,1.01926691067746,NA,1.04580381850946,NA,NA,NA,NA,NA,NA,NA,NA,NA,0.966691572542385,NA,NA,NA,NA,NA,NA,0.842295257889322,0.792871832419441
1612,0.743595023689149,NA,0.91263530544428,0.917177272748353,NA,NA,NA,NA,NA,NA,NA,NA,NA,NA,NA,NA,NA,NA,NA,NA,NA,NA,NA,NA,1.28510919354651,1.00571863215725,NA,NA,NA,NA,0.90689012573727,0.961088096265801,NA,NA,0.985130098278814,1.00606367971366,0.951714961612937,0.968376837029931,NA,NA,NA,NA,NA,NA,NA,NA,1.46234262315357,NA,NA,NA,1.06281576519804,NA,1.03373047177492,NA,NA,NA,NA,NA,NA,NA,NA,NA,0.956311077077446,NA,NA,NA,NA,NA,NA,0.914063530027565,0.824079728248256
1613,0.746978324096523,NA,1.05233489756099,1.0946443191618,NA,NA,NA,NA,NA,NA,NA,NA,NA,NA,NA,NA,NA,NA,NA,NA,NA,NA,NA,NA,1.25298998605564,0.966829582622677,NA,NA,NA,NA,0.974436320396309,0.934112733583657,NA,NA,1.0113569356305,1.02532203482534,0.930445829693611,0.969225244978904,NA,NA,NA,NA,NA,NA,NA,NA,1.10906764425181,NA,NA,NA,1.06215249095198,NA,0.962321884761391,NA,NA,NA,NA,NA,NA,NA,NA,NA,0.869362054772682,NA,NA,NA,NA,NA,NA,0.891766699024964,0.81849911940412
1614,0.750353684703124,NA,0.947249180194302,1.10188781337113,NA,NA,NA,NA,NA,NA,NA,NA,NA,NA,NA,NA,NA,NA,NA,NA,NA,NA,NA,NA,1.09163889801645,0.901322830900529,NA,NA,NA,NA,0.969773560587664,0.90617102210995,NA,NA,0.952906230529228,0.984492890470087,0.907700356376767,0.970066572112363,NA,NA,NA,NA,NA,NA,NA,NA,0.983835345119225,NA,NA,NA,0.615281488110364,NA,0.884697892992166,NA,NA,NA,NA,NA,NA,NA,NA,NA,0.851355023096955,NA,NA,NA,NA,NA,NA,0.873658473572269,0.800854396349143
1615,0.554876110376776,NA,0.870548758534443,0.989102494149237,NA,NA,NA,NA,NA,NA,NA,NA,NA,NA,NA,NA,NA,NA,NA,NA,NA,NA,NA,NA,0.69021825260588,0.721217769998127,NA,NA,NA,NA,0.917615208140991,0.585561305756825,NA,NA,0.909864445487403,0.942574194105044,0.883725437185129,0.970976811916724,NA,NA,NA,NA,NA,NA,NA,NA,0.930185592475994,NA,NA,NA,0.629713069126693,NA,0.806174914522715,NA,NA,NA,NA,NA,NA,NA,NA,NA,0.755178984142511,NA,NA,NA,NA,NA,NA,0.809603650306634,0.798300226020904
1616,0.530052134139463,NA,0.93203808477056,1.00754871146728,NA,NA,NA,NA,NA,NA,NA,NA,NA,NA,NA,NA,NA,NA,NA,NA,NA,NA,NA,NA,0.573855279655984,0.636467465262814,NA,NA,NA,NA,0.933399239460532,0.584847543247219,NA,NA,0.949005037194553,0.96913940191558,0.920186376329247,0.972010588235825,NA,NA,NA,NA,NA,NA,NA,NA,0.832774884157099,NA,NA,NA,0.558666435384801,NA,0.737576147728658,NA,NA,NA,NA,NA,NA,NA,NA,NA,0.679579520097455,NA,NA,NA,NA,NA,NA,0.848207487265047,0.816374310910552
1617,0.688522176500991,NA,1.04617681248992,0.99004405080876,NA,NA,NA,NA,NA,NA,NA,NA,NA,NA,NA,NA,NA,NA,NA,NA,NA,NA,NA,NA,1.03098928850526,0.966131753117922,NA,NA,NA,NA,0.94133357778407,0.980128392374364,NA,NA,1.07690085444425,1.0358638063689,0.9577811320036,0.973268976442551,NA,NA,NA,NA,NA,NA,NA,NA,0.44137561558053,NA,NA,NA,0.663902031359806,NA,0.92282007593698,NA,NA,NA,NA,NA,NA,NA,NA,NA,1.01619105679844,NA,NA,NA,NA,NA,NA,0.965414109078663,0.920579908511886
1618,0.740080432030726,NA,1.15388995536999,1.05504373744063,NA,NA,NA,NA,NA,NA,NA,NA,NA,NA,NA,NA,NA,NA,NA,NA,NA,NA,NA,NA,1.39246522837549,1.1075470685354,NA,NA,NA,NA,0.967842414687425,0.844826710523654,NA,NA,1.05326847804065,1.0055694542671,0.957837250758224,0.974449675257085,NA,NA,NA,NA,NA,NA,NA,NA,0.442606324050247,NA,NA,NA,0.751147836947642,NA,NA,NA,NA,NA,NA,NA,NA,NA,NA,NA,0.899692342491151,NA,NA,NA,NA,NA,NA,0.948815525715772,0.867834957025561
1619,0.743318866452959,NA,0.976904606033305,0.927703067700333,NA,NA,NA,NA,NA,NA,NA,NA,NA,NA,NA,NA,NA,NA,NA,NA,NA,NA,NA,NA,0.845452040825343,0.997158772325137,NA,NA,NA,NA,0.962736115396393,0.927274346886542,NA,NA,0.994052327475739,0.984401387484674,0.970384968532161,0.975739076907883,NA,NA,NA,NA,NA,NA,NA,NA,0.200218899258213,NA,NA,NA,0.816373510664429,NA,NA,NA,NA,NA,NA,NA,NA,NA,NA,NA,0.733852426042734,NA,NA,NA,NA,NA,NA,0.868161277564812,0.921478373336036
1620,0.722274924212734,NA,0.936802004045338,0.899523953191354,NA,NA,NA,NA,NA,NA,NA,NA,NA,NA,NA,NA,NA,NA,NA,NA,NA,NA,NA,NA,0.635468303534192,0.981790385167389,NA,NA,NA,NA,0.969762369461049,0.89947058945904,NA,NA,0.966943202227215,0.92669722948655,0.954516607515729,0.976985508616347,NA,NA,NA,NA,NA,NA,NA,NA,0.443733307743772,NA,NA,NA,0.76614979359453,NA,NA,NA,NA,NA,NA,NA,NA,NA,NA,NA,0.765669973976019,NA,NA,NA,NA,NA,NA,0.850772511195977,0.854836637910938
1621,0.888989539018181,NA,1.07994568127601,1.09295066263353,NA,NA,NA,NA,NA,NA,NA,NA,NA,NA,NA,NA,NA,NA,NA,NA,NA,NA,NA,NA,1.29878318768012,1.08024055705692,NA,NA,NA,NA,0.998460723274527,0.870608015602231,NA,NA,1.01296482898746,0.973786740137189,0.973901551368701,0.978386264597625,NA,NA,NA,NA,NA,NA,NA,NA,0.570816915081767,NA,NA,NA,0.958845030820008,NA,NA,NA,NA,NA,NA,NA,NA,NA,NA,NA,0.999933337518442,NA,NA,NA,NA,NA,NA,1.06450341024359,1.00813641854996
1622,0.847452680495453,NA,0.874973313591021,0.946016371569016,NA,NA,NA,NA,NA,NA,NA,NA,NA,NA,NA,NA,NA,NA,NA,NA,NA,NA,NA,NA,1.43581109005802,1.07445223310183,NA,NA,NA,NA,0.965566592448903,0.97395781562918,NA,NA,1.00535740455414,0.963838438517134,0.974192135659412,0.979720177294567,NA,NA,NA,NA,NA,NA,NA,NA,0.664389319890943,NA,NA,NA,0.981186602871424,NA,NA,NA,NA,NA,NA,NA,NA,NA,NA,NA,1.10292635041854,NA,NA,NA,NA,NA,NA,1.04917818042481,1.07842094497376
1623,0.919024209930134,NA,1.15304337640751,1.05565250842137,NA,NA,NA,NA,NA,NA,NA,NA,NA,NA,NA,NA,NA,NA,NA,NA,NA,NA,NA,NA,1.74988345916567,1.09635274192802,NA,NA,NA,NA,0.995148570095373,1.01955643390628,NA,NA,1.05409396270837,0.997539635171463,0.978944736175739,0.981107137882351,NA,NA,NA,NA,NA,NA,NA,NA,0.685819565276384,NA,NA,NA,0.990526425311129,NA,NA,NA,NA,NA,NA,NA,NA,NA,NA,NA,1.10063289268245,NA,NA,NA,NA,NA,NA,1.13399016998337,1.09717908336419
1624,0.988857815191751,NA,1.08339882843396,1.03793305012348,NA,NA,NA,NA,NA,NA,NA,NA,NA,NA,NA,NA,NA,NA,NA,NA,NA,NA,NA,NA,1.93129745116088,1.03140405359245,NA,NA,NA,NA,1.04309046016533,1.01824227737001,NA,NA,1.07302454353077,0.981800853814592,0.98219295156768,0.982535454306132,NA,NA,NA,NA,NA,NA,NA,NA,0.771942360341871,NA,NA,NA,1.0277219108886,NA,NA,NA,NA,NA,NA,NA,NA,NA,NA,NA,1.19274209842261,NA,NA,NA,NA,NA,NA,1.10115566108298,1.11014126023759
1625,1.01466971012192,NA,1.0382698065716,0.900809322121586,NA,NA,NA,NA,NA,NA,NA,NA,NA,NA,NA,NA,NA,NA,NA,NA,NA,NA,NA,NA,1.61784310028639,1.04416801307371,NA,NA,NA,NA,1.04821404295851,1.06089442141711,NA,NA,0.99942259465182,0.945194095080113,0.974920416671998,0.983917027978596,NA,NA,NA,NA,NA,NA,NA,NA,1.01271383265035,NA,NA,NA,1.00372324671816,NA,NA,NA,NA,NA,NA,NA,NA,NA,NA,NA,1.20893338788699,NA,NA,NA,NA,NA,NA,1.15621684153353,1.125900332798
1626,1.30306758372807,NA,1.14388223603404,0.97289381090091,NA,NA,NA,NA,NA,NA,NA,NA,NA,NA,NA,NA,NA,NA,NA,NA,NA,NA,NA,NA,2.26892771770057,1.09603577711838,NA,NA,NA,NA,1.07240799840123,1.05952060856493,NA,NA,0.967376546606241,0.978543784166498,0.999387588350519,0.985341307703968,NA,NA,NA,NA,NA,NA,NA,NA,1.2129331102332,NA,NA,NA,1.07813580529849,NA,NA,NA,NA,NA,NA,NA,NA,NA,NA,NA,1.32222256152871,NA,NA,NA,NA,NA,NA,1.17210207352001,1.14714460095183
1627,1.10832920915792,NA,1.16050328254776,0.95083622369713,NA,NA,NA,NA,NA,NA,NA,NA,NA,NA,NA,NA,NA,NA,NA,NA,NA,NA,NA,NA,2.34927817545222,1.10640408862252,NA,NA,NA,NA,1.04178084435876,1.03653635385234,NA,NA,0.973316332907143,0.93666652307529,0.993204886060275,0.986684389968161,NA,NA,NA,NA,NA,NA,NA,NA,1.34796793224315,NA,NA,NA,0.96218486584722,NA,NA,NA,NA,NA,NA,NA,NA,NA,NA,NA,1.31932087678139,NA,NA,NA,NA,NA,NA,1.02436298406491,1.1440259464806
1628,0.869348564618731,NA,1.0894285116466,0.808752517212255,NA,NA,NA,NA,NA,NA,NA,NA,NA,NA,NA,NA,NA,NA,NA,NA,NA,NA,NA,NA,1.42282436779534,1.0310625818855,NA,NA,NA,NA,0.983065678538527,0.966430124286233,NA,NA,0.926099820113251,0.926337220569102,0.984838949016857,0.988047414915036,NA,NA,NA,NA,NA,NA,NA,NA,1.32536982854711,NA,NA,NA,0.950868752430857,NA,NA,NA,NA,NA,NA,NA,NA,NA,NA,NA,1.07727938083859,NA,NA,NA,NA,NA,NA,1.12197711489893,1.16601711287273
1629,0.987832462717547,NA,1.09936155331561,0.953310459217826,NA,NA,NA,NA,NA,NA,NA,NA,NA,NA,NA,NA,NA,NA,NA,NA,NA,NA,NA,NA,1.25694809978081,1.03749953120834,NA,NA,NA,NA,1.07898650698198,1.0554048077571,NA,NA,0.985028264610403,0.983977910130799,1.0329905083938,0.98943109454943,NA,NA,NA,NA,NA,NA,NA,NA,1.1982042521466,NA,NA,NA,1.01927083089411,NA,NA,NA,NA,NA,NA,NA,NA,NA,NA,NA,0.898877746359293,NA,NA,NA,NA,NA,NA,1.1234461359767,1.12820172303519
1630,0.803971162961687,NA,0.863829370090106,0.709107242698414,NA,NA,NA,NA,NA,NA,NA,NA,NA,NA,NA,NA,NA,NA,NA,NA,NA,NA,NA,NA,0.503504672926128,0.938777246777161,NA,NA,NA,NA,1.0218941640519,1.01035412013604,NA,NA,0.933848521694551,0.946356969365935,0.995654429698076,0.990625788331628,NA,NA,NA,NA,NA,NA,NA,NA,1.03008942289682,NA,NA,NA,1.02543410747732,NA,NA,NA,NA,NA,NA,NA,NA,NA,NA,NA,0.752727911407839,NA,NA,NA,NA,NA,NA,0.93156197204691,0.982249791133398
1631,1.10589359635553,NA,1.07712182460927,0.999130648367686,NA,NA,NA,NA,NA,NA,NA,NA,NA,NA,NA,NA,NA,NA,NA,NA,NA,NA,NA,NA,1.03173357833124,1.07934446151712,NA,NA,NA,NA,1.04118995046708,1.11383505201875,NA,NA,1.00111648878148,0.985827320470224,1.03454991670648,0.992066619718164,NA,NA,NA,NA,NA,NA,NA,NA,1.06247719185596,NA,NA,NA,1.11688204371884,NA,NA,NA,NA,NA,NA,NA,NA,NA,NA,NA,0.879107848406823,NA,NA,NA,NA,NA,NA,1.01293539369988,1.0755147188547
1632,1.17421615722213,NA,1.2417287561319,1.15644947144462,NA,NA,NA,NA,NA,NA,NA,NA,NA,NA,NA,NA,NA,NA,NA,NA,NA,NA,NA,NA,0.716537745936294,1.04995335702766,NA,NA,NA,NA,1.05894644325057,0.984965189551766,NA,NA,0.973479235093297,0.964257335193575,1.03933440287157,0.993393329165316,NA,NA,NA,NA,NA,NA,NA,NA,1.09407762279529,NA,NA,NA,1.14046236821054,NA,NA,NA,NA,NA,NA,NA,NA,NA,NA,NA,1.00332847370613,NA,NA,NA,NA,NA,NA,1.06325795905614,1.14898055272849
1633,0.656178651858526,NA,0.91816477327975,0.827029437236234,NA,NA,NA,NA,NA,NA,NA,NA,NA,NA,NA,NA,NA,NA,NA,NA,NA,NA,NA,NA,0.259116663448047,0.91982480369647,NA,NA,NA,NA,1.0429974924766,0.884509315378213,NA,NA,0.872088709165232,0.948984148226497,1.00900387181244,0.994642899392463,NA,NA,NA,NA,NA,NA,NA,NA,0.960963119313804,NA,NA,NA,1.0059445290159,NA,NA,NA,NA,NA,NA,NA,NA,NA,NA,NA,0.987292185057519,NA,NA,NA,NA,NA,NA,0.962194559554075,1.0237176310259
1634,0.842670852558085,NA,1.04860265631869,0.865120350107364,NA,NA,NA,NA,NA,NA,NA,NA,NA,NA,NA,NA,NA,NA,NA,NA,NA,NA,NA,NA,0.815402087125882,1.06199061769882,NA,NA,NA,NA,1.03021925099364,0.909532288868515,NA,NA,1.07353580060142,1.02913851471296,1.04863682775495,0.995940110648023,NA,NA,NA,NA,NA,NA,NA,NA,1.25795849703475,NA,NA,NA,1.11551106022898,NA,NA,NA,NA,NA,NA,NA,NA,NA,NA,NA,1.16098525487533,NA,NA,NA,NA,NA,NA,1.11770037015248,1.02345594280712
1635,0.769780397138254,NA,0.848885022981413,0.772178384852487,NA,NA,NA,NA,NA,NA,NA,NA,NA,NA,NA,NA,NA,NA,NA,NA,NA,NA,NA,NA,0.571128195682562,0.988469200949784,NA,NA,NA,NA,0.99486757013378,0.882250396727868,NA,NA,0.976698160041521,0.989413123856588,0.974528211560857,0.997034810551616,NA,NA,NA,NA,NA,NA,NA,NA,0.896251382409564,NA,NA,NA,1.03204566727051,NA,NA,NA,NA,NA,NA,NA,NA,NA,NA,NA,1.03906772042347,NA,NA,NA,NA,NA,NA,0.96604143857024,0.945805871878631
1636,1.04036159380802,NA,0.807957045111875,0.827470340562637,NA,NA,NA,NA,NA,NA,NA,NA,NA,NA,NA,NA,NA,NA,NA,NA,NA,NA,NA,NA,0.950271748605727,1.01041452389742,NA,NA,NA,NA,1.04116919692321,0.881131153531866,NA,NA,0.987725381355794,1.04418148603353,1.02652867767066,0.998241412914227,NA,NA,NA,NA,NA,NA,NA,NA,1.2138442856756,NA,NA,NA,1.23286093052884,NA,NA,NA,NA,NA,NA,NA,NA,NA,NA,NA,1.12121722540613,NA,NA,NA,NA,NA,NA,1.01768285868958,0.89554179347786
1637,1.02183993747049,NA,1.02478477091022,1.00702267730197,NA,NA,NA,NA,NA,NA,NA,NA,NA,NA,NA,NA,NA,NA,NA,NA,NA,NA,NA,NA,1.25624402328567,1.11117018855623,NA,NA,NA,NA,1.01805791907424,0.955330754986689,NA,NA,0.952395071701732,0.988504986020343,0.993417690609649,0.999367838638376,NA,NA,NA,NA,NA,NA,NA,NA,1.258990924833,NA,NA,NA,1.21167011001887,NA,NA,NA,NA,NA,NA,NA,NA,NA,NA,NA,1.18691727840404,NA,NA,NA,NA,NA,NA,1.08369760980309,0.97703530983528
1638,1.07208698368931,NA,0.934292960934377,1.05240602832775,NA,NA,NA,NA,NA,NA,NA,NA,NA,NA,NA,NA,NA,NA,NA,NA,NA,NA,NA,NA,0.891562932354206,1.03733861683684,NA,NA,NA,NA,1.03361407635224,0.977479221895119,NA,NA,0.979993344310689,0.975379698589456,0.973288212073279,1.00046212539828,NA,NA,NA,NA,NA,NA,NA,NA,1.08447924941308,NA,NA,NA,1.14003868774283,NA,NA,NA,NA,NA,NA,NA,NA,NA,NA,NA,1.20186966686243,NA,NA,NA,NA,NA,NA,1.17210740940499,1.04806073616011
1639,1.33600669134125,NA,1.03493940738577,1.09417596364194,NA,NA,NA,NA,NA,NA,NA,NA,NA,NA,NA,NA,NA,NA,NA,NA,NA,NA,NA,NA,1.19634555463316,1.03086552364149,NA,NA,NA,NA,1.02964031944946,1.10257036729519,NA,NA,0.986132945727647,1.02546012328845,1.06065459322855,1.00166201875037,NA,NA,NA,NA,NA,NA,NA,NA,1.11478765241268,NA,1.44796094145527,NA,1.20479278096769,NA,NA,NA,NA,NA,NA,NA,NA,NA,NA,NA,1.21672458235348,NA,NA,NA,NA,NA,NA,1.28190111447343,1.13112605244699
1640,1.46317801563962,NA,1.14379848432516,1.15913478612859,NA,NA,NA,NA,NA,NA,NA,NA,NA,NA,NA,NA,NA,NA,NA,NA,NA,NA,NA,NA,1.37488777351732,1.09034124484022,NA,NA,NA,NA,0.998879185221055,1.12038556240084,NA,NA,0.971884678413069,1.0241970921642,1.02408599716608,1.00267036747078,NA,NA,NA,NA,NA,NA,NA,NA,1.14452949581861,NA,1.30790131692005,NA,1.11312502892743,NA,NA,NA,NA,NA,NA,NA,NA,NA,NA,NA,NA,NA,NA,NA,NA,NA,NA,1.27015756351176,1.18596932700355
1641,0.789802930956585,NA,0.741437366322206,0.891777788531623,NA,NA,NA,NA,NA,NA,NA,NA,NA,NA,NA,NA,NA,NA,NA,NA,NA,NA,NA,NA,0.293520507092688,0.938770772644064,NA,NA,NA,NA,0.931319476438748,0.875664448340759,NA,NA,0.89438626520682,0.948432233055749,0.944917561104703,1.0035092143436,NA,NA,NA,NA,NA,NA,NA,NA,1.07209026170559,1.13416712147886,0.99733417680328,NA,1.01457491995042,NA,NA,NA,NA,NA,NA,NA,NA,NA,NA,NA,NA,NA,NA,NA,NA,NA,NA,0.986757609460533,0.980100315405237
1642,1.31144334963081,NA,0.872968198365088,1.01567087842063,NA,NA,NA,NA,NA,NA,NA,NA,NA,NA,NA,NA,NA,NA,NA,NA,NA,NA,NA,NA,0.294604358565815,0.964845191494961,NA,NA,NA,NA,0.884667968360551,0.725532985811127,NA,NA,0.928401647019022,0.969442385167739,0.956694003537669,1.00436586928762,NA,NA,NA,NA,NA,NA,NA,NA,0.777212088908817,1.03584557034064,0.766040705115102,NA,1.03151561337665,NA,NA,NA,NA,NA,NA,NA,NA,NA,NA,NA,NA,NA,NA,NA,NA,NA,NA,0.964552217961241,0.944466137046877
1643,1.09551414781377,NA,0.954144752934814,1.14338513444635,NA,NA,NA,NA,NA,NA,NA,NA,NA,NA,NA,NA,NA,NA,NA,NA,NA,NA,NA,NA,0.587854863668396,0.996196248155661,NA,NA,NA,NA,0.940833856005669,0.818417015131501,NA,NA,0.995624502703302,0.990655653536409,0.974130478138056,1.00567227874259,NA,NA,NA,NA,NA,NA,NA,NA,0.941705109111107,0.896410310161484,0.976751221411298,NA,1.0341577825358,NA,NA,NA,NA,NA,NA,NA,NA,NA,NA,NA,NA,NA,NA,NA,NA,NA,NA,0.970028395575578,1.13127217869865
1644,0.827114034396982,NA,0.805480582291208,1.00066511168967,NA,NA,NA,NA,NA,NA,NA,NA,NA,NA,NA,NA,NA,NA,NA,NA,NA,NA,NA,NA,0.468764904206742,0.853538046152878,NA,NA,NA,NA,0.874683024627704,0.454811904853704,NA,NA,0.930545817690277,0.917863910655981,0.934079184871591,1.00644870973851,NA,NA,NA,NA,NA,NA,NA,NA,0.732749409131001,0.703511795857962,0.926794310254538,NA,0.948104062210155,NA,NA,NA,NA,NA,NA,NA,NA,NA,NA,NA,NA,NA,NA,NA,NA,NA,NA,1.05831570805629,1.00218659921925
1645,0.719940565078705,NA,0.615585342710264,0.847536079078835,NA,NA,NA,NA,NA,NA,NA,NA,NA,NA,NA,NA,NA,NA,NA,NA,NA,NA,NA,NA,0.53079392478027,0.877766635248231,NA,NA,NA,NA,0.875312010737519,0.816483115867906,NA,NA,0.925321255379871,0.913822199677751,0.918020203341206,1.00711300958817,NA,NA,NA,NA,NA,NA,NA,NA,0.587637247758417,0.606373226249722,0.810974232732897,NA,0.839657394566696,NA,NA,NA,NA,NA,NA,NA,NA,NA,NA,NA,NA,NA,NA,NA,NA,NA,NA,0.955070646993923,1.0102549629492
1646,1.06261956433917,NA,0.914859421789971,1.03233228008767,NA,NA,NA,NA,NA,NA,NA,NA,NA,NA,NA,NA,NA,NA,NA,NA,NA,NA,NA,NA,1.01970704965902,1.0246198009179,NA,NA,NA,NA,0.978829990615382,0.94496916909818,NA,NA,1.03180830399135,0.981526125982929,0.978009514173365,1.00820473915447,NA,NA,NA,NA,NA,NA,NA,NA,0.785316406021065,0.793249646688512,0.925337669255484,NA,0.983852635292957,NA,NA,NA,NA,NA,NA,NA,NA,NA,NA,NA,NA,NA,NA,NA,NA,NA,NA,1.03667708382295,1.12134488174596
1647,1.16185903785585,NA,0.962404872989336,0.981809259009122,NA,NA,NA,NA,NA,NA,NA,NA,NA,NA,NA,NA,NA,NA,NA,NA,NA,NA,NA,NA,0.921720359039053,1.03135539860148,NA,NA,NA,NA,1.00400562282875,0.989348290924998,NA,NA,1.11104790229312,1.03179606667936,0.985501859405771,1.00911943824962,NA,NA,NA,NA,NA,NA,NA,NA,1.16533188374329,0.915667723853298,0.838121015918226,NA,0.950173551968881,NA,NA,NA,NA,NA,NA,NA,NA,NA,NA,NA,NA,NA,NA,NA,NA,NA,NA,1.04591290590767,1.12113451971376
1648,1.53614427057289,NA,1.02342988008266,1.03595161740201,NA,NA,NA,NA,NA,NA,NA,NA,NA,NA,NA,NA,NA,NA,NA,NA,NA,NA,NA,NA,NA,1.05665278607518,NA,NA,NA,NA,1.03643851412237,0.965890607418183,NA,NA,1.09086121827719,1.01931784680704,1.01971847423432,1.00999671910966,NA,NA,NA,NA,NA,NA,NA,NA,1.06286541731047,0.940426503732813,0.764786217143996,NA,1.0392667236397,NA,NA,NA,NA,NA,NA,NA,NA,NA,NA,NA,NA,NA,NA,NA,NA,NA,NA,1.16051098747312,1.28404070045824
1649,1.39621326225619,NA,0.969624867837811,0.943170253975608,NA,NA,NA,NA,NA,NA,NA,NA,NA,NA,NA,NA,NA,NA,NA,NA,NA,NA,NA,NA,NA,1.12679702700346,NA,NA,NA,NA,1.02710446271738,1.12716223462786,NA,NA,1.0690852230228,0.997671094850616,1.0209490272388,1.01076743963922,NA,NA,NA,NA,NA,NA,NA,NA,1.15773416665323,0.944553779653642,0.977661791428815,NA,1.02249142137134,NA,NA,NA,NA,NA,NA,NA,NA,NA,NA,NA,NA,NA,NA,NA,NA,NA,NA,1.07017480908313,1.24533366814535
1650,1.33706043821875,NA,0.984631578617791,0.965288969278062,NA,NA,NA,NA,NA,NA,NA,NA,NA,NA,NA,NA,NA,NA,NA,NA,NA,NA,NA,NA,NA,1.05076757598443,NA,NA,NA,NA,1.02777750742128,1.0690365206195,NA,NA,1.0276314853238,0.971867232106958,1.03083454401681,1.01149914007008,NA,NA,NA,NA,NA,NA,NA,NA,0.954519490359308,1.01511801218931,0.823697671456671,NA,0.928031321309567,NA,NA,NA,NA,NA,NA,NA,NA,NA,NA,NA,NA,NA,NA,NA,NA,NA,NA,1.11831104443104,1.24070335952189
1651,1.55731442264777,NA,0.937272208846652,0.873040401089446,NA,NA,NA,NA,NA,NA,NA,NA,NA,NA,NA,NA,NA,NA,NA,NA,NA,NA,NA,NA,NA,1.11723143217784,NA,NA,NA,NA,1.07830103381754,1.19489172462552,NA,NA,1.07950233193057,0.998982853783437,1.03878313730753,1.01221205593411,NA,NA,NA,NA,NA,NA,NA,NA,1.22962630383869,1.02381123617004,1.1285525800048,NA,0.971588304696225,NA,NA,NA,NA,NA,NA,NA,NA,NA,NA,NA,NA,NA,NA,NA,NA,NA,NA,1.12672519478351,1.25343010809692
1652,0.965099201806621,NA,0.936676767730057,0.977451846271279,NA,NA,NA,NA,NA,NA,NA,NA,NA,NA,NA,NA,NA,NA,NA,NA,NA,NA,NA,NA,NA,1.01845685285467,NA,NA,NA,NA,1.04869224474991,1.08613747907502,NA,NA,1.07685406608541,0.931967808174191,1.00650361319032,1.01280288152698,NA,NA,NA,NA,NA,NA,NA,NA,0.931572805850305,0.859384701653815,1.30549688940816,NA,1.03473552575776,NA,NA,NA,NA,NA,NA,NA,NA,NA,NA,NA,NA,NA,NA,NA,NA,NA,NA,1.03343882609427,1.06473841769528
1653,0.9431539766641,NA,1.11522536129159,1.05159809223277,NA,NA,NA,NA,NA,NA,NA,NA,NA,NA,NA,NA,NA,NA,NA,NA,NA,NA,NA,NA,NA,1.05726119316871,NA,NA,NA,NA,0.976644787149474,1.10390980035945,NA,NA,1.03128484635998,0.952784954274087,1.01937348758297,1.0134324468269,NA,NA,NA,NA,NA,NA,NA,NA,0.876628038552472,0.838646116497053,0.714620601475178,NA,1.0244959174692,NA,NA,NA,NA,NA,NA,NA,NA,NA,NA,NA,NA,NA,NA,NA,NA,NA,NA,1.02132123568548,1.12339614263814
1654,0.97417018777822,NA,1.07866017898781,1.07455068754256,NA,NA,NA,NA,NA,NA,NA,NA,NA,NA,NA,NA,NA,NA,NA,NA,NA,NA,NA,NA,NA,1.11263864946304,NA,NA,NA,NA,1.05910820262416,1.28667575162358,NA,NA,1.07139026472222,0.989634407443672,1.0522644119748,1.01400824813902,NA,NA,NA,NA,NA,NA,NA,NA,0.97737377233769,0.990677294179714,1.03182722202037,NA,1.03434012605386,NA,NA,NA,NA,NA,NA,NA,NA,NA,NA,NA,NA,NA,NA,NA,NA,NA,NA,1.06662419607741,1.0642780363438
1655,1.6286305750366,NA,1.20299052720524,1.14121027644328,NA,NA,NA,NA,NA,NA,NA,NA,NA,NA,NA,NA,NA,NA,NA,NA,NA,NA,NA,NA,NA,1.20495088148911,NA,NA,NA,NA,1.07271580102053,1.30038269205064,NA,NA,1.12159444052413,0.993089734021892,1.09031395348533,1.01458230372732,NA,NA,NA,NA,NA,NA,NA,NA,1.29212991620058,1.06043331403726,0.984955921391166,NA,1.02179713784146,NA,NA,NA,NA,NA,NA,NA,NA,NA,NA,NA,NA,NA,NA,NA,NA,NA,NA,1.02307829948711,1.13141701423956
1656,1.65726438431478,NA,0.995608111381197,1.04695416128562,NA,NA,NA,NA,NA,NA,NA,NA,NA,NA,NA,NA,NA,NA,NA,NA,NA,NA,NA,NA,NA,1.12293906616428,NA,NA,NA,NA,1.06909647977543,1.37066546416172,NA,NA,1.17769182062205,0.996474843421141,1.08691091570283,1.01504317817972,NA,NA,NA,NA,NA,NA,NA,NA,1.18177956519475,1.02225768362137,1.26237156782199,NA,1.176129127475,NA,NA,NA,NA,NA,NA,NA,NA,NA,NA,NA,NA,NA,NA,NA,NA,NA,NA,1.03484351405143,1.08734370017034
1657,1.38173258742211,NA,0.860054585336184,0.938438456230751,NA,NA,NA,NA,NA,NA,NA,NA,NA,NA,NA,NA,NA,NA,NA,NA,NA,NA,NA,NA,NA,1.07550988158954,NA,NA,NA,NA,1.0372280529169,1.31261679381498,NA,NA,1.17609921692525,1.00251366937656,1.05900736779384,1.01544210968928,NA,NA,NA,NA,NA,NA,NA,NA,0.91921800165175,1.13252941902457,1.31401414214828,NA,1.09269635282626,NA,NA,NA,NA,NA,NA,NA,NA,NA,NA,NA,NA,NA,NA,NA,NA,NA,NA,0.977673919071563,1.06444694290796
1658,1.58826962678205,NA,1.16597853321773,1.19645220243283,NA,NA,NA,NA,NA,NA,NA,NA,NA,NA,NA,NA,NA,NA,NA,NA,NA,NA,NA,NA,NA,1.17750923674858,NA,NA,NA,NA,1.04763103843713,1.43475985909944,NA,NA,1.1460043181671,1.0255059552679,1.07331726047422,1.01592116706582,NA,NA,NA,NA,NA,NA,NA,NA,0.967568078292311,1.36514447699807,1.28330125379912,NA,1.1503078485839,NA,NA,NA,NA,NA,NA,NA,NA,NA,NA,NA,NA,NA,NA,NA,NA,NA,NA,1.09711056127487,1.07291988510265
1659,1.15439882892935,NA,1.022836410405,1.07048062751187,NA,NA,NA,NA,NA,NA,NA,NA,NA,NA,NA,NA,NA,NA,NA,NA,NA,NA,NA,NA,NA,1.10319759219949,NA,NA,NA,NA,1.00549972413281,1.35301708702479,NA,NA,1.13388529130401,1.01397142182561,1.04458683206509,1.01622003860614,NA,NA,NA,NA,NA,NA,NA,NA,1.18881485961486,1.19524490379234,1.01837091944274,NA,1.11796674131918,NA,NA,NA,NA,NA,NA,NA,NA,NA,NA,NA,NA,NA,NA,NA,NA,NA,NA,0.982535619708554,1.08407859161465
1660,1.42512848663836,NA,1.10139767446672,1.12613858834926,NA,NA,NA,NA,NA,NA,NA,NA,NA,NA,NA,NA,NA,NA,NA,NA,NA,NA,NA,NA,NA,1.13809423720807,NA,NA,NA,NA,0.999961801901444,1.29439868004297,NA,NA,1.1892278959679,1.0500762457858,1.04137414536445,1.01655169463531,NA,NA,NA,NA,NA,NA,NA,NA,1.20154214309888,1.20977627000081,0.921601350395475,NA,1.13312450970798,NA,NA,NA,NA,NA,NA,NA,NA,NA,NA,NA,NA,NA,NA,NA,NA,NA,NA,1.0783167105514,1.13387077857062
1661,1.034813808085,NA,0.9372941144849,1.03647064393384,NA,NA,NA,NA,NA,NA,NA,NA,NA,NA,NA,NA,NA,NA,NA,NA,NA,NA,NA,NA,NA,1.06459037823793,NA,NA,NA,NA,0.966813111419472,1.23220742079153,NA,NA,1.1224942635781,1.00180641675612,1.03942490694493,1.01672951575195,NA,NA,NA,NA,NA,NA,NA,NA,0.927969126443198,1.19568263663764,0.739883510782952,NA,1.12320369679842,NA,NA,NA,NA,NA,NA,NA,NA,NA,NA,NA,NA,NA,NA,NA,NA,NA,NA,0.893852616463475,1.13876764679315
1662,1.03996361942337,NA,0.951967976725057,1.03145920701512,NA,NA,NA,NA,NA,NA,NA,NA,NA,NA,NA,NA,NA,NA,NA,NA,NA,NA,NA,NA,NA,1.14777924389092,NA,NA,NA,NA,0.935090490979707,1.13100911250836,NA,NA,1.08160531697881,0.981571950999569,1.0281054755399,1.01703803618693,NA,NA,NA,NA,NA,NA,NA,NA,0.909350824477811,1.19700560605168,1.0091264800476,NA,1.10167333226144,NA,NA,NA,NA,NA,NA,NA,NA,NA,NA,NA,NA,NA,NA,NA,NA,NA,NA,0.968276700077126,1.03320691674899
1663,0.933309337068111,NA,1.01905843033836,0.979708435445499,NA,NA,NA,NA,NA,NA,NA,NA,NA,NA,NA,NA,NA,NA,NA,NA,NA,NA,NA,NA,NA,1.13872030371291,NA,NA,NA,NA,0.988696165327009,1.07518448350198,NA,NA,1.05275294684468,1.00271919491813,1.03212379776155,1.01725735990976,NA,NA,NA,NA,NA,NA,NA,NA,0.990481878938883,1.07347235707563,1.09286793634469,NA,1.04154602469866,NA,NA,NA,NA,NA,NA,NA,NA,NA,NA,NA,NA,NA,NA,NA,NA,NA,NA,1.01683059299726,1.09853973665098
1664,1.07765079941017,NA,0.957962588152624,0.967285637165394,NA,NA,NA,NA,NA,NA,NA,NA,NA,NA,NA,NA,NA,NA,NA,NA,NA,NA,NA,NA,NA,1.14821764201803,NA,NA,NA,NA,0.995655634021323,1.1638651055796,NA,NA,1.02557775197073,1.03741894672583,1.02976572146417,1.01743800796998,NA,NA,NA,NA,NA,NA,NA,NA,1.16206339492874,1.05130046880604,1.0877640513526,NA,0.991844106945637,NA,NA,NA,NA,NA,NA,NA,NA,NA,NA,NA,NA,NA,NA,NA,NA,NA,NA,1.00170762961315,1.01002896198928
1665,1.00002899154405,NA,0.910399142875932,1.00838928007715,NA,NA,NA,NA,NA,NA,NA,NA,NA,NA,NA,NA,NA,NA,NA,NA,NA,NA,NA,NA,NA,1.11474157435976,NA,NA,NA,NA,0.996113990954329,1.12836233691885,NA,NA,1.05066252755771,1.04635462749528,1.01123980790632,1.01760486530429,NA,NA,NA,NA,NA,NA,NA,NA,1.16019159017976,1.12438749277131,1.02341317896429,NA,1.00824120013306,NA,NA,NA,NA,NA,NA,NA,NA,NA,NA,NA,NA,NA,NA,NA,NA,NA,NA,1.00104157257179,1.08405883505338
1666,1.03332331911533,NA,1.00909145704719,1.0545676328317,NA,NA,NA,NA,NA,NA,NA,NA,NA,NA,NA,NA,NA,NA,NA,NA,NA,NA,NA,NA,NA,1.18750697084478,NA,NA,NA,NA,0.918235191401289,1.12753458394895,NA,NA,1.06539330621705,1.06060268275914,1.00608677737056,1.01768485660497,NA,NA,NA,NA,NA,NA,NA,NA,1.08124414606652,1.16318355315769,0.986738475404509,NA,0.929973261685096,NA,NA,NA,NA,NA,NA,NA,NA,NA,NA,NA,NA,NA,NA,NA,NA,NA,NA,0.992540594144663,1.08083757805297
1667,0.831349957099161,NA,1.15677744613047,1.02935762458683,NA,NA,NA,NA,NA,NA,NA,NA,NA,NA,NA,NA,NA,NA,NA,NA,NA,NA,NA,NA,NA,1.12023464381537,NA,NA,NA,NA,0.945869179291285,1.22653315425635,NA,NA,1.02414710607202,1.04718595963205,1.02017305073359,1.01773055208542,NA,NA,NA,NA,NA,NA,NA,NA,1.06407678788911,1.17302741728316,1.06206627215316,NA,0.940300111154967,NA,NA,NA,NA,NA,NA,NA,NA,NA,NA,NA,NA,NA,NA,NA,NA,NA,NA,1.00358850480688,1.10675093405168
1668,1.18127425661184,NA,1.25480476986422,1.15920505071839,NA,NA,NA,NA,NA,NA,NA,NA,NA,NA,NA,NA,NA,NA,NA,NA,NA,NA,NA,NA,NA,1.20393387332422,NA,NA,NA,NA,0.997415268830465,1.38426909773306,NA,NA,1.03530325594163,1.05563963811517,1.0375814858171,1.01787091540259,NA,NA,NA,NA,NA,NA,NA,NA,1.31834205335326,1.16025900931676,1.04650698598259,NA,1.06581736309183,NA,NA,NA,NA,NA,NA,NA,NA,NA,NA,NA,NA,NA,NA,NA,NA,NA,NA,1.09069988995985,1.25565419227841
1669,0.839978958813955,NA,1.20197175311449,1.08920919428986,NA,NA,NA,NA,NA,NA,NA,NA,NA,NA,NA,NA,NA,NA,NA,NA,NA,NA,NA,NA,NA,1.14479194806618,NA,NA,NA,NA,0.970332665569881,1.22487666725975,NA,NA,0.964640645251845,1.01831020782673,1.0082443050166,1.01782247864498,NA,NA,NA,NA,NA,1.01730784300042,NA,NA,1.02995755110085,1.0106917612651,0.862255125836167,NA,0.992711334630214,NA,NA,NA,NA,NA,NA,NA,NA,NA,NA,NA,NA,NA,NA,NA,NA,NA,NA,0.888885064876466,1.10628299252465
1670,0.712147777639101,NA,1.04289610799955,0.96764921381783,NA,NA,NA,NA,NA,NA,NA,NA,NA,NA,NA,NA,NA,NA,NA,NA,NA,NA,NA,NA,NA,1.04174945214506,NA,NA,NA,NA,0.963159650507839,1.12449058547834,NA,NA,0.971949232131603,1.03309140405473,1.02928690146528,1.01781602576578,NA,NA,NA,NA,NA,1.00945046333611,NA,NA,1.0759937709198,0.901746321714621,0.917269222748143,NA,1.04434847575013,NA,NA,NA,NA,NA,NA,NA,NA,NA,NA,NA,NA,NA,NA,NA,NA,NA,NA,0.975963897000784,1.13519288904959
1671,0.607955692745548,NA,1.06387247140224,0.873116367337579,NA,NA,NA,NA,NA,NA,NA,NA,NA,NA,NA,NA,NA,NA,NA,NA,NA,NA,NA,NA,NA,1.0607499748946,NA,NA,NA,NA,0.938763298612311,1.19141114345551,NA,NA,0.979134055165823,1.02640222630197,1.01553409136742,1.01773699363461,NA,NA,NA,NA,NA,1.01415795388278,NA,NA,1.22659662987936,0.973289523632925,0.953963349678535,NA,1.05255299986311,NA,NA,NA,NA,NA,NA,NA,NA,NA,NA,NA,NA,NA,NA,NA,NA,NA,NA,1.10708323920212,1.10914974753867
1672,0.787818502431793,NA,1.10558298009369,0.955434122809091,NA,NA,NA,NA,NA,NA,NA,NA,NA,NA,NA,NA,NA,NA,NA,NA,NA,NA,NA,NA,NA,1.01518452891212,NA,NA,NA,NA,0.862563897877895,1.14053255828028,NA,NA,0.927396829381512,1.01420385688335,0.999586139498229,1.01777114365616,NA,NA,NA,NA,NA,1.00543734017433,NA,NA,1.0428059549977,1.12397511580414,0.954449871349007,NA,0.986863085519294,NA,NA,NA,NA,NA,NA,NA,NA,NA,NA,NA,NA,NA,NA,NA,NA,NA,NA,1.07874745098355,1.00338207602075
1673,0.791998060159947,NA,1.09126737066413,0.968442479101318,NA,NA,NA,NA,NA,NA,NA,NA,NA,NA,NA,NA,NA,NA,NA,NA,NA,NA,NA,NA,NA,0.977649810182074,NA,NA,NA,NA,0.948100709369106,1.1047050376635,NA,NA,0.921052765117377,1.00645330403804,1.01489444961147,1.01768157433987,NA,NA,NA,NA,NA,1.00817935896565,NA,NA,0.863128430032866,1.05877674419223,0.966130680835723,NA,0.989906801604526,NA,NA,NA,NA,NA,NA,NA,NA,NA,NA,NA,NA,NA,NA,NA,NA,NA,NA,1.10100314153602,1.14031670948672
1674,0.61768319514359,NA,1.06276957887024,1.02852359288213,NA,NA,NA,NA,NA,NA,NA,NA,NA,NA,NA,NA,NA,NA,NA,NA,NA,NA,NA,NA,NA,0.904147941926615,NA,NA,NA,NA,0.939787287682818,1.04830381263392,NA,NA,0.999997689754925,1.05775203391986,1.02311961013828,1.01753724178687,NA,NA,NA,NA,NA,1.00820591584833,NA,NA,0.929088648373559,1.0269467382811,0.992019001515683,NA,1.04053036320281,NA,NA,NA,NA,NA,NA,NA,NA,NA,NA,NA,NA,NA,NA,NA,NA,NA,NA,1.04552350417405,1.1455745055979
1675,NA,NA,0.905679269206071,0.844888573086306,NA,NA,NA,NA,NA,NA,NA,NA,NA,NA,NA,NA,NA,NA,NA,NA,NA,NA,NA,NA,NA,0.844800589506255,NA,NA,NA,NA,0.948757906387792,0.944568384731285,NA,NA,0.951556775020644,1.03699944084501,0.994508218297789,1.01737440072702,NA,NA,NA,NA,NA,1.00096204935567,NA,NA,0.96113432525988,0.97719418372157,0.95773175119109,NA,1.07421002097423,NA,NA,NA,NA,NA,NA,NA,NA,NA,NA,NA,NA,NA,NA,NA,NA,NA,NA,1.04201966370355,1.1668481239625
1676,NA,NA,0.90558587884449,0.881093961119477,NA,NA,NA,NA,NA,NA,NA,NA,NA,NA,NA,NA,NA,NA,NA,NA,NA,NA,NA,NA,NA,0.943944946664701,NA,NA,NA,NA,0.987091406055668,1.10294209436367,NA,NA,0.945742606677185,1.0350141665783,0.997475734822979,1.01725274500211,NA,NA,NA,NA,NA,1.00261901792662,NA,NA,1.11762573327889,1.05905564172391,1.05391600674394,NA,1.11818309625329,NA,NA,NA,NA,NA,NA,NA,NA,NA,NA,NA,NA,NA,NA,NA,NA,NA,NA,1.15991278802245,1.10858892843204
1677,NA,NA,1.08363510288,0.898446618654535,NA,NA,NA,NA,NA,NA,NA,NA,NA,NA,NA,NA,NA,NA,NA,NA,NA,NA,NA,NA,NA,0.944162106684837,NA,NA,NA,NA,0.957635235550421,1.06570655357979,NA,NA,0.979522893338668,1.03757415448971,1.05111529202888,1.01725461243845,NA,NA,NA,NA,NA,1.00422968523966,NA,NA,1.28056834435104,1.15258986967667,0.990333435484774,NA,1.17610544313712,NA,NA,NA,NA,NA,NA,NA,NA,NA,NA,NA,NA,NA,NA,NA,NA,NA,NA,1.08918743490072,1.06128060235119
1678,NA,NA,1.07667125675522,0.964380783499986,NA,NA,NA,NA,NA,NA,NA,NA,NA,NA,NA,NA,NA,NA,NA,NA,NA,NA,NA,NA,NA,0.970563711195394,NA,NA,NA,NA,0.965837184353923,1.04620285657724,NA,NA,0.96791095056462,0.996351936769463,1.03609907903438,1.01710952583956,NA,NA,NA,NA,NA,1.00124477216883,NA,NA,1.13207176600209,1.07632490772495,1.01304770345839,NA,1.19820862585708,NA,NA,NA,NA,NA,NA,NA,NA,NA,NA,NA,NA,NA,NA,NA,NA,NA,NA,1.11205682271976,1.08619825345906
1679,NA,NA,1.06267365362962,0.852639289804027,NA,NA,NA,NA,NA,NA,NA,NA,NA,NA,NA,NA,NA,NA,NA,NA,NA,NA,NA,NA,NA,0.925623214198367,NA,NA,NA,NA,0.949951452365289,0.920234794092386,NA,NA,0.84882032672746,0.962926568311585,0.999228243517466,1.01682819556495,NA,NA,NA,NA,NA,0.996128306367798,NA,NA,0.975914840254869,0.882392868344693,0.912368076319776,NA,1.02597481848187,NA,NA,NA,NA,NA,NA,NA,NA,NA,NA,NA,NA,NA,NA,NA,NA,NA,NA,0.912048785217292,1.08397718662947
1680,NA,NA,0.755978656133705,0.700794137460849,NA,NA,NA,NA,NA,NA,NA,NA,NA,NA,NA,NA,NA,NA,NA,NA,NA,NA,NA,NA,NA,0.700118904194896,NA,NA,NA,NA,0.878120888072764,0.765163565797925,NA,NA,0.734297852337959,0.882358495707616,0.963932120543681,1.0165193994047,NA,NA,NA,NA,NA,0.975946642553268,NA,NA,0.721640023368674,0.835858035890722,0.880282579760896,NA,0.797384169852161,NA,NA,NA,NA,NA,NA,NA,NA,NA,NA,NA,NA,NA,NA,NA,NA,NA,NA,0.778483263925243,0.884390464941323
1681,NA,NA,0.773807076966641,0.728374881376055,NA,NA,NA,NA,NA,NA,NA,NA,NA,NA,NA,NA,NA,NA,NA,NA,NA,NA,NA,NA,NA,0.801664628145135,NA,NA,NA,NA,0.958761876329927,1.0054101342661,NA,NA,0.8883905855732,0.942914177378877,1.00036320545842,1.0165311920376,NA,NA,NA,NA,NA,0.998457220603666,NA,NA,0.927083563831578,0.878738299124874,0.891276369099089,NA,0.806780847366732,NA,NA,NA,NA,NA,NA,NA,NA,NA,NA,NA,NA,NA,NA,NA,NA,NA,NA,0.934819898614573,0.932443269294624
1682,NA,NA,1.17398251143267,0.963580014371323,NA,NA,NA,NA,NA,NA,NA,NA,NA,NA,NA,NA,NA,NA,NA,NA,NA,NA,NA,NA,NA,0.88361989983211,NA,NA,NA,NA,0.988835033583206,1.06340320349802,NA,NA,0.944719345434811,0.988000514932366,1.03845520870229,1.01654830043359,NA,NA,NA,NA,NA,1.01762487652845,NA,NA,1.11634594219213,1.01435660439328,1.04200649541954,NA,0.944567550127714,NA,NA,NA,NA,NA,NA,NA,NA,NA,NA,NA,NA,NA,NA,NA,NA,NA,NA,1.03197704314213,0.972183310704267
1683,NA,NA,1.1271692166597,0.966850691519371,NA,NA,NA,NA,NA,NA,NA,NA,NA,NA,NA,NA,NA,NA,NA,NA,NA,NA,NA,NA,NA,0.859490147094402,NA,NA,NA,NA,0.967187327880292,0.941227562448094,NA,NA,0.973005965865118,1.04351849203236,1.04234176847467,1.01633943219217,NA,NA,NA,NA,NA,0.99723634293944,NA,NA,1.10111755585374,1.04403029220078,1.06386969068857,NA,0.900149542599821,NA,NA,NA,NA,NA,NA,NA,NA,NA,NA,NA,NA,NA,NA,NA,NA,NA,NA,1.04885908846546,1.02352179337615
1684,NA,NA,1.04337976386796,0.840496310054722,NA,NA,NA,NA,NA,NA,NA,NA,NA,NA,NA,NA,NA,NA,NA,NA,NA,NA,NA,NA,NA,0.895373577878451,NA,NA,NA,NA,0.951234292830187,0.962652408744513,NA,NA,0.992918869073931,1.04806881704595,1.03266828174626,1.01611469333131,NA,NA,NA,NA,NA,1.00444164389995,NA,NA,1.08586955171976,1.01908193287234,1.09475100424164,NA,1.01510851487446,NA,NA,NA,NA,NA,NA,NA,NA,NA,NA,NA,NA,NA,NA,NA,NA,NA,NA,1.05430473990083,1.06901698373824
1685,NA,NA,1.28657744304912,0.863341066072175,NA,NA,NA,NA,NA,NA,NA,NA,NA,NA,NA,NA,NA,NA,NA,NA,NA,NA,NA,NA,NA,1.05801626025865,NA,NA,NA,NA,1.02127096796527,0.983427799376177,NA,NA,1.03918290562369,1.06254737857301,1.06569536615458,1.01597209768166,NA,NA,NA,NA,NA,0.999731924784187,0.969077179185276,NA,1.30882649743527,1.1217841803644,1.16977816481807,1.15006861258381,1.1236642538822,NA,NA,NA,NA,NA,NA,NA,NA,NA,NA,NA,NA,NA,NA,NA,NA,NA,NA,1.16818554390418,1.07755834059918
1686,NA,NA,1.10874492726482,0.828709407980713,NA,NA,NA,NA,NA,NA,NA,NA,NA,NA,NA,NA,NA,NA,NA,NA,NA,NA,NA,NA,NA,0.917091262453942,0.923797342538018,NA,NA,NA,0.959968803600407,0.940263795755381,NA,NA,0.941304360541553,0.97884445607002,1.00310919031438,1.01560623004356,NA,NA,NA,NA,NA,1.00344709012552,0.955370095675235,NA,1.07081929279505,1.06828732750821,1.09735690344607,1.15308640646132,1.05110957493666,NA,NA,NA,NA,NA,NA,NA,NA,NA,NA,NA,NA,NA,NA,NA,NA,NA,NA,0.9733708014774,0.957667094581786
1687,NA,NA,0.948822294346882,0.854335082948151,NA,NA,NA,NA,NA,NA,NA,NA,NA,NA,NA,NA,NA,NA,NA,NA,NA,NA,NA,NA,NA,0.872762024100467,0.447425439747359,NA,NA,NA,0.960185401616224,0.791849974611024,NA,NA,0.893858311086954,0.948408276526123,0.982940943723417,1.01537849789956,NA,NA,NA,NA,NA,0.996439336263316,0.961881871441503,NA,0.960339373383881,1.06063626963126,0.968045219219799,0.926465841900446,1.06514670350993,NA,NA,NA,NA,NA,NA,NA,NA,NA,NA,NA,NA,NA,NA,NA,NA,NA,NA,0.939968089554171,0.980027151350951
1688,NA,NA,0.972687497689908,0.8951684430084,NA,NA,NA,NA,NA,NA,NA,NA,NA,NA,NA,NA,NA,NA,NA,NA,NA,NA,NA,NA,NA,0.937231850151523,0.535735454220806,NA,NA,NA,0.983222953119513,0.791619915520347,NA,NA,0.977940250746591,0.960855986158412,1.00650633699199,1.01513464146458,NA,NA,NA,NA,NA,0.992326021665361,0.984713619879706,NA,1.02449172798607,0.947054095907165,1.02319794636564,0.969388292058487,0.980653523340908,NA,NA,NA,NA,NA,NA,NA,NA,NA,NA,NA,NA,NA,NA,NA,NA,NA,NA,0.988689541572691,0.919991744528262
1689,NA,NA,1.03335321779942,0.92767535569803,NA,NA,NA,NA,NA,NA,NA,NA,NA,NA,NA,NA,NA,NA,NA,NA,NA,NA,NA,NA,NA,1.0589970057743,0.961592195117466,NA,NA,NA,0.997236876297949,1.02265466822251,NA,NA,1.03262052750226,0.986069471543,1.00469747759884,1.01499673330975,NA,NA,NA,NA,NA,0.994709309323765,1.05654900887505,NA,1.16336692406384,0.993104181136857,1.10257097926096,0.94504984192442,0.940194753006995,NA,NA,NA,NA,NA,NA,NA,NA,NA,NA,NA,NA,NA,NA,NA,NA,NA,NA,1.04478078785338,1.01043114312033
1690,NA,NA,0.896675859948349,0.836486478177243,NA,NA,NA,NA,NA,NA,NA,NA,NA,NA,NA,NA,NA,NA,NA,NA,NA,NA,NA,NA,NA,1.03328506876136,0.913920499646165,1.00161191269135,NA,NA,0.976322360375998,1.00247253751819,NA,NA,1.02812169940925,0.982905810859423,1.0120812172437,1.01470893368142,NA,NA,NA,NA,NA,0.994806858800294,1.00534174597268,NA,0.977408700875965,0.828139647191546,0.783681129791974,0.871252871083722,0.911412487557381,NA,NA,NA,NA,NA,NA,NA,NA,NA,NA,NA,NA,NA,NA,NA,NA,NA,NA,1.00703874124392,1.01771803902929
1691,NA,NA,0.952962587801282,1.02072449035733,NA,NA,NA,NA,NA,NA,NA,NA,NA,NA,NA,NA,NA,NA,NA,NA,NA,NA,NA,NA,NA,1.0196417824602,0.905954595306335,1.10095256309603,NA,NA,0.997632053205507,0.960693215552021,NA,NA,1.02350474432824,1.00768168415829,1.01479694883748,1.01454669912151,NA,NA,NA,NA,NA,0.99484101685873,1.03014995296173,NA,0.862547788281098,0.853493278390591,0.998086244243826,1.01743410123112,0.976179217247739,NA,NA,NA,NA,NA,NA,NA,NA,NA,NA,NA,NA,NA,NA,NA,NA,NA,NA,1.04132318732314,0.989388766471525
1692,NA,NA,1.15754495318172,1.06936673822882,NA,NA,NA,1.05450911192834,NA,NA,NA,NA,NA,NA,NA,NA,NA,NA,NA,NA,NA,NA,NA,NA,NA,1.12156819301365,1.20283502295723,1.01636317207751,NA,NA,1.01069937070989,1.04130617127139,NA,NA,1.02450310818938,1.01873336984647,1.03336532215363,1.01436792863735,NA,NA,NA,1.05362167241686,NA,0.996895816874345,1.07954272461215,NA,0.978169630681402,1.08883210509295,0.975036382651733,0.968125239872949,1.02592301423534,NA,NA,NA,NA,NA,NA,NA,NA,NA,NA,NA,NA,NA,NA,NA,NA,NA,NA,1.08785985291492,1.08260742722745
1693,NA,NA,1.23960547038358,1.06735385397022,NA,NA,1.03014777324632,1.01732070574125,NA,NA,NA,NA,NA,NA,NA,NA,NA,NA,NA,NA,NA,NA,NA,NA,NA,NA,1.10632678818489,0.953418895152319,NA,NA,1.06499374404268,1.18117020852787,NA,NA,1.05269170891006,1.05592298330928,1.06459115241508,1.01416519307261,NA,NA,NA,0.897724886121909,NA,1.00061200514866,1.05966553558902,NA,1.042173139482,1.12990999948145,1.01441438487168,0.952031667222469,1.01414394747017,NA,NA,NA,NA,NA,NA,NA,NA,NA,NA,NA,NA,NA,NA,NA,NA,NA,NA,1.02037613803189,1.05026945488557
1694,NA,NA,1.35014853781136,1.15801260083874,NA,NA,0.876533806633167,0.922991457018178,NA,NA,NA,NA,NA,NA,NA,NA,NA,NA,NA,NA,NA,NA,NA,NA,NA,NA,0.924430370081713,0.929685789619615,NA,NA,1.06038062930234,1.05978942636825,NA,NA,1.05887521021348,1.0432087726457,1.05158139800285,1.01388862313616,NA,NA,NA,0.922350250096056,NA,1.00386102175955,1.03157296705072,NA,0.995035169131261,0.985432782530461,0.868051437399015,0.825798740271198,0.975201571403545,NA,NA,NA,NA,NA,NA,NA,NA,NA,NA,NA,NA,NA,NA,NA,NA,NA,NA,1.08988153838032,1.11232692743552
1695,NA,NA,1.06368745475247,1.0391350814008,NA,NA,0.971425222871382,0.977960266027239,NA,NA,NA,NA,NA,NA,NA,NA,NA,NA,NA,NA,NA,NA,NA,NA,NA,NA,0.682649059361041,0.89510132510895,NA,NA,0.984514289353877,0.843610555168758,NA,NA,1.05989292841091,1.01912752729867,1.02919249629238,1.01357545852485,NA,NA,NA,0.924772288001484,NA,0.989642166069982,0.991865745441414,NA,0.847014419335342,0.902086575849424,0.904235719101488,0.778281034795913,0.929327246751313,NA,NA,NA,NA,NA,NA,NA,NA,NA,NA,NA,NA,NA,NA,NA,NA,NA,NA,1.01172055159652,0.998947371921844
1696,NA,NA,0.928463179662227,0.914125540829848,NA,NA,1.03527294107285,1.00124397833984,NA,NA,NA,NA,NA,NA,NA,NA,NA,NA,NA,NA,NA,NA,NA,NA,NA,NA,0.81665250196779,0.944223100236767,NA,NA,0.969747536038701,0.868445942675938,NA,NA,1.06599956867567,1.00833213035184,1.00583202233703,1.01326803803708,NA,NA,NA,0.910310950036123,NA,0.993928182477657,1.00141313858304,NA,0.631890040239994,0.84575378533201,1.00968826135299,0.840116567916295,0.902379607026892,NA,NA,NA,NA,NA,NA,NA,NA,NA,NA,NA,NA,NA,NA,NA,NA,NA,NA,0.993516787253581,0.91748813966475
1697,NA,NA,0.905913777893003,0.961326000879543,NA,NA,1.02314749471776,1.00630134661795,NA,NA,NA,NA,NA,NA,NA,NA,NA,NA,NA,NA,NA,NA,NA,NA,NA,NA,0.888554736315921,0.895673879475603,NA,NA,1.01767810662798,0.843345770297895,NA,NA,1.0514664140073,1.00558139944938,1.01334696232165,1.012985719024,NA,NA,NA,1.03961315448333,NA,1.00119212052812,0.987098517553134,NA,0.742949568881335,0.90875102535462,0.981606845285525,0.851116105049661,0.948936792902067,NA,NA,NA,NA,NA,NA,NA,NA,NA,NA,NA,NA,NA,NA,NA,NA,NA,NA,1.01360814320643,0.941338808226099
1698,NA,NA,1.03960883538891,1.11849051632659,NA,NA,1.05544523035344,1.02398238055221,NA,NA,NA,NA,NA,NA,NA,NA,NA,NA,NA,NA,NA,NA,NA,NA,NA,NA,1.02283377629312,1.06521410192429,NA,NA,1.06584738392331,1.09559117676168,NA,NA,1.11060084476179,1.02714792382545,1.0503631929177,1.0127527536168,NA,NA,NA,1.21662852525552,NA,1.01340971142172,1.01028755254042,NA,0.94818793961564,0.993634308647827,1.10480798111096,0.973245516003938,1.05135570503657,NA,NA,NA,NA,NA,NA,NA,NA,NA,NA,NA,NA,NA,NA,NA,NA,NA,NA,1.12306606945434,0.900030258976788
1699,NA,NA,1.12874549300022,1.19207673647189,NA,NA,1.02732972485202,0.978306945412419,NA,NA,NA,NA,NA,NA,NA,NA,NA,NA,NA,NA,NA,NA,NA,NA,NA,NA,1.07177460292805,0.989633605681709,NA,NA,1.02392244218145,1.14723773471684,NA,NA,1.16482886315022,1.02472856604953,1.02303936453939,1.01248337091754,NA,NA,NA,1.27525944306207,1.03148353076376,0.99249827067618,1.04929471590299,NA,0.948586519735496,0.950807339626737,1.19139883499174,0.964889224158812,1.01741261448239,NA,NA,NA,NA,NA,NA,NA,NA,NA,NA,NA,NA,NA,NA,NA,NA,NA,NA,0.970309254361996,0.933790992597855
1700,NA,NA,1.02094201605558,1.0777542710033,NA,NA,1.05051182998366,1.01540305941793,NA,NA,NA,NA,NA,NA,NA,NA,NA,NA,NA,NA,NA,NA,NA,NA,NA,NA,1.07289219807705,1.13716803286734,NA,NA,1.04090101631752,1.02062686592905,NA,NA,1.15826286898398,1.01154058995427,1.04100532081046,1.01219611037415,NA,NA,NA,1.14828517519674,1.03325129439543,0.99952278224836,1.0873591995459,NA,1.02945843079652,1.051377730089,1.34874198753296,1.1436220281552,1.04360801528904,NA,NA,NA,NA,NA,NA,NA,NA,NA,NA,NA,NA,NA,NA,NA,NA,NA,NA,1.12097756316447,0.913966936793874
1701,NA,NA,0.766077089730573,0.974940461316253,NA,NA,1.07562992416656,1.02450827286071,NA,NA,NA,1.08721796836042,NA,NA,NA,NA,NA,NA,NA,NA,NA,NA,NA,NA,NA,NA,1.4088754659075,1.14712789748082,NA,NA,0.992414933186672,0.937495856128947,NA,NA,1.02753774584072,0.962395662313608,1.01291900175376,1.01178259489579,NA,NA,1.05606081908253,1.03698172810796,1.06410541114998,1.00358585342433,1.03759258602841,NA,1.22895865051941,1.06753637087195,1.10733213664969,1.03404752759958,1.04380889811022,NA,NA,NA,NA,NA,NA,NA,NA,NA,NA,NA,NA,NA,NA,NA,NA,NA,NA,0.884087109409451,0.964729800918062
1702,NA,NA,0.838871551906505,1.0667398951135,NA,NA,1.08342428702113,1.08094147575308,NA,NA,NA,1.12359129887802,NA,NA,NA,NA,NA,NA,NA,NA,NA,NA,NA,NA,NA,NA,2.105867725966,1.18393298702542,NA,NA,1.01837143229033,0.95910595742787,NA,NA,1.07204433031894,1.00013726578916,1.0419360047,1.01157939378268,NA,NA,1.06194329527207,1.03300476502599,1.03642095530993,1.00826153974293,1.04023913860196,NA,1.43096205272984,1.28001234499206,1.35686918176228,1.13772162969102,1.04486087903357,NA,NA,NA,NA,NA,NA,NA,NA,NA,NA,NA,NA,NA,NA,NA,NA,NA,NA,0.977463683747347,0.989726971164496
1703,NA,NA,1.2419901673604,1.22047105380249,NA,NA,1.05517379017394,1.08380864942048,NA,NA,NA,1.1313374769314,NA,NA,NA,NA,NA,NA,NA,NA,NA,NA,NA,NA,NA,NA,1.78272531768374,1.11849820141701,NA,NA,1.10927011132938,1.05863960365935,NA,NA,1.07304027769416,1.04186420487912,1.07377608134064,1.0112867977849,NA,NA,1.06080411999598,1.01926705200446,1.03286244740699,0.991623109296624,1.0468309908798,NA,1.28876341430413,1.28020118555834,1.40880335175041,1.25787890834946,1.07734458441557,NA,NA,NA,NA,NA,NA,NA,NA,NA,NA,NA,NA,NA,NA,NA,NA,NA,NA,1.18078985488526,1.08335247010272
1704,NA,NA,1.28487724193879,1.24889942115819,NA,NA,1.07467746086879,1.05137134219101,NA,NA,NA,1.07686478620459,NA,NA,NA,NA,NA,NA,NA,NA,NA,NA,NA,NA,NA,NA,1.79519377370048,1.10307108580782,NA,NA,1.13486686554201,1.22659624706563,1.02023046496053,NA,1.1507119858441,1.07267427886009,1.04462526614255,1.01104171474883,NA,NA,1.02004968067354,1.02727511303821,1.10253051679888,1.01005756751148,1.06068540363746,NA,1.47388954847553,1.31858156181565,1.44338022189351,1.27966748502306,1.1075651065336,NA,NA,NA,NA,NA,NA,NA,NA,NA,NA,NA,NA,NA,NA,NA,NA,NA,NA,1.32606558578091,1.10725812780968
1705,NA,NA,0.853036180776694,1.01179451733154,NA,NA,0.970000261971661,0.982637463413226,NA,NA,NA,0.997428649745404,NA,NA,NA,NA,NA,NA,NA,NA,NA,NA,NA,NA,NA,NA,0.861432156142517,0.957747208678903,NA,NA,1.0062360233221,0.816770566610834,0.881294264545915,NA,1.05395527322791,0.997295276128962,0.988517951986325,1.01059904928071,NA,NA,1.00100988537168,0.940993569600524,1.03079579386048,1.00005065816623,0.954856735172065,NA,0.901232208591116,1.07206309959417,1.02962815200075,0.979932223900497,0.870754221949266,NA,NA,NA,NA,NA,NA,NA,NA,NA,NA,NA,NA,NA,NA,NA,NA,NA,NA,1.00532804003673,0.878009441350563
1706,NA,NA,0.872235321578388,0.961427499455695,NA,NA,0.963599635001533,0.981808229552106,NA,NA,NA,0.929174229220895,NA,NA,NA,NA,NA,NA,NA,NA,NA,NA,NA,NA,NA,NA,0.818366995231226,0.934304458894787,NA,NA,0.992985188441986,0.816752830521609,0.876357091857761,NA,1.06032743529429,1.02268729710525,1.000147210592,1.01028190602642,NA,NA,0.99603902329421,1.04290877074305,1.0321786239677,0.994279384281803,0.992218458979354,NA,1.07916835924387,1.06377124984185,1.13598634896027,1.11490253980241,0.834729220699188,NA,NA,NA,NA,NA,NA,NA,NA,NA,NA,NA,NA,NA,NA,NA,NA,NA,NA,0.956759167945689,0.903210031261539
1707,NA,NA,1.44813007034981,1.24853913785493,NA,NA,1.05799484278161,1.05320207441026,NA,NA,NA,1.10534742332768,NA,NA,NA,NA,NA,NA,NA,NA,NA,NA,NA,NA,NA,NA,1.4480641430635,1.18639822172482,NA,NA,1.04173966029321,1.0585184562853,1.43215570716623,NA,1.12435853625567,1.055157594199,1.0511280393777,1.01014594936458,NA,NA,1.00970795091961,1.14241130058176,1.0840059113474,1.00916417647894,1.03328855294818,NA,1.5031806974463,1.22938921744392,1.30001962312327,1.28698723755267,0.988497124017117,NA,NA,NA,NA,NA,NA,NA,NA,NA,NA,NA,NA,NA,NA,NA,NA,NA,NA,1.21581999605337,1.03606752543471
1708,NA,NA,1.10707632354033,1.16049667026483,NA,NA,1.05419661277913,1.06162459424453,NA,NA,NA,1.12670319556553,NA,NA,NA,NA,NA,NA,NA,NA,NA,NA,NA,NA,NA,NA,1.20390474673325,1.04056520852555,NA,NA,0.946219035732799,0.937262148090385,1.16216805759258,1.00821169801337,1.02218315474446,1.01206199287945,1.01589119292505,1.00973835576494,NA,NA,0.962904703425051,1.03644473167124,0.984027352515459,1.00104111789793,0.986368314692735,NA,1.24707288359593,0.991908770954236,1.27674849308266,1.20220982123163,0.883269735491086,NA,NA,NA,NA,NA,NA,NA,NA,NA,NA,NA,NA,NA,NA,NA,NA,NA,NA,1.18112796328,1.07028819274436
1709,NA,NA,0.994514624803715,1.08201212713845,NA,NA,1.01917734611121,1.03230043669271,NA,NA,NA,1.09053529940301,NA,NA,NA,NA,NA,NA,NA,NA,NA,NA,NA,NA,NA,NA,1.19281240130283,0.982256972235269,NA,NA,0.937157329974166,0.699127192511649,1.09137370007179,0.99851372579319,0.976808092746536,0.984627463024144,0.995854948410601,1.00930154460516,NA,NA,0.96270391031798,0.98714482324528,0.957101598495465,0.997226735134229,0.991239828896205,NA,1.01701569524854,0.952112971057272,1.31742777815315,1.22433982029086,0.845747187284724,NA,NA,NA,NA,NA,NA,NA,NA,NA,NA,NA,NA,NA,NA,NA,NA,NA,NA,1.05188998550661,0.935251222286984
1710,NA,NA,1.24878182014239,1.17883279650264,NA,NA,0.982809987442289,1.03233841360087,NA,NA,NA,1.07119633622488,NA,NA,NA,NA,NA,NA,NA,NA,NA,NA,NA,NA,NA,NA,1.55780716126991,1.05843652757323,NA,NA,1.00015607672109,0.891763343690465,0.951932496872697,1.00469956554006,1.10452711481077,1.04671240437327,1.00692055840979,1.00917270852578,NA,NA,0.977176947234132,0.936654590729519,1.10551460276691,1.00885595899695,1.00703286207792,NA,1.18807576406181,1.07422800118799,1.40251030568308,1.34804368931729,0.961082111912561,NA,NA,NA,NA,NA,NA,NA,NA,NA,NA,NA,NA,NA,NA,NA,NA,NA,NA,1.07402559209095,1.00630615663819
1711,NA,NA,1.34674418302341,1.17594831006284,NA,NA,1.01934789660099,1.04078281334992,NA,NA,NA,1.09771152684459,NA,NA,NA,NA,NA,NA,NA,NA,NA,NA,NA,NA,NA,NA,1.34915905031527,0.990049970182942,NA,NA,1.01929732453228,0.937352937349169,1.27779290916423,1.00743732281926,1.0909600305128,1.06343854179961,1.02600141104078,1.00887333755598,NA,NA,0.997018968239616,1.01830936207525,1.06267725601829,1.00773308732895,1.00611099581718,NA,1.20344634743386,1.00362738165411,1.36873141626952,1.24370351301707,0.9874814698301,NA,NA,NA,NA,NA,NA,NA,NA,NA,NA,NA,NA,NA,NA,NA,NA,NA,NA,1.12766157257504,1.07398112246389
1712,NA,NA,1.26913136836156,1.11415942661455,NA,NA,1.05455274958309,1.0491557930686,NA,NA,NA,1.01044216531831,NA,NA,NA,NA,NA,NA,NA,NA,NA,NA,NA,NA,NA,NA,1.23131458446846,1.00150284251041,NA,NA,1.01937870567647,1.07712591926586,1.24935442884551,1.00240240257853,1.06607438627132,1.00652711767162,1.02197735903824,1.00855726901968,NA,NA,1.01488819461995,1.133631951115,1.021935119677,1.0056461880353,0.995760580105658,NA,1.06544773079268,1.04932555616442,1.13720856534218,1.1474381271329,1.00543297797486,NA,NA,NA,NA,NA,NA,NA,NA,NA,NA,NA,NA,NA,NA,NA,NA,NA,NA,1.14145613055453,1.02953751997453
1713,NA,NA,1.14375424004423,1.05036035102326,NA,NA,1.08168971339578,1.08898280741326,NA,NA,NA,1.04234996985749,NA,NA,NA,NA,NA,NA,NA,NA,NA,NA,NA,NA,NA,NA,1.12408392832288,1.0229229768512,NA,NA,0.979217393168543,1.02051259597563,1.19632258377973,0.993898245917903,0.965540716843788,0.966835281354648,1.00542783994329,1.00822891442732,NA,NA,1.03833270575465,1.10335542546934,0.957566243152566,0.998026266586828,1.00599161336633,NA,0.886573355322191,0.943737753491611,0.984680504009513,1.13483964318654,0.993813550798749,NA,NA,NA,NA,NA,NA,NA,NA,NA,NA,NA,NA,NA,NA,NA,NA,NA,NA,1.13690060003042,1.1170027215401
1714,NA,NA,0.933184414450044,0.897129317517759,NA,NA,1.02063066129175,1.02639924508997,NA,NA,NA,0.915517591740198,NA,NA,NA,NA,NA,NA,NA,NA,NA,NA,NA,NA,NA,NA,0.496300751910397,0.922603039279482,NA,NA,0.882897884339593,0.761277017465636,0.709488917592662,0.97397491140325,0.855845625488877,0.8990286372821,0.923517512605889,1.00779240215114,NA,NA,0.995370942601223,0.931274984492003,0.923485654068059,0.990362363283926,0.989478436407205,NA,0.408000984885515,0.665134589008098,0.775341450986219,0.945029545360392,0.838875513651147,NA,NA,NA,NA,NA,NA,NA,NA,NA,NA,NA,NA,NA,NA,NA,NA,NA,NA,0.852401193503766,0.789846416068765
1715,NA,NA,0.944246473457532,1.03100406115805,NA,NA,1.03691336241402,1.04312064158745,NA,NA,NA,0.935263468379977,NA,NA,NA,NA,NA,NA,NA,NA,NA,NA,NA,NA,NA,NA,0.607009020526094,1.08897555184329,NA,NA,0.963775474422373,0.843104128260151,1.02205198847711,0.978843005100036,0.898770512101512,0.922139526081158,0.965403014091234,1.00760574243724,NA,NA,1.02348363404522,0.937204586140291,0.952230097831845,1.00441364906484,1.0200008343942,NA,0.616637800903576,0.848613879471807,0.976214188166747,0.962587506206823,0.915739976230976,NA,NA,NA,NA,NA,NA,NA,NA,NA,NA,NA,NA,NA,NA,NA,NA,NA,NA,1.00969649786735,0.904712739631635
1716,NA,NA,0.929841047136155,0.911595185414776,NA,NA,1.03830393051202,1.05506518128961,NA,NA,NA,0.901090137314488,NA,NA,NA,NA,NA,NA,NA,NA,NA,NA,NA,NA,NA,NA,0.721166210930643,1.10540503635945,NA,NA,0.955524977532759,0.817181891775978,1.01868447366871,0.977433035912801,0.968078615564789,0.954921271510352,0.957808753022724,1.00727767608714,NA,NA,1.02520363373511,1.06490178407176,0.925131962362493,1.0043689665702,1.03388582136971,NA,0.673897799563315,0.878858012620157,0.931507541909476,0.970720015169529,0.900289124826716,NA,NA,NA,NA,NA,NA,NA,NA,NA,NA,NA,NA,NA,NA,NA,NA,NA,NA,1.03770612495412,0.950204054770438
1717,NA,NA,0.958075381087791,0.903920936993737,NA,NA,1.01511015547035,1.00906023577499,NA,NA,NA,0.948173196097866,NA,NA,NA,NA,NA,NA,NA,NA,NA,NA,NA,NA,NA,NA,0.642570811059825,1.0401655066529,NA,NA,0.937719215054873,0.915476076798163,0.836621887898646,0.980476626720358,0.997815018733138,0.974323954461087,0.953922856233133,1.00692926095383,NA,NA,1.01897075374194,1.05472065191597,0.935404382277492,1.00607404144689,1.03168290056173,NA,0.818310908656979,0.899594758127933,0.845928941918331,0.985984645956175,0.951137465660054,NA,NA,NA,NA,NA,NA,NA,NA,NA,NA,NA,NA,NA,NA,NA,NA,NA,NA,0.933183120396016,0.922145657920365
1718,NA,NA,0.977704669234897,1.03418795204106,NA,NA,0.994172944431225,0.945244852960654,NA,NA,NA,0.880054621042177,NA,NA,NA,NA,NA,NA,NA,NA,NA,NA,NA,NA,NA,NA,0.576433250876815,0.929117434280424,NA,NA,0.92812781963822,0.959704184162511,0.918876424421535,0.975032941497065,0.901106190265152,0.97432801177263,0.970074016999096,1.0066969985079,NA,NA,1.0308420155392,0.979878481665643,0.950765425037201,1.00437275470199,0.997102167639863,NA,0.557360030241429,0.87619844479877,0.667761985923935,0.836120196544065,0.957610526732345,NA,NA,NA,NA,NA,NA,NA,NA,NA,NA,NA,NA,NA,NA,NA,NA,NA,NA,0.870258636315708,0.739820670624527
1719,NA,NA,0.792028312047181,0.923669751822288,NA,NA,0.914514932386215,0.959921213477146,NA,NA,NA,0.818235061268137,NA,NA,NA,NA,NA,NA,NA,NA,NA,NA,NA,NA,NA,NA,0.303283786842483,0.848237546440845,NA,NA,0.986929915193262,0.915746545015684,0.869262634076138,0.97013572826864,0.946769962813375,0.959034517232128,0.940806943860779,1.00633692934803,NA,NA,1.02600723661271,0.915306352171937,0.924860464462015,0.997991375488791,0.951718612649748,NA,0.673853418901213,0.702182850643605,0.58944905970956,0.800207231321474,0.943230834682048,NA,NA,NA,NA,NA,NA,NA,NA,NA,NA,NA,NA,NA,NA,NA,NA,NA,NA,0.929980785937722,0.762554448720151
1720,NA,NA,0.724662186252149,0.888460010401257,NA,NA,0.953572049278028,0.967204502493033,NA,NA,NA,0.918786609124843,NA,NA,NA,NA,NA,NA,NA,NA,NA,NA,NA,NA,NA,NA,0.770944324896163,0.92245207851238,NA,NA,1.00084263374827,0.817664958100701,0.841535213688612,0.980727265023104,0.921516020329247,0.941840149827896,0.958989411473939,1.00606072821631,NA,NA,1.0327469203893,0.957598675128601,1.01411474168208,1.00018063916737,1.03147845749115,NA,0.69243241749418,0.863837208495294,0.767962536988679,0.935357337020967,0.85220101928224,NA,NA,NA,NA,NA,NA,NA,NA,NA,NA,NA,NA,NA,NA,NA,NA,NA,NA,0.935832216589888,0.813706353350719
1721,NA,NA,0.934761016778545,1.00517911549324,NA,NA,0.965912474953776,1.00153607749777,NA,NA,NA,0.93870990126658,NA,NA,NA,NA,NA,NA,NA,NA,NA,NA,NA,NA,NA,NA,0.848474379022817,0.954067590465695,NA,NA,1.00089603352821,0.843852176466342,1.15876011667193,0.998307235874031,1.02762070375468,0.994545647508972,0.98793037650584,1.00587401426966,NA,NA,1.05939503592819,0.993354042077204,1.03969147948225,0.999521995580172,1.06490986780592,NA,0.920108979725029,0.946476258491224,1.05277885134723,0.981013672952238,0.955864604759056,NA,NA,NA,NA,NA,NA,NA,NA,NA,NA,NA,NA,NA,NA,NA,NA,NA,NA,0.849984756753699,0.933432781913615
1722,NA,NA,1.0229445340506,1.16575900006543,NA,NA,0.994775516818409,1.01014735780196,NA,NA,NA,0.951827657883565,NA,NA,NA,NA,NA,NA,NA,NA,NA,NA,NA,NA,NA,NA,0.977465996434676,0.978933128078835,NA,NA,1.0259800151948,1.07857247344668,1.07562913912969,0.992320925140254,1.03474184933812,0.997647150620415,1.00289276731226,1.00556684020371,NA,NA,1.05104752817966,0.980838214215932,1.0340276671178,0.998926406527754,1.02350006563099,NA,0.952985710530659,0.869659087067166,1.0403350914551,0.983275781488602,1.08060728086992,NA,NA,NA,NA,NA,NA,NA,NA,NA,NA,NA,NA,NA,NA,NA,NA,NA,NA,0.895385099149028,0.907766138762794
1723,NA,NA,0.93159563864033,1.09831848179371,NA,NA,0.930692518239629,0.984608582808581,NA,NA,0.903125360367437,0.857193782682162,NA,NA,NA,NA,NA,NA,NA,NA,0.972234288358115,NA,NA,NA,NA,NA,0.877205565004395,0.863396422405303,NA,NA,0.972174898579306,0.981646795942879,0.767582271949156,0.973915609189061,0.966114709709909,0.946322328950557,0.955602272614196,1.0051561904404,NA,NA,1.02899594925082,0.819008347196473,0.977388858085327,0.995487517548305,0.947203323866987,1.08306266632776,0.852182971426305,0.909318532915441,0.935577609916224,0.946550228031269,1.05126687913912,NA,NA,NA,NA,NA,NA,NA,NA,NA,NA,NA,NA,NA,NA,NA,NA,NA,NA,0.87660389033632,0.843708492396024
1724,NA,NA,1.07858872268206,1.23794979759194,NA,NA,0.969738509369856,1.01034247215187,NA,NA,0.940522379563348,0.95586352569652,NA,NA,NA,NA,NA,NA,NA,NA,0.977229999997176,1.00455730966218,NA,NA,NA,NA,1.11205043184849,0.919762709649348,NA,NA,1.05345269709155,1.11474217019743,0.81110908942163,0.976454450668054,0.974665235503232,0.994514803874279,0.982262444707185,1.00499602850109,NA,NA,1.01745429389421,0.870821405038057,0.980548215593647,1.00462024072922,0.919516530708406,0.918692319687007,1.08058182961603,1.06584597245279,0.87671850019957,0.979738752353698,1.07517322303083,NA,NA,NA,NA,NA,NA,NA,NA,NA,NA,NA,NA,NA,NA,NA,NA,NA,NA,1.0095480747415,1.04039085788705
1725,NA,NA,1.0070466157985,1.20883153823309,NA,NA,1.00752509463169,1.02288291229759,NA,NA,1.00130046119616,1.00060781488114,NA,NA,NA,NA,NA,NA,NA,NA,0.98244070698397,0.99474996095508,NA,NA,NA,NA,0.992970372815701,0.897042304600348,NA,NA,1.00765951616426,1.09735347438636,0.980488963867028,0.992259497695976,0.990379192772328,0.997608685856183,0.968239139000963,1.00477232815784,NA,NA,0.966810284457029,0.848887590661049,0.964732544875265,1.00101862407222,0.901614651344053,0.952054402226049,1.14211048909996,1.05438593524673,0.85294760500434,1.02223561380587,1.03398068690282,NA,NA,NA,NA,NA,NA,NA,NA,NA,NA,NA,NA,NA,NA,NA,NA,NA,NA,1.0432166859897,1.00911748351461
1726,NA,NA,0.80903956887044,1.11811469758263,NA,NA,0.910140819195075,0.948103188404486,NA,NA,0.914830700285115,0.939726115592725,NA,NA,NA,NA,NA,NA,NA,NA,0.983090666828125,1.00653940261472,NA,NA,NA,NA,0.974520843308584,0.856651031038558,NA,NA,1.02020815063075,1.13257910715052,0.983772857215281,0.991015495520558,0.952319642724385,0.966822091920169,0.926775620509216,1.00444620584389,NA,NA,0.949776417073806,0.86025364705252,0.948093193070004,0.994241865319666,0.91036123907968,0.983803855805462,0.885345750998998,0.861494560178729,0.778602655321143,0.842077373614836,1.01666949124176,NA,NA,NA,NA,NA,NA,NA,NA,NA,NA,NA,NA,NA,NA,NA,NA,NA,NA,0.992585630031818,0.951391104780951
1727,NA,NA,0.729832767272574,1.02146886980677,NA,NA,0.916928787977717,0.948014125168417,NA,NA,0.944891562483095,0.900250095533024,NA,NA,NA,NA,NA,NA,NA,NA,0.982247878361644,1.00142003452366,NA,NA,NA,NA,0.937317959106668,0.958352726989295,NA,NA,1.05359171377165,1.14982170006029,0.905957964239041,0.983393452478416,0.953095453313486,0.958947622912843,0.937836463221388,1.00415746884033,NA,NA,0.930072898815706,0.914991824287993,0.952151400364356,0.989631402696508,0.9291684752744,0.904448223119236,0.885003736077558,0.873937284153331,0.664663652699696,0.706877857641937,0.936655789675871,NA,NA,NA,NA,NA,NA,NA,NA,NA,NA,NA,NA,NA,NA,NA,NA,NA,NA,0.925859321140828,0.869111229367777
1728,NA,NA,0.77384426261215,1.01987547388432,NA,NA,0.903626374386232,0.925544836870231,NA,NA,0.925252541395781,0.845859591298213,NA,NA,NA,NA,NA,NA,NA,NA,0.984473004959718,0.968935560645206,NA,NA,NA,NA,0.771527853544582,0.950438291629909,NA,NA,0.947392677955944,0.870296340481204,0.737905312333899,0.960544328576393,0.936658029506624,0.946239825978802,0.927225603772864,1.00387964984009,NA,NA,0.935304472013671,0.907419342098251,0.917719267762506,0.983072119470146,0.963096134872906,0.822072604015579,0.884633355403352,0.90521149235465,0.367422879903475,0.716007790515314,0.914865515653594,NA,NA,NA,NA,NA,NA,NA,NA,NA,NA,NA,NA,NA,NA,NA,NA,NA,NA,0.746172937797586,NA
1729,NA,NA,0.967180082562122,1.0595318500572,NA,NA,0.978782613564497,0.95649251836215,NA,NA,1.01530265736764,0.974261432725129,NA,NA,NA,NA,NA,NA,NA,NA,0.981749056139424,0.954852909851906,NA,NA,NA,NA,1.13433849974682,1.01710025822319,NA,NA,0.987393337785969,1.02362777406947,0.915470511356938,0.977575881317341,0.937411216273229,0.987990423749122,0.948080732585751,1.00370640492195,NA,NA,0.969919604458185,0.993136628378945,0.992297849491621,0.996381042378615,0.974390643129008,0.924620627934634,0.917675909951812,1.10444230957251,0.715730555398573,0.902891706947554,0.937793745908689,NA,NA,NA,NA,NA,NA,NA,NA,NA,NA,NA,NA,NA,NA,NA,NA,NA,NA,0.90880048340806,NA
1730,NA,NA,1.17989210939802,1.15135599096089,NA,NA,1.05188475245636,1.01170103194593,NA,NA,1.14237912190129,1.09126499535831,NA,NA,NA,NA,NA,NA,NA,NA,0.990318230727325,1.02026660618679,NA,NA,NA,NA,1.26520927397444,1.03622160261053,NA,NA,0.987431385320205,1.27574875091126,1.27849679010933,0.996169679866478,1.02222500178633,1.04887761303847,1.02029636103615,1.00355489419852,NA,NA,1.01515645663906,1.11592625651786,1.09422976598551,1.00511564635767,0.97526162716326,1.04245873972688,1.20022181978901,1.27319834194601,0.924852844392373,0.9911360749286,1.06399840973903,NA,NA,NA,NA,NA,NA,NA,NA,NA,NA,NA,NA,NA,NA,NA,NA,NA,NA,0.921232345594733,NA
1731,NA,NA,0.927815789654454,1.01999125924475,NA,NA,1.04203832949761,0.996251041578899,NA,NA,1.07012052920452,0.985952000233552,NA,NA,NA,NA,NA,NA,NA,NA,0.980258732847431,1.0439764588072,NA,NA,NA,NA,1.19119912711997,1.1324402541379,NA,NA,1.00133292596956,1.11695273818195,1.04867257727491,0.99016972414773,1.00239519071724,0.997473537060416,0.983909785595227,1.00317595181909,NA,NA,0.989649610851371,1.04600366805996,1.05393913823706,1.0070668183878,0.970981922517702,1.02468272638774,1.01435034913068,1.0345543158634,0.747803188106537,0.928342818077558,0.978769455365236,NA,NA,NA,NA,NA,NA,NA,NA,NA,NA,NA,NA,NA,NA,NA,NA,NA,NA,0.893211209765233,NA
1732,NA,NA,1.02097465400168,1.089144327997,NA,NA,1.07714159474689,1.00374053847524,NA,NA,1.0832167029769,1.02144477608812,NA,NA,NA,NA,NA,NA,NA,NA,0.976940171377131,1.01027138413649,NA,NA,NA,NA,1.23015310288611,1.04893122780547,NA,NA,1.05379521380126,1.11733374749289,0.849333087268429,0.989686547858111,0.965157752140822,0.987909700891644,0.987414938982177,1.00296443820925,NA,NA,1.00906019181803,1.12794161403303,1.02905863493032,1.01078128714418,0.96098185596571,1.01843026548563,0.981715902084284,1.01305381257297,0.708532549332477,0.950060267238526,1.0942011468112,NA,NA,NA,NA,NA,NA,NA,NA,NA,NA,NA,NA,NA,NA,NA,NA,NA,NA,0.972902612791792,NA
1733,NA,NA,1.12649158088081,1.12058222289801,NA,NA,1.062961520142,0.986535674617507,NA,NA,1.02729340362903,0.988076793601708,NA,NA,NA,NA,NA,NA,NA,NA,0.980080513513219,0.964745565741143,NA,NA,NA,NA,1.11293660919259,1.08069886074193,NA,NA,0.987539319573758,1.13505551586841,0.863437613801874,0.981111383331249,0.880817274859525,0.94611127079967,0.984321013151144,1.00264279825458,NA,NA,1.01190801653667,1.06532689149207,0.971414071346521,0.999509809954537,0.958922055013961,1.01809533133393,1.07626902281329,0.955414854939892,0.724643450485088,0.940031176810294,1.07615078144874,NA,NA,NA,NA,NA,NA,NA,NA,NA,NA,NA,NA,NA,NA,NA,NA,NA,NA,0.868965449105512,NA
1734,NA,NA,0.992014463491348,1.08499508453337,NA,NA,1.0226163362179,0.963668055751722,NA,NA,0.996932814211098,1.01807647910315,NA,NA,NA,NA,NA,NA,NA,NA,0.981320938953295,0.966949479648155,NA,NA,NA,NA,0.93124814220592,1.08718944486241,NA,NA,0.91857532836635,1.00539810067752,0.814862578800589,0.979106034271872,0.845694339665944,0.862587443239759,0.894738661266981,1.00190790782164,NA,NA,0.968739150543151,0.857137372136197,0.96143193677496,0.989927782030715,0.95966467179581,1.00588128438119,1.06003132573992,0.967055104707826,0.670809608397795,0.933651790636041,0.979075677787559,NA,NA,NA,NA,NA,NA,NA,NA,NA,NA,NA,NA,NA,NA,NA,NA,NA,NA,0.818811040634449,NA
1735,NA,NA,1.04864964082057,1.11434851648,NA,NA,1.11251704006555,0.974995258319405,NA,NA,1.06177837002101,1.12238688798114,NA,NA,NA,NA,NA,NA,NA,NA,0.986118120861577,1.00252459652044,NA,NA,NA,NA,1.1698905083629,1.05471049314556,NA,NA,1.04872092553123,1.23312200947229,1.10764130044161,0.991164049292286,0.975446339658067,0.981086804273141,0.958237516225087,1.00219009017385,NA,NA,0.953275612501161,0.89030851914499,0.988057122815776,0.996946524971912,0.984160039396184,1.12224768683798,1.10594263206064,0.960716626613404,0.929436972669906,1.16081161651396,1.09718951556265,NA,NA,NA,NA,NA,NA,NA,NA,NA,NA,NA,NA,NA,NA,NA,NA,NA,NA,0.97755988900368,NA
1736,NA,NA,1.18707430736463,1.14996994044801,NA,NA,1.03884053250001,1.00675877479144,NA,NA,1.00567125424378,1.05192344072441,NA,NA,NA,NA,NA,NA,NA,NA,0.995468147596619,1.06026582863302,NA,NA,NA,NA,1.55939825262619,1.01937494468166,NA,NA,1.05393990108821,1.33525748455336,1.20237911588454,0.999004527661994,1.04008308365988,1.02773294356611,0.988191149084483,1.00202563449215,NA,NA,0.954092842789617,0.899535784741901,1.00406199124175,1.00353999556706,0.994358897407939,1.22837425917939,1.07432024598559,0.954186458042055,1.10878047458358,1.37461059195062,1.15471986582456,NA,NA,NA,NA,NA,NA,NA,NA,NA,NA,NA,NA,NA,NA,NA,NA,NA,NA,1.10224394836984,NA
1737,NA,NA,0.828115225221639,0.935183886555623,NA,NA,0.911896199773649,0.880191714864033,NA,NA,0.872993769169311,0.879903893169632,NA,NA,NA,NA,NA,NA,NA,NA,0.98871674265364,0.987077896226434,NA,NA,NA,NA,0.830072173951543,0.852548010123416,NA,NA,0.994732511810618,1.17049397982764,0.831272420049051,0.967177340626165,0.904961428557872,0.981018000767688,0.934519998261664,1.00160402133852,NA,NA,0.979386285920034,1.07430994706782,0.940061095937553,0.993299544867976,0.9466787774563,0.866026333515388,0.759642092560546,0.715208649402231,0.794370454108634,1.16041133176439,0.90553436541919,NA,NA,NA,NA,NA,NA,NA,NA,NA,NA,NA,NA,NA,NA,NA,NA,NA,NA,0.866398929316771,NA
1738,NA,NA,0.949452366373019,1.05561446928557,NA,NA,0.869833379526937,0.859700983341309,NA,NA,0.911057717079555,0.931266035626709,NA,NA,NA,NA,NA,NA,NA,NA,0.992521262669663,1.02407941758403,NA,NA,NA,NA,0.971468252367429,1.08007882393851,NA,NA,1.04350158011314,1.36357073238159,0.892650258983983,0.97213957779161,1.00782754578883,0.990958293192486,0.95876034928736,1.00149206842712,NA,NA,1.00902322969637,1.20627913041056,0.978225732922535,0.999836948365002,0.959517381727788,0.858502762277627,0.961966101159381,0.881215593406673,0.760449621931316,1.00015159028053,1.01355849452988,NA,NA,NA,NA,NA,NA,NA,NA,NA,NA,NA,NA,NA,NA,NA,NA,NA,NA,0.966720551277354,NA
1739,NA,NA,1.03592136686511,1.03972453916831,NA,NA,0.881976052531954,0.903828984959145,NA,NA,0.895758266645494,0.905797495593057,NA,NA,NA,NA,NA,NA,NA,NA,0.993225437912188,1.03442951502947,NA,NA,NA,NA,1.2465974801406,1.07945092023668,NA,NA,1.02068737538778,1.32307866374236,1.00567105797807,0.98308245182717,0.944702724850403,0.970214957590431,0.949951732682491,1.0012470370867,NA,0.972959425827352,0.983650411682646,0.993337445722185,0.986642558866047,0.996480181058625,0.963060275385302,0.787041103454485,0.977432086527562,0.86247525153636,0.967677985751589,1.01562391810915,0.981204037247728,NA,NA,NA,NA,NA,NA,NA,NA,NA,NA,NA,NA,NA,NA,NA,NA,NA,NA,1.03099134746256,NA
1740,NA,NA,0.887487103739404,0.98477822447297,NA,NA,0.873071745431331,0.914771275351578,NA,NA,0.915360739016079,0.939946097874672,NA,NA,NA,NA,NA,NA,NA,NA,0.981405256824594,0.972107709525657,NA,NA,NA,NA,0.914075439768904,0.98175932517562,NA,NA,0.907908992745762,1.02795943154845,0.94240942758163,0.988311821957168,0.885527461268253,0.958559166278007,0.96735101658531,1.00099014655925,NA,0.929148477758194,0.948509247877822,0.91156787847784,0.944495110361064,0.988287015115547,0.957836433153551,0.803620402701567,0.758077327074394,0.842908068470371,0.869550646358262,0.861817833415022,0.87244996395582,NA,NA,NA,NA,NA,NA,NA,NA,NA,NA,NA,NA,NA,NA,NA,NA,NA,NA,0.90737590382005,NA
1741,NA,NA,0.741768029012319,0.801683343786864,NA,NA,0.840012259417434,0.865049788766713,NA,NA,0.884467268520025,0.897848539706154,NA,NA,NA,NA,NA,NA,NA,NA,0.980019450634655,0.929932561280175,NA,NA,NA,NA,0.569126748346454,0.776009894418619,NA,NA,0.928997642337149,1.0479579913269,0.635094898108791,0.969903803822696,0.874738548340685,0.950198655951244,0.959239345649815,1.00072968714876,NA,0.861243549148672,0.922637598888136,0.826356159378737,0.898949463456344,0.969778425832558,0.928737451453712,0.778461484530222,0.648322209011186,0.722620181451619,0.700753772057371,0.656801929765358,0.820191038410525,NA,NA,NA,NA,NA,NA,NA,NA,NA,NA,NA,NA,NA,NA,NA,NA,NA,NA,0.96150247514546,NA
1742,NA,NA,0.933270517163056,0.983905961509071,NA,NA,0.864875544301498,0.922702013870165,NA,NA,0.96434050954054,1.02418368898088,NA,NA,NA,NA,NA,NA,NA,NA,0.990086796605482,1.00684808550832,NA,NA,NA,NA,0.828517311091531,0.933065127548102,NA,NA,1.02674932942487,1.23692930778223,0.975867876081802,0.997068822299068,1.01083440327649,0.984234311768103,0.954998224497813,1.00051354203525,NA,0.908359866342267,0.957035774280362,0.996945325678847,1.01423348471484,0.996156420686438,0.99127083324597,0.986810617460543,0.860370142301694,0.824499833673366,0.946172124191872,0.751378467054165,0.912334489627427,NA,NA,NA,NA,NA,NA,NA,NA,NA,NA,NA,NA,NA,NA,NA,NA,NA,NA,0.983972445573589,NA
1743,NA,NA,0.906660269750317,0.901212467416627,NA,NA,0.860396182445716,0.906118794361986,NA,NA,0.956641404093732,0.96985092004928,NA,NA,NA,NA,NA,NA,NA,NA,0.987599525297749,0.933394452616681,NA,NA,NA,NA,0.470268126727252,0.693573625286718,NA,NA,0.980522218109958,1.10480722295152,0.980692236105398,1.00947450477845,0.989178039667851,0.977305807413641,0.98604362019916,1.00034150553521,NA,0.906140653811857,0.958483195402601,0.939167993120422,0.994512982524682,0.994441899290552,1.01438225276842,0.922407570081757,0.876472743060062,0.923103352132252,0.801979007348215,0.838002225583521,0.862255444179836,NA,NA,NA,NA,NA,NA,NA,NA,NA,NA,NA,NA,NA,NA,NA,NA,NA,NA,0.921861183116031,NA
1744,NA,NA,1.10779120647551,0.995712723888474,NA,NA,0.888753712601291,0.934449431574058,NA,NA,0.973706161963438,1.05710778469502,NA,NA,NA,NA,NA,NA,NA,NA,0.991172161060323,0.972439081039792,NA,NA,NA,NA,0.853132130509468,0.800406736347967,NA,NA,1.00175985616416,1.22263462290508,1.24274403168426,1.02143889939479,1.01231359825808,1.00594974832332,0.989494270196043,1.0002152322776,NA,0.971741663899942,1.001134884027,1.00140571669085,1.02883882096422,1.00430812421845,1.0419348006433,1.16705913762398,1.05270769164507,1.126763801558,0.944576190273416,0.83664187327784,0.916964930439831,NA,NA,NA,NA,NA,NA,NA,NA,NA,NA,NA,NA,NA,NA,NA,NA,NA,NA,0.971155046490779,NA
1745,NA,NA,1.03881105151558,0.938770005083999,NA,NA,0.873763808860168,0.936013698366676,NA,NA,1.018816994124,1.12549984480017,NA,NA,NA,NA,NA,NA,NA,NA,0.972519394121063,0.845105476487484,NA,NA,NA,NA,0.674968126617486,0.849424232169826,NA,NA,1.0208780016266,1.14115395047152,1.08979371954078,0.999741672492053,1.04705870949516,1.00001106171774,1.01032363668944,0.999919708675804,1.00679591449777,0.967707952081904,0.956405266906618,0.862113669541338,0.994564529875701,0.987028882862998,1.00704846397106,1.16743745978318,1.11334714459742,1.03933899057293,0.951425851439209,0.822466679408259,0.892814036573413,NA,NA,NA,NA,NA,NA,NA,NA,NA,NA,NA,NA,NA,NA,NA,NA,NA,NA,1.04561283979615,NA
1746,NA,NA,1.06096426191083,0.983242488863769,NA,NA,0.90576906911935,0.957052864147553,NA,NA,0.985442597278808,1.06895739692171,NA,NA,NA,1.01320115995452,NA,NA,NA,NA,0.974358096642024,0.842549880352314,NA,NA,NA,NA,0.611879033594032,0.831703813171458,NA,NA,1.02687648521285,1.14176123088509,0.765044509592532,0.983455838467745,1.08424884229317,1.03700459791202,0.992985249156788,0.999698228854559,1.01117456022228,0.958484776938083,0.92629326428157,0.758737810065397,0.973154084601159,0.988574942677526,0.988853191354223,1.02979186648073,1.28952892493913,1.024273397698,0.863428460417356,0.838646574074722,0.875874294589618,NA,NA,NA,NA,NA,NA,NA,NA,NA,NA,NA,NA,NA,NA,NA,NA,NA,NA,1.06135599037717,NA
1747,NA,NA,0.988801596419532,0.994920779236074,NA,NA,0.955460523116061,1.01242270003069,NA,NA,1.02779155295401,1.01916896821898,NA,NA,NA,1.0182268286003,NA,NA,NA,NA,0.982363760887171,0.889781729184404,NA,NA,NA,NA,0.620259101242597,0.868828550735803,NA,NA,1.02690841034151,1.05118941089421,0.731007400405974,0.981084543588606,0.941091975749559,1.0029082488683,0.996237657268347,0.999392713213916,1.01314573601984,1.02175123610018,0.914562460445673,0.709630174678134,0.939282181727148,0.984935338129032,0.962098853308858,0.976006082351436,1.05020052054311,1.03556919857068,0.787770729534955,0.789999888290791,0.817768648096932,NA,NA,NA,NA,NA,NA,NA,NA,NA,NA,NA,NA,NA,NA,NA,NA,NA,NA,0.862543469123476,NA
1748,NA,NA,1.21101894128291,1.12382793100001,NA,NA,1.03373016237216,1.05999449123303,NA,NA,1.10818208169519,1.13274436815819,NA,NA,NA,1.01193946933189,NA,NA,NA,NA,0.994176758653165,0.943247733298345,NA,NA,NA,NA,0.603695614984219,0.934076809300561,NA,NA,1.09587876482047,1.25614125408286,0.978329136521369,1.00228905644417,0.992747944749596,1.05457125268027,1.02345953299702,0.999355713434219,1.01344164436813,1.03974842242188,0.938370463822757,0.849504982639161,1.01835016951262,0.999692025821395,0.990071869564178,1.08181233745518,1.08016837031006,1.14539417479069,1.00830677028906,0.899989894955569,0.928979590140104,NA,NA,NA,NA,NA,NA,NA,NA,NA,NA,NA,NA,NA,NA,NA,NA,NA,NA,1.03607922989208,NA
1749,NA,NA,1.18925052651369,1.13674969723881,NA,NA,1.00527914015488,1.08391093655875,NA,NA,1.10066279900666,1.10684220950644,NA,NA,NA,1.01629963509814,NA,NA,NA,NA,0.999278447841261,0.941887879990785,NA,NA,NA,NA,0.661945879887716,0.99424567341633,NA,NA,1.08297597040761,1.09014307783246,1.06957582711243,1.00097004886021,0.985553391842958,1.0524307552171,1.01087649122879,0.999161051728613,1.01492529113025,1.09297934383811,0.986093959054103,0.843774173782318,0.995093207549664,0.994087917855187,0.998015914523885,1.09353502034295,0.969911754096808,1.15583547943935,1.10862335966536,1.01046607939524,0.855903520052888,NA,NA,NA,NA,NA,NA,NA,NA,NA,NA,NA,NA,NA,NA,NA,NA,NA,NA,1.09378942131773,NA
1750,NA,NA,1.35301677816597,1.26826577246456,NA,NA,1.06452989523183,1.07350244158487,NA,NA,1.01995343941013,1.13695659897738,NA,NA,NA,1.01621813354603,NA,NA,NA,NA,1.01285448194607,1.04733622891388,NA,NA,NA,NA,1.20373424327663,1.09824779420542,NA,NA,1.07391268791372,1.19466140035026,1.1873195686758,1.02302147353094,1.0442658474744,1.05238753172205,1.03295347592149,0.99900166091442,1.01215957144165,1.04528270843111,1.02146919791403,1.05871696746062,1.06590823251573,1.00119781197684,1.04219645404856,1.18609136786726,1.09363953614374,1.24683381515199,1.31256863878215,1.03739542242223,1.00352422534988,NA,NA,NA,NA,NA,NA,NA,NA,NA,NA,NA,NA,NA,NA,NA,NA,NA,NA,1.07979494671234,NA
1751,NA,NA,1.00269000170617,1.02682569311674,NA,NA,1.1189274708505,1.0769826768144,NA,NA,1.0156248279204,1.15326840091878,NA,NA,1.25642220575725,1.01285394403666,NA,NA,NA,NA,1.00603519231738,1.01287380522374,NA,NA,NA,NA,1.03911103236189,1.04709670249359,NA,NA,1.06924217398472,1.10967014909204,1.17682058265358,1.01786649605199,1.01737343394418,1.0664538811825,1.03742912691962,0.998781859190055,1.00958017929846,1.08899250634115,0.987788250254595,1.06702640048542,1.04368769531902,0.991296872136407,1.02147224104738,1.02220788279238,0.90375191031692,1.04533956206902,1.12897830614042,0.933966713129698,0.922391424664921,NA,NA,NA,NA,NA,NA,NA,NA,NA,NA,NA,NA,NA,NA,NA,NA,NA,NA,1.08500160443457,NA
1752,NA,NA,0.827826949564916,0.901519174061267,NA,NA,1.10991197831335,1.08828551303837,NA,NA,1.03343196447487,1.17913097025106,NA,NA,1.23630423532004,1.01734101281517,NA,NA,NA,NA,1.00458040296171,1.02705148092278,NA,NA,NA,NA,1.75137426769188,1.0768465755595,NA,NA,1.0830797212256,1.14568623085,1.08141416574657,1.01617018252143,1.00324633749976,1.07755408872111,1.0165221092996,0.998551869881433,1.01183555879631,1.02429614822242,1.02955809871349,1.12418962448305,1.04727543569274,1.0009176852313,1.07920013870383,1.03513655691191,1.06123799405003,1.18693002345174,1.25734106625697,1.07508103200831,1.01506939966428,NA,NA,NA,NA,NA,NA,NA,NA,NA,NA,NA,NA,NA,NA,NA,NA,NA,NA,1.07585364148031,NA
1753,NA,NA,0.864041055461636,0.95410334722568,NA,NA,1.00047152740601,1.03411044306989,NA,NA,1.02255723704907,1.11198077363726,NA,NA,1.04040227006121,1.01522847848729,NA,NA,NA,NA,1.00607870937487,0.991325535425671,NA,NA,NA,NA,1.03790931279596,0.975951228735669,NA,NA,0.995233875525178,1.05487151327396,0.94624169483459,1.00471724782608,1.02594283981938,1.09122878042299,1.02648237592962,0.998349915843327,1.01343784407644,1.0715160156908,1.0422675459281,1.11409202894103,1.05408801091896,1.0012190759391,1.10045604433327,1.04798400258699,1.01389652702526,1.19722353219073,1.25989911497237,1.18323256782441,0.971046598476811,NA,NA,NA,NA,NA,NA,NA,NA,NA,NA,NA,NA,NA,NA,NA,NA,NA,NA,0.976290866280902,NA
1754,NA,NA,0.878045905772743,0.945675243716307,NA,NA,0.967331399497162,1.02747248124764,NA,NA,0.957075946997185,1.00557921146717,NA,NA,0.932593669353086,1.0076537073289,NA,NA,NA,NA,1.00623904034242,1.04179158052204,NA,NA,NA,NA,0.756631438755313,0.940714397499249,NA,NA,1.01501300971949,1.05552417365845,0.940874753161458,0.999944018296696,1.03364447718328,1.06242274088228,1.01930537920905,0.998138452575967,1.00969184347423,1.007922385822,0.988516853166865,0.949470860229281,1.00035802275328,0.994499976190949,1.06023632829175,0.880757973321685,0.818398950268593,1.12123129803708,1.13741609079571,1.14934044547072,1.00908656665446,NA,NA,NA,NA,NA,NA,NA,NA,NA,NA,NA,NA,NA,NA,NA,NA,NA,NA,0.997896026422661,NA
1755,NA,NA,1.01690463968204,0.991096721611828,NA,NA,0.997592926379509,1.04169401628144,NA,NA,1.06752631715303,1.01603480739023,0.938788088111727,NA,0.951269703855913,1.01110874205129,NA,NA,NA,NA,1.00737318977748,1.0590334599519,NA,NA,NA,NA,1.14248023777171,0.984930480141254,NA,NA,1.11222222275299,1.09409713906835,0.882706614805268,0.990566978504306,1.05443885068699,1.05633727027897,1.04003438632967,0.998007148453379,1.01039490430281,1.04406849426203,0.97560745702501,1.00340350367016,1.02737561191058,1.00089229268624,1.03194762170904,0.874482141953724,1.01214085328374,1.09865753406568,1.18421557501103,1.14798913874359,1.04665821432775,NA,NA,NA,NA,NA,NA,NA,NA,NA,NA,NA,NA,NA,NA,NA,NA,NA,NA,1.019795625098,NA
1756,NA,NA,0.745242792718796,0.83762672011527,NA,NA,0.947307283454552,1.00075085765459,NA,NA,0.946862738921023,0.91496601400365,0.828090052224584,NA,0.520004054059019,1.00146155305468,NA,NA,NA,NA,1.00795018535561,1.02931417318008,NA,NA,NA,NA,0.691588994927925,1.12118864721507,NA,NA,1.09616332551677,0.856712120006474,0.894426386298837,0.98666936391193,0.982185013509194,0.993415543432748,0.997341499288106,0.997736377052123,1.00808174769833,0.994898009906265,0.946716156027332,1.06487925824729,0.941264918579225,0.991550090406881,0.975984640629439,0.998051255075052,0.883523670474729,0.886962491172757,0.845832122907158,0.914062750430921,0.976970345092172,NA,NA,NA,NA,NA,NA,NA,NA,NA,NA,NA,NA,NA,NA,NA,NA,NA,NA,0.901724007726687,NA
1757,NA,NA,0.574593430099796,0.752054928810744,NA,NA,0.915779396683596,1.00499658640657,NA,NA,0.95187395081333,0.92725984969199,0.891347242418429,NA,0.777675383126675,1.00193850217298,NA,NA,NA,NA,1.01623693759832,1.06981562133798,NA,NA,NA,NA,1.22236095357428,1.44634493943435,NA,NA,1.07876054373001,0.907071433477089,0.992579763963548,1.00301273905887,1.00668919135391,0.980232700619821,0.997451308885169,0.997452026216486,1.00851319030112,0.989803604422655,0.920572144071806,0.978218134631389,0.997180431867164,0.997518702944526,1.00968130450697,1.14631794777742,0.849748707929332,0.964123629181066,1.09145756431483,1.03479193404157,1.08055917475324,NA,NA,NA,NA,NA,NA,NA,NA,NA,NA,NA,NA,NA,NA,NA,NA,NA,NA,0.92951580224974,NA
1758,NA,NA,0.762827590179437,0.861538383953054,NA,NA,0.956039205799834,0.996514031558866,NA,NA,1.00279178965879,1.03978807167045,0.947316663342567,NA,0.885254366095054,1.00705232177209,NA,NA,NA,NA,1.009736036219,1.01818512838897,NA,NA,NA,NA,1.40149666985841,1.21528985855415,NA,NA,1.05974072775208,0.907664730725243,1.04569202001565,1.01309335539154,0.983514451489866,1.0164950174893,1.00641569164382,0.997265522094513,1.00610956693539,1.00751634672803,0.934566259281616,1.01553418522637,1.06205162395652,1.00442211887099,1.04328099012592,1.18826712853059,1.00947362099107,1.10613149908478,1.09341317977581,1.1198393835308,1.06303102493518,NA,NA,NA,NA,NA,NA,NA,NA,NA,NA,NA,NA,NA,NA,NA,NA,NA,NA,0.903385598611733,NA
1759,NA,NA,0.837023925789272,0.808322124166174,NA,NA,0.96429930064258,1.00080679934335,NA,NA,0.975913206413712,0.997730280124455,0.907965844369805,NA,0.81204968558813,1.00271337229459,NA,NA,NA,NA,1.00342496219726,0.9997904504398,NA,NA,NA,NA,1.27567304587224,1.07725833125816,NA,NA,1.03873425562309,0.858394036431777,1.12975533050236,1.00964720264541,0.873745976332793,0.961800755768728,0.977439217529974,0.997021071513341,1.00486102615031,0.97947168109598,0.919480996701534,0.971451565740596,1.02867805265703,0.997001261889415,1.0107817938996,1.13925213665406,1.00857848771807,1.01798797488582,0.997685601775072,1.05233365017047,0.901982783377205,NA,NA,NA,NA,NA,NA,NA,NA,NA,NA,NA,NA,NA,NA,NA,NA,NA,NA,0.957010545156706,NA
1760,NA,NA,0.951569603084788,0.876767818286073,NA,NA,0.979990411263086,0.995259638077872,NA,NA,1.06029060249865,1.03508672068911,0.94470190981622,NA,0.743918512842122,0.999273150801686,NA,NA,NA,NA,0.999582476510801,0.997574935020456,NA,NA,NA,NA,1.34485101822559,1.09086777625723,NA,NA,1.07427333847479,0.932478730363932,1.11706948218901,1.0050951351947,0.909182032759999,0.949467230710614,1.00662704299531,0.996821025900895,1.00498218560486,1.00838274637393,0.939261864584832,1.01473116673757,0.962609111087689,0.990055305616454,0.989113177357312,0.951874479776841,1.02315230798176,0.990853972462081,0.961970947731963,1.03351311877105,0.956955737394088,NA,NA,NA,NA,NA,NA,NA,NA,NA,NA,NA,NA,NA,NA,NA,NA,NA,NA,0.945131012689825,NA
1761,NA,NA,1.31219990133787,1.00642042555802,NA,NA,0.994822280084832,1.01827327632151,NA,NA,1.07506892255378,1.06305020856425,1.04102945256573,NA,0.826708020514725,1.0071626346671,NA,NA,NA,NA,1.00425611725556,1.00099019302442,NA,NA,NA,NA,1.07176468835669,1.04093986295363,NA,NA,1.11629493343331,1.06036198990772,1.12829940889499,1.01247889796166,1.00163579399459,1.0052553427975,1.03643387771908,0.996754543082907,1.00624597976813,1.00203851708042,0.978661148442309,1.11185630221086,1.00259879174281,0.99411049268342,0.997394668380532,1.09400286156063,1.08320348330974,1.01280636378489,1.21415890154713,1.07007356293574,0.949247491450168,NA,NA,NA,NA,NA,NA,NA,NA,NA,NA,NA,NA,NA,NA,NA,NA,NA,NA,1.10429056491325,NA
1762,NA,NA,1.32567903399788,1.13422161783574,NA,NA,1.07323473372074,1.03895926509974,NA,NA,1.06886363685725,1.07973013096343,1.06222489726728,NA,0.982438769169911,1.00666377667699,NA,NA,NA,NA,1.00681189130239,1.04339845936042,NA,NA,NA,NA,1.31268755327412,1.11799303625072,NA,NA,1.15138185299418,1.17038111967614,1.13950215510763,1.01327382590768,1.02499371776125,1.01898563631293,1.02748363890188,0.996545153112092,1.00602203267423,0.966332996905516,1.01174738571029,1.1228886825855,1.06349793182863,1.00632065786252,1.00530177233901,1.16520524219279,1.02132866851159,1.10727953961695,1.14438343140512,1.11601383294889,1.04976711912776,NA,NA,NA,NA,NA,NA,NA,NA,NA,NA,NA,NA,NA,NA,NA,NA,NA,NA,1.04313966968306,NA
1763,NA,NA,1.06663549748139,0.995801226288228,NA,NA,1.05330049136801,0.984182756986414,NA,NA,1.02307331532956,1.0548489132629,1.01818883872224,NA,0.824545574765293,1.00221359165779,NA,NA,NA,NA,0.998662843135567,0.962095092343265,NA,NA,NA,NA,0.71145945554774,1.0003936185493,NA,NA,1.10057779416574,0.957258104699225,0.819486207068767,0.998361781387674,1.00295907834477,1.03153792092919,1.00693067085498,0.996204732887556,1.00218831070193,0.921053074400328,0.9701778621388,0.961629544655426,0.990812424570912,1.00208583338532,1.00337581017034,0.884763089974923,0.845225119351556,0.90084411492981,0.933651250168062,1.00949665793599,1.10319226684118,NA,NA,NA,NA,NA,NA,NA,NA,NA,NA,NA,NA,NA,NA,NA,NA,NA,NA,0.955232476470264,NA
1764,NA,NA,0.954322047928829,0.924858572361432,NA,NA,1.04126729782964,0.9659659205451,NA,NA,0.940703658346341,0.926413640977418,1.01708436901205,NA,0.905528614905016,0.992295597639622,NA,NA,NA,NA,0.994817785947666,0.96246299887162,NA,NA,NA,NA,0.361658470586629,0.810712150389492,NA,NA,0.98855122729738,0.911378044723786,0.590702402000285,0.974455930434617,0.97899654704983,1.01080064638577,0.998166622807313,0.995631617976792,1.00075212078116,0.949178226461791,1.01228455663902,1.06974914106326,0.903388581611005,0.986742374432909,0.99111258982456,0.796715091057849,0.941493376842573,0.867352416575623,0.912129701059386,0.979784725523627,1.05571652757274,NA,NA,NA,NA,NA,NA,NA,NA,NA,NA,NA,NA,NA,NA,NA,NA,NA,NA,0.933295288214014,NA
1765,NA,NA,1.13455011411229,1.11859721827067,NA,NA,1.06762576452909,0.993021995549649,NA,NA,1.0092569442898,0.97184571306973,1.08201941444949,NA,1.20609607018476,1.00050862373695,NA,NA,NA,NA,1.00283887934895,1.0218170052286,NA,NA,NA,NA,0.69384722546259,0.966007693098277,NA,NA,1.0154095917524,1.10147808965866,0.681485427733815,0.987525251476343,1.01204635296435,1.03385274341332,1.00424975837395,NA,1.00310652159764,0.994221287861908,1.04627393349252,1.16629031135789,1.02346529680001,0.999547876208197,1.02280611495627,0.959025987136877,0.940653662073647,0.96016650818111,1.16702104433251,1.08058159642406,1.14868893247348,NA,NA,NA,NA,NA,NA,NA,NA,NA,NA,NA,NA,NA,NA,NA,NA,NA,NA,0.891530259503322,NA
1766,NA,NA,1.38010353974411,1.28921132881322,NA,NA,1.10455439002307,1.02283235721281,NA,NA,1.0362687147002,0.941245146941088,1.15894240860896,NA,1.25129528066833,1.00278109169323,NA,NA,NA,NA,1.01089650064662,1.07039685145913,NA,NA,NA,NA,0.909582277811119,1.0830453446612,NA,NA,1.04980333231833,1.0833944666711,1.02679462660435,1.00409641754333,1.0488418338789,1.04524663674574,1.02788105139256,NA,1.00469247838849,1.01593552457616,1.0810335228275,1.24570107359476,1.06181811474163,1.00080418178861,1.04935725197354,1.0376884703834,1.04820319865358,1.03358854332046,1.30416530536927,1.16178429086936,1.21074077378709,NA,NA,NA,NA,NA,NA,NA,NA,NA,NA,NA,NA,NA,NA,NA,NA,NA,NA,1.02252185656381,NA
1767,NA,NA,1.14272799846684,1.10926403565602,NA,NA,1.03496085778898,1.01759736266835,NA,NA,1.07693874062885,1.03172086672832,1.06692242486963,NA,1.24074777855249,1.00396408754329,NA,NA,NA,0.954189111296613,1.00584213761542,1.02499527067314,NA,NA,NA,NA,0.856214185357481,1.03852080367942,NA,NA,1.02164745276685,1.12150096098999,1.17115743596361,1.00021139263671,1.00557686148304,1.02646935601579,1.00148510133804,NA,1.00305554261944,1.00890930453456,1.04423224191588,1.09895159949206,1.03870300623924,0.995506857335779,1.02154658137593,1.01422018107,0.938981060895648,1.09230532690535,1.27678832790116,1.17068040520682,1.25240447320101,NA,NA,NA,NA,NA,NA,NA,NA,NA,NA,NA,NA,NA,NA,NA,NA,NA,NA,0.975579340883051,NA
1768,NA,NA,0.815664501945018,0.899930012107576,NA,NA,0.987377966421174,0.973152571863883,NA,NA,0.950921302965999,0.935771210654939,0.995169874306488,NA,1.21995880923432,0.994553878673167,NA,NA,NA,0.974065038454202,1.00135861469761,1.00339570979709,NA,NA,NA,NA,0.801669777912121,1.02213211863513,NA,NA,0.995770796691834,1.06560085218774,0.970559488333322,0.994953308278253,0.954548181319346,0.957485697213014,0.957904882016363,NA,1.00103601981413,1.00423328567225,1.02351189722302,0.884993614459479,0.965316585697073,0.995716890297741,0.987503321158782,0.851812745508651,0.791522909236825,0.944448338896443,1.21071893451766,1.17739990704819,1.12841171630692,NA,NA,NA,NA,NA,NA,NA,NA,NA,NA,NA,NA,NA,NA,NA,NA,NA,NA,0.860538806417676,NA
1769,NA,NA,0.644368049608577,0.763548758835513,NA,NA,0.911079238021338,0.895060822485038,NA,NA,0.866455325244451,0.858144581910545,1.03643500029761,NA,1.03798195804989,0.987388790543105,NA,NA,NA,0.944765471522533,0.999943731389068,0.96033561775198,NA,NA,NA,NA,0.561320463620405,0.828192487766615,NA,NA,0.95745386884888,0.938403408810893,0.699520069656722,0.971946590318966,0.903365631620164,0.953355149039011,0.913730261820279,NA,0.999610035921785,0.969629749714345,1.00698135864106,0.902388053269753,0.950696697208479,0.989311348746634,0.900207808374077,0.716458293943731,0.633052572513985,0.70892517166901,1.04616418464151,1.04529085181589,1.01778939726933,NA,NA,NA,NA,NA,NA,NA,NA,NA,NA,NA,NA,NA,NA,NA,NA,NA,NA,0.711552510387582,NA
1770,NA,NA,0.703455208689613,0.916312348569181,NA,NA,0.943304751155036,0.919130541799708,NA,NA,0.919841183852305,0.924309704406847,1.02246398044001,NA,0.929002465447096,0.992931923769887,NA,NA,NA,0.970093913993817,0.997927245840739,0.908145934684994,NA,NA,NA,NA,0.378524407311699,0.816593286402021,NA,NA,0.929922903536377,0.750318057892493,0.722760075145803,0.979203434623602,0.946159321373756,0.944746721513705,0.99560020527325,NA,1.00170005539923,0.982582732435817,1.02641671725458,1.03290975687458,0.940466598334996,0.990940030691801,0.943653493716265,0.72758353990224,0.668723678403644,0.56052459263252,1.04200839743042,1.03469356434274,1.05133945262122,NA,NA,NA,NA,NA,NA,NA,NA,NA,NA,NA,NA,NA,NA,NA,NA,NA,NA,0.831788572523394,NA
1771,NA,NA,0.746852673181235,0.746738841009143,NA,NA,0.998104923123766,0.940341819825063,NA,NA,0.945872378988598,0.848769781336707,0.984671027644613,NA,0.93486787111539,0.99690765561149,NA,NA,NA,0.972255992330697,0.992259834474643,0.88177249413155,NA,NA,NA,NA,0.756055580341084,0.788370222036163,NA,NA,0.929960171681071,0.891331671107883,0.91384503693395,0.999925209581968,0.892838475307624,0.957378063389821,0.938399618377041,NA,0.999547286407715,0.9943694357235,0.978465378204954,0.867340088391067,0.878470280685949,0.989700904579282,0.900936828017549,0.728450171110092,0.650138722287585,0.660724696894777,0.934763049833801,0.938111901150137,1.08767505077349,NA,NA,NA,NA,NA,NA,NA,NA,NA,NA,NA,NA,NA,NA,NA,NA,NA,NA,1.06368561755485,NA
1772,NA,NA,0.814874294840242,0.80500385771676,NA,NA,1.04996172387641,0.959361434317333,NA,NA,0.911661680500485,0.954077943188801,0.922445157542211,NA,1.04689270387065,1.00019686890228,NA,NA,NA,0.98624441529538,0.989929589237665,0.881868688421104,NA,NA,NA,NA,0.729469533250084,0.838502700529015,NA,NA,0.929997746488701,0.891994064080749,1.10346910609963,1.01990098618081,0.966302397379468,0.998940364035984,0.974871269164071,NA,0.99931997610946,0.96634509503056,0.979430973881719,0.918456028612637,0.892802232460648,0.988391421309852,0.936743479935939,0.758945255294609,0.556550731168129,0.817149898012286,0.728648151960796,0.747787195949488,0.989610169532937,NA,NA,NA,NA,NA,NA,NA,NA,NA,NA,NA,NA,NA,NA,NA,NA,NA,NA,1.05916956885352,NA
1773,NA,NA,0.804998873910579,0.961576621099956,NA,NA,1.09664036582479,1.12141579135271,NA,NA,0.971589690523094,0.965836585893481,1.09366362898707,NA,1.10856607765611,1.00141468597306,NA,NA,NA,1.00152249109478,1.00419165489682,0.977106807095996,NA,NA,NA,NA,1.26829070902855,1.06465529321415,NA,NA,0.981556815971244,0.892660986605537,1.19801023226142,1.01188735447044,1.03230066329705,1.02623960192104,0.982386254815132,NA,1.00185027276833,1.06181874946538,1.01875130748681,0.97477321830623,0.941457817760161,0.990068655566113,1.01490953259637,0.926280664464699,1.21727746220188,0.95410317309361,0.723222928230765,0.840745306911749,1.02281731549586,NA,NA,NA,NA,NA,NA,NA,NA,NA,NA,NA,NA,NA,NA,NA,NA,NA,NA,0.863182387810856,NA
1774,NA,NA,1.05613648608622,1.1000773623418,NA,NA,1.10165400548191,1.12584560462893,NA,NA,1.07161349091545,1.07056129652407,1.04137425001198,NA,1.26262116230375,1.0048362051929,NA,NA,NA,1.00026205987388,1.0164364336262,1.05572136074202,NA,NA,NA,NA,1.46461263488114,1.15760045545528,NA,NA,1.02790671191001,1.07034391057664,1.29725111255216,1.0196508653989,1.11624139241771,1.06159912724187,1.01876201202003,NA,1.00339231145723,1.0937693134791,1.04110914322055,1.08672395987951,1.0229371034691,1.00712500484943,1.04708656411099,1.20420387558347,1.02580048707605,1.00999879512532,0.987090461539216,1.06120959396445,1.05884032104409,NA,NA,NA,NA,NA,NA,NA,NA,NA,NA,NA,NA,NA,NA,NA,NA,NA,NA,1.09514609176303,NA
1775,NA,NA,1.0268288643984,1.06951123533509,NA,NA,1.12574358339937,1.05731979098101,NA,NA,1.03420094516459,1.04900462942193,1.0055810734765,NA,1.25893675965005,1.0058780086995,NA,NA,NA,1.00724842835711,1.01425210395061,1.05579221269393,NA,NA,NA,NA,1.18747993205046,1.13373969585131,NA,NA,1.01581424153607,1.05120388085578,1.30083756461405,1.02644272875216,1.05488963130001,1.05136167758145,1.01357346225671,NA,1.00403120637248,1.12536704268892,1.07066682861687,1.11622342056898,1.03807015567823,1.00902228466097,0.987372699440509,1.10278326547652,0.884943350905752,1.01199234456689,1.10861459323766,1.07845234114938,1.01850912566112,NA,NA,NA,NA,NA,NA,NA,NA,NA,NA,NA,NA,NA,NA,NA,NA,NA,NA,1.07752781302284,NA
1776,NA,NA,1.04174267949405,0.994191457105002,NA,NA,1.11387201876115,1.06055218118168,1.16955683185402,NA,1.08161435584334,1.11069494268468,1.04415155276973,NA,1.2229589938276,1.00437508262577,NA,NA,NA,1.02986950318286,1.01121315726221,1.00141172236898,NA,NA,NA,NA,1.19372754317636,1.14787324042807,NA,NA,1.02799190526515,1.07196726728811,1.29660315049248,1.0162646204168,1.02681495472238,1.03103622591926,1.02879880086507,NA,1.00475903518688,1.12943721138348,1.06323313201599,1.08547471183847,1.0037910367227,0.993381123535273,0.934073039481385,1.05029333340487,0.91598960906104,1.07440489133858,1.03532542180743,1.05088624471188,1.05099867051152,NA,NA,NA,NA,NA,NA,NA,NA,NA,NA,NA,NA,NA,NA,NA,NA,NA,NA,1.14280951859432,NA
1777,NA,NA,0.917577251043367,1.10071252120747,NA,NA,1.0913460480502,1.075979982227,0.919382627529933,1.04187385823355,1.06930487505868,1.1228267995968,1.09672281344405,NA,1.15154526947968,1.00700796674745,NA,NA,NA,1.00633041500276,1.00513440032733,1.04145341854505,NA,NA,NA,NA,1.45587931128955,1.17138171930468,NA,NA,1.03383195377944,1.05280621850433,1.25225963151624,1.02298594165104,1.11264919775635,1.05748760054999,1.03351130328138,NA,1.0032247598035,1.05258371449925,1.07065362769152,1.07884608465912,1.04932511147789,1.00672267812274,0.988013631943406,1.04529400661975,1.02325862939594,1.05682169062721,1.00206394450979,1.0223195013769,0.998641705835989,NA,NA,NA,NA,NA,NA,NA,NA,NA,NA,NA,NA,NA,NA,NA,NA,NA,NA,1.03281631952782,NA
1778,NA,NA,0.819792875969901,0.940546904858777,NA,NA,1.02494859597053,1.03724790550298,1.07102215748262,1.00546067881288,1.02803060158697,1.09250868396648,1.04618299403035,NA,1.1007186863051,1.00251189468041,NA,NA,NA,1.0043506187831,1.0075291681683,1.11123450416245,NA,NA,NA,NA,1.52710675940227,1.18529562015507,NA,NA,1.03950724796964,1.05361395400627,1.25590099445104,1.02107582177103,1.1133463573145,1.07101166082052,1.01383450689473,NA,1.00312913129644,1.03856992881224,1.03835861734133,1.03391213010786,1.02437186576928,1.0086461063407,1.00437274727289,1.03393084347884,1.05247406826541,0.952127693316542,0.973814112989282,1.03225383819529,0.999397122561415,NA,NA,NA,NA,NA,NA,NA,NA,NA,NA,NA,NA,NA,NA,NA,NA,NA,NA,0.947515600567889,NA
1779,NA,NA,0.668215741288542,0.979517876495351,NA,NA,0.986944695804027,0.991802386379999,0.931146299133379,0.984247737717009,0.992347819888542,0.954974818531306,0.994061376138809,NA,0.953515738512132,0.998169179039752,NA,NA,NA,1.00958143101378,1.00052037749958,1.05606017684708,NA,NA,NA,NA,1.08144129815225,1.0900413147866,NA,NA,0.996219487189412,1.07443626307836,1.09046824812375,1.01267022101618,1.08389186271572,1.06141185654862,0.97154093539671,NA,1.00084481110243,1.05683065364932,1.05000481463886,0.993464947180293,1.06988222450071,1.00106776209127,0.994148780360625,1.11949870144603,0.960578443473172,0.906481486246248,0.947336801138178,1.02596456709624,0.975501068113688,NA,NA,NA,NA,NA,NA,NA,NA,NA,NA,NA,NA,NA,NA,NA,NA,NA,NA,0.910196652276899,NA
1780,NA,NA,0.915382136081376,0.989297697946643,NA,NA,1.04966924774573,1.04695719837885,0.955746424210633,0.992510314304496,1.04136439899405,0.995785701876877,0.985506703305552,NA,1.13920262963523,1.00208233011268,NA,NA,NA,1.00929848340563,1.00500790693963,1.00168334048169,NA,NA,NA,NA,1.54069474088247,1.13591853746696,NA,NA,1.03396332479261,1.01355169160374,1.20551010068347,1.02105718553294,1.04413109497809,1.06527170405597,0.975543977568515,NA,1.00256630661351,1.0377265897701,1.05395604279578,0.969096262434047,1.07342472475758,1.0114275880727,1.00495441880997,1.24301709967212,0.881416409359186,0.944203078594153,1.07261244427422,0.997261362961752,1.01489541943333,NA,NA,NA,NA,NA,NA,NA,NA,NA,NA,NA,NA,NA,NA,NA,NA,NA,NA,0.962524369962693,NA
1781,NA,NA,0.717748153414422,0.790817951826137,NA,NA,0.879392617108133,0.960139639260726,0.997172352398865,0.962148636521222,0.895043520905117,0.719673309329648,0.966560314279166,NA,1.02957056628446,0.997327487196595,NA,0.964281732241629,NA,1.02307607238267,1.00230274022625,0.951025759495709,NA,NA,NA,NA,0.894318697764052,0.927406520282526,NA,NA,0.957929434864709,0.513536416170913,0.86114588444663,0.96096233808913,0.962418666798267,0.944376761560956,0.933610746140461,NA,1.00188541554321,1.01726857211157,1.00680718028146,0.810518934711992,0.959859843595597,1.00133967583212,0.939447011068194,1.03790037503903,0.662712295270932,0.758099439429528,0.769269134906015,0.679624376918366,0.859970650731835,NA,NA,NA,NA,NA,NA,NA,NA,NA,NA,NA,NA,NA,NA,NA,NA,NA,NA,0.844243013069585,NA
1782,NA,NA,0.612783252721492,0.794405440854481,NA,NA,0.830381482562077,0.951400346757083,1.000054114153,0.948601434184366,0.849825206043753,0.769782711440508,0.904769131010226,0.982603506307518,0.965305248418327,0.993707794519477,NA,0.969242695462907,1.00473616412311,1.01674293475153,1.0016073699928,0.968101176488905,NA,NA,NA,NA,0.799094411248394,0.887115629353393,NA,NA,0.909296143885619,0.383350924365161,0.545424283525228,0.911549820850121,0.963016781534792,0.909190840804427,0.944601243091825,NA,1.00265105856936,1.03289758062081,0.975691542800297,0.893798936288268,0.94448460373827,0.992852641728088,0.909090480827578,1.01990817792529,0.589675912556789,0.759551169612031,0.701829073650638,0.638126725177433,0.883479896554882,NA,NA,NA,NA,NA,NA,NA,NA,NA,NA,NA,NA,NA,NA,NA,NA,NA,NA,0.893128372850999,NA
1783,NA,NA,0.794230821088328,0.880302931321307,NA,NA,0.93846943435234,0.978238688342897,0.976311384073248,0.817787877907328,0.909763570394474,0.836017116223176,0.913124478286175,0.969782911963646,0.976943522466947,1.00029402439209,NA,0.952244929237864,0.962224967409713,0.999649860938321,1.00358436639426,0.974699888417725,NA,NA,NA,NA,1.09877585406787,0.859142761062773,NA,NA,0.949277656921622,0.899541419698998,0.705323379507859,0.934751140636306,1.03130866388785,0.92536545376256,0.967801417599249,NA,1.00109481089886,0.980106177648658,0.97973599484485,0.930515786011512,0.955457902659391,0.991540018715458,0.935947711527859,1.02791361253162,0.765190358150061,0.937780560804849,0.89257264718731,0.767368144484131,0.888475722421054,NA,NA,NA,NA,NA,NA,NA,NA,NA,NA,NA,NA,NA,NA,NA,NA,NA,NA,0.91109500128085,NA
1784,NA,NA,0.864711767353452,0.809691366585129,NA,NA,0.89539332330842,0.952321520992894,0.900986808028314,0.806249216634964,0.910835972135669,0.742608817976068,0.921681288222475,0.955460042763653,0.8772851145537,0.99917445148167,NA,0.96289506495069,0.986386271970333,1.00509916376526,1.01109954124998,0.999239073812845,NA,NA,NA,NA,0.47231708819758,0.89362773529236,NA,NA,0.920238528394938,0.847379234944143,0.763495357442641,0.957272135927424,0.982671920806158,0.920149520414349,0.914918921339933,NA,0.997300054410502,0.889406032056661,0.956501574097425,0.873481440679164,0.980369609201116,0.983377426896505,0.936185049972851,0.982295248741928,0.625479751423302,0.876967273987127,0.888191862273646,0.770242966594951,0.837454904978609,NA,NA,NA,NA,NA,NA,NA,NA,NA,NA,NA,NA,NA,NA,NA,NA,NA,NA,0.834111599988535,NA
1785,NA,NA,1.12224449010906,0.968508284114123,0.942325583307655,NA,0.947050967454158,0.998504373537679,0.978921670870001,0.98332533500538,0.899329946613395,0.780867071058325,0.99960299836836,0.961468302513097,0.755663813610828,1.00111384700179,NA,0.970032948520077,1.00315681869457,1.00651435643011,1.01454630701921,1.05203712641164,NA,NA,NA,NA,0.774048219933068,0.926687582638534,NA,NA,0.982056896076775,0.848045967041571,0.743746491233052,0.979857734955213,1.00064312178454,0.920118970387435,0.967968275372653,NA,0.999275235927774,0.91356251483667,0.978909078728859,0.91523040016828,1.00712728059008,1.0007154764915,0.978434280323452,1.03753403319921,0.780846261648926,0.976514302207028,0.9872171643736,0.815963329337916,0.908358156629933,NA,NA,NA,NA,NA,NA,NA,NA,NA,NA,NA,NA,NA,NA,NA,NA,NA,NA,0.931762101089991,NA
1786,NA,NA,1.08087043391338,1.04467123200741,0.93123552271993,NA,0.905493368938051,0.966864354638575,0.916639734505581,0.979028553826606,0.873371408007708,0.722956490946279,0.954381068122277,0.968981374723679,0.722632959956591,0.996934230744365,NA,0.941091568678292,0.971424135843758,0.987745995789475,1.00543633435645,1.02454078417827,NA,NA,NA,NA,0.943005216572396,0.929973450031738,NA,NA,0.966475189732934,0.950681527094653,0.779370134942291,0.986394984937528,0.974792916665374,0.93507750422611,0.954798563595366,NA,0.997511620791142,0.858002133252492,0.947181242658626,0.90535094057425,0.990272479767382,0.990372478194733,0.984658807719518,0.942160064676608,0.796891056192391,1.02290390943827,0.850201017736635,0.748395445563817,0.867864009017425,NA,NA,NA,NA,NA,NA,NA,NA,NA,NA,NA,NA,NA,NA,NA,NA,NA,NA,0.893867877646565,NA
1787,NA,NA,1.0733005834661,1.05213226235192,0.924368393088877,NA,1.00790681671697,0.99935133830919,0.965690734083166,0.987615637599045,0.973099981625687,0.935149949057341,1.06843042992125,0.997406045266338,0.945520418620797,1.01070776616352,NA,0.974918695049427,0.993805695182972,0.997202367852292,1.01105211519435,1.03255837333257,NA,NA,NA,NA,1.24558439787625,1.18567630536177,NA,NA,1.01633768822038,1.06104802796423,1.11803425860243,1.00833882631121,1.11957866165859,0.99228452101161,1.00019290541525,NA,1.00133692322757,0.950935907241912,1.00496139063471,1.08706893498971,1.04628738150044,1.00412971979645,1.05662301957992,1.0972150610607,1.36914765995561,1.28429824639923,1.02983953457461,0.923865544243118,0.990328935599552,NA,NA,NA,NA,NA,NA,NA,NA,NA,NA,NA,NA,NA,NA,NA,NA,NA,NA,1.03534253907482,NA
1788,NA,NA,1.07734904342841,1.12925534858517,0.974519837693562,NA,0.97520818246125,1.01726114459127,0.996399333276109,1.04064145389101,0.974144868141621,0.893874168630036,1.06441000055823,1.00386489646127,0.927627269317049,1.01089551717702,NA,0.996165099177468,0.967189814269139,0.997472063143116,1.00580435614337,0.914061116951527,NA,NA,NA,NA,0.847501295490047,1.03175296839343,NA,NA,1.03432428594362,0.877125125626565,1.04787797817638,0.997290236413825,1.08994807561997,0.972075164382568,0.976218614455599,NA,1.00279665935587,0.984332229842129,1.02328548102635,1.05618524328324,0.972413789336895,0.979784614802787,0.990889255954227,0.974488976534947,1.3950148103118,1.15704509407113,1.01589523799813,0.927463364597417,0.961088097275851,NA,NA,NA,NA,NA,NA,NA,NA,NA,NA,NA,NA,NA,NA,NA,NA,NA,NA,0.931947809399135,NA
1789,NA,NA,1.27089042427797,1.17828025703753,1.02318785163165,NA,1.01116635508906,1.00011156744691,1.0431617363427,1.08264807162646,1.02188982596155,0.918804514922529,1.03846222975847,1.00712504002319,1.09301241038277,1.01076241468117,NA,1.02200612714272,0.936348171679835,0.992309230914477,0.996066231622322,0.869041823769502,NA,NA,NA,NA,1.05075661080188,1.08425573365945,NA,NA,1.01006002703081,0.976262752754696,1.03239752529838,0.999228674635145,1.10915639627215,1.03058408048272,1.01206005094683,NA,1.00319162322242,0.973502198064914,1.03049959895497,0.993147260985508,0.99147254068423,0.989077280278044,1.00203801066187,1.03127389019956,1.52471872765502,1.22217587250435,1.16040460951272,0.973909174806132,1.20215444209481,NA,NA,NA,NA,NA,NA,NA,NA,NA,NA,NA,NA,NA,NA,NA,NA,NA,NA,1.08946598781809,NA
1790,NA,NA,1.31784726048488,1.21972161806803,1.05554596109479,NA,1.01444920263317,1.01461270046575,1.00782072577738,1.00101678552948,0.979531191128183,0.881783069631782,1.09004236380876,0.992189804795485,1.07844693536214,1.00884159391312,NA,1.00871624696175,0.948722088666735,1.00195861967285,0.99681956828619,0.937921061607562,NA,NA,NA,NA,1.08653041522998,1.09964289130357,NA,NA,1.03441662191016,1.02156211512797,1.11090610100153,1.00772629001241,1.04327039614,0.99218769015646,0.987368953217857,NA,1.00207305558352,0.979069167536085,0.988825203229687,1.01617186273515,1.04398627714159,1.00228176956594,1.02205056676497,1.03970170350161,0.984163142502837,1.08351922885907,1.0997961318352,0.922702988826639,1.17196407942306,NA,NA,NA,NA,NA,NA,NA,NA,NA,NA,NA,NA,NA,NA,NA,NA,NA,NA,1.1745941931805,NA
1791,NA,NA,1.18200082935635,1.12300203568957,1.03029549322775,NA,1.01768730887148,1.01149986496609,0.998160103353352,0.984672595188918,1.00610418776209,0.913556879300143,0.944781034487444,1.00495467822177,1.09854807482721,1.00989242579819,NA,1.04135358470202,0.944617340593678,0.994679389662312,1.00456881455321,0.969617184841271,NA,NA,NA,NA,0.650178898383506,1.06722545649108,NA,NA,0.966690433833903,0.823732659232153,1.08680305709516,1.00773371756675,0.977788333526758,0.992155705688222,0.9908823452582,NA,1.00184136432132,1.00805765307417,0.987824356888298,1.01995532597543,1.09335002610987,1.00546344685845,1.04995660445469,1.07385844089632,0.827305687581039,1.20037973575081,1.12227252690317,0.931601595736025,1.16576378484283,NA,NA,NA,NA,NA,NA,NA,NA,NA,NA,NA,NA,NA,NA,NA,NA,NA,NA,1.02809740835096,NA
1792,NA,NA,1.27476735379538,1.24370960152466,1.04586980124587,NA,1.00057771040412,0.945421221883348,1.09267848449648,1.00215202162942,1.01917785772779,0.919810282685377,1.07979965826971,1.03822003643391,1.18598720319151,1.01322762900448,NA,1.01490701334734,0.989478674017859,1.00700506629785,1.00868119670765,0.985767412527504,NA,NA,NA,NA,0.955541842996789,1.19523432069861,NA,NA,1.0401448784282,1.02319698736843,1.1185581187051,1.01287851150008,0.978385243726089,0.98571173882305,1.00368417489466,NA,1.00331775450038,0.982121621034747,0.977024701183815,1.00484070278792,1.0299706633731,1.00016858744953,1.01292783822241,1.01653357594971,0.906368324912803,0.978078260297544,1.15821223072472,0.984028477503584,1.20821273120006,NA,NA,NA,NA,NA,NA,NA,NA,NA,NA,NA,NA,NA,NA,NA,NA,NA,NA,0.976352828322282,NA
1793,NA,NA,1.13355457190437,1.23612542081055,1.07476203912818,NA,1.027246408307,0.97354688181744,1.05669089228095,1.03935867848211,1.0374873837549,0.990087225104444,1.1175405988257,1.02358962644435,1.06847488442983,1.01355147725253,NA,1.02587040062499,1.01460120148045,1.02576189388779,1.00724877259515,1.08752386334219,NA,NA,NA,NA,1.09198946935166,1.20941033242164,NA,NA,1.02277755344622,1.0240179846284,1.18658524754581,1.02177556695815,0.969550279244233,0.998229870987957,0.987640655463012,NA,1.00647979338065,0.988983651397244,0.981094955659339,1.01434713901955,1.05929905112332,1.00022281758285,1.01315343664908,1.03202283839974,1.02782449142623,1.02578747502471,1.03627320169942,0.918599537939153,1.1552071304224,NA,NA,NA,NA,NA,NA,NA,NA,NA,NA,NA,NA,NA,NA,NA,NA,NA,NA,1.17045085320267,NA
1794,NA,NA,1.41107613626937,1.24532532489473,1.06236975075503,NA,1.05747158305595,0.950878314838307,0.996068455985816,0.995388511952097,1.06024782020723,1.00951558509764,1.12550379763148,1.02117162437235,0.804042142954917,1.01369569235147,1.0163463218712,1.01323807235723,1.04913647289925,1.02518073955833,1.00207010853572,1.09408473241527,NA,NA,NA,NA,0.8904576341998,1.02572230307543,NA,NA,0.996878599796651,1.00284857919775,1.13578689837836,1.02343689412904,1.01453170214821,0.968226834610179,1.00387161988265,NA,1.0078836534358,1.00551700404091,1.01585710698881,0.997332816491671,1.05629862770626,0.993891330179642,1.07431417435746,1.10485374365929,1.08627168009531,1.06053329653212,1.10492494280407,0.989954175245901,1.18153989946156,NA,NA,NA,NA,NA,NA,NA,NA,NA,NA,NA,NA,NA,NA,NA,NA,NA,NA,1.0776916321138,NA
1795,NA,NA,1.3434719630669,1.20727916719691,1.04868785868656,NA,1.06023029305332,0.960616880841493,1.02019468887785,1.01307422868948,1.09146595454806,1.08255004004065,1.02119267675718,0.99869478470501,1.03606174034563,1.01246837304336,1.03077528117016,1.0016933229891,1.04434061918643,1.01723577679356,1.00813108037126,1.06135265957471,NA,NA,NA,NA,1.16213375307446,1.08066398437518,NA,NA,1.02287045184451,0.957537506607454,1.33599811944335,1.0316465166545,0.989314478749043,0.985617662516346,0.980632986282963,NA,1.00877369842357,1.00678415073434,1.04108923131649,1.06188934959745,1.09809540639489,1.01799188270816,1.04891981283674,1.11919483456376,0.997163956221354,1.10439674563163,1.00965446572273,0.926320427343646,1.17212379535509,NA,NA,NA,NA,NA,NA,NA,NA,NA,NA,NA,NA,NA,NA,NA,NA,NA,NA,0.935499200633271,NA
1796,NA,NA,1.41178811251126,1.29099842505694,1.08521680937143,NA,1.08999745880883,0.990614335929317,1.12152011450182,1.12445954956033,1.12028782833148,1.1380424151143,1.09332413167538,1.03200126251499,1.22040697439141,1.01637139234146,1.02051124223956,1.01389402839525,1.09237758097671,1.0241518915237,1.00852645212993,1.04477248338334,NA,NA,NA,NA,2.10659381240702,1.14386547694672,NA,NA,1.07588944252051,1.34663045898208,1.60187947950418,1.03781705917982,1.03955213999491,1.03741982533113,1.01545953429917,NA,1.01024982242511,1.05912715128063,1.05530960446249,1.13083317001741,1.10434866669551,1.0243050366935,1.07478538652564,1.03789329926448,1.36356299499277,1.23015013867144,1.13412181125818,1.04807088233637,1.19294000436193,NA,NA,NA,NA,NA,NA,NA,NA,NA,NA,NA,NA,NA,NA,NA,NA,NA,NA,1.0100594254285,NA
1797,NA,NA,1.16321454974129,1.19164007471631,1.02752957584091,NA,1.04835287308734,1.01637032146878,1.05168735615734,1.00299274931254,1.08387778911782,1.09445908122908,1.02652164600069,1.05118462151096,1.05572373685229,1.01162880350058,1.00447428223963,1.00253467050355,1.02176613397647,1.02127792793563,1.00400151143538,1.05957611408167,NA,NA,NA,NA,1.19775714757076,1.08701722849074,NA,NA,1.07593865817479,1.14788134669014,1.42215479039739,1.01317012768177,1.00800351312833,1.05268883700143,1.00111955168829,NA,1.0092387688834,1.01487823813218,1.0629932187701,1.05335361294388,1.08070802787453,1.01516652080609,1.06631262493933,0.854347274735966,1.57063339820868,1.16806044164371,1.20659852208739,1.16906847738551,1.07473866631865,NA,NA,NA,NA,NA,NA,NA,NA,NA,NA,NA,NA,NA,NA,NA,NA,NA,NA,1.04873390050114,NA
1798,NA,NA,1.39140477126864,1.39680852774463,1.10273632188717,NA,1.13541253356546,1.06711335179591,1.10203599269283,1.06480214817959,1.1684020961597,1.24335887216627,1.18289704820187,1.04338169404685,1.22085461615151,1.0198201818652,1.07359770952501,1.03198925805687,1.04303735241032,1.03481765144436,1.0132327479788,1.04033989211951,NA,NA,NA,NA,1.57006771450967,1.1148313659241,NA,NA,1.12917698151256,1.28683124310305,1.49372155976288,1.02781332317135,1.03307434163449,1.06075414574811,1.04627852570036,NA,1.00951048278526,1.00946525163057,1.0687036876219,1.08347117275433,1.11370942666746,1.02006427426906,1.09447001436462,0.999888069376343,1.73130598451431,1.20789639007733,1.34351867521444,1.15983070534599,1.16879805667303,NA,NA,NA,NA,NA,NA,NA,NA,NA,NA,NA,NA,NA,NA,NA,NA,NA,NA,1.15318286457978,NA
1799,NA,NA,1.28784160007099,1.26990376532821,1.08776445788566,NA,1.09727804142945,1.02982574665139,1.0704393728037,1.10034203499705,1.11464517774942,1.20894504451752,1.14268557775159,1.03918348580729,1.23459943412041,1.01698835964535,1.05341458430865,1.03000929996624,1.03228956697211,1.00022084780321,1.00916743597235,0.97162320706219,NA,NA,NA,NA,1.26637096833639,1.09308826484695,NA,NA,1.1292289117631,1.13082839762444,1.54011326592891,1.03062630496726,1.04898223439401,1.07394083297826,1.05626844888697,NA,1.00790793713172,0.993404178286295,1.05147301885911,1.31164603859482,1.08469275885677,1.01442521941498,1.08376303488844,0.972340509552089,1.83913426318789,1.2464314128512,1.43474056502266,1.10857332504397,1.20364626912502,NA,NA,NA,NA,NA,NA,NA,NA,NA,NA,NA,NA,NA,NA,NA,NA,NA,NA,1.09660746060595,NA
1800,NA,NA,1.02757790406242,1.21297716570472,1.04612648147755,NA,1.07354588664834,1.01330858096018,0.958191455395222,1.02019414198272,1.09210178692353,1.13490543061788,1.05534569542846,0.995442848392042,1.01797102252376,1.01162197815376,1.04185854912383,1.0053738219008,0.983993675762817,1.00604326009337,1.00427982768983,1.01714687101935,NA,NA,NA,NA,1.26649248199477,1.00116182388431,NA,NA,1.12563103781553,1.16918971328018,1.15179806762151,1.01404303612899,0.992301959016073,1.03729103751379,1.02620731768477,NA,1.00496776188796,0.935385866212279,1.01627342469526,1.18681580601435,1.03326309159906,1.01035277322782,1.03113935486168,0.911060754083856,0.935177540170397,1.02879169905284,1.29021843378247,0.99654301256866,1.07496554590749,NA,NA,NA,NA,NA,NA,NA,NA,NA,NA,NA,NA,NA,NA,NA,NA,NA,NA,1.15014876061187,NA
1801,NA,NA,1.13323429114104,1.30088434073649,1.04496113754737,NA,1.13497962498137,1.03317115076481,1.0799968786182,1.20095794372063,1.1412468498997,1.08698321031132,1.03611070385269,1.00960946459649,1.17753546616409,1.01769412366472,1.07202166999052,0.999012030599607,1.07047053897014,1.02456023361572,1.00461686576947,1.07241623703852,NA,NA,NA,NA,1.16481079416102,1.07300078610151,NA,NA,1.14334678622879,1.25731478424562,1.17528160494215,1.01451073958077,0.974243802007348,1.06065643892103,1.03578290276696,NA,1.00800524179054,1.01716542544123,1.04412000578417,1.20450254574087,1.03364640516145,1.01516973203037,1.03136165303549,0.921093541100837,1.08443627897407,1.17747612476999,1.3356273012946,1.19210552981893,1.12543832091754,NA,NA,NA,NA,NA,NA,NA,NA,NA,NA,NA,NA,NA,NA,NA,NA,NA,NA,1.15461742087019,NA
1802,NA,NA,0.995938282629524,1.23370034132952,1.04262071660994,NA,1.06775998140016,1.03007926365644,1.12347086401049,1.15295942435615,1.14455076028718,1.02403467037159,1.00268751387438,1.00532534678872,1.19841044754174,1.01472738150656,1.02260572716978,0.997459913349744,1.11863841494703,1.03812652806295,1.00073299981396,1.06356927438223,NA,NA,NA,NA,1.09673219657353,1.02074550883682,NA,NA,1.08079547144443,1.05300764851804,1.51664488858517,1.03002372027114,0.884512681702849,1.02018968824798,1.02392921832891,NA,1.00711255692773,1.0008840303005,1.04316966931609,1.1763139861675,1.0730849841133,1.0166202885708,1.00224280661356,0.835051703571398,1.01071113660382,1.09907324360354,1.24014314072903,1.21537078825892,0.95690346224423,NA,NA,NA,NA,NA,NA,NA,NA,NA,NA,NA,NA,NA,NA,NA,NA,NA,NA,1.13923007490735,NA
1803,NA,NA,0.858074667094697,0.990638300053891,1.03542382316492,NA,0.945332941380359,0.999029000360845,1.03864242000127,1.02207558521795,1.05641590278204,0.902624742224552,0.903329253013014,1.00370679362094,1.0262050728198,1.00813034091828,0.966770744424342,0.996857801721204,1.09519674609234,1.0289718324232,0.993540978369819,0.97618444581016,NA,NA,NA,NA,0.518287454435342,0.878708514045624,NA,NA,0.98285856022841,1.03234265576381,1.11630746964995,1.01064705713119,0.898128779844557,0.991784980954015,0.981440279506363,NA,1.00442277068617,0.977214733260174,0.983610209820978,1.01132832121294,0.97323776278653,0.999135785320552,0.98238157672186,0.817485414856426,0.792233931891587,0.92379291052583,1.05796377303612,1.09501206358492,0.90645488692149,NA,NA,NA,NA,NA,NA,NA,NA,NA,NA,NA,NA,NA,NA,NA,NA,NA,NA,1.04744523723904,NA
1804,NA,NA,1.10923219521749,1.14275364439903,1.07648236273898,NA,1.00261361384341,0.999052261825053,1.12946755606082,1.10003272330877,1.03163347020882,0.883405270313786,1.03620718296629,1.0415002409325,1.05637822176599,1.01129764313571,0.999714081676358,1.02518872955871,1.10960441410689,1.04658484824433,1.0019156613302,0.963165573428241,NA,NA,NA,NA,0.654296913485604,0.949374053645635,NA,NA,1.04620055620333,1.22645444465326,1.18892400636882,1.01513206275298,0.966172672976175,1.04169779507923,1.02160281890278,NA,1.00738834803576,1.08127112010962,1.03650243227275,1.19490859153938,1.08664895363087,1.01276928949832,1.02518621980762,0.997004051193315,1.23995866693198,1.02557234829348,1.03517304239319,1.15035017928219,1.05917328136851,NA,NA,NA,NA,NA,NA,NA,NA,NA,NA,NA,NA,NA,NA,NA,NA,NA,NA,1.00995810219667,NA
1805,NA,NA,1.21330663903462,1.18584249218715,1.07601840422572,NA,1.03512088979479,1.07275103850638,1.11458159132413,1.10645078274227,1.0613655761597,0.981023754376324,1.17083907879752,1.04796099490086,1.14160590255469,1.01565836381393,1.02644263327392,1.02876095732109,1.11767413616183,1.05532568705183,1.01113121610908,0.998782497342136,NA,NA,NA,NA,0.755692777534958,0.918118852439609,NA,NA,1.04624926079207,1.13636586758086,1.43152895001658,1.03164111259461,0.966747859005087,1.0348183031229,1.01368559144952,NA,1.00746048006286,1.07316591315647,1.03696059316918,1.12697315692942,1.10218153587217,1.02953165585538,1.03881723503416,0.991503359265901,1.60694559324655,1.24361326619698,1.05376831214049,1.10427969432052,1.04825079399038,NA,NA,NA,NA,NA,NA,NA,NA,NA,NA,NA,NA,NA,NA,NA,NA,NA,NA,1.07408899109754,NA
1806,NA,NA,0.91323804854293,0.969263549203565,0.994012028920736,NA,0.87163943290855,0.931185138765891,0.963099589114677,1.00357915904346,0.910129005204396,0.856012189154741,1.07274676277538,0.997091864815964,0.670079022126083,1.00121065699652,0.984844477978957,1.00116772020991,0.967677143999215,0.985595347245249,1.00008194717108,0.926926355310269,NA,NA,NA,NA,NA,0.762176244968067,NA,NA,0.975340492242758,0.916320834933309,0.715139079833373,0.997000625824957,0.935598730563138,0.994798450331965,0.96997844725282,NA,1.00054035811277,0.941117764503277,0.94452217821902,0.906407190890385,0.947705442262083,1.00352869309902,0.983021854358834,0.74914596157349,0.808607880194175,1.01795638242746,0.768086016312822,0.941255896069709,0.871301629284446,NA,NA,NA,NA,NA,NA,NA,NA,NA,NA,NA,NA,NA,NA,NA,NA,NA,NA,0.978708461809747,NA
1807,NA,NA,0.79406245003771,0.942965392631066,0.995696455393049,NA,1.03168394573063,1.01348796423346,1.00536267113952,1.03640508500536,1.00000405288803,0.981054276739037,1.00802971806409,0.979074227755992,0.709704049497711,1.00061652922588,0.98816590576467,1.00560917023582,0.951120688691261,0.964015975928367,1.0083705076506,1.01979985292291,NA,NA,NA,NA,NA,0.786300375150363,NA,NA,0.941125309956324,0.73888551850919,0.651744614295277,0.997648304877749,0.924712023575701,1.02259749948301,0.99253211983438,NA,1.00533678211574,1.04583749552812,0.990293148131337,1.04784540617811,0.924257646405768,1.00131055241979,1.02350862890413,0.915409299798807,1.08446563463978,1.0319199904999,0.839812654350169,0.925655334310248,0.983890978897814,NA,NA,NA,NA,NA,NA,NA,NA,NA,NA,NA,NA,NA,NA,NA,NA,NA,NA,0.934817437512531,NA
1808,NA,NA,0.890971557123261,0.91942865546997,1.01923831551216,NA,0.972855311488701,0.974865142341591,0.961508313081947,1.01777587297381,1.035946569459,1.01496418681101,0.956463933711087,0.989824785106547,0.71287234654386,1.00112804689073,1.0523069753615,1.03142917177827,1.02964443618591,1.01326615772619,1.00744268031432,1.03114409314665,NA,NA,NA,NA,0.685179005225137,0.662371201685482,NA,NA,0.959101388647668,0.835164396920756,0.55448423850119,0.977480872790522,0.978311968565751,1.00074942118481,1.01405394878776,NA,1.00523320795047,1.03602018220031,1.00485972380832,1.02110005807007,0.95924110102511,0.987589858595866,1.00622500259394,1.02731586122279,1.32219507023543,1.16469535424424,0.953084956576434,1.06212938454284,0.964061095255573,NA,NA,NA,NA,NA,NA,NA,NA,NA,NA,NA,NA,NA,NA,NA,NA,NA,NA,1.04407148855185,NA
1809,NA,NA,0.982721484267101,0.897954512287266,1.00572499314257,NA,0.994796180966814,0.965993809791449,0.962315656130852,1.08729792215951,0.981271133895623,0.995993309386273,0.973204110618811,0.997364549391687,0.739581204575083,1.00369195793831,1.05422150343861,1.04955426934892,1.0743762877633,1.03077468788069,1.00900861934545,1.03429011848161,NA,NA,NA,NA,0.0702202042658269,0.633626098618663,NA,NA,0.950401312649603,0.740095082354187,0.571433984216777,0.974383217815371,0.969043897348974,0.997749632077412,0.978353577095996,NA,1.00396082421888,1.09531974173736,1.00228107797289,0.897139376511188,0.93095628099633,0.989187390829503,0.953172511435845,1.27822718706288,1.04084286802998,1.02429481151185,0.905220574059202,0.999060920846899,0.963317245307029,NA,NA,NA,NA,NA,NA,NA,NA,NA,NA,NA,NA,NA,NA,NA,NA,NA,NA,0.964082111387529,NA
1810,NA,NA,0.852042147681088,0.871486501542882,0.988440861124706,NA,0.994617898349942,0.93645224431653,0.851726643676927,1.05784406065911,0.952083609021443,0.970912108053715,0.853639710453844,0.988437698820534,0.643055648500634,0.994817535391531,1.04480060591033,1.05066470610726,1.02648300691616,1.02884705402649,1.00913498058033,1.01278755920976,NA,NA,NA,NA,0.581498051681337,0.833313788528316,NA,NA,0.975522717500766,0.865335099046307,0.496527223851706,0.966207441889798,0.926355721333105,1.01995660294739,0.98593780427133,NA,1.00188539806345,1.05594933070617,0.983481217467332,0.897906593834033,0.937208527365885,0.970091474788455,0.974400860938022,1.34372245871227,0.75972840443307,1.02642720232887,0.806163850294341,0.904367009576593,0.914027083351349,NA,NA,NA,NA,NA,NA,NA,NA,NA,NA,NA,NA,NA,NA,NA,NA,NA,NA,1.04597413024928,NA
1811,NA,NA,0.961945118887555,0.893295393533624,0.932803592253287,NA,0.956549545658612,0.919499052002402,0.759613570378852,0.911239965507378,0.900964289132486,0.909018227244283,0.816961425615898,0.983001755879184,0.632103829043894,0.983955470031885,1.0082060514682,1.03808430415795,1.01564151058866,1.00049794304322,1.00891840665405,1.00751728391365,NA,NA,NA,NA,0.445157924382532,0.665937202110787,NA,NA,0.967582663113329,0.526079669621286,0.560647166160183,0.976645419542391,0.949384274243823,1.00643544172303,1.01719757537707,NA,1.00153091585621,1.03428203169847,0.988658923369274,0.965435143044143,0.891314256439198,0.977672537982777,0.99306855771666,1.14301954930411,0.825511767971069,1.20196490808163,0.893475672399337,0.92096526985224,0.956133710548595,NA,NA,NA,NA,NA,NA,NA,NA,NA,NA,NA,NA,NA,NA,NA,NA,NA,NA,1.04177001093458,NA
1812,NA,NA,0.652480760741967,0.832693954897245,0.930623851981001,NA,0.948121081020789,0.982982259450596,0.737806201490759,0.886845702072911,0.906635259113,0.863306137963663,0.681023618291474,0.936776406151269,0.620684763522909,0.982113631585004,0.992138058319609,1.01831448762564,1.0323580057869,0.999902795898576,1.00766657541649,1.02513802521011,NA,NA,NA,NA,0.206829093978228,0.836078364672527,NA,NA,0.873052431677121,NA,0.577700299839083,0.993439868321044,0.927450687090061,1.00064200791512,0.9475421390163,NA,1.00295487573957,0.952013113522339,0.975272388088078,0.95532493746318,0.912511803604911,0.977614615719418,1.02466986448813,1.07900080894184,0.776728912014514,0.993620179279238,0.728788036437657,0.83841548975959,0.9038795335836,NA,NA,NA,NA,NA,NA,NA,NA,NA,NA,NA,NA,NA,NA,NA,NA,NA,NA,0.964368821152461,NA
1813,NA,NA,1.09766937087218,0.902903701129418,0.951919405641425,NA,1.0573607663932,1.06708642150735,0.839351836276669,0.85508983210416,0.962943383579209,0.932931895967274,0.797949873578274,0.999007354356661,0.51765678171281,0.987574254259498,1.02892812043434,1.03776405585519,1.01032633543385,0.977175262838094,1.00364419781686,1.04692643647107,NA,NA,NA,NA,0.172320184068923,0.876990311127684,NA,NA,0.898977474557869,0.776356460213801,0.91901019253877,1.0132455867675,0.903467157156497,0.997644477425371,1.00301530892906,NA,1.0040074336237,0.98900940155007,0.988285286084053,0.955510819111777,0.949404905163056,0.985575817857016,1.01513350138173,1.07442807448101,0.920906376851592,1.22653517158829,0.953460735204478,0.917464895047548,0.995897166381788,NA,NA,NA,NA,NA,NA,NA,NA,NA,NA,NA,NA,NA,NA,NA,NA,NA,NA,1.03109666972514,NA
1814,NA,NA,1.11596684775931,0.83242690520178,1.01797983497552,NA,1.0176120968079,1.02955803798166,0.975132685219172,0.892221925674079,0.997060125234976,0.981521835468849,0.904837610018106,1.03183955121471,0.799619130561509,1.00146609204688,0.991361313440974,1.01106872717091,0.92089715868877,0.967125045470701,1.00892428150239,1.05511054025477,NA,NA,NA,NA,0.643391473601331,0.915351782441655,NA,NA,NA,0.707018868616124,1.06795250293198,1.02056289773729,1.01825284170651,1.04581184111436,1.00917823952945,NA,1.00253848479995,0.978055100547276,0.966071063370387,0.864439663974734,0.955153165119824,0.998593024589487,1.02034085705922,1.09081711556339,1.11529409443556,1.19957926832304,0.923160825856867,0.874740636276169,1.07883150942639,NA,NA,NA,NA,NA,NA,NA,NA,NA,NA,NA,NA,NA,NA,NA,NA,NA,NA,1.1605320082365,NA
1815,NA,NA,1.10701332981509,0.961029883897814,0.999672978250748,NA,0.959825773494991,0.994564098416198,0.887392641454377,0.894930336455814,0.957069246949248,0.976576241816357,0.902678025700728,1.01651378434892,0.693867902371896,1.00080369147593,0.974360933843066,0.998022923895737,0.806929992510803,0.933548787366842,1.00105254012268,0.982005786778588,NA,NA,NA,NA,0.239124080495973,0.898323549377195,NA,NA,NA,0.839962460082685,0.684715878965352,0.9953510418841,1.00117375392109,1.00913323160375,1.00331163557673,NA,1.00064216880244,0.978124923362888,0.976981651231895,0.919842627702632,0.906268082405726,0.99040291288341,1.02058704476953,0.989593890622532,0.906026519181358,1.09579439848949,0.82861691385012,0.811205845587435,0.927288403063309,NA,NA,NA,NA,NA,NA,NA,NA,NA,NA,NA,NA,NA,NA,NA,NA,NA,NA,0.931698348256831,NA
1816,NA,NA,1.11174317385604,1.00577121682133,1.02309439284359,NA,1.02042804689929,1.06407715787907,0.953628599642932,0.914270135748159,1.03541937405935,1.08008975108346,0.992526146124937,1.0080773558919,0.951984728398261,1.00513679730255,1.03367310542417,1.01343001364665,0.927591725812119,0.968105655537502,1.0109714673976,1.05147577932232,NA,NA,NA,NA,0.739809103763525,1.06193394364257,NA,NA,NA,0.744347415975959,0.819008245977041,1.00099829999375,1.00176432614418,1.04791269682063,1.02829902126089,NA,1.00409480894747,1.04469681414571,1.00120476676414,0.976682749329926,0.913190653200706,0.995968985727814,1.04144983301842,1.03825204617976,0.983275615940588,1.02710948565452,1.02623712466732,0.962472832207732,1.04703953645272,NA,NA,NA,NA,NA,NA,NA,NA,NA,NA,NA,NA,NA,NA,NA,NA,NA,NA,1.08784407100199,NA
1817,NA,NA,1.0600900703317,1.02566107717354,0.978994072994489,NA,0.974957930618813,1.00547395826365,0.93110276224392,0.853400581299333,1.03019137878463,1.07228466939818,0.980132467715349,1.00004323566367,0.893951223805926,1.00393405631352,1.0424351357192,1.00057149955378,0.9179894412504,0.966620067839241,1.00826162197973,1.06457575328676,NA,NA,NA,NA,0.936335817377037,0.970720009516543,NA,NA,NA,0.744957002780238,0.796220062092729,0.994764137581956,0.993091439457028,0.997547332746305,1.02595950166477,NA,1.00012076708396,0.966557567546286,0.992135102807595,0.943606243759056,0.892309802547946,1.00182507085627,1.01357457341147,0.978087107266997,1.1167067154103,1.13379966356029,0.999917588523212,1.00234286627231,1.10270841702163,NA,NA,NA,NA,NA,NA,NA,NA,NA,NA,NA,NA,NA,NA,NA,NA,NA,NA,1.12683643942653,NA
1818,NA,NA,0.91358080577637,0.961638933643842,0.949433503979773,NA,1.00681566370823,0.98632145400148,0.870360960974815,0.903087631171457,0.990523150929083,1.10755135125385,1.00326509576521,0.995887012381807,0.927328073515619,1.00657218106756,1.0253002083407,0.999043532330505,0.99235742949891,1.01156275184719,1.00703782731655,1.11209455804176,NA,NA,NA,NA,0.570033348062641,0.988197284022274,NA,NA,NA,0.74556712711722,0.81166464034273,0.996244108261579,0.942255453299196,1.00626215154907,1.03347196744238,NA,1.00285536550343,1.03024636217191,1.00326829162067,1.0036938478504,0.926390733940288,1.00065503434451,1.0112401885577,1.10112506169988,1.02928122067895,1.1361722679756,0.850232793745365,1.0536771296047,1.10114638559777,NA,NA,NA,NA,NA,NA,NA,NA,NA,NA,NA,NA,NA,NA,NA,NA,NA,NA,0.979072429655118,NA
1819,NA,NA,1.12616722602489,1.11839621641125,1.02779028500175,NA,1.06164706744551,1.0288723907857,1.06624463961157,0.970310669948732,1.04789240718911,1.15397022243166,1.0025942286851,1.02114950527318,1.15994823875895,1.0104408396737,1.06138275205855,1.02589666727437,1.10244064313904,1.0443308751801,1.01001102872497,1.13469706481674,NA,NA,NA,NA,1.12767047589365,1.17251569848003,NA,NA,NA,0.951747470963728,1.23384041211156,1.01082115572813,1.09713608896231,1.02969982404387,1.05118760302556,NA,1.00565670347774,1.11018250852802,1.02508880492218,1.09416473261332,0.944580377316428,1.01191797501289,1.00069239342087,1.08968440823615,1.44704288595692,1.28040580893349,1.0102469362472,1.05921941268268,1.19956490659548,NA,NA,NA,NA,NA,NA,NA,NA,NA,NA,NA,NA,NA,NA,NA,NA,NA,NA,1.12425744289062,NA
1820,NA,NA,1.02971521932284,0.867808514196625,1.04653075397136,NA,1.01628081507132,1.02224812308375,1.24060648458943,1.05493016477001,1.00328199332519,1.10064876158458,1.10626604862177,1.06941850915478,1.3070442767785,1.01327455630259,1.02770262004856,1.04219234030137,1.05644293129161,0.991151070103201,0.994974581010314,1.07412551075412,NA,NA,NA,NA,0.993279491037069,0.939648851499681,NA,NA,NA,1.00117740546367,1.20675609102171,0.996525507057446,1.11100777934265,1.03902037795684,1.05731149032655,NA,1.00280169831668,1.0358800126064,1.01111059483754,0.904408782253081,0.976955293242254,1.01264356663988,0.955700041004658,0.960056738943879,1.13288754523174,1.035724410728,0.923621810418309,0.998492825925989,1.08634051484909,NA,NA,NA,NA,NA,NA,NA,NA,NA,NA,NA,NA,NA,NA,NA,NA,NA,NA,1.00379237988291,NA
1821,NA,NA,0.807935267146878,0.925776008360466,1.05140741766455,NA,0.999299920865435,0.989827380143384,1.14277963812313,1.11476617043362,1.04699254505061,1.10102573923437,1.04700661290569,1.05023632349835,1.34061747139311,1.00532529898253,1.0348128266113,1.0474394221162,0.991458706289051,0.988386329669954,1.00568745176569,1.0396994873312,NA,NA,NA,NA,0.663089814549177,0.865633772286852,NA,NA,NA,1.00199775382422,1.15771664582369,1.0069245557498,1.07750864142389,1.01443772981436,1.02147059363255,NA,1.00117358721689,0.941379037810587,1.00489905252216,0.87699621513829,0.956051023475491,1.00045491502366,1.01965281143322,1.10218088540875,0.93990964736557,0.972733844865122,0.777382611750102,0.913175553044254,1.00400585983964,NA,NA,NA,NA,NA,NA,NA,NA,NA,NA,NA,NA,NA,NA,NA,NA,NA,NA,1.05446402780195,NA
1822,NA,NA,0.620048149716691,0.767342322083801,1.02220892644892,NA,0.941839722190309,0.918168896779853,1.16633037747571,1.15503657771173,0.916079833350476,0.940699390611988,0.958462368580266,1.03396601819564,1.33641827209853,1.00374099401924,0.979188624217883,1.02737651885328,0.913532659262168,0.943766412387475,1.00326547796921,0.980420504560135,NA,NA,NA,NA,0.431687251893055,0.535826848042127,NA,NA,NA,0.873878260714266,0.657086627153138,0.985509807224496,1.00531880322538,0.981582516990375,0.968035039166629,NA,1.00171130486675,0.907253357311103,0.942028252287122,0.800515004486263,0.907033494917116,1.00557609418358,1.01486020303879,1.01454529908844,0.569517221002397,0.731766722211843,0.766751787097116,0.841204049131776,0.948798376693712,NA,NA,NA,NA,NA,NA,NA,NA,NA,NA,NA,NA,NA,NA,NA,NA,NA,NA,0.926197184627367,NA
1823,NA,NA,0.867142350736527,0.99666630191322,1.12941483085149,NA,1.00561521806026,0.985530021973865,1.12327724996253,1.16655679225888,0.976851056047885,1.044956902636,1.09864898595162,1.04573037527488,1.57862598130568,1.01246968207253,1.03257322664522,1.04229917462826,1.00697919790657,1.01514773642765,1.00913663580117,1.0007646924758,NA,NA,NA,NA,1.66181583217381,1.13828963906216,NA,NA,NA,1.13349123901748,1.13222713463914,1.01624447248648,1.12571242323878,1.03435571438631,1.02952994943223,NA,1.00420240301264,1.03260273494618,1.0381425822783,1.09707141126063,1.02260960720782,1.01949787072359,1.06351881505408,1.10055402625262,1.14939640144358,0.919980369960113,1.07776961094392,1.09130654844364,1.08995161733393,NA,NA,NA,NA,NA,NA,NA,NA,NA,NA,NA,NA,NA,NA,NA,NA,NA,NA,1.03521306149192,NA
1824,NA,NA,1.01720275939582,1.0146117474572,1.09945268227912,NA,1.03108080817865,0.972919220875492,1.17622736479727,1.06790232650747,1.00027201900893,1.06250740046474,1.00841486272495,0.996415921446215,1.35799812114468,1.00912761788363,1.03344129587786,1.02804732787057,1.02241009623306,1.0056151900345,1.00769587478963,1.06550644232961,NA,NA,NA,NA,1.49548716480624,1.2141899137445,NA,NA,NA,1.093433808995,1.27344649080884,1.02024900038025,1.17838688943415,1.05805143603691,1.01659918921508,NA,1.00155179994086,1.00071146463834,0.999333648047278,0.840657335166078,0.982222002088363,1.01390943575797,1.05994628779624,1.11051920133723,0.972561728152839,1.00565582808591,1.1476057094913,1.12996855766658,1.02500215587182,NA,NA,NA,NA,NA,NA,NA,NA,NA,NA,NA,NA,NA,NA,NA,NA,NA,NA,1.08493943600529,NA
1825,NA,NA,0.628278883021589,0.741585482023744,0.963867370530117,NA,0.923581103049248,0.954679497261936,0.977356150287943,0.988266958343145,0.899214831587221,0.999839915607441,1.05551116798384,0.951971412189393,1.21098046700882,1.00330169038508,0.986877940269047,0.974893094923402,0.939290575975492,0.966468108506726,0.997018209793091,1.03770678198381,NA,NA,NA,NA,0.912246907786284,1.04125907158196,NA,NA,NA,0.956438510624049,0.802798483869408,0.995125715584347,1.14529633008335,1.02466988670017,1.00190862740666,NA,0.999236398940669,0.961054925335056,0.985604242927944,0.838820303142679,0.956314169597088,1.00538083274234,0.953114357230081,1.03029694291747,0.626018470983085,0.828402702040985,0.937371986896831,0.994563230766084,0.854052027398574,NA,NA,NA,NA,NA,NA,NA,NA,NA,NA,NA,NA,NA,NA,NA,NA,NA,NA,0.92485906766134,NA
1826,NA,NA,0.878696660246464,0.982957477115423,1.05812589560235,NA,1.03053154401755,1.02763734673202,0.987635910408723,1.06991613759918,0.959762846962272,1.08002450317063,1.1234771868475,1.02196735574891,1.31845405925695,1.00848575911352,1.0259513743834,0.983147832660724,1.02415065898736,0.999175830241566,1.00390599430889,1.09787123830702,NA,NA,NA,NA,0.909021042724278,1.17912354826907,NA,NA,NA,1.09522938666691,0.857521847362287,1.00271262299704,1.19552610900133,1.05800978966652,1.04839944093213,NA,1.00381815786604,1.09424963230845,1.0561245527398,1.0528294631553,1.05010303981308,1.00808584222279,1.0025078385732,1.30238192054838,1.2786517901324,1.38144933133491,1.10406348921084,1.17052907910935,1.00392044960502,NA,NA,NA,NA,NA,NA,NA,NA,NA,NA,NA,NA,NA,NA,NA,NA,NA,NA,0.961089743664606,NA
1827,NA,NA,1.13717258859678,0.99844557347007,1.05558874178282,NA,1.05386889201701,1.05678388673597,0.959297413184369,1.03988741394384,1.02767153264507,1.19381778437941,1.10313008582503,1.03415995062856,1.23323660083011,1.00800584691553,1.03619263943778,0.998616889171714,1.02643680755369,1.03223899914855,1.00706501280198,1.07563058488048,NA,NA,NA,NA,1.73386487166682,1.40754660551922,NA,NA,NA,1.09612898315915,1.21058259817236,1.01786574235563,1.16398977247449,1.01956296915253,1.01995629104434,NA,1.00136295854759,1.0260488753952,1.02693058743419,0.958879270146213,1.01865958858769,1.00620457998364,1.01619122645185,1.36211703690211,1.18144664655213,1.20093100637322,1.24924903600215,1.12435749917209,0.989940034280942,NA,NA,NA,NA,NA,NA,NA,NA,NA,NA,NA,NA,NA,NA,NA,NA,NA,NA,1.10378884250061,NA
1828,NA,NA,1.1861181157384,0.899728470773811,1.03518700282133,NA,1.01739540380716,1.03039015434534,0.868953868373506,1.05285206065429,1.02871048627343,1.13438806146905,1.05140353432163,1.02914237243172,1.21093493149359,1.01001376633303,1.03582031411493,1.0184732215305,1.0471185142769,0.987549772215945,1.00654413867334,1.11501826033834,NA,NA,NA,NA,1.82247343999027,1.53306433694389,NA,NA,NA,1.17734006903055,1.12619894250266,1.00766976525638,1.18118982633511,1.05596066550943,1.04452733814989,NA,0.999227687301428,1.00712449558399,1.02018466721413,0.963098234442895,1.06799779092494,1.02660203835609,1.00854749244855,1.24272321820863,1.29452239920384,1.05279824529608,1.22523925563108,1.24237854316417,0.93826476278902,NA,NA,NA,NA,NA,NA,NA,NA,NA,NA,NA,NA,NA,NA,NA,NA,NA,NA,1.13358842075232,NA
1829,NA,NA,1.02415615224848,0.941303010058126,1.00625937074085,NA,1.02657192163801,0.971997803508405,0.897969131543774,0.872545208837186,1.03639197315616,1.14920775508061,1.0100869015795,1.01547011227103,1.03278422065405,1.00173856973793,1.03277025355235,1.01386778618899,0.988910528253862,0.992096360667198,1.01043093012539,1.12642144255044,NA,NA,NA,NA,1.62676732088157,1.42782444168557,NA,NA,NA,1.09793201279579,1.0136960168216,1.01055270884586,1.1103738394619,1.0220806611199,1.03076914854827,NA,0.998467749835482,1.00573636394772,1.02179285739818,0.973908398575887,1.01873683443631,1.02216860552784,1.0004781423658,1.10286520024657,1.16912428506405,0.900655449943181,1.25116833741243,1.12788776563783,0.933782686061639,NA,NA,NA,NA,NA,NA,NA,NA,NA,NA,NA,NA,NA,NA,NA,NA,NA,NA,1.18190601479484,NA
1830,NA,NA,0.946314776370181,0.857350584302149,0.987636375745909,NA,0.948128437182556,0.980181869926283,0.873033131870486,0.848574701707707,1.02055041067298,1.09471349680066,1.05375587906985,1.00688926387117,0.844368494785937,0.99830225527216,1.01228908217044,0.96822996587431,0.998318250215509,0.996405860071523,1.00798283985951,1.15664125575862,NA,NA,NA,NA,1.11709781237848,1.26464686637091,NA,NA,NA,1.05542334138401,0.992355894997934,1.0009668393681,1.05287663691218,0.981431050162674,1.00609487241523,NA,0.994508396947154,0.946137393718204,1.03572768023227,0.922179314775307,1.03502881820569,1.01040891533291,0.954381785183559,0.90103636632714,0.977281202493805,0.947877662109871,1.1065741949815,0.991612374301099,0.864441252234537,NA,NA,NA,NA,NA,NA,NA,NA,NA,NA,NA,NA,NA,NA,NA,NA,NA,NA,1.0386415361872,NA
1831,NA,NA,1.23128929757131,1.14150178968067,0.955891059342885,NA,0.986072366352734,1.02018309536244,0.851294727988143,0.844306559662459,1.10401650858408,1.19704217677406,1.13670881041468,1.02125923419008,1.05655808862404,1.00345916964858,1.00376743290351,1.00115453582873,1.00015878490981,0.997763380095218,0.998565135281146,1.07213037148475,NA,NA,NA,NA,0.955669697565876,1.20659503358293,NA,NA,NA,1.12061082545012,1.23445086000013,1.01790839045819,1.00136969016114,0.987966664539515,1.0452081787259,NA,0.994799267321034,0.968438550843824,1.04470335017255,1.02633894927958,1.06810760440515,1.01195960700338,0.986025490342366,0.951289106952832,1.15683714325818,1.05905156460972,1.3108313816697,1.14976597142095,1.0003370542371,NA,NA,NA,NA,NA,NA,NA,NA,NA,NA,NA,NA,NA,NA,NA,NA,NA,NA,1.17700416449691,NA
1832,NA,NA,1.19292717174519,1.06325672925135,0.983255491066947,NA,0.996278430830563,1.01329674075953,0.885484031022949,0.977265257347598,1.0294904589485,1.1267559996068,1.16093573778295,1.01093927156965,0.979108423859082,1.00815497586213,0.958452913786311,0.982420667969732,0.98265389557007,1.02918828372681,0.997942797364142,1.04970119040185,NA,NA,NA,NA,0.889367919586671,1.16964325166508,NA,NA,NA,1.14190416640424,1.1494250687545,1.00734845502496,1.08457659260947,1.00598377571808,1.03145613757624,NA,0.99478076231905,0.953926776873713,1.0159570880373,1.06081122009721,1.06468063581431,1.00947333761158,1.00411728866947,0.895652885625926,1.02491477945737,1.0351396076719,1.15577251923684,1.1171951836609,0.85749876136957,NA,NA,NA,NA,NA,NA,NA,NA,NA,NA,NA,NA,NA,NA,NA,NA,NA,NA,1.08383543528648,NA
1833,NA,NA,1.07510660484719,1.0422043783711,0.929669116667561,NA,0.959294402714674,0.971223166508128,0.97660827024345,0.974651576948089,1.0094209720265,1.1089132092048,1.09026586815006,0.999056539824513,0.872647683365219,0.999967913378143,0.981140963785933,0.968098309482407,0.954368963138807,0.973935811771341,0.993427883242993,1.00966940847801,NA,NA,NA,NA,0.541034574186532,1.07473650548463,NA,NA,NA,1.0353298070642,1.09513322859805,0.995661444208356,1.02098820169477,1.01420745488584,1.02661867074315,NA,0.993164262637849,0.972744859703398,1.00905112156879,1.0210063420097,1.05036664599005,1.00395733499867,0.99573192822919,0.897954363269359,0.964604347895567,0.923269512184286,0.897217068103328,1.00057140439063,0.909846301250822,NA,NA,NA,NA,NA,NA,NA,NA,NA,NA,NA,NA,NA,NA,NA,NA,NA,NA,1.0170094589435,NA
1834,NA,NA,1.12748676501195,1.09888624315482,0.913882140799065,NA,0.921148231226374,0.9218577495488,1.02368825433687,1.02679038634597,0.971712360945765,1.04363411853284,1.02941915939321,1.02222342278862,0.89693918315215,0.996625844891187,0.939401153281459,0.950939813376324,0.951282884755281,0.973869184002469,0.996230181593109,0.961957319101218,NA,NA,NA,NA,0.632982927086385,0.981460176419816,NA,NA,NA,1.05890806199442,1.0267974993026,0.995452886526122,0.973159078121301,0.997215157554491,0.990283361851551,NA,0.995452413966745,0.932078901190016,0.985893951894439,1.00093468341577,1.07499532651142,1.00852863428217,0.973668241248987,0.868975478198766,0.788299922031651,0.825582663531383,0.872311411619029,0.884576011753695,0.956172213466609,NA,NA,NA,NA,NA,NA,NA,NA,NA,NA,NA,NA,NA,NA,NA,NA,NA,NA,0.852132906322342,NA
1835,NA,NA,0.933010623193291,0.835818714959559,0.873103674765795,NA,0.881896746405855,0.897186842920875,1.03653761175786,1.06090359608063,0.908358330177468,0.94296587615291,0.904735891657799,0.998694385995544,0.713856585744396,0.982101862247889,0.888407731268957,0.937425361130075,0.957357648574526,0.966251381038411,0.989688752376372,0.859278568782806,NA,NA,NA,NA,0.223369269878982,0.760341398004103,NA,NA,NA,0.989387318699098,0.796690224771689,0.986408000713931,0.92804913939213,0.974479137940956,0.986842521545483,NA,0.993289085276715,0.92791250450573,0.985882927984585,0.896098035139704,1.03123722957661,1.00183309318244,0.947695997019795,0.712208562429352,0.667870043183385,0.750875711999327,0.804291384413712,0.832081692059611,0.892508330336824,NA,NA,NA,NA,NA,NA,NA,NA,NA,NA,NA,NA,NA,NA,NA,NA,NA,NA,0.898171677197398,NA
1836,NA,NA,0.937318487667926,0.927278862095793,0.874484886164672,NA,0.929437469448058,0.942857796990397,1.12776678282374,1.22263015433264,0.956674767267746,1.03645373903503,0.982512830830877,0.991461965238302,0.781007285460192,0.982202851218327,0.919842015093281,0.960102594048364,0.958758825393882,0.983977065272546,0.999369293758028,0.865905142910815,NA,NA,NA,NA,0.127976408684414,0.539231414560963,NA,NA,NA,1.08277239786702,0.741680711159385,0.99586718034476,0.928606546025014,1.01146295495674,1.00436122683338,NA,0.99484394102546,0.920445156040944,1.00221432465733,0.993239030843348,1.0881164286961,1.00179559149783,0.970724637576705,0.793124830810781,0.904584332349355,0.896836921783904,0.983580242977712,1.07681552974801,0.969475496778052,NA,NA,NA,NA,NA,NA,NA,NA,NA,NA,NA,NA,NA,NA,NA,NA,NA,NA,0.91963315943397,NA
1837,NA,NA,0.54409684444712,0.682241642409352,0.745403805515965,NA,0.828713354525967,0.859948120023797,0.855930914248538,0.91400705752311,0.905008348939498,0.867177050786801,0.931191800968798,0.938552660164841,0.530550200089233,0.981112295840539,0.859184580864488,0.915474398344662,0.908929128197895,0.964129879206255,0.988130178937159,0.82895766953395,NA,NA,NA,NA,0.284248115962216,0.615439450731349,NA,NA,NA,0.824380608005191,0.555119357124609,0.970037617857449,0.874164848903231,0.933870996411347,0.946811420362021,NA,0.990961336326379,0.832264835215084,0.957042330564986,0.850705848440331,0.977751746002699,0.992086054026474,0.930809828004851,0.830925821532051,0.53866091635479,0.587293261909316,0.778290085405448,0.914449349288807,0.718089445079409,NA,NA,NA,NA,NA,NA,NA,NA,NA,NA,NA,NA,NA,NA,NA,NA,NA,NA,0.81152730817257,NA
1838,NA,NA,0.546629389238895,0.768023598038303,0.857328645493831,NA,0.901228992638831,0.915342970450588,1.02427086145951,1.06569050288048,0.895220542759115,0.889098673911253,0.855485343351153,0.940376278900839,0.548972024197309,0.987475888499938,0.912329972906517,0.945917213654592,0.942254280667102,0.985453754110731,0.9886219249825,0.836448179604336,NA,NA,NA,NA,0.158384371458667,0.734973363393813,NA,NA,NA,0.681505427120308,0.700617347811737,0.987783497051599,0.87469094372628,0.933856849535759,0.979822578240314,NA,0.993403364901184,0.911084478753873,1.00040121203346,0.956964621834285,1.01481771666588,0.99474953135246,0.991042957296059,0.939473173347484,1.03143476614287,0.900128353403156,0.699956988484022,0.950545144417329,0.892573407043364,NA,NA,NA,NA,NA,NA,NA,NA,NA,NA,NA,NA,NA,NA,NA,NA,NA,NA,0.744531312649623,NA
1839,NA,NA,0.599186484960394,0.863852132786313,0.895383904657227,NA,0.919639054188889,0.926551911415659,1.01478920706497,1.17851369824462,0.955192494530895,0.90990280413587,0.956292987324007,0.970103410697779,0.599903863343972,0.984721243535012,0.951809623396804,0.97422910329013,0.962638818772835,0.973562811330346,0.988487986023295,0.816212632295459,NA,NA,NA,NA,0.405850052099417,0.929410950721844,NA,NA,NA,0.967538737306792,0.845655383232607,1.01581506737773,0.904173644423811,0.974419457110095,0.984033903386733,NA,0.993923228549046,0.939078108228209,1.01215246833362,0.992193036877401,1.08181492864706,1.00921065137232,0.99738502807974,1.05099279494255,1.09297338333933,0.901748844227873,0.637815785827371,1.03718664443184,0.836312485712088,NA,NA,NA,NA,NA,NA,NA,NA,NA,NA,NA,NA,NA,NA,NA,NA,NA,NA,0.857615250234595,NA
1840,NA,NA,0.801477235452848,0.98291866217846,0.926216488622265,NA,0.986746106478358,0.993890625596374,0.977812213205656,1.22536261743747,1.00164957975524,0.953474464575439,0.968366374832408,1.01490798819523,0.760018730890085,0.987710633078283,1.00650141274512,1.00533868626419,1.02093185660451,1.01370374354623,1.00183555150538,0.925284049833127,NA,NA,NA,NA,0.465809248395027,0.981770600010161,NA,NA,NA,1.14948091208121,1.12497803502238,1.03236024680316,0.976676548146908,1.03169964527801,1.00215853120008,NA,0.996493597844296,0.996012702540436,1.06463833269442,1.11438868741652,1.0393181214001,1.00469561188152,1.00350313803904,1.04504106060369,1.36589915362204,1.03707832096063,0.975992357181551,1.21597194695995,0.960431006923467,NA,NA,NA,NA,NA,NA,NA,NA,NA,NA,NA,NA,NA,NA,NA,NA,NA,NA,0.844488205904166,NA
1841,NA,NA,0.903606489292472,1.00595470816545,0.993343333737062,NA,1.03177197628847,1.02144453117779,0.988653551395795,1.14463610720665,1.04240809289284,1.05542799622024,1.04501205553638,1.05120877007954,1.15078345081325,1.0012902721549,1.00696528238408,1.01638268810551,1.02932850256283,1.01819738432771,1.00681526054622,0.967899732943583,NA,NA,NA,NA,0.920936064366245,1.19557726258813,NA,NA,NA,1.24629518232749,1.307709237109,1.0388546706631,1.05985283626353,1.04309513625761,1.02871209362274,NA,0.996938190235166,1.01426019571164,1.01856267619725,1.07157664236478,1.04698723946203,1.00370157525175,1.00378800704682,1.11338404542142,1.54211664000469,1.14140351993259,1.10227763323622,1.21320471104941,1.01200493742162,NA,NA,NA,NA,NA,NA,NA,NA,NA,NA,NA,NA,NA,NA,NA,NA,NA,NA,0.973263903607015,NA
1842,NA,NA,1.03564629473907,1.06226654699722,1.0143162559445,NA,1.01603440642353,0.977904488549719,0.975182533355286,1.04161645192388,0.975521001715976,0.899727340755708,1.05517142927751,1.0607783485067,1.26733542588819,0.998579285703283,0.950806732127377,1.01211393361944,0.946857849961708,0.957653815509786,0.999370792077879,0.91274255098853,NA,NA,NA,NA,0.766249681992958,1.02989722508658,NA,NA,NA,1.08816934432493,0.983180871931279,1.02573474493332,0.977856364364624,1.00582922637871,1.01516553820662,NA,0.99623188517695,1.00627268653651,0.986958455901678,1.05017586481003,1.02342438081413,0.999477718137409,0.998234553235176,1.12392364559045,1.2144653827616,1.02690636210109,0.94039970243971,1.07767687751425,0.981065952552774,NA,NA,NA,NA,NA,NA,NA,NA,NA,NA,NA,NA,NA,NA,NA,NA,NA,NA,0.889744930084827,NA
1843,NA,NA,0.812909746140624,1.00622831879954,1.072526664895,NA,0.985733760083685,0.997063651356771,1.05800706507425,1.13731526609471,0.996959121490311,0.932891225392595,1.01121092939529,1.06849477040024,1.21698710543263,0.998707183001042,0.946425014707348,1.01476372525868,0.932329927107162,1.00510894819751,1.00688005493923,0.903599275894559,NA,NA,NA,NA,0.582069990371453,1.08919204628705,NA,NA,NA,0.889144494625592,0.920379638168842,1.00011292206616,0.932533016114159,0.955561108716102,1.02119345413897,NA,0.999232755216196,1.03824008019445,1.01399830005575,1.1706394007038,0.957009770623636,0.990527771250268,0.979536259662077,1.11869885403393,1.03775326992512,0.85698017042575,0.863121531230315,1.02399516001908,1.06816734175273,NA,NA,NA,NA,NA,NA,NA,NA,NA,NA,NA,NA,NA,NA,NA,NA,NA,NA,0.929687885561099,NA
1844,NA,NA,1.24571380766911,1.18740568656156,1.1216435824241,NA,1.03663799746984,1.03032735855148,1.19174231575957,1.15984503964372,1.00581444487741,1.00661576412653,1.1332631239071,1.13572154187244,1.44739576836162,1.01065821504757,0.99965621432845,1.05453984965828,0.953881789800155,1.01360327169227,1.00971575863654,0.962449038622253,NA,NA,NA,NA,1.21077808070537,1.05981033391287,NA,NA,NA,0.996796910643684,0.826801793216888,1.01466082335538,0.989454053873683,1.00003779390768,1.05921804168275,NA,0.998827089704813,1.02046836615582,1.02084105492574,1.25956795298172,0.973001612240277,0.994644348910036,0.969354242123613,1.09711738905869,1.27488694119077,0.802933426533181,1.05708066615316,1.08949317379575,1.10765310226211,NA,NA,NA,NA,NA,NA,NA,NA,NA,NA,NA,NA,NA,NA,NA,NA,NA,NA,1.08450215845537,NA
1845,NA,NA,0.881731214041182,0.956399169736854,1.08551404723013,NA,1.01812363467093,1.06373196967531,1.07760771125996,1.10423213035489,1.014501132197,0.981478798345063,0.990017032997732,1.06800178316942,1.37107437101468,1.00612289113206,0.98353246515614,1.03700763389071,1.04424458438481,1.03525426962239,1.00334341223096,0.899934909829247,NA,NA,NA,NA,1.44484436536508,0.946325416077202,NA,NA,NA,NA,1.00194720046006,1.01403634037026,0.9796328006996,1.0085861863977,1.03985119814431,NA,0.996673527188949,0.986944796622392,0.995210403340134,1.02985237662565,0.945813236083564,0.98901551219447,0.993022510234243,0.994173438555533,1.24804498256329,0.943256987834681,0.921938309028755,1.01863410114067,1.22106665252466,NA,NA,NA,NA,NA,NA,NA,NA,NA,NA,NA,NA,NA,NA,NA,NA,NA,NA,1.04985636881045,NA
1846,NA,NA,1.01949815821614,0.992879630096831,1.06248308665674,NA,0.988197931242921,1.05836542210449,1.10193727460965,1.18076549502931,1.03744986351667,1.00910428217415,0.992202772468127,1.04907861661386,1.55438781649419,1.0055379969148,0.998506509744377,1.02335660103405,1.06179992949808,1.0343360190421,1.00012724055618,0.867304390695706,NA,NA,NA,NA,1.23207637942245,0.996920893138586,NA,NA,NA,NA,1.06645444706274,1.01604077386215,0.958164737047098,1.04080992764622,1.01634274456945,NA,0.995595952670008,1.04161914223893,0.997408034627275,1.05796279492523,0.945861758515677,0.991942451056199,1.03870666522554,1.01514078781096,0.963849987654963,0.960382566822005,0.913778888935914,0.983001813271698,1.22396734897406,NA,NA,NA,NA,NA,NA,NA,NA,NA,NA,NA,NA,NA,NA,NA,NA,NA,NA,1.05857079642481,NA
1847,NA,NA,1.23146738127388,1.00119979762762,1.03334270375316,NA,1.02663249500333,1.05820946115348,1.00281951256019,1.10541611105454,1.07523774505023,1.09345115707312,0.985091451790983,1.03986453853175,1.53435529651935,1.01186810671006,1.04330507968055,1.01349807404802,1.18647987122406,1.01591762973211,0.996011186321429,0.896095914243596,NA,NA,NA,NA,1.75966809159965,1.24142243923544,NA,NA,NA,NA,0.980168934026284,1.00763220445662,1.01106809844123,1.04519139250179,1.02516467001129,NA,0.994744171592076,1.02083418276431,1.01132169229858,1.03689100918253,0.973151208435361,0.998307572601249,1.00262972811344,0.998692102422657,1.26583908204633,1.25646500206434,0.918277843253544,1.02143039575928,1.24233714867066,NA,NA,NA,NA,NA,NA,NA,NA,NA,NA,NA,NA,NA,NA,NA,NA,NA,NA,1.00685150689439,NA
1848,NA,NA,1.06586999480521,0.908374522836762,0.960711259082785,1.04988935627351,0.950532820404898,0.984958015466221,0.915617161635638,0.983327779541034,0.998213565385727,0.996049437729203,0.890056628551894,1.00585687319906,1.05393221301001,0.998843619008801,1.03381198048801,0.99700809484606,1.11599647576185,1.01248445891517,0.991077401746837,0.891414147864024,NA,NA,NA,NA,1.57735474564492,1.05825413134425,NA,NA,NA,NA,0.847341828104907,0.991999634712964,0.970586371069037,1.01398670082032,0.990404862922828,NA,0.98946570377103,0.95642481535151,0.953701606148626,0.827189748115053,0.908100167078173,0.990513262354681,0.955269939320995,0.864564919135388,1.0448638406057,0.963450535972276,0.841315928248734,1.01151453472752,1.14679456987041,NA,NA,NA,NA,NA,NA,NA,NA,NA,NA,NA,NA,NA,NA,NA,NA,NA,NA,0.899076436253628,NA
1849,NA,NA,1.07107496606313,0.924468244927713,0.927351695608785,1.00769652686748,1.02288733319424,1.0355888956134,0.987375071265868,0.979656839017913,1.04775219322022,0.981042538866234,0.915974203112663,0.99930294039349,1.13330833279804,1.00188668722446,1.05679947647442,1.00265004833373,1.03772413070815,1.01932241258431,0.997154013291728,0.917761394723848,NA,NA,NA,NA,1.89441861738276,1.21676056112208,NA,NA,NA,NA,0.94446999364144,1.00566387130383,1.03978333057302,1.01127855055104,0.997982182746805,NA,0.992600733060174,1.01432454311457,0.993792628233615,0.937159493747393,0.973249853387822,0.993325996049416,1.0324904567428,1.05817758907285,0.887050830489584,0.964951357508471,0.901703962561278,0.98557161447962,1.17670510717158,NA,NA,NA,NA,NA,NA,NA,NA,NA,NA,NA,NA,NA,NA,NA,NA,NA,NA,0.986782914103922,NA
1850,NA,NA,0.86201133902443,NA,0.922899784443772,0.934091349302062,0.937734237244296,0.976732310345088,0.92922612037176,0.84772745921545,0.992172908744981,0.928647766033055,0.893213219441277,0.98248402452492,0.939044342544532,0.995672867149439,0.984694676672582,0.9661573792418,0.987274400019399,1.0039528861943,0.986838625274721,0.918437917391394,NA,NA,NA,NA,1.2744615879955,1.05720286342697,NA,NA,NA,NA,0.763418100592671,0.989332061979939,0.948756492309326,0.963299324921507,0.955725219548653,NA,0.98895780737672,0.990362730100418,0.978995470799937,0.87666389538049,0.927945896337776,0.99196182134576,0.991342672666272,0.879923631290462,0.64391303447742,0.703991743718866,0.807679323273972,0.940109631878308,1.08023059950535,NA,NA,NA,NA,NA,NA,NA,NA,NA,NA,NA,NA,NA,NA,NA,NA,NA,NA,0.768157712293832,NA
1851,NA,NA,1.20523155092532,NA,0.98311928465479,0.96875940562656,1.03413827330839,1.05232571178518,1.05582179176285,0.903105177272455,1.02476118711992,1.05034382852315,0.952340086561441,1.02054294941346,1.17285308792852,0.998159087073055,1.02710092018588,1.01183492263215,1.05678293947206,1.02878586357079,0.996617513211534,0.967580612236297,NA,NA,NA,NA,1.76602092862972,1.26179648115835,NA,NA,NA,NA,1.07633954276847,0.991027897082055,1.00376661303538,1.02672811665307,1.02915728936492,NA,0.992658206504728,1.09729245181555,1.05572798859037,1.09393902092291,0.962841005034006,0.999479284139162,1.05784656993416,1.11426797445327,1.00259244256056,1.05585321052103,1.08358578688155,1.06428703814885,1.12584136456531,NA,NA,NA,NA,NA,NA,NA,NA,NA,NA,NA,NA,NA,NA,NA,NA,NA,NA,0.938007371537394,NA
1852,NA,NA,1.19397133516727,NA,0.954082138225492,1.01567844676106,1.03378611524174,1.0522131206441,1.09665004794463,1.02414810790138,1.02586724327197,1.10092117329694,1.08401854439944,1.02899666868474,1.13621824769516,1.00400254290361,1.01325162230212,1.00699404196029,1.04392220962149,1.02273197630726,0.997401746723739,0.947402341608557,NA,NA,NA,NA,1.64449233500431,1.17809538299448,NA,NA,NA,NA,1.17538357111658,1.00492792341604,1.05033730306302,1.00284316810428,0.995367670396574,NA,0.992481376131357,1.08158467757311,1.02312760146638,0.983955740124306,1.01119975633706,1.00467790664963,1.0560607369027,1.12487622765572,1.2316614738771,1.09806258713541,1.2668110735531,1.12739249855019,1.20635475760328,NA,NA,NA,NA,NA,NA,NA,NA,NA,NA,NA,NA,NA,NA,NA,NA,NA,NA,1.0362910946862,NA
1853,NA,NA,1.14697047590708,NA,0.996412572965855,0.970428909852678,0.996006980639569,1.02911255200897,1.02588644988267,0.935785215999235,0.991206643264656,1.11499905254522,1.03054187224017,1.03262447738297,1.00663726505719,1.0024088499686,0.990836241602769,0.980930212552353,0.9298489665921,1.00545371693963,0.99383619239873,0.943681132876704,NA,NA,NA,NA,1.49473412215876,1.15192505467294,NA,NA,NA,NA,1.00378668114021,1.00362117676343,1.00499188715287,0.967016628324966,1.01560197383866,NA,0.992328514101552,1.03394721030024,0.996799431614614,1.02918725519277,0.921698363116196,1.00271836717355,0.968256129704883,0.982097331841867,1.18936587615621,1.09965827636034,1.11557113812547,1.09793629652624,1.15196942199682,NA,NA,NA,NA,NA,NA,NA,NA,NA,NA,NA,NA,NA,NA,NA,NA,NA,NA,1.04757766393739,NA
1854,NA,NA,1.13461946675294,NA,1.00853833480529,1.05308760016704,1.01185867286355,1.00971971146699,1.0812575351163,0.984791123948971,1.02431205350191,1.08687591590545,1.07941485412149,1.06340961362696,1.09904628326846,0.997982623710021,0.990961139985328,1.00194698307988,1.02724313594151,1.02396371580115,0.996909249402597,0.97363444531233,NA,NA,NA,NA,1.08516763624333,1.09756580117661,NA,NA,NA,NA,0.87045303570824,0.997338493203281,0.962842419170743,0.942782989496185,1.02185640258498,NA,0.993237066881034,1.0246509996643,1.01763100706886,1.04158494285117,0.940369739532694,1.00170586648339,0.972213683402804,0.942711715502548,1.05439563404413,1.2013145206981,1.12021265355184,1.01880287217834,1.13925133096683,NA,NA,NA,NA,NA,NA,NA,NA,NA,NA,NA,NA,NA,NA,NA,NA,NA,NA,1.08721313099374,NA
1855,NA,NA,1.04645162832119,NA,1.02519828758187,1.00672172899543,0.985167514803651,0.972131439228836,1.07031802270671,0.939613388820384,1.04032741945,1.05169490854212,1.05753734789481,1.00170030316318,0.919694549157822,0.994334649646295,0.989201913134755,0.993585516685858,0.995564899232932,0.985807593322229,0.990736875683217,0.931309474953669,NA,NA,NA,NA,0.821440566923842,0.958590042808407,NA,NA,NA,NA,0.708287103445355,0.986538292396857,0.883760098033395,0.895666783997187,1.02220413925642,NA,0.990680314982985,1.01480689478641,1.00979449713067,0.916948723803597,0.92817827612176,0.987557659347992,0.968838649408537,0.853071422359164,0.722511755831314,0.94152924996938,1.17686676302384,1.00300245157344,1.04383252240354,NA,NA,NA,NA,NA,NA,NA,NA,NA,NA,NA,NA,NA,NA,NA,NA,NA,NA,1.04382269385117,NA
1856,NA,NA,1.05173976329868,NA,1.005704037411,0.997277796547883,0.995011410047756,0.972062678388604,0.947604852368665,0.858804826767758,1.08572607613027,1.06749523995048,0.97872086083885,0.972005150063931,0.785260888127501,0.974044662752789,0.98159896115342,0.964735585690536,1.04348954832985,1.01193053845853,0.995571388790216,1.03161958415795,NA,NA,NA,NA,0.934732660583661,0.991138963283248,NA,NA,NA,NA,0.887341493096378,0.990996756291887,0.868347539688422,0.923842642682035,1.02817710757716,NA,0.993348116830983,1.06482292576933,1.00287871061505,0.956220226604476,0.946338952205951,0.982380751798209,0.996265386073563,0.829543019720907,0.705541353817334,0.909351027904046,1.14708053285608,0.940666235279433,0.965535160057008,NA,NA,NA,NA,NA,NA,NA,NA,NA,NA,NA,NA,NA,NA,NA,NA,NA,NA,1.03786261420185,NA
1857,NA,NA,0.870745137478095,NA,0.941953518368358,0.885681877911532,0.885586747398031,0.900815496209422,0.913115382243691,0.71198508121716,0.945087567665056,0.963320724623417,0.514372545833009,0.752994790492262,0.541618580901851,0.963414660962938,0.956110598534218,0.951999395822789,0.949041859923245,0.992175736155468,0.99555382830892,0.994744713271031,NA,NA,NA,NA,0.265977294296077,0.673790175444754,NA,NA,NA,NA,0.772435195121003,0.970024200462217,0.884843568556619,NA,0.972649819939512,NA,0.992962884875748,1.06950712952098,0.994305500936348,0.94308989823853,0.908513264237666,0.985971276639403,0.940838868699947,0.762886573273841,0.427944934441329,0.734264392744472,0.896392224530969,0.831512593380872,0.702711229245024,NA,NA,NA,NA,NA,NA,NA,NA,NA,NA,NA,NA,NA,NA,NA,NA,NA,NA,0.864333389757041,NA
1858,NA,NA,1.21261848971955,NA,0.996547073894738,1.0392688558896,1.0346381115857,1.01935146897529,1.07789874189149,0.801806231846451,1.0326263227662,1.06612469330172,0.87480359075966,0.896074492086885,0.731486388798676,0.98372788325896,0.993179673410156,0.98759535402833,1.00611546457381,1.00978344349325,1.00742334228793,1.11285233292453,NA,NA,NA,NA,0.872211883215352,1.05121801993021,NA,NA,NA,NA,1.16284113328402,1.01971847772933,0.900437339644634,NA,0.989872548507158,NA,0.995162041952511,1.08919879827017,1.02521271910322,1.04933784641142,1.01583654121868,0.998516409536707,0.962098313620432,0.960521455327103,1.01389674646724,1.02308360201795,1.15029352248145,0.85407076172192,0.885935138183593,NA,NA,NA,NA,NA,NA,NA,NA,NA,NA,NA,NA,NA,NA,NA,NA,NA,NA,0.977349321779992,NA
1859,NA,NA,NA,NA,0.969553496339024,0.978396707998051,0.973342925092971,1.00941148716329,1.04754908721369,0.901954010301129,0.989168473657323,0.995660087327526,0.902026795562118,0.827880918608762,0.799058487491351,0.993382556346004,0.981823477949112,0.982773923158371,0.950236519985103,0.986329356070025,1.00365825713821,1.05819107190817,NA,NA,NA,NA,1.09896902888673,1.02014813588311,NA,NA,NA,NA,1.00033848551181,1.02069388765187,1.01850476495704,NA,0.968670514368144,NA,0.992078609947672,0.963567678414866,1.000306790858,0.985353868114597,0.940617717067625,0.993562156098914,0.973691749945859,1.09709144297753,1.03155097342943,1.06761630509237,0.987652683616031,0.794458651913359,0.910385543206878,NA,NA,NA,NA,NA,NA,NA,NA,NA,NA,NA,NA,NA,NA,NA,NA,NA,NA,0.934039094214406,NA
1860,NA,NA,NA,NA,0.954167875992669,0.966176395553056,0.950657788614552,0.98397051104846,1.12922077578615,1.10284499988528,0.990270007394529,0.929451558567384,0.902468462262563,0.844001875604182,0.849741873375422,0.982685643224714,1.00908015581882,0.95639963863377,0.961197790068306,0.99112206079162,1.00066304734816,1.0214220905573,NA,NA,NA,NA,0.896323647788179,1.01918272083483,NA,NA,NA,NA,1.015013808886,1.01536664422069,0.977733123544661,NA,0.982473841250653,NA,0.993309479248813,0.961628612825919,1.00190664003326,0.957585643359669,0.978885564947917,0.994923226406952,0.99434112022909,1.15860165829687,1.12719540787331,1.04038208674614,0.995175027300811,0.723195189146105,0.978746732060854,NA,NA,NA,NA,NA,NA,NA,NA,NA,NA,NA,NA,NA,NA,NA,NA,NA,NA,0.913609970103064,NA
1861,NA,NA,NA,NA,0.996187881617233,1.04472080706829,1.02186644491226,1.05697779660993,1.09828574388909,1.05194528143614,1.12241993980968,1.12476522928653,0.927394783549754,0.926900709118765,1.1111713574916,0.986412083046391,1.00403323176598,0.981029444670497,1.02016668232697,1.00902929658031,1.00847789785481,1.08481525211189,NA,NA,NA,NA,1.34919712622787,1.19388821909194,NA,NA,NA,NA,1.28662393478298,1.02523043418573,0.929919831177024,NA,1.01537775439785,NA,0.994601384808954,1.05023310561399,1.02809744316201,1.09015719249052,0.983914146597177,0.997460851383726,1.04104406951196,1.05530232929322,1.26488749212274,1.13778501613785,1.25847237930134,0.907524632535266,0.983459405975656,NA,NA,NA,NA,NA,NA,NA,NA,NA,NA,NA,NA,NA,NA,NA,NA,NA,NA,1.08131084673686,NA
1862,NA,NA,NA,NA,0.979709178569098,1.0447861965444,0.999687228400625,1.04048077537881,0.963899963796286,1.00299803174036,1.06973636973028,1.0384082500755,1.00142514773176,0.927470651711887,1.11110303393582,1.00211615486095,0.993389316325808,0.97581024452013,1.01256593370937,0.981933687041052,1.00068667020117,1.08289668294549,NA,NA,NA,NA,1.09085465724403,1.03230679904571,NA,NA,NA,NA,0.731800169264322,0.989528129929415,0.967584774236456,NA,1.02762567991299,NA,0.992677430200451,1.0066837302096,0.972603805301882,0.990866166001604,0.957968537529004,0.992321848844838,1.00118559539569,0.956424055404267,0.972320405351354,0.950067773632257,0.946484602029635,0.87702488795297,0.901860456273008,NA,NA,NA,NA,NA,NA,NA,NA,NA,NA,NA,NA,NA,NA,NA,NA,NA,NA,1.06897223152623,NA
1863,NA,NA,NA,NA,0.986215896907156,1.03645877823256,0.97569604512267,0.995263176097069,0.900462215429855,0.913260672487364,0.980181583536191,1.00786909932932,0.915724774325222,0.92149103172526,1.01975752171236,0.997897987358961,0.991572067406509,0.970280066393241,1.05832939989903,0.983775574586891,1.00274739450983,1.10699191096638,NA,NA,NA,NA,0.833109312452892,0.724803352914845,NA,NA,NA,NA,0.651405139531512,0.979868429426586,1.01118362762038,NA,1.00631987167342,NA,0.99124562382868,1.03820279513909,0.963103475876348,0.948832728108674,0.934814084700204,0.998740647686836,1.02419357355963,0.91321359529149,0.786547936546609,0.863486845637979,1.0081144331405,0.841064140403209,0.919596735656549,NA,NA,NA,NA,NA,NA,NA,NA,NA,NA,NA,NA,NA,NA,NA,NA,NA,NA,1.08445669082674,NA
1864,NA,NA,NA,NA,0.953439141506797,0.994892910139975,0.982380308018973,1.01271264460738,0.897635781773964,0.788304495171029,0.985827467781437,1.04191269860992,0.777489616330485,0.899620632967256,0.920691207497026,0.991571504128962,0.963228263515387,0.953900904267414,1.00078700570839,0.980613337533391,1.00037856739621,1.11757981267765,NA,NA,NA,NA,1.19879270524273,0.817753639822793,NA,NA,NA,NA,0.994349411980178,0.996261464717472,0.99108860907386,NA,1.01007567641951,NA,0.991112116554322,1.07652967644069,0.984157147982333,0.983973423833827,0.958099382561623,1.0041456539329,1.01913876212623,0.914644013992136,0.892328556182799,0.900946968114366,1.0823485121343,0.855192813504059,0.968284599279192,NA,NA,NA,NA,NA,NA,NA,NA,NA,NA,NA,NA,NA,NA,NA,NA,NA,NA,1.10181476754986,NA
1865,NA,NA,NA,NA,0.936381087120765,0.979051557143244,0.971569544216617,0.995292261933122,0.838986004253377,0.759614625420447,0.973084707713658,1.03847645125575,0.73443870138768,0.846268258932368,0.62660637661534,0.972923291201297,0.920227120641655,0.936743459123604,0.983116593081647,0.973701877415227,0.996082591541394,1.08791501397572,NA,NA,NA,NA,1.11166220992921,0.638151715688535,NA,NA,NA,NA,0.899311952065007,1.00005103558446,0.93222283748155,NA,0.980020164752608,NA,0.990429100370461,1.02866724326894,0.968421668239695,0.954888734450147,0.952588494142723,1.00109682588835,1.00515299971069,0.829118178227397,0.824831738317238,0.865451509268027,0.960935333601634,0.862547420460755,0.854219960908696,NA,NA,NA,NA,NA,NA,NA,NA,NA,NA,NA,NA,NA,NA,NA,NA,NA,NA,1.05948161256236,NA
1866,NA,NA,NA,NA,0.940500509564449,0.933506140456252,0.920301448293507,0.971906475108452,0.896355460208475,0.834172671611077,0.922694553553651,1.00163967020708,NA,0.789023528476535,0.702373861680167,0.975198666677013,0.901656066383582,0.939258681980166,0.99272054941376,0.982709269815546,0.994791663347149,1.02580506549971,NA,NA,NA,NA,0.799426881391568,0.56930225430326,NA,NA,NA,NA,0.970074071385416,0.995678248810981,0.969984843182861,NA,0.966327249075469,NA,0.989704440730176,1.01526133731997,0.961602517289079,0.987026801226722,0.958245838537941,0.995240854565635,0.979413792159404,0.803010725301744,0.699392803242542,0.742279255946808,0.872786910565344,0.818505551127792,0.898746705289535,NA,NA,NA,NA,NA,NA,NA,NA,NA,NA,NA,NA,NA,NA,NA,NA,NA,NA,1.05004284528054,NA
1867,NA,NA,NA,NA,0.92199378790107,0.914979229015199,0.963777640950105,0.940025226546452,0.956543325503229,0.859758414503163,0.929316451969417,0.953958557575806,0.615186650536021,NA,0.420461352499711,0.960487835650326,0.923138074796945,0.946608269775557,0.979103987065222,0.999707596592846,0.989199351847035,1.03647953726127,NA,NA,NA,NA,1.8901665514936,0.894046114068765,NA,NA,NA,NA,0.858579285207552,0.99954245270687,0.874262609688395,NA,0.915973056108417,NA,0.988454537335408,0.917749172093307,0.967914118747237,0.973668333797735,0.952743033102271,0.988109988860273,0.948225665671397,0.775427646663474,0.643458214797466,0.583005036590182,0.703915356972185,0.731016726947599,0.869214470930867,NA,NA,NA,NA,NA,NA,NA,NA,NA,NA,NA,NA,NA,NA,NA,NA,NA,NA,0.8912684180703,NA
1868,NA,NA,NA,NA,0.82359758708529,0.805035811600853,0.820382257021508,0.90080894600094,0.833480741855626,0.729209195472634,0.868825007019049,0.89862111014623,0.571471582741849,NA,0.257029452439035,0.948103489049553,0.860065223173724,0.892328084275851,0.913317647026671,0.964559458470358,0.989823075623696,0.966893607721351,NA,NA,NA,NA,0.711813018493938,0.769283857484529,NA,NA,NA,NA,0.603926052949195,0.965210650179012,0.906023955858172,NA,0.931562776378059,NA,0.982450109206545,0.858667765842195,0.899746027587659,0.746876779915067,0.909197321243504,0.976783180841905,0.908336398714864,0.558415830752522,0.523517399629264,0.515182762696048,0.569118518777924,0.757089440232624,0.801877408402623,NA,NA,NA,NA,NA,NA,NA,NA,NA,NA,NA,NA,NA,NA,NA,NA,NA,NA,0.805491154431416,NA
1869,NA,NA,NA,NA,0.939659459726608,0.925438419912153,0.948174490172443,1.02577779035772,0.983445681350516,0.944317293058908,0.952776381526298,0.922700785301174,0.795638935136223,0.860325241011332,0.521948680689746,0.9482053558565,0.914314529289348,0.936190345265781,0.969906208447538,0.983370967093233,0.990439069182236,1.01774086025206,NA,NA,NA,NA,1.2144708603355,1.0668616653248,NA,NA,NA,NA,0.875464331998691,0.991094658076366,1.03439384791649,NA,0.938775583855045,NA,0.988809034944272,0.952548656468386,0.948874329194863,0.94632431081017,1.00790468794371,1.00346652384392,0.976755515344117,0.84706610528634,0.74073402214779,0.788965444909636,0.849692217934061,0.896197617843792,0.972730994011175,NA,NA,NA,NA,NA,NA,NA,NA,NA,NA,NA,NA,NA,NA,NA,NA,NA,NA,0.945721998786376,NA
1870,NA,NA,NA,NA,0.999947516340206,0.975955365985123,1.01318241751151,1.03788474657423,1.08390548648399,1.03102834723793,1.01017474632395,1.07338587489075,0.99030623350555,0.957103595572708,0.742819768951266,0.989481985247838,0.951805640314908,0.974764962193247,0.989359551506007,1.00178366640739,1.00138434515655,1.08372719942781,NA,NA,NA,NA,1.51839923171841,1.24926038472161,NA,NA,NA,NA,1.05572288050529,1.00728217025678,1.12454648762474,NA,0.951609696583133,NA,0.9914117897817,1.01140801569944,0.992107044376668,1.02321687769451,1.04119687858578,1.0116608543519,1.0367286860258,1.08821124715107,0.919651958140329,0.810769563959519,1.00698485438322,1.00533286034691,1.07450339858957,NA,NA,NA,NA,NA,NA,NA,NA,NA,NA,NA,NA,NA,NA,NA,NA,NA,NA,1.03496918223561,NA
1871,NA,NA,NA,NA,1.00836898351975,0.982786326212034,1.02492724112881,1.04086270645126,1.08595230988119,1.0848109701955,1.00260316365477,1.06006949545077,1.06767214611649,0.970778442837494,1.01522429496394,0.995461286982806,0.973996660257156,0.983010753668812,0.932412558676497,0.993388650252201,0.996839371969238,1.0395492149012,NA,NA,NA,NA,1.682092613879,1.15520633849148,NA,NA,NA,NA,1.15952645343184,1.01327485498369,1.17165865441373,NA,0.986696684553357,NA,0.995463464379148,1.0511029697807,1.01759191275752,1.05799075284562,1.03342783473558,0.999270599711203,1.03706318937214,1.06117073466388,1.30378728534346,1.15013462874843,1.06662619851738,0.967461634666277,1.10060940232155,NA,NA,NA,NA,NA,NA,NA,NA,NA,NA,NA,NA,NA,NA,NA,NA,NA,NA,1.07243764741233,NA
1872,NA,NA,NA,NA,1.02430660907511,1.08130927554006,1.08072148815676,1.07745831250962,1.11989781658334,1.09009793771526,1.08531910203997,1.07729392769671,1.15028107900832,1.02938969816588,1.35320010227397,1.00116365049762,0.998937882598989,0.999096180282141,0.944067152971713,1.00088639177624,1.00117363509701,1.02695848955799,NA,NA,NA,NA,1.7621919926206,1.15352806337564,NA,NA,NA,NA,1.19822751974355,1.01714096718716,1.1597623936304,NA,1.02884471169988,NA,0.995552751511971,1.07005874165822,1.00241089156155,1.08180389749821,1.04142471207715,0.999350558534683,1.0807770792522,1.1621170316501,1.36590458181792,1.16423515600237,1.27117213787065,1.04890683637952,1.19480893931193,NA,NA,NA,NA,NA,NA,NA,NA,NA,NA,NA,NA,NA,NA,NA,NA,NA,NA,1.15733513611295,NA
1873,NA,NA,NA,NA,1.05478938715669,1.10216177545399,1.08529156224269,1.10213421559227,1.13441317740784,1.00421418039562,1.08654115836462,1.11302281983088,1.05031763661046,1.03181773633784,1.18844833338686,0.994919857186124,1.00419870673814,1.01966696059398,0.985211514370795,0.992353840688695,0.999406885345012,1.07193695444922,NA,NA,NA,NA,1.73167317559527,1.13948226961946,NA,NA,NA,NA,1.27242436654995,1.01412502071895,1.03699236680894,NA,1.05038949851153,NA,0.996716262193718,1.05830481287553,1.00757475615761,1.07137328543819,1.05291385553586,1.00274624904119,1.07920835235188,1.11966171289941,1.65346450710985,1.29780011429899,1.15723920330086,1.11015380060477,1.30959397691919,NA,NA,NA,NA,NA,NA,NA,NA,NA,NA,NA,NA,NA,NA,NA,NA,NA,NA,1.18528807956986,NA
1874,NA,NA,NA,NA,1.05223190342198,1.05533569620793,0.993200250180567,1.00311637108274,1.02663366003233,0.9350977841805,0.997002010707595,0.91618593608971,0.957181273237675,1.00674009113198,0.7261717869132,0.961174315048964,0.989800176121492,0.984027142400035,0.907878123223224,0.963863805000574,0.993898632761681,1.09786735679186,NA,NA,NA,NA,1.45296474014937,1.01621491427754,NA,NA,NA,NA,0.806429508837265,0.990050155165019,0.937485503973415,NA,0.992095760922474,NA,0.989446025763388,0.925209590520389,0.964810124180051,0.952983248050644,0.985078684352634,0.997112653947646,1.01964379219281,0.949911429658145,1.01162899949348,0.83414531423394,0.868270764682667,0.903732293985093,1.09664330528616,NA,NA,NA,NA,NA,NA,NA,NA,NA,NA,NA,NA,NA,NA,NA,NA,NA,NA,0.990973443559929,NA
1875,NA,NA,NA,NA,0.97247703837706,1.02815051839891,1.07006857969617,1.02005437533843,1.03592597743693,0.996215498611907,1.02015946778435,0.932882696333503,0.934443192995467,1.01550319075827,0.866466985011816,0.982892066643951,0.982109338608638,0.978946613309845,0.901238375686406,0.942563135795107,0.997986947833765,1.10399189273738,NA,NA,NA,NA,1.06394410536152,0.88385658197742,NA,NA,NA,NA,0.852810251848605,0.988380567442006,0.97547122358998,NA,1.00772697920612,NA,0.991224037765288,0.967292725980576,0.964449774990234,0.901700614691132,0.980233014558629,1.0007470114686,1.01428972386634,0.915975406644261,0.980158170133681,0.674358055236065,1.0333864862014,1.00308867346373,1.15879921516142,NA,NA,NA,NA,NA,NA,NA,NA,NA,NA,NA,NA,NA,NA,NA,NA,NA,NA,1.04596749105286,NA
1876,NA,NA,NA,NA,1.09275964281333,1.09003966129875,1.15504830219975,1.06569502886824,1.16235109725437,1.04568238388727,1.06508540325458,1.10981723693463,1.10730851500905,1.05595217669805,1.25525106170454,0.99592610582832,1.02221948541671,1.00611284420413,0.98537006433146,0.997599631180161,1.0032162703425,1.09952085779578,NA,NA,NA,NA,1.61376167279526,1.05577603748178,NA,NA,NA,NA,1.59179589592139,1.01880873042264,1.00918554669785,NA,1.04680897614459,NA,0.995050534459673,1.05162560348832,1.02637888646232,1.07731255626052,1.06772130430301,1.01296285723969,1.04121707009423,1.11425379964454,1.27145897894756,0.929204919531018,1.36173775961519,1.09257538056823,1.19643525877988,NA,NA,NA,NA,NA,NA,NA,NA,NA,NA,NA,NA,NA,NA,NA,NA,NA,NA,1.23331163692469,NA
1877,NA,NA,NA,NA,1.07773336211707,1.04407448373626,1.05413877621385,0.98104564897695,1.13725601992939,0.917942953311587,0.986312562509967,1.01593874280447,1.09932269660749,1.02599241355054,1.20100927336919,0.984436230822713,0.995416238015205,0.986519062034104,0.926853003565738,0.981888085497329,0.994159868294099,1.02385691229463,NA,NA,NA,NA,1.33651152406653,0.933185836163663,NA,NA,NA,NA,1.66722144324569,1.01140952503811,1.00982586575058,NA,1.0281037701923,NA,0.993724460371591,0.938627529544239,0.979189165568086,0.920480800188925,1.05348660349887,1.00799132337559,0.999752069155195,0.952918046021211,1.39494038704326,0.836192188603482,1.2471872735579,1.13904124705286,0.94804425150098,NA,NA,NA,NA,NA,NA,NA,NA,NA,NA,NA,NA,NA,NA,NA,NA,NA,NA,1.11662489173161,NA
1878,NA,NA,NA,NA,1.07155968703408,1.03625897106464,1.07188712836261,1.0359136740605,1.05654564868714,0.86280860702177,0.982579560977938,1.01180326913949,1.15657935893864,1.05545862909051,1.22602672795748,0.994585742673722,1.01272684562514,1.00568138903879,1.04365377696678,1.00649280127116,0.995203287558388,1.00634992414128,NA,NA,NA,NA,1.74638931299178,1.06590301589066,NA,NA,NA,NA,1.83105917634445,1.01866605238497,1.01046794627343,NA,1.0371706622075,NA,0.994649068773579,1.01317233008301,0.990649777123384,0.836593212482025,1.06804220277321,1.00898510575085,1.01815253560599,1.01909211306223,1.39791476872978,0.947980433743363,1.32063045034104,1.18779345624125,1.05570859000581,NA,NA,NA,NA,NA,NA,NA,NA,NA,NA,NA,NA,NA,NA,NA,NA,NA,NA,1.09218971353685,NA
1879,NA,NA,NA,NA,1.100232555818,1.04605833318881,1.16191429173181,1.07605294522646,1.07275902322563,0.893226472109367,1.09730083171559,1.1161217759105,1.21664061819855,1.06487694915177,1.2590072377705,0.996877655540163,1.0455224635825,1.00671230972677,1.13116711844069,1.0237830386635,1.00032150720486,1.01457462070633,NA,NA,NA,NA,1.44272471343542,1.02238503105649,NA,NA,NA,NA,1.89209101256429,1.03212438884638,1.04094244137958,NA,1.05786012325816,NA,0.995960844792946,1.04882063794305,1.03199495095845,1.00239290392171,1.05008544605406,1.01402565377404,1.07135670048268,1.12663426004437,1.54716555976474,1.08911762796046,1.32469636782807,1.22341340212979,1.05417156604975,NA,NA,NA,NA,NA,NA,NA,NA,NA,NA,NA,NA,NA,NA,NA,NA,NA,NA,1.10111192832142,NA
1880,NA,NA,NA,NA,1.05441068711159,0.9883379356987,1.06896909452934,1.03022972995033,0.985086222931358,0.782489339824417,0.989601355845541,1.0156569287232,1.17179647537965,1.07526533383366,1.08476967492447,0.994738290325909,1.0358419082726,0.997422129007707,1.099949644125,1.00700882267625,1.00152793812014,1.02616556016922,NA,NA,NA,NA,1.05673382662489,0.838999783154917,NA,NA,NA,NA,1.12177310009808,1.01481502808779,1.05094073988527,NA,1.06726105547803,NA,0.991239604396776,1.01362771202753,0.984869059701076,0.93421353568574,1.04262024084046,1.01775969904402,1.01301597084874,1.01048268425497,1.26689116682171,0.932003104906391,1.33732059485653,1.09039142045611,0.999685939040837,NA,NA,NA,NA,NA,NA,NA,NA,NA,NA,NA,NA,NA,NA,NA,NA,NA,NA,1.0931562402065,NA
1881,NA,NA,NA,NA,1.01322602203465,0.937431865105552,1.00141174994207,0.946493305201427,0.983047905233774,0.799713140815165,0.944000777409822,0.972133667358066,1.08053009137489,1.01955336965399,0.847825312321879,0.986022364392926,0.995675839813847,0.977698638973573,0.960120015624932,0.961227530787296,0.9968592645733,1.00091491194326,NA,NA,NA,NA,0.725274661215459,0.705913509717151,NA,NA,NA,NA,0.813597247619071,0.998004920385213,0.898227157195057,NA,1.0205966617162,NA,0.991518232461708,0.946681532622805,0.9522010794957,0.903329804460571,1.00047376678987,1.01265898497544,0.973078200578518,0.772482000299875,0.852043435130257,0.752061182866326,0.921487966788978,0.90261458133687,0.956547471229251,NA,NA,NA,NA,NA,NA,NA,NA,NA,NA,NA,NA,NA,NA,NA,NA,NA,NA,0.963673946470098,NA
1882,NA,NA,NA,NA,1.04035344788143,1.0774744323581,1.02544941778985,0.997162957970873,1.13304127529879,0.873924757413042,1.0059006383635,1.05487178019944,1.09352834108707,1.06393333144341,1.26216598916451,0.995649135897339,1.02262892260092,1.02098464540087,0.975101734105937,1.01522402692362,1.01116297633541,1.04150878195884,NA,NA,NA,NA,0.58653868894498,0.795879088897513,NA,NA,NA,NA,0.919368569433831,1.00679466496975,0.942270333427125,NA,1.05210985878849,NA,0.995531593377868,1.00472567802784,1.02714826192673,1.07228538975503,1.02694711518305,1.01355734600574,0.998148318433695,0.87195241836929,1.27249493854843,1.04719586683279,1.1609550503064,1.08695456502845,0.89936179359562,NA,NA,NA,NA,NA,NA,NA,NA,NA,NA,NA,NA,NA,NA,NA,NA,NA,NA,1.00387637834898,NA
1883,NA,NA,NA,NA,1.04458530844245,1.11262683504325,1.09019491546732,1.07683140605316,1.06023949465804,0.938973837207329,1.01608300210278,1.13426024133624,1.18468128856359,1.07427593445134,1.29370741773034,1.00151596640543,1.06517715354636,1.02992387460709,1.05723804626483,1.02484714117416,1.01314942586033,1.06798714153177,NA,NA,NA,NA,1.13520504521079,0.85335355605172,NA,NA,NA,NA,1.07331796561062,1.01316067711297,1.05296433126065,NA,1.05978088651907,NA,0.995431743473783,1.02459877019331,1.01115828884438,1.06521747599562,1.0689881938627,1.01443993460702,1.01101836971073,0.980513012731208,1.29095384096799,1.34105897564632,1.17832939159716,1.26439822511452,1.01728470185727,NA,NA,NA,NA,NA,NA,NA,NA,NA,NA,NA,NA,NA,NA,NA,NA,NA,NA,1.19868313523485,NA
1884,NA,NA,NA,NA,1.04649599109647,1.09223222487326,1.01924589000858,1.0721673839584,1.0288340334058,0.984388542206582,0.984143707137391,1.05894529131783,1.11129244481027,1.08215889000405,1.28346131051901,1.01001473718742,1.07822556182472,1.0056965885363,1.05696261704118,1.01199204204035,1.00987543956348,1.00702747782019,NA,NA,NA,NA,1.29791233209516,0.953592365505972,NA,NA,NA,NA,1.03415690891411,1.01726752065984,1.07155355072114,NA,1.03999658891534,NA,0.995706076657009,1.02173238059459,0.975779182487323,0.886655231865147,1.00105293550066,1.00870433707775,1.03638482401414,1.02429827070513,1.05069225191858,1.13474513960613,1.33549287298577,1.15733536866059,0.936015282966939,NA,NA,NA,NA,NA,NA,NA,NA,NA,NA,NA,NA,NA,NA,NA,NA,NA,NA,1.17176030370338,NA
1885,NA,NA,NA,NA,0.896026347189494,0.757188692636957,0.853234063217023,0.942295893244823,0.806956685072745,0.684565569123643,0.831181752356755,0.816123469296521,NA,NA,0.658602457026019,0.96937972316698,1.01020126499609,0.973559798010696,0.870961188720201,0.952814314728667,0.993486835340477,0.873149517780639,NA,NA,NA,NA,0.474416520113278,0.586698569296088,NA,NA,NA,NA,0.481837860892636,0.963339334709838,0.884295048319763,NA,0.951826224259275,NA,0.990067505337071,0.890186248606614,0.935729693949031,0.695742549266739,0.918309633062896,0.984500984516752,0.913356777307336,0.804938528434811,0.542602470711039,0.753952047247969,0.809420481945129,0.945737122317138,0.740043121855432,NA,NA,NA,NA,NA,NA,NA,NA,NA,NA,NA,NA,NA,NA,NA,NA,NA,NA,0.922158922595165,NA
1886,NA,NA,NA,NA,0.872114534780289,0.776502079560225,0.944868580135595,0.970276198808098,0.889413386831515,0.694390248552048,0.960236143585843,0.88717675431479,0.887813791197641,0.958455497594266,0.876390358692382,0.991734099898516,0.994602265262967,0.986275820664452,0.892763533512877,0.955527629763594,0.995104715916241,0.905040742851504,NA,NA,NA,NA,0.335871547740354,0.585549701540038,NA,NA,NA,NA,0.599594741210049,0.958310917106013,0.930937754386717,NA,0.984409637586221,NA,0.992640441783598,0.915316266962246,0.939784774005773,0.808550321942686,1.00148002099918,0.997035489020474,0.94959798624556,0.861358221823718,0.689807133435974,0.841211663225509,1.12699141925955,1.05484913461923,0.765345734797146,NA,NA,NA,NA,NA,NA,NA,NA,NA,NA,NA,NA,NA,NA,NA,NA,NA,NA,0.987690055061953,NA
1887,NA,NA,NA,NA,0.884132407743323,0.901961593411613,0.970508897028271,0.970495903061333,0.978544132330668,0.858380430748384,0.920467900074985,0.860802440017035,0.954210825950984,0.975241382004858,0.863453083457993,0.991800508556646,0.98534638312127,0.996123115059902,0.918783770997352,0.979056899811116,0.992666181499334,0.893684076679982,NA,NA,NA,NA,0.307887336451233,0.745178294170718,NA,NA,NA,NA,0.618640054503436,0.981455723419475,0.829358738294309,NA,0.924020636912914,NA,0.99385169105774,0.911168570453719,0.9332587745874,0.874867955804348,0.99223931103148,0.999647070641438,0.954385312159958,0.875139264305191,0.609449273650001,0.730930192433185,1.07089816847447,1.06859371327692,0.829894528610084,NA,NA,NA,NA,NA,NA,NA,NA,NA,NA,NA,NA,NA,NA,NA,NA,NA,NA,0.910080243332511,NA
1888,NA,NA,NA,NA,0.915706455842707,0.904110772043652,0.948441642555079,0.987082859745727,1.00557552170774,0.84876495986144,0.873815341232151,0.797933163571705,0.909705547495711,0.957815911534292,0.751855202215932,0.995287019731011,0.969177240005035,0.978136040025572,0.912146027421121,0.963035253318614,0.990522837283654,0.894325264488935,NA,NA,NA,NA,0.610372702061533,0.880727015377379,NA,NA,NA,NA,0.773044175338806,0.992778368336298,0.829898259275827,NA,0.939821837483783,NA,0.994510357401693,0.913006290558359,0.950427928146853,0.932245557401039,0.966950836272304,0.99976247982926,0.963270431611276,0.806547381780858,0.847247289688336,0.55918837137961,0.888435518896433,1.01103490817318,0.801468740901715,NA,NA,NA,NA,NA,NA,NA,NA,NA,NA,NA,NA,NA,NA,NA,NA,NA,NA,0.757938309094565,NA
1889,NA,NA,NA,NA,0.915446995814413,1.04562761168297,0.888753751456779,0.948115113817546,1.10214735759632,0.90734401861558,0.909613998251819,0.774677960682248,0.941506000840413,0.957495452878555,0.980370271241362,1.00135615576044,0.951158257280805,0.962017933317905,0.957794274335757,0.958713238556366,0.993446976055921,0.92395959890653,NA,NA,NA,NA,0.390063978379027,0.742150533435062,NA,NA,NA,NA,0.912548017672005,0.990224649355485,0.850580884255875,NA,0.959731073312542,NA,0.997156747871946,0.942714937890712,0.970137099999121,0.948936165498087,0.967185173128284,0.996057771631874,0.990257232980549,0.90187249590764,0.674446567810632,0.438953260635238,0.842873662372873,0.945545340629439,0.812462810146942,NA,NA,NA,NA,NA,NA,NA,NA,NA,NA,NA,NA,NA,NA,NA,NA,NA,NA,0.862824877903667,NA
1890,NA,NA,NA,NA,1.01047747242145,1.13980209048141,0.996896095429935,0.971199796887712,1.11486478320279,1.08989599590816,1.00518537584087,0.884942292842456,0.895564094328507,0.94750206380517,1.05826572322268,1.00198759510178,1.00284569263519,0.98110344497754,1.02102499072868,1.00421107302161,0.998346147638202,0.960148833283009,NA,NA,NA,NA,0.691364475847423,0.972272507163278,NA,NA,NA,NA,1.06893453628409,1.01531193896786,1.06687624918166,NA,1.01468932089408,NA,0.998748287863776,1.02719237468033,1.01175053022427,1.10135643398829,1.02876951065282,1.00118197813758,1.01628750288358,1.04899417856902,0.960667880995441,0.919551431970862,1.1085524708642,1.0828436438011,0.946263083483932,NA,NA,NA,NA,NA,NA,NA,NA,NA,NA,NA,NA,NA,NA,NA,NA,NA,NA,0.987415864498815,NA
1891,NA,NA,NA,NA,1.01287877234717,1.10750654538119,0.962905213438677,0.953410268787054,1.08878392201366,1.06578674286194,0.996522385407632,0.913549617796185,0.90616153351804,0.956856019674417,0.945729323937681,0.99468664297128,0.970031923300666,0.98711832688958,0.929321810720679,0.978280810509843,0.995237943262469,0.908263664960464,NA,NA,NA,NA,0.471791768180344,0.839784868367968,NA,NA,NA,NA,0.958466637728727,1.00174240343835,1.06757554373417,NA,1.01518536616278,NA,0.998013885051346,1.02064041157453,1.00626023643439,1.07088890075645,1.02484227960358,1.0024459086555,0.987348888574254,0.963005211471965,1.11911638742085,1.16592844647678,1.00057148384129,0.992096742658654,0.912305127596517,NA,NA,NA,NA,NA,NA,NA,NA,NA,NA,NA,NA,NA,NA,NA,NA,NA,NA,0.927537587135744,NA
1892,NA,NA,NA,NA,0.945145548002204,0.935644927840191,0.893183287989075,0.91670140075081,0.879835464999196,0.87238377220548,0.892042182832262,0.859236561533606,0.716372641574649,0.842334996885101,0.679451264725028,0.992131078931784,0.916874159677049,0.963628235418352,0.90407383054606,0.946862407870269,0.987857423821749,0.884130023626769,NA,NA,NA,NA,0.526200309125458,0.609480436229362,NA,NA,NA,NA,0.743939988698978,0.98996528331899,0.986216872861236,NA,0.987268779074918,NA,0.996694418310012,0.930910531146389,0.971494942397475,0.939204495109002,0.939139544822497,0.99360309375195,0.964496248439889,0.778195732988734,0.759491546503626,0.653919618752668,0.8380442641866,0.906971133248388,0.89703113891036,NA,NA,NA,NA,NA,NA,NA,NA,NA,NA,NA,NA,NA,NA,NA,NA,NA,NA,0.807280032620071,NA
1893,NA,NA,NA,NA,0.923775896034833,0.930371304415155,0.911212859518575,0.928354334773977,0.865598014820572,0.934029280539018,0.932557793953295,0.860918204599295,0.634595480267305,0.877430840466538,0.649730959883868,0.990224597428821,0.907796670717955,0.957682090987045,0.890097369851326,0.938531595468369,0.987989501300432,0.937243644880111,NA,NA,NA,NA,0.580470543967306,0.543209677772902,NA,NA,NA,NA,0.728105037173057,0.988215899456527,0.998447671014289,NA,1.01618875370194,NA,0.997472862103018,0.926866199958871,0.98872972308976,1.0911891982929,0.957121105513427,0.979228301365952,0.926932296340674,0.823293432016761,0.949645528826682,0.388183017062641,0.866067526726403,0.881273662026693,0.814042140731627,NA,NA,NA,NA,NA,NA,NA,NA,NA,NA,NA,NA,NA,NA,NA,NA,NA,NA,0.817599007459806,NA
1894,NA,NA,NA,NA,1.00396121211183,1.00183472441345,1.04880313852515,1.00364100141096,0.92870116250359,0.995418950042624,1.03699110821672,0.982602418177927,0.838665497836646,0.96477562570882,0.829871278412102,0.997188377004074,0.973231421454629,0.994020817676779,0.933712131459658,0.982867934548323,0.991299981690648,0.993990889038605,NA,NA,NA,NA,0.552714469236589,0.834376609563169,NA,NA,NA,NA,1.00465482413114,1.01853910789595,0.987518702515161,NA,1.07864285493459,NA,1.0005647674463,1.01990432064094,1.06410466201472,1.44561438156246,1.01263699758098,0.996665478562155,1.04970691524109,1.09097287406991,1.19456430187837,0.973614810233789,1.09368215550742,1.04173666708079,0.934551731907615,NA,NA,NA,NA,NA,NA,NA,NA,NA,NA,NA,NA,NA,NA,NA,NA,NA,NA,0.934828154400147,NA
1895,NA,NA,NA,NA,1.06025325585245,1.05166279540426,1.10446077661877,1.03987054777544,1.09384044116788,1.18635235697452,1.09091759128241,0.984527827758585,0.999463656787467,1.01214020348546,1.12290218707076,1.00964116243047,1.02146805025709,1.02137016665346,1.04133198873083,1.02719529498553,1.00068396197497,1.00695925722822,NA,NA,NA,NA,1.06886484446023,1.06870748797566,NA,NA,NA,NA,1.33145052139995,1.03919741965055,1.05182172164923,NA,1.05620034718455,NA,1.00140434714975,1.03143199850676,1.06195173274431,1.34896414833191,1.05770147550649,1.01265147963582,1.05244404325867,1.2088045140997,1.36008679619335,1.03871113218637,0.902466163674259,0.98896786773862,1.0572636592893,NA,NA,NA,NA,NA,NA,NA,NA,NA,NA,NA,NA,NA,NA,NA,NA,NA,NA,1.05523397692667,NA
1896,NA,NA,NA,NA,1.05384402092711,1.05818541210637,1.01179923252089,1.04312276534954,1.07730117825233,1.09119628773504,1.01627114902066,1.04134965554462,1.03810821025441,1.03668390112505,0.957970779852213,1.00892685016792,1.0342510686909,1.02540599741807,1.02573829395068,1.01415924363426,1.00717013539741,1.02694562481133,NA,NA,NA,NA,1.17635549871896,0.945065070950965,NA,NA,NA,NA,1.089978351318,1.02474196576262,1.07110693610672,NA,1.06648242167369,NA,1.00217966056003,1.00995036691553,1.01146294364238,1.33228114111794,0.999414850345796,1.00729336861036,0.981549934416276,1.08215493345147,1.14998727433417,0.939746991472837,1.01500175513358,0.996821210732524,0.997022223759769,NA,NA,NA,NA,NA,NA,NA,NA,NA,NA,NA,NA,NA,NA,NA,NA,NA,NA,1.04108309975234,NA
1897,NA,NA,NA,NA,1.00872501607809,0.96685721399723,0.98647584264951,1.01158843472911,1.056170577268,1.08867340911069,0.965842230218105,0.941403035552806,1.01324945175305,1.0470463307833,0.93547321012554,1.00454836800914,1.04200418832576,1.02026165084402,1.00080377618952,1.00909216168467,0.996536655550959,1.04564851449392,NA,NA,NA,NA,1.0673871744791,0.985860165528972,NA,NA,NA,NA,0.935856908367425,1.00168504142578,1.05322149840408,NA,1.02519239333901,NA,1.00127471146129,1.0380926967676,1.00918616431098,1.12326474242121,1.01797670266051,1.00840002402435,0.978040902735406,0.965683984240746,1.18674861138405,0.865347752447499,1.0528980670234,1.10708950290799,1.05091169652448,NA,NA,NA,NA,NA,NA,NA,NA,NA,NA,NA,NA,NA,NA,NA,NA,NA,NA,1.0252171366136,NA
1898,NA,NA,NA,NA,1.04038861282167,1.03097608493102,0.986400867530656,1.03474143297596,1.09273540397964,1.17357640112834,1.02306657679827,0.959598335029674,1.01184381670144,1.04672391695472,0.9746826018611,1.00013485368796,1.02756944103175,1.02734675407757,1.02450875324393,1.00800401658216,0.996183165037887,1.05321976914448,NA,NA,NA,NA,0.741570813166195,0.861904959794717,NA,NA,NA,NA,1.03737739597959,1.00715323832385,0.938317340945848,NA,1.03540583008592,NA,1.0028786140482,1.04787013084605,1.04901786997117,1.08246782592317,1.00003324304906,0.997171579019581,0.938807225181993,0.966055851695378,1.24000566183195,0.940377287103023,0.9034792666397,1.0741556701278,1.06270165763683,NA,NA,NA,NA,NA,NA,NA,NA,NA,NA,NA,NA,NA,NA,NA,NA,NA,NA,1.01826418801865,NA
1899,NA,NA,NA,NA,0.979039690496976,0.949941525685591,0.901854981343977,0.955588400446338,0.942519888109893,0.887234306565297,1.01459453273635,1.07254195363439,0.872533811805283,0.98959444743523,0.798669731608941,0.988392442702959,1.00107822271601,1.0159592841775,0.981908711168123,0.996319589953812,0.991980595946661,1.03264952451587,NA,NA,NA,NA,0.768240469999277,0.768097495959614,NA,NA,NA,NA,0.815208618311208,0.993620032686935,0.7623040984284,NA,0.986011711060658,NA,1.00035887784291,0.986755605206845,1.00925378454555,1.02686487813878,0.928416887812367,0.989752800148415,0.957974957766935,0.867027607503159,0.870462441365807,0.940669152777289,0.785297024944105,1.03950424104785,0.933262905395149,NA,NA,NA,NA,NA,NA,NA,NA,NA,NA,NA,NA,NA,NA,NA,NA,NA,NA,0.972067226499584,NA
1900,NA,NA,NA,NA,0.881287500359544,0.858447119551642,0.7814394023974,0.878909740190687,0.812930885566547,0.713989710470644,0.816705337189768,0.804462338512783,0.817225767852166,0.939321616598675,0.51594926699269,0.979715331219986,0.960156436395654,0.972421545748533,0.864515898414456,0.946356262348183,0.974331275256511,0.913691935787723,NA,NA,NA,NA,0.468803664448857,0.653554826005996,NA,NA,NA,NA,0.531623669624998,0.957714957844975,0.875577681711193,NA,0.958922090961199,NA,0.99572873138922,0.918581514634113,0.940221495214017,0.83856742346894,0.90087241210276,0.980099809478702,0.911671670669746,0.81108147456904,0.469218950970072,0.626496688499175,0.775663110579799,0.918805989763143,0.809700815181842,NA,NA,NA,NA,NA,NA,NA,NA,NA,NA,NA,NA,NA,NA,NA,NA,NA,NA,0.85633342309689,NA
1901,NA,NA,NA,NA,0.926575251290737,0.847454360139772,0.931625184886492,0.960888882208083,0.747082467209789,0.86175803085669,0.862095278337064,1.00353795433651,0.816088845281987,0.939053363431954,0.695273473976168,0.986012101809165,0.984738519098083,1.01036115185707,0.899310033336153,0.979288283307178,0.991032104754472,0.976516318467816,NA,NA,NA,NA,0.4412804726422,0.744149488562825,NA,NA,NA,NA,0.647022770576174,0.96182818281624,1.06551318575094,NA,0.996359753068438,NA,1.0011266770052,1.04713528549608,0.993453145161719,1.04929314184851,0.991314121213857,0.98826911598275,0.993938888291341,0.96705906492392,0.776875681552327,0.82561273488627,0.752231837267721,1.06397258238087,0.811391522996107,NA,NA,NA,NA,NA,NA,NA,NA,NA,NA,NA,NA,NA,NA,NA,NA,NA,NA,NA,NA
1902,NA,NA,NA,NA,0.950756786620138,0.955471791911084,0.94723753429944,0.965776994811127,0.776596145778271,0.720178604281156,0.854617000821705,0.933448326479605,0.944830907752884,0.988747203980995,0.707124422201409,0.994513478541755,1.00446484347651,1.01383118170144,0.911368545121237,0.990588266025127,0.992977169261505,0.937386031669369,NA,NA,NA,NA,0.902201575014505,0.819429564493331,NA,NA,NA,NA,0.629396504417338,0.983940702633422,1.00446651005971,NA,0.971848976351523,NA,0.9986443649973,0.995318662520856,0.969473226131745,0.924994636813931,0.948127712154623,0.997685672439022,0.983324306966346,0.967358587333961,0.632509694808213,0.804410548180804,0.715950333716155,1.01733355196235,0.767933788029085,NA,NA,NA,NA,NA,NA,NA,NA,NA,NA,NA,NA,NA,NA,NA,NA,NA,NA,NA,NA
1903,NA,NA,NA,NA,0.880777159838934,NA,0.815998157341944,0.907450606219886,0.703615693461652,0.63572819980358,0.752518473450539,0.782643478446578,0.933749823040866,0.953339544989161,0.578215918385503,0.981630893887819,0.938863135784347,0.992660320889038,0.800388308333546,0.947233380522549,0.98315292368718,0.847107335028678,NA,NA,NA,NA,0.495256010817543,0.564221441049162,NA,NA,NA,NA,0.61142973253839,0.96232708364505,0.941482002398283,NA,0.946968617509401,NA,0.997413446630102,0.901937361478193,0.938945908111793,0.86115421299288,0.954381378613531,0.98852428747648,0.975878433426178,0.749501056889634,0.472903171918782,0.525930230346146,0.548367371407168,0.937087906210626,0.635914598363334,NA,NA,NA,NA,NA,NA,NA,NA,NA,NA,NA,NA,NA,NA,NA,NA,NA,NA,NA,NA
1904,NA,NA,NA,NA,0.993329526568947,0.935255589738897,0.954648333964177,0.991670555388467,0.837222556653825,0.810753331153902,0.838769485243359,0.945870190926198,0.987065463557107,1.01489205788447,0.848193015513292,0.997010365466326,0.973668363478993,1.00329466773542,0.854319384778083,0.982128628945736,0.992054378232018,0.921772451397272,NA,NA,NA,NA,1.03620414009727,0.850075103220318,NA,NA,NA,NA,1.04429759919935,0.9976467863822,1.13485580163673,NA,1.00653668184237,NA,1.00210922854383,1.02886010013106,0.996245408705137,1.0161610369301,0.971612896437959,0.992044378345169,1.02932074556544,1.06510656795378,0.679120618521778,0.92394199293421,0.833646781203773,1.08898731790307,0.793354486241924,NA,NA,NA,NA,NA,NA,NA,NA,NA,NA,NA,NA,NA,NA,NA,NA,NA,NA,NA,NA
1905,NA,NA,NA,NA,0.998885533071257,1.00683570580687,0.972501365831432,0.992003646006238,0.937683291720639,0.975927387705702,0.903884297422958,0.929982542104127,1.00996322188039,1.00642825120315,0.910908075426227,0.997052001314353,1.02011879924414,1.03698857689016,0.943557306106953,0.982433396957499,0.999494152830869,0.969492370269417,NA,NA,NA,NA,1.27794958565315,0.967872443252517,NA,NA,NA,NA,1.16822715335874,1.01800112567253,1.1037552434426,NA,0.984131259301711,NA,1.00390952549944,1.02769508699402,0.989385061227538,0.980989835412139,1.0250950015378,1.00533896708022,1.00854353453618,1.04486107003353,0.903543874269706,1.38561643015729,0.799842508968764,1.14701572511661,0.905019484045137,NA,NA,NA,NA,NA,NA,NA,NA,NA,NA,NA,NA,NA,NA,NA,NA,NA,NA,NA,NA
1906,NA,NA,NA,NA,0.967908481556509,0.989907521441721,0.972467863642041,1.01100162219681,0.954106116795459,0.955908816962669,0.89750141998737,0.913127165522811,1.0659924626895,1.02204963122944,0.998745643782889,0.997828160663962,0.989576160029988,1.02774193072849,0.94807910920519,0.991817446885703,1.0041229674376,0.979433131427193,NA,NA,NA,NA,1.30427293900256,1.02995236461487,NA,NA,NA,NA,1.22189643332846,1.02835668629289,1.05964299190056,NA,1.00338951268507,NA,1.00335087545939,1.01381763888103,0.985711190676035,1.03490084205186,1.03811573836735,1.00546733988258,1.00882868900296,1.08564178549762,0.963137918833383,1.10197421353863,0.746822053354456,1.11787628811734,0.892311019918383,NA,NA,NA,NA,NA,NA,NA,NA,NA,NA,NA,NA,NA,NA,NA,NA,NA,NA,NA,NA
1907,NA,NA,NA,NA,0.967747541607076,1.01009655868875,0.939335119051818,1.00410958864586,0.870931891993004,0.884125548397357,0.919661804475579,0.951458197220516,0.999343150486388,1.04005266565599,1.02512283057885,0.992930461074014,0.968657108425397,1.0153425802517,0.985354680398236,1.00794580486143,1.00148841209735,0.960858315970065,NA,NA,NA,NA,1.27690010703611,0.949679545267492,NA,NA,NA,NA,1.33699275138518,1.02194146938896,1.15926721288479,NA,0.985186199316757,NA,1.00226126133113,1.0324929557263,0.998987597099306,1.04793153552059,1.00788294642519,1.00215575872171,0.97698857484611,0.956958274176089,0.829747396777544,0.977215223649611,0.669109827464658,1.03693322704388,0.878985906666458,NA,NA,NA,NA,NA,NA,NA,NA,NA,NA,NA,NA,NA,NA,NA,NA,NA,NA,NA,NA
1908,NA,NA,NA,NA,0.960690006549968,1.02319601420221,1.03986410319025,1.02865949390719,0.957147201841534,1.02448227165821,0.940388315398817,1.00235582209489,1.09477572632809,1.04396548328365,0.926131183396966,1.00295624774236,1.01515518144962,1.0381810052146,0.993217108229082,1.0179068000321,1.00617462967179,0.998347219777228,NA,NA,NA,NA,1.35695253255276,1.04907758378535,NA,NA,NA,NA,1.25035018700769,1.01937339806466,1.21895874855921,NA,1.02048284868992,NA,1.00476549689482,1.07394216923882,1.00557714472468,1.00891398132638,1.07690737073394,1.01260296984511,0.992371644590655,1.07619769005685,1.13362065248813,1.15846391141598,0.960316139328963,1.0511559319708,0.934321565872978,NA,NA,NA,NA,NA,NA,NA,NA,NA,NA,NA,NA,NA,NA,NA,NA,NA,NA,NA,NA
1909,NA,NA,NA,NA,0.885640936522911,0.950970040186315,0.965381482682503,0.993377849437342,0.799195538053936,0.943206151928228,0.900114980072116,0.928039761351443,1.04132032615716,0.999687824434847,0.759794243583863,0.986316438722541,0.978838911386222,1.00502660964964,0.918609246889568,0.98920648544785,1.00296111482474,0.961924294403237,NA,NA,NA,NA,1.16858599786855,0.945216227522638,NA,NA,NA,NA,0.963188455397351,0.996186804634369,1.05201646859654,NA,0.9912542351409,NA,1.00174107605423,0.966962947105904,0.961062378343202,0.998158087376734,1.0132811159339,1.00240666595829,0.965105712677493,0.933402951808575,0.913376217137601,0.977580633316314,0.601870053640103,0.920750446096262,0.83402368300234,NA,NA,NA,NA,NA,NA,NA,NA,NA,NA,NA,NA,NA,NA,NA,NA,NA,NA,NA,NA
1910,NA,NA,NA,NA,0.995237245569702,1.02612068238109,1.01710012443854,1.00143588545404,0.886374878859616,0.992699498415409,0.960816146151382,0.939159222581121,1.13203670177916,1.04553941136903,0.816272968761291,1.00559742452899,1.00563390377751,1.01229865790409,0.945181073285042,1.00887056673522,1.0026796498302,0.967372314040429,NA,NA,NA,NA,1.11449332661915,1.12163200495493,NA,NA,NA,NA,0.903844302494266,0.993528929369841,1.09030983699854,NA,1.00556086279133,NA,1.00162421394705,1.02160852533707,0.978165405326686,0.981040360054033,1.02267143447309,0.997316905882098,1.01625578358606,0.908727681626128,1.10376946920399,1.07331222347918,0.733156408719187,1.08098358443213,0.953327975297199,NA,NA,NA,NA,NA,NA,NA,NA,NA,NA,NA,NA,NA,NA,NA,NA,NA,NA,NA,NA
1911,NA,NA,NA,NA,1.00071971537925,0.976541399155911,1.04254144162036,1.02315033026429,0.904366854978089,1.02783789776329,0.835189018062153,0.931693034629849,1.09644055628525,1.0492655064139,0.756919368424188,0.999998877279328,1.00441413513165,1.02016183402525,0.905265949486144,0.986133251881202,0.994115708755341,0.952790444302629,NA,NA,NA,NA,1.00665566876691,1.08689905165619,NA,NA,NA,NA,1.08039391166013,0.993777500088893,1.04332524792546,NA,1.01034257265002,NA,1.00102893674352,1.01580199481238,1.00679076474622,1.02106560257248,0.994992068606824,1.0026519484708,0.879884541572714,0.921442902383175,0.957219305671584,0.960755977537417,0.769433729500346,0.937133662184503,0.88833473947545,NA,NA,NA,NA,NA,NA,NA,NA,NA,NA,NA,NA,NA,NA,NA,NA,NA,NA,NA,NA
1912,NA,NA,NA,NA,1.02864328474496,1.07897241880086,1.0709348166083,1.04867155740319,1.06249961727564,1.19929261320142,0.996821834327918,1.04721784263507,1.17997839436673,1.0490612751813,1.05180101091093,1.00875141475546,1.03911394268267,1.02845558578321,1.02170889954294,1.01781786533867,1.00766389527993,0.991715849900076,NA,NA,NA,NA,1.40895101724922,1.12671859228439,NA,NA,NA,NA,1.39339866770865,1.01147564683804,1.07357510740823,NA,1.03674117569303,NA,1.00140176485846,1.00515823052604,1.01446198814377,1.07789675576605,1.04863557910343,1.00510469256437,0.982223473368156,1.0358978410248,1.14620489338757,1.07365448517331,0.913007051265392,1.11202827332268,1.02671211979098,NA,NA,NA,NA,NA,NA,NA,NA,NA,NA,NA,NA,NA,NA,NA,NA,NA,NA,NA,NA
1913,NA,NA,NA,NA,0.994803374489267,1.01230870707052,1.03150067955575,1.02389406387152,1.04272634516698,1.05845610553813,0.944906699319779,1.00442002908315,1.20613054353092,1.07169490465598,1.34515970394904,1.00300786467068,1.01669672780137,1.00429406819866,0.985071687244924,1.0281934019092,1.00419883531601,0.948525432377513,NA,NA,NA,NA,1.56922994445643,1.22024815976064,NA,NA,NA,NA,1.04029255412648,0.999026298986694,1.191592061035,NA,1.04372837704833,NA,1.00240178741023,1.00458626868134,0.982735506596799,1.00123732697058,1.03258514647564,1.00522310095104,1.00072352303711,0.992534353440206,1.1130372389022,1.05865695691897,0.927558099395427,1.16366375406152,0.986629604279006,NA,NA,NA,NA,NA,NA,NA,NA,NA,NA,NA,NA,NA,NA,NA,NA,NA,NA,NA,NA
1914,NA,NA,NA,NA,1.06061897087356,1.10694227858025,1.09234729255792,1.11196041584326,1.0737650881954,1.0848928960972,1.03921036469355,1.07210434899394,1.22204388757956,1.07924391832715,1.51343981107266,1.00654925394649,1.04657345669234,1.03067415964269,1.06097655661273,1.0210382195255,1.0140035675774,1.02619735558548,NA,NA,NA,NA,1.78271708546735,1.34253109431983,NA,NA,NA,NA,1.17967227055984,0.998352030593846,1.23004863321339,NA,1.05615664739579,NA,1.00411973248482,1.06994946571002,1.01861448221691,1.10783867843477,1.00595863288782,1.00300618598005,1.02634408704371,1.13524545744942,1.62603308348888,1.30973840243102,1.08137376135666,1.2632517659085,1.1401020974975,NA,NA,NA,NA,NA,NA,NA,NA,NA,NA,NA,NA,NA,NA,NA,NA,NA,NA,NA,NA
1915,NA,NA,NA,NA,1.07192801475599,1.05890741977963,1.09464890993273,1.09905891093814,1.11138344022422,1.09643840253122,1.02559675070773,1.06046150241582,1.10822758211665,1.08054528540734,1.23608907112155,1.00123239097036,1.06702701226947,1.01524566255129,1.0724141924561,1.03896955919015,1.01166282058864,1.04568116793953,NA,NA,NA,NA,1.83581872281654,1.35471532308395,NA,NA,NA,NA,1.25984661054805,1.00626861118945,1.15848068660235,NA,1.05674179067139,NA,1.00204747605147,1.06956105219734,0.988408330221712,0.968522947058596,1.03767054419367,1.01602203655445,1.03790681986349,1.12604653405102,1.50108445088866,1.35523932114372,1.13129907115823,1.24565597987572,1.04858474766259,NA,NA,NA,NA,NA,NA,NA,NA,NA,NA,NA,NA,NA,NA,NA,NA,NA,NA,NA,NA
1916,NA,NA,NA,NA,1.08256870451311,1.06491707421297,1.10805828185385,1.07766776940751,1.19729632002572,1.08014170427482,1.04591372139135,1.09620014993919,1.12880118057053,1.07271769509173,1.14653249154235,0.99859890545974,1.04035360033671,1.01425695090115,1.09995177797091,1.05595031973118,1.00248457118097,0.989174969995384,NA,NA,NA,NA,1.16678748418247,1.15585356126504,NA,NA,NA,NA,1.41161781697687,1.00956472310432,1.07658520553036,NA,1.06808963862483,NA,1.00357201457971,1.05174612992456,1.02034090080513,1.0036041606893,0.98686155858941,1.00323132773455,1.00820500843322,1.04701397572084,1.69883503969912,1.28662382757819,0.903136744338736,1.16533767851331,1.17788912609606,NA,NA,NA,NA,NA,NA,NA,NA,NA,NA,NA,NA,NA,NA,NA,NA,NA,NA,NA,NA
1917,NA,NA,NA,NA,1.08589201639129,1.05065465540928,1.04259810371571,1.04462009122214,1.11816270492461,1.12744969026526,1.06518426509071,1.03558356057522,1.02379779664218,1.03592137713375,0.978490917782268,0.999251502620857,1.04568759778783,1.02718469346154,1.0615366932117,1.04777223906732,1.00496219610269,1.02767771857956,NA,NA,NA,NA,1.48807773910021,1.23527737316633,NA,NA,NA,NA,1.27548051707997,1.01053354715616,1.06777599861615,NA,1.01369955781786,NA,1.00165040813194,1.0302224212385,1.00108730827583,1.03757364779754,1.10449686314008,1.0127695663656,0.991004402292101,1.06771730204918,1.4764741774388,1.21280518067889,0.817915486325378,0.970891931404601,1.17123030584089,NA,NA,NA,NA,NA,NA,NA,NA,NA,NA,NA,NA,NA,NA,NA,NA,NA,NA,NA,NA
1918,NA,NA,NA,NA,1.1068038293846,1.02343733723374,1.14712779264901,1.05682281717426,1.13115451458314,1.08480706532117,1.13449593018652,1.05965034644766,1.08689879891043,1.05177442873214,1.02264830679439,1.00113214298405,1.04942153164567,1.02930923242689,1.11384932628064,1.08521056974534,1.00651543297842,1.0683496704101,NA,NA,NA,NA,1.40769372108592,1.15047116385328,NA,NA,NA,NA,1.19816091669392,1.01076220747319,1.13818208193259,NA,1.06402104756952,NA,1.00233520561914,1.02728513305596,1.00863720485586,1.16237471255302,1.10497202842222,1.01377957164586,1.01514434093732,1.18992222180634,1.48075660523945,1.26289341329552,0.848971923269838,1.04405311829771,1.14288275511003,NA,NA,NA,NA,NA,NA,NA,NA,NA,NA,NA,NA,NA,NA,NA,NA,NA,NA,NA,NA
1919,NA,NA,NA,NA,1.05798195426643,0.998664925919565,1.13131181325547,1.03921733023961,1.05083352830236,1.06393719223902,1.09292085286701,0.991590140628465,1.06126084553577,1.04585471461624,1.28007984231259,1.00897925710056,1.03283873741492,1.00761045280333,1.10783482070896,1.0670755468654,1.00659197063318,1.06883217566873,NA,NA,NA,NA,1.27373120948772,1.11845633333534,NA,NA,NA,NA,1.30390234325202,1.01242754824622,1.14674860719289,NA,1.05030705583481,NA,1.00389519435124,1.00171134685491,0.994125536479256,1.02129714553155,1.09891159668134,1.01476372392051,0.991461546027413,1.06796784787186,1.29561607100199,1.20016031560558,1.06091654439048,1.01540170837413,1.18805736079364,NA,NA,NA,NA,NA,NA,NA,NA,NA,NA,NA,NA,NA,NA,NA,NA,NA,NA,NA,NA
1920,NA,NA,NA,NA,1.03453423133595,0.970128718530565,1.09019959391337,1.04273502161893,1.17123091565118,1.05228285820784,1.02030878217965,0.907795530327221,1.0472215070061,1.01936038440319,1.23301228716906,1.00488004517464,1.04476635281654,1.0148263285118,1.01515884053785,1.04039524667999,1.0023778579584,1.11040373801286,NA,NA,NA,NA,1.24689855173122,1.21804774519549,NA,NA,NA,NA,0.974687783631451,1.00241888297304,1.21052642512977,NA,1.07552493269402,NA,1.00368670219395,0.986639647829448,1.00659922152289,1.17848008664069,1.13350499553965,1.01572312264772,0.995334741816614,1.00457253377685,1.22768385202743,1.2259420512074,1.16922318037327,1.14643716427664,1.06319045636378,NA,NA,NA,NA,NA,NA,NA,NA,NA,NA,NA,NA,NA,NA,NA,NA,NA,NA,NA,NA
1921,NA,NA,NA,NA,1.03667462042265,1.03157095251608,1.07114318397644,1.00928713057678,1.11961151980697,1.25978275137303,1.06474540866761,0.824890511308484,1.14276343809258,1.05314801920679,1.21570958929684,1.01078188944728,1.06597606096704,1.01382268163078,1.00305322519018,1.03626873168425,1.00877943378871,1.14426012430133,NA,NA,NA,NA,1.19328161237909,1.11329478470483,NA,NA,NA,NA,0.818494220606983,1.00435311507501,1.1983359203698,NA,1.05149016931975,NA,1.00468174804889,0.965045732239029,1.0526730796609,1.19496611397592,1.13976272598937,1.01496459809427,1.03378120846294,1.13621324691329,1.42567179078331,1.16051181349958,1.16875942295917,1.11238165978733,1.02279949985784,NA,NA,NA,NA,NA,NA,NA,NA,NA,NA,NA,NA,NA,NA,NA,NA,NA,NA,NA,NA
1922,NA,NA,NA,NA,1.07831267243645,0.979043020127691,1.08797132060665,1.0169541514445,1.11293777665186,1.3162546267016,1.10015876252221,0.988812409489648,1.17048252551189,1.04138805981358,1.32430413112796,1.00795177232738,1.08130568522461,1.02276905964055,1.03468166978463,1.03425469452441,1.01732579902582,1.16508908318486,NA,NA,NA,NA,1.22011204229586,1.17702722802874,NA,NA,NA,NA,0.976782258942306,1.01163383374444,1.11694455723248,NA,1.06641939492282,NA,1.00701804503626,1.04872129835865,1.06832760274856,1.17792894045397,1.04909539568492,1.01836930726741,1.03956660037521,1.24949795887233,1.25315738157545,1.1044615729042,1.06815730640054,1.14757144309496,1.16528510058462,NA,NA,NA,NA,NA,NA,NA,NA,NA,NA,NA,NA,NA,NA,NA,NA,NA,NA,NA,NA
1923,NA,NA,NA,NA,0.990752526165012,0.937448525058435,0.958435174024187,1.00247970111295,0.883712959382179,1.05548539315055,0.990520593585829,0.867194341937678,1.10886636703625,0.987987169941021,1.08353621042826,0.998880836570928,1.03897737713931,0.97997988995895,1.01274377407194,1.01396610132187,1.01417344762254,0.978181994409452,NA,NA,NA,NA,0.897942269692511,1.08813490678975,NA,NA,NA,NA,0.643859600856784,0.986501556801395,1.21311953759883,NA,0.999000181012388,NA,1.00456274225752,0.992612985262047,1.01753215829085,0.946150324977444,1.02385627791649,1.00009819909987,0.972615515311694,0.982397947005216,0.889320083015364,0.828538092884561,1.06052969349458,1.1114537492986,1.04652537075543,NA,NA,NA,NA,NA,NA,NA,NA,NA,NA,NA,NA,NA,NA,NA,NA,NA,NA,NA,NA
1924,NA,NA,NA,NA,1.00988668644899,0.928231709277348,1.0810077458532,1.05044159139974,1.00650074467235,1.120239211121,1.05390703470252,0.992727767217392,1.1183518277566,1.0084724021329,1.22509454282305,1.00735060027402,1.06398318355713,1.0119070504165,1.04620093418944,1.00827854946919,1.01600046099081,1.02681929518648,NA,NA,NA,NA,1.30063133238911,1.23234379020234,NA,NA,NA,NA,0.787586428014451,0.997684327742611,1.19418289380333,NA,1.01344279655091,NA,1.00672113679538,1.04106133514835,1.01957967395964,0.972862438624043,1.07700450837687,1.00636035180329,1.01960486554104,1.09836065379272,1.05321053488608,0.869540248220827,1.045996385324,1.15530986182516,1.13174548985576,NA,NA,NA,NA,NA,NA,NA,NA,NA,NA,NA,NA,NA,NA,NA,NA,NA,NA,NA,NA
1925,NA,NA,NA,NA,1.05534772554767,0.964571781105568,1.06388576170969,1.0447405096266,1.02632683786066,1.15132641349562,1.11143208148719,1.03647967957923,0.878003608221477,0.929287268459483,1.03746193156032,1.00636762807942,1.07704815900861,1.03785814088268,1.04856921749568,1.01153599350502,1.01579656034106,0.997563533610206,NA,NA,NA,NA,0.898070953616581,1.19552556464794,NA,NA,NA,NA,0.91854921180637,1.00516516437454,1.13590051052894,NA,1.04431898199959,NA,1.00593666881542,1.05625405173465,1.04213356987734,0.995760270259613,1.06628938524407,0.995939111739618,1.00685450924386,1.0583445607805,1.24613766058016,1.16091782578432,1.18571528035465,1.08148753966793,1.19351739967487,NA,NA,NA,NA,NA,NA,NA,NA,NA,NA,NA,NA,NA,NA,NA,NA,NA,NA,NA,NA
1926,NA,NA,NA,NA,1.01229111253858,0.956494405488855,1.0430293779072,1.06573100005543,1.02736057066465,1.14517127900243,1.0511644822171,0.918623796803831,0.991738196085778,0.980915309182976,1.06167768000547,1.01069051776491,1.05672244184527,0.99825681960131,1.03810863575338,1.00074953327111,1.00901886998955,0.959278680967913,NA,NA,NA,NA,0.978845275930579,1.20144658703937,NA,NA,NA,NA,0.871937344106585,0.99707646715772,1.10271271033281,NA,1.01459788800606,NA,1.00598761004162,1.04457360441999,0.97889058254946,0.856670405079258,1.08161816049103,0.991041673513883,1.00014713359249,1.00510590566383,1.26833336862399,1.16100744578982,1.04562464192705,1.11267998879334,1.07547617161726,NA,NA,NA,NA,NA,NA,NA,NA,NA,NA,NA,NA,NA,NA,NA,NA,NA,NA,NA,NA
1927,NA,NA,NA,NA,1.09152997268365,1.06680853142148,1.08121687889425,1.08728875111514,1.07301260547409,1.27708510053378,1.18595653714116,1.15829957184414,1.0700812663496,1.00254532089861,1.47494420946773,1.01589821613943,1.0798543448497,1.05332179273358,1.10346334760931,1.02704481048408,1.01352718599109,1.01146072129051,NA,NA,NA,NA,0.978962754138888,1.29532849412472,NA,NA,NA,NA,1.12733327342822,1.00554400215024,1.07542649389986,NA,1.06672057189984,NA,1.00738076867479,1.05676716115613,1.05995094653576,1.15928758981537,1.07106515781201,0.997608778966174,1.04061163229076,1.24180134560054,1.41646470353257,1.287971362079,1.14642430548357,1.16965883577896,1.11945017518171,NA,NA,NA,NA,NA,NA,NA,NA,NA,NA,NA,NA,NA,NA,NA,NA,NA,NA,NA,NA
1928,NA,NA,NA,NA,1.04044538250255,0.973429089917475,1.0485489675889,1.04903962536042,0.933857271189757,1.04125991109387,1.114665848048,1.00063186386999,1.00418328168518,1.02537491844567,1.23277361657222,1.01150524971883,1.03247483289966,1.01591857573811,1.03979479745865,1.00120241072525,1.00629789373979,0.9438035391584,NA,NA,NA,NA,1.16712012756245,1.19605333167277,NA,NA,NA,NA,0.790945024630065,0.991012011817728,1.05598532728784,NA,1.02811736838742,NA,1.00278648612164,0.976870977271071,1.00033314012973,0.963077489450706,0.992161825841615,0.994598211102324,0.993297162323593,0.982776124681488,1.026254016031,1.0290218083067,1.14579728584751,1.07396259860341,1.0217735317773,NA,NA,NA,NA,NA,NA,NA,NA,NA,NA,NA,NA,NA,NA,NA,NA,NA,NA,NA,NA
1929,NA,NA,NA,NA,0.993146152049813,0.981348595063587,0.999473821597976,1.0048145948695,0.934717572724955,1.08019092387836,1.0819808114262,0.984451019077625,0.957572317571906,0.999424786092855,0.932195913981333,1.00921432430826,1.02060020168645,1.00522260450284,1.00068813129038,0.996254134722251,1.00188701803302,0.965517298801981,NA,NA,NA,NA,0.844675734684736,1.08344896555032,NA,NA,NA,NA,0.685460748329954,0.985080742267248,1.01181118840975,NA,1.02061718564428,NA,1.00186932438884,0.913016833882778,0.973470350643095,0.804995286231122,0.997802036712628,0.99625074732319,0.965078427807531,0.91069510375061,0.90570232197898,0.962569162922226,0.963705607852162,1.02732907523268,0.999350381886633,NA,NA,NA,NA,NA,NA,NA,NA,NA,NA,NA,NA,NA,NA,NA,NA,NA,NA,NA,NA
1930,NA,NA,NA,NA,1.09457186234425,1.03473579913534,1.16853956826545,1.08347714887835,1.10963254525772,1.27735870576045,1.21793559770591,1.22810579886428,1.17859931085026,1.08812936574948,1.28030862868403,1.01733818565744,1.08469353646305,1.06055519521526,1.1010115564158,1.0406829750598,1.01592356633676,1.09008997462051,NA,NA,NA,NA,1.27481665892679,1.30899532516642,NA,NA,NA,NA,1.10261896788333,1.01167259002435,1.03585899735416,NA,1.08652740105498,NA,1.00629049408127,1.03325608949106,1.04342583984967,1.01508573851686,1.04465989401214,1.00198555857147,1.0593046054828,1.17347966742243,1.28402808534715,1.2395021541432,1.21983238011592,1.20939650701557,1.14013224732512,NA,NA,NA,NA,NA,NA,NA,NA,NA,NA,NA,NA,NA,NA,NA,NA,NA,NA,NA,NA
1931,NA,NA,NA,NA,1.06081912131823,0.996231896065999,1.06688307928832,1.03431718217338,1.02273324644735,1.18236949591264,1.12983738754099,1.02408035414347,1.08861633899,1.01783894162983,1.0542354178443,1.01694318135723,1.02930461653709,1.03400412668583,1.06501648037094,1.02537066886815,1.00482207100851,0.999753640131765,NA,NA,NA,NA,1.06026832953763,1.17094391153595,NA,NA,NA,NA,1.04588445769456,1.00363929804656,1.07854632159628,NA,0.998515189646299,NA,1.00385617635965,0.972747721588708,0.999834532899726,0.925873343266829,1.00380989660787,1.00072426337686,1.00456086557137,1.07909321519759,0.932527437223636,1.20131790636016,1.097096355839,0.971167708298126,1.08426370206586,NA,NA,NA,NA,NA,NA,NA,NA,NA,NA,NA,NA,NA,NA,NA,NA,NA,NA,NA,NA
1932,NA,NA,NA,NA,0.987154538042791,1.09595091507465,0.999730885469685,0.971913695178488,0.885282096164374,1.21020203182024,1.07616574720418,0.907021181037575,1.08754401843685,1.0074330890838,1.04439297038181,1.00953337885786,0.989752355269957,1.00934920400811,1.00226116724358,0.998634528700441,1.00191351550661,0.909060011264764,NA,NA,NA,NA,0.899034702137025,1.10515728946948,NA,NA,NA,NA,0.909576654887795,0.986864541226802,1.00162373188369,NA,0.976064589595501,NA,1.00182644156082,0.933303947555152,0.985857686289598,0.850458620940999,1.02355161680816,1.00462927574241,0.978422000263918,0.81507527377067,0.641475647031591,0.908597004317278,1.04431720884624,0.955325063420451,1.0378031500187,NA,NA,NA,NA,NA,NA,NA,NA,NA,NA,NA,NA,NA,NA,NA,NA,NA,NA,NA,NA
1933,NA,NA,NA,NA,0.995746770803151,1.06757213308972,0.966362337814166,0.935922398264078,0.86749210678082,1.20101311207837,1.01162919431988,1.00162026023644,1.06362851686588,1.02241666439739,1.10907992157835,1.00824561243995,0.968517613350531,1.005730190793,0.965703520318543,0.972802590049371,1.00054708648773,0.842082148858156,NA,NA,NA,NA,0.81836540206041,0.956284618212909,NA,NA,NA,NA,0.878419191297915,0.995172790848928,0.856152261754464,NA,0.947202476857386,NA,1.00208706764671,0.955273699442922,1.00150663913255,0.956276532883743,1.01459484374136,1.01126844242695,0.95170598464392,0.718333460891564,0.873869328242899,0.849911249325645,1.00014682893582,0.901330932753086,1.04084565022411,NA,NA,NA,NA,NA,NA,NA,NA,NA,NA,NA,NA,NA,NA,NA,NA,NA,NA,NA,NA
1934,NA,NA,NA,NA,1.01177997180222,1.13283550407307,1.06967957909992,1.0545399426757,1.09663871031859,1.31512583667057,1.10895885564281,1.11545071096924,1.1559848910588,1.05499383504275,1.41628526464533,1.00957832286474,1.02591857310741,1.04175106973341,1.08228657096589,1.01348587344949,1.00844826946044,0.967141159351737,NA,NA,NA,NA,1.30271084227634,1.14582543697962,NA,NA,NA,NA,1.06388044841452,1.0092089952302,0.947354515604145,NA,0.929175042776481,NA,1.00417933272328,0.969002246711449,0.976778146735934,0.924121182998501,1.04664119946709,1.0081989010775,1.00848617299248,1.11839103520429,1.2623858949132,1.09073422197158,0.967366601112666,1.05979358854582,1.12054112520994,NA,NA,NA,NA,NA,NA,NA,NA,NA,NA,NA,NA,NA,NA,NA,NA,NA,NA,NA,NA
1935,NA,NA,NA,NA,0.9471702916381,0.981625591568617,1.00626371832511,0.995118593636409,0.944834698893437,1.11636501053543,1.05565383595818,0.996355464750805,1.07885599239762,1.00437331340053,1.12228268245064,1.00752344326987,0.982355690325316,1.00724402881257,1.05025047339625,0.993842078393805,0.996456335935633,0.909933566432935,NA,NA,NA,NA,0.899649667852011,1.0079800964387,NA,NA,NA,NA,0.762066472766813,0.97749508672905,0.897444187275509,NA,1.00082482537093,NA,0.999583154072027,0.930806211831224,0.975537266851026,0.853563920359105,0.973434376268086,1.00714483753539,0.982953075993446,0.948037103114873,0.696226134076927,0.807687348015879,0.878541591490445,0.872929045976783,1.05326134545976,NA,NA,NA,NA,NA,NA,NA,NA,NA,NA,NA,NA,NA,NA,NA,NA,NA,NA,NA,NA
1936,NA,NA,NA,NA,0.96824868104356,0.965763466511464,1.05196827729092,1.02606238344079,0.956334819707877,1.14271357379992,1.08505620998227,1.05131801109275,1.02995438821801,0.986395922212669,1.11300941220282,1.00694948301767,1.01969696246222,1.0307539195256,1.08084677465921,1.01084533680501,0.999066112940898,0.946316596987072,NA,NA,NA,NA,0.791962182387658,1.06693785296502,NA,NA,NA,NA,0.780365698656909,0.974411814397086,0.963745870705829,NA,1.02888325704913,NA,1.00185629119047,0.982229976303815,0.971432908534857,0.904826855800551,0.985176608505117,0.999635886717274,0.983107464178243,0.84416503634413,0.94736851101058,0.850038749422067,0.979331220627627,0.955111065575647,1.11859856201927,NA,NA,NA,NA,NA,NA,NA,NA,NA,NA,NA,NA,NA,NA,NA,NA,NA,NA,NA,NA
1937,NA,NA,NA,NA,1.02638481008302,1.07239428965832,1.10075456824322,1.04005246748538,1.02748184851857,1.1371765155212,1.20761701914574,1.20592498210692,1.12419184128248,1.07735163929143,1.2186204039341,1.01543558004722,1.04723626910553,1.04982465154998,1.17424457813038,1.03284605060438,1.01034224117355,1.01051212982537,NA,NA,NA,NA,1.24998015557919,1.28187554250023,NA,NA,NA,NA,1.13929558675634,1.0242010193207,0.949435227379854,NA,1.04466282551951,NA,1.0049803688445,1.07181760319332,1.00571352069942,0.962872217098818,1.03510325871406,1.0114906075557,1.05040704059718,1.07942048332928,1.0140831320634,1.25237864618088,1.02221633768783,0.966999236669324,1.15500985803045,NA,NA,NA,NA,NA,NA,NA,NA,NA,NA,NA,NA,NA,NA,NA,NA,NA,NA,NA,NA
1938,NA,NA,NA,NA,1.03774639118406,0.988864199083831,1.10312059344194,0.992078824488589,0.968284164883153,1.10347774826807,1.09622888142037,1.08758693211883,1.02808787357707,1.05276336894307,1.22455691341747,1.01498871515537,1.04456533424693,1.01944290156845,1.03584242519619,1.01121099886776,1.0069876609704,1.01080671305856,NA,NA,NA,NA,1.27719157439139,1.2028626221369,NA,NA,NA,NA,1.05362539205365,1.01513893193123,0.993030744220059,NA,1.04877117947629,NA,1.00435945121115,1.02773812733728,1.01774382320692,0.992514607015705,1.0170300000301,1.00244884909923,1.03977521361482,1.10899720860128,1.16083941487531,1.0909375246099,1.1063058123324,1.05728632185623,1.20560907587738,NA,NA,NA,NA,NA,NA,NA,NA,NA,NA,NA,NA,NA,NA,NA,NA,NA,NA,NA,NA
1939,NA,NA,NA,NA,1.0286722449244,0.995945501568549,1.07519434157645,0.983743469987233,0.96892327635702,1.08539497133793,1.12293259995699,1.08980238459032,0.956485332784618,1.0508404801026,1.14830406454999,1.01006820726991,1.0383296466714,1.03877449524918,1.08146163539629,1.0282150428604,1.00659844657005,1.02385465234857,NA,NA,NA,NA,1.06234694181429,1.19226893139572,NA,NA,NA,NA,0.994519313764458,0.993853670372775,0.965867805316111,NA,1.01776369134802,NA,1.00224942121259,0.961186254795609,1.02286075860415,1.01616151565623,1.04916047209391,1.00953083768344,1.01588884628025,1.06941955201837,0.978089422446487,1.04540550565088,1.07024027472618,1.07543950124252,1.15812918839189,NA,NA,NA,NA,NA,NA,NA,NA,NA,NA,NA,NA,NA,NA,NA,NA,NA,NA,NA,NA
1940,NA,NA,NA,NA,1.01160341686593,0.97341612100343,1.04441528811999,1.01677363789917,0.937020431948894,1.10462178615164,1.12818374740104,1.08422012383634,0.999759106177978,1.03916576450891,0.956340420766278,1.01020446931301,1.01025967733526,1.02616455370032,1.04390377313413,1.02311264661887,1.00086846742369,0.973943313749649,NA,NA,NA,NA,1.33167779276421,1.1398047459636,NA,NA,NA,NA,0.964669635174157,0.995095687544455,1.01997039702302,NA,1.03127851087898,NA,1.00190957210704,0.996238865234331,0.995863909617759,1.00177415877212,1.01801464423024,0.999822904344926,1.0223953743031,1.0795634268529,0.915864298236808,0.927453990656838,1.05660668332268,0.980182289802341,1.05525117948249,NA,NA,NA,NA,NA,NA,NA,NA,NA,NA,NA,NA,NA,NA,NA,NA,NA,NA,NA,NA
1941,NA,NA,NA,NA,1.0806927205835,1.05117902862165,1.13940220837445,1.07477267480072,1.06705944196101,1.22314492346858,1.21583372185345,1.19763041973576,1.07862711816539,1.10342601574162,1.27063885221959,1.01841745362481,1.07614975148759,1.0390257287368,1.16173301793605,1.04608579427144,1.00688629927197,1.07019189620676,NA,NA,NA,NA,1.65418204245793,1.2637390871319,NA,NA,NA,NA,1.42451343725449,1.02354040818356,1.11483593809891,NA,1.03974293235335,NA,1.00391432706438,1.07276330171735,1.07082561977482,1.15374634538771,1.00863751528218,1.01543971174612,1.07297851980206,1.25092434514967,1.2321962028183,1.2648445522979,1.24636750774204,1.02610915429968,1.25741509562373,NA,NA,NA,NA,NA,NA,NA,NA,NA,NA,NA,NA,NA,NA,NA,NA,NA,NA,NA,NA
1942,NA,NA,NA,NA,1.035469162677,1.02200053392615,1.01318543782338,1.01378533906493,0.879143449602192,1.02458675542105,1.09178715936725,1.07254923539656,1.03083955625578,1.05770568183509,0.998384321080121,1.00878734696527,1.00295807199334,1.00810172394349,1.06318489615327,1.00386886423463,0.999852839363111,0.989158075235853,NA,NA,NA,NA,0.928431251023611,1.05339260954485,NA,NA,NA,NA,1.21532467036001,0.995351856953019,1.00898795006536,NA,1.03248208302728,NA,1.00301800400631,1.02921428182128,0.995788990861091,0.923478057592484,1.00403110534176,1.00261548073921,1.01303939610732,1.01694731101412,0.943995482245039,0.997184772239588,1.03046744214035,0.860528932305612,1.13270696837977,NA,NA,NA,NA,NA,NA,NA,NA,NA,NA,NA,NA,NA,NA,NA,NA,NA,NA,NA,NA
1943,NA,NA,NA,NA,1.05849777994784,1.02795470968959,1.04750716955756,1.04248619720866,0.981718883424265,1.12829688349157,1.03858457988995,1.06644485708108,1.04226901286745,1.07227310240737,1.24686533207162,1.01290594832545,1.01629386459483,1.02005879090765,1.08675114752571,1.02362094769241,1.00750219113897,1.04881919276631,NA,NA,NA,NA,1.11755403882422,1.09758305898144,NA,NA,NA,NA,1.2166125056245,0.995475348121291,1.06762704058548,NA,1.02014061897263,NA,1.00216993560801,1.02542786340717,1.02411637822419,0.961398412052539,1.00452008736099,1.00393035252997,1.03190950203057,1.1377184083706,0.738940930547056,1.07623079741317,1.03657329551841,1.10139871525724,1.19206178342459,NA,NA,NA,NA,NA,NA,NA,NA,NA,NA,NA,NA,NA,NA,NA,NA,NA,NA,NA,NA
1944,NA,NA,NA,NA,1.04630841631248,1.06633815204413,1.04494095675735,1.02926444043718,1.0223126159735,1.06166583571192,1.11187981607201,1.1238454567297,1.02282081677929,1.05403164543142,1.23135394994849,1.00870846733494,1.0343697897818,1.02974610316257,1.11296360786694,1.03034267331582,1.00674947273091,1.0035762845282,NA,NA,NA,NA,1.09095398593324,1.0771422010357,NA,NA,NA,NA,1.19011526939258,1.0105807014744,0.969430190075262,NA,1.0007315189919,NA,1.00275510793584,1.04030284376455,1.00243009573295,0.946875241463018,1.03410045279868,1.0097216915095,1.04064831370201,1.10928830118098,0.972308476108048,1.12023975757038,1.06651081775193,1.02130434252851,1.13137243933143,NA,NA,NA,NA,NA,NA,NA,NA,NA,NA,NA,NA,NA,NA,NA,NA,NA,NA,NA,NA
1945,NA,NA,NA,NA,1.08754489785104,1.05581080843755,1.02832115848365,1.02609560028018,1.08715916655229,1.17091701820406,1.13817773624432,1.18197673944553,1.06390958689636,1.05572724675256,1.20118582330314,1.01219516494774,1.01340014892102,1.01573740341963,1.09808730395494,1.04013239443423,1.00808361385741,1.04552003400377,NA,NA,NA,NA,0.902301351318952,1.03718667207021,NA,NA,NA,NA,1.00085562160665,1.00906021744931,0.998161920857237,NA,1.02133445591172,NA,1.00239488041459,0.980510188743142,0.987396169726642,0.99571934257821,1.01060511956127,1.01557844720107,1.01009236642279,1.10933811415769,0.997496958330456,1.17561548968423,1.17816022364011,1.121946626604,1.01432919038454,NA,NA,NA,NA,NA,NA,NA,NA,NA,NA,NA,NA,NA,NA,NA,NA,NA,NA,NA,NA
1946,NA,NA,NA,NA,1.03991534140455,1.03334133009843,0.98842654153028,0.981883708846489,0.993567474603731,1.10455925974862,1.10095230379868,1.12101411444148,1.02746251821687,1.03456607840335,1.02005003613345,1.0092649073349,0.998662179792324,1.00341949751232,1.06367797835311,1.01557131230137,1.00012332115836,0.965171309631389,NA,NA,NA,NA,0.740177109895631,1.04464762443921,NA,NA,NA,NA,1.07745770695431,1.00660869257169,0.985220410206415,NA,0.990330956368566,NA,1.00254372174059,0.946915248883743,0.987680002856265,0.995452337250893,0.919159816891064,1.00002816255421,1.0067966331852,0.936376338830141,1.04435078649213,1.07633574057801,1.08606585835746,1.0696451498818,1.05183234675477,NA,NA,NA,NA,NA,NA,NA,NA,NA,NA,NA,NA,NA,NA,NA,NA,NA,NA,NA,NA
1947,NA,NA,NA,NA,1.01418138688124,1.02719448128434,0.937862799663258,0.952287537029479,0.946221970522296,1.00481972587752,1.07386565918027,1.1157048662039,0.980004437644542,1.01878666304359,1.03582012867817,1.00904082104343,0.979767043766998,1.00220464836672,1.03061193915449,1.01572688553095,1.00658190740234,1.01320718588281,NA,NA,NA,NA,0.848786200691268,1.01330750166702,NA,NA,NA,NA,0.824273213012995,0.99702746014263,1.01272001428971,NA,0.990911421265074,NA,1.0003372060517,1.01132352884146,1.01063817682116,1.05267196529105,0.927071069792991,0.976355119438163,0.97638739936974,0.872201157285319,1.00415384119701,1.04569507498016,1.0611801638034,0.976641524927274,1.07251662995133,NA,NA,NA,NA,NA,NA,NA,NA,NA,NA,NA,NA,NA,NA,NA,NA,NA,NA,NA,NA
1948,NA,NA,NA,NA,1.00111945784304,1.00135495680962,0.998453573752351,0.98264122653781,0.973755686433731,1.11391650876867,1.07501607930057,1.06025841268641,1.0131609918421,1.01127657882879,1.18320609685367,1.00881365679295,0.980342964478408,1.01373901377846,1.03938947781317,1.02024650411502,1.00921797198518,1.03037176478422,NA,NA,NA,NA,0.659261771857512,0.9910641522568,NA,NA,NA,NA,0.825155460305819,1.00222786957885,1.000379359496,NA,0.991492653458354,NA,1.00122277355525,1.03593915781524,1.04003960732549,1.20418603036179,1.02199480479131,0.988347029394067,1.03257069720451,1.09976895740156,1.17889352804644,1.0612075920765,0.886826366146612,1.00906234224819,0.888676542219435,NA,NA,NA,NA,NA,NA,NA,NA,NA,NA,NA,NA,NA,NA,NA,NA,NA,NA,NA,NA
1949,NA,NA,NA,NA,1.05058235596678,1.12278141349905,1.04292947510132,0.991992968975822,1.08488216500341,1.05558765989014,1.07617185609541,1.09651110845381,1.07709042068097,1.05893139855155,1.23994582467239,1.01341666672051,1.00496288867205,1.02622677111921,1.10072586801979,1.01453034420926,1.01215048612294,1.05416250834409,NA,NA,NA,NA,0.849365862946224,1.08405005170476,NA,NA,NA,NA,1.18238136127475,1.02511541004761,1.08280494614054,NA,1.03672215948781,NA,1.00283283289866,1.06098353706775,1.0139660841183,1.21610497752396,1.03663346618453,1.00010083918339,1.07409054030905,1.30689146892481,1.22433831473142,1.20219232248875,1.1262343800668,1.07542100984952,0.942658097683653,NA,NA,NA,NA,NA,NA,NA,NA,NA,NA,NA,NA,NA,NA,NA,NA,NA,NA,NA,NA
1950,NA,NA,NA,NA,1.10684448389741,1.19289668952801,1.08402369356562,1.02443024556341,1.19092968503809,1.28879532065131,1.08704860459429,1.15996180917516,1.15383669236612,1.09540744924743,1.1885018959038,1.0131829731729,1.02256788769719,1.04897264000781,1.10962407318895,1.03622617550673,1.01264055064925,1.09945681158125,NA,NA,NA,NA,0.822556881869769,1.08184018487378,NA,NA,NA,NA,1.2670480318252,1.02931144265658,1.01497338185524,NA,1.00425719030357,NA,1.00281060473222,1.06523834488901,1.05410895415874,1.22585742904259,1.09415778544524,1.01091826295374,1.09158366153745,1.29143466824523,1.20772725550848,1.30110146687458,1.20243133756685,1.23528457925205,0.988094770493102,NA,NA,NA,NA,NA,NA,NA,NA,NA,NA,NA,NA,NA,NA,NA,NA,NA,NA,NA,NA
1951,NA,NA,NA,NA,1.10383484147848,1.1410929239169,1.01139281608707,1.02110530528223,1.02573401067417,1.07417999426242,1.03082617270762,0.955071563794888,1.01723675658558,1.05359478071344,1.1044366150187,1.00936550190938,1.00385398137336,1.03459718892336,1.15771389424945,1.03516743764256,1.00667375684836,1.00527746599358,NA,NA,NA,NA,1.03947225848299,0.995113123597078,NA,NA,NA,NA,1.14196079241065,1.02347391914682,1.04036209411268,NA,0.938441296926237,NA,1.00232964412639,1.02971173250213,1.00828578360302,1.11080379048243,1.11569692160976,1.00881774317565,1.03586209054448,1.19233678500064,0.832498520754465,1.07648851821585,1.15296809263074,1.1290696494145,0.949103542542414,NA,NA,NA,NA,NA,NA,NA,NA,NA,NA,NA,NA,NA,NA,NA,NA,NA,NA,NA,NA
1952,NA,NA,NA,NA,1.05072487186704,1.05963826601846,0.946392138233798,0.942843538548126,0.991132589133396,1.12071548477969,0.954664767779085,0.990936238628954,0.946528285770879,1.00847827330619,1.05589799439961,1.00315405743789,0.944749132175361,1.00547295420319,1.04641342572189,1.00371014314606,1.00321106455975,0.996305012574651,NA,NA,NA,NA,0.687362464690542,0.859580164758723,NA,NA,NA,NA,0.811340429496692,1.01066126819765,1.01648117169119,NA,0.980820813634412,NA,1.00055519269297,0.980617942502547,0.976851572875505,0.95805360052013,1.01909331744781,1.00657406850783,0.959033092703082,0.983943311576201,0.604771836933952,0.829686790624595,0.98137548812695,0.919313492609472,0.915263571342347,NA,NA,NA,NA,NA,NA,NA,NA,NA,NA,NA,NA,NA,NA,NA,NA,NA,NA,NA,NA
1953,NA,NA,NA,NA,1.08101980744994,1.08839637329703,1.02660344383955,1.014214822453,1.05967488423957,1.10401353792883,1.038733173745,1.08899119501016,1.06298062720028,1.02771426915332,1.12576957801038,1.00698461492406,0.993195101757661,1.02130192153366,1.12602594843315,1.0304613194029,1.0058161085299,1.09043369429852,NA,NA,NA,NA,0.877666931994422,1.08402405262,NA,NA,NA,NA,1.27116131395964,1.02792165848659,1.01723667593661,NA,1.00603009635609,NA,1.00058143671633,1.08878931451951,1.02501535127058,1.09076357025056,1.02932276942797,0.997217513585719,1.0361002680812,1.09020645089584,0.813775883065406,1.0300754619295,1.22990566017894,1.11353992109976,1.04814519773237,NA,NA,NA,NA,NA,NA,NA,NA,NA,NA,NA,NA,NA,NA,NA,NA,NA,NA,NA,NA
1954,NA,NA,NA,NA,1.10247367981032,1.09707370644862,1.06487946719224,1.07736761081772,1.10022977825876,1.1484448484182,1.11049944425023,1.17697831337083,1.05098422909082,1.02987266640753,1.26274475026145,1.0083440348881,1.02686781724527,1.04779233339576,1.17129829479496,1.04037558514988,1.00574153080754,1.03180361560601,NA,NA,NA,NA,1.01348471070213,1.09046001793386,NA,NA,NA,NA,1.4699282829214,1.03403267254832,1.00484416275568,NA,1.01200522901319,NA,1.00152666096897,1.03367737120683,1.01192784535606,1.01570138681332,1.03918516532385,1.00290067963993,1.02419276020975,1.14762012813005,0.936408996771483,1.28941171734864,1.19827417959236,1.09474557629526,1.08020779076864,NA,NA,NA,NA,NA,NA,NA,NA,NA,NA,NA,NA,NA,NA,NA,NA,NA,NA,NA,NA
1955,NA,NA,NA,NA,0.9547889689355,0.970815796801021,0.918234040135041,0.943922348763682,0.871742931822003,0.86999328640566,0.926826897978072,0.898567347101599,1.02053687326803,0.963864246811386,0.907332161232972,0.998324758470195,0.93958002097239,1.00184401278139,1.02054383876055,0.987252939385821,1.00741076696271,1.01942650257836,NA,NA,NA,NA,0.633636629629344,0.878717208747331,NA,NA,NA,NA,0.760413172732642,0.994531900118702,0.870157905789542,NA,0.868341990402662,NA,0.998160957040058,0.904642126323989,0.947143287524961,0.894445279147833,0.923232378852187,0.990415005495814,0.908572023416003,0.858907343139539,0.496163347280219,0.963536419201565,0.99640033855822,0.889021016976888,0.910316642562833,NA,NA,NA,NA,NA,NA,NA,NA,NA,NA,NA,NA,NA,NA,NA,NA,NA,NA,NA,NA
1956,NA,NA,NA,NA,0.981356760091017,0.945498200612278,0.950813906490142,0.944281115338985,0.891027907702149,0.874700206025956,0.902205995563096,0.870925013270248,1.03792205881159,0.946927877807892,0.810431164752777,1.00002078867166,0.976735022776536,1.00728842650966,0.936205448683085,0.987395587176024,1.01379512531223,1.11042155639431,NA,NA,NA,NA,0.688324197197087,0.922601607492549,NA,NA,NA,NA,0.705454468490283,0.982965927570646,0.822424818820195,NA,NA,NA,0.998210921819729,0.99227943290852,0.985420795636124,0.923801864440314,0.977550444423933,0.995673496015258,0.949608257002004,0.872621503901526,0.467488274275301,0.713478120973804,0.882284073265536,0.957895870673817,0.963177655791502,NA,NA,NA,NA,NA,NA,NA,NA,NA,NA,NA,NA,NA,NA,NA,NA,NA,NA,NA,NA
1957,NA,NA,NA,NA,0.968710538726456,1.02536666584816,1.02136072146579,1.00774400746145,1.01825821637367,0.884829108216567,0.903196721145498,1.00155721116973,1.04876789671965,0.991347900414535,0.933099866815254,1.00634843998325,0.992873368110358,1.02294196610045,0.988888163962816,1.01104838773377,1.01639858905248,1.1228287903403,NA,NA,NA,NA,0.851736739314498,0.931620168314005,NA,NA,NA,NA,0.934168232299841,1.01357239397442,0.912152172900731,NA,NA,NA,0.999522548002884,1.0118766803786,1.00662490080502,0.960953123049297,1.01658216026783,0.988485078831163,1.03065744041197,1.12915402975615,0.437837964726081,1.03017073661456,1.00916160571501,0.89187227243872,0.926844784224724,NA,NA,NA,NA,NA,NA,NA,NA,NA,NA,NA,NA,NA,NA,NA,NA,NA,NA,NA,NA
1958,NA,NA,NA,NA,0.978424104549831,0.999612433056194,0.999955910946861,1.01217837892805,1.00861823350977,0.83858457889429,0.953484598890401,0.992617176548488,0.999344430795067,0.963779356445741,0.858395347418861,1.00087100561326,0.941075961813613,0.998055728550682,0.988516569143852,1.00108852899551,1.01363688403736,1.11400172913123,NA,NA,NA,NA,0.824855946655068,1.0288253206935,NA,NA,NA,NA,1.13607048032733,1.00325684749443,0.795272802664134,NA,NA,NA,0.998446914324211,0.951717450886095,0.974619743585718,0.995865366224062,0.953182950499853,0.9922865866148,1.01497993043279,1.04982615148942,0.672285670215988,0.963600143559984,1.08170883600967,0.92055108025364,0.838563143031824,NA,NA,NA,NA,NA,NA,NA,NA,NA,NA,NA,NA,NA,NA,NA,NA,NA,NA,NA,NA
1959,NA,NA,NA,NA,0.96887738518632,0.916162470845296,0.896271328392896,0.92687443077401,0.818499046655651,0.711398405800784,0.821955010813369,0.946795595641348,0.978487504203262,0.951334021268818,0.788206785217879,0.996844583433786,0.915380013144386,0.979353666770942,0.925799783287462,0.981407312259847,1.00100045083639,0.997862996074656,NA,NA,NA,NA,0.552634370498622,0.883428430676524,NA,NA,NA,NA,0.852385844425239,1.00138047019198,0.872754871422439,NA,NA,NA,0.996562527888319,0.917660470822837,0.957196398235535,0.859894817814835,0.925058241859843,0.944932879128561,0.933764415613822,0.816185353366182,0.340583533975942,0.890390549587911,0.816549581585579,0.69476281402962,0.557813807049771,NA,NA,NA,NA,NA,NA,NA,NA,NA,NA,NA,NA,NA,NA,NA,NA,NA,NA,NA,NA
1960,NA,NA,NA,NA,1.03182717690961,0.953676162154387,0.997057238009359,1.03199232013375,1.02908288978627,0.92918001869472,1.01713112126132,1.08769549705461,1.01703989908869,1.000070936438,0.974733176437981,1.00163255585293,0.967446054869306,1.0065317271579,1.01210297971694,1.02203477625622,1.00800576163,1.06786097069637,NA,NA,NA,NA,0.771004498191562,0.926096912873305,NA,NA,NA,NA,1.13857999461213,1.01308141603014,0.873406234917065,NA,NA,NA,0.997726892363371,0.971824652024204,0.999260178653553,1.03578391276468,1.03288636917394,0.984225161133355,0.986061551724936,1.06034400169865,0.858659866173309,1.0916309336948,0.977890101366353,0.830889883709509,0.611827726215258,NA,NA,NA,NA,NA,NA,NA,NA,NA,NA,NA,NA,NA,NA,NA,NA,NA,NA,NA,NA
1961,NA,NA,NA,NA,0.978698163945584,0.985093389729936,0.997219355390208,1.00087738340756,1.01957045192161,0.881309822128848,0.948961014321555,0.975742569841407,1.0037982584883,1.00555603039365,0.930347260158479,1.00014356547354,0.955742121026037,0.995575279799131,0.98745792477946,0.999727873668344,0.999040438502024,1.04546074784177,NA,NA,NA,NA,0.798498212309286,0.98517645192696,NA,NA,NA,NA,0.921833196148706,1.00727498266042,0.874058444005581,NA,NA,NA,0.998693876369487,0.974843673806488,0.95718272703068,0.918343532384118,0.967639219541576,0.988513559021448,0.993979131328846,1.03950468073314,0.861665873831431,1.06153357615452,1.05856790147724,0.922493232554602,0.877019576674685,NA,NA,NA,NA,NA,NA,NA,NA,NA,NA,NA,NA,NA,NA,NA,NA,NA,NA,NA,NA
1962,NA,NA,NA,NA,0.928051275196761,0.905085328109004,0.896708544824266,0.952176896910362,0.922978983141422,0.858309019516904,0.770133137705478,0.831856038203541,0.907462952390289,0.894527641941675,0.755074826382516,0.996120218994125,0.899492889022756,0.968736837195438,0.929551037242743,0.972492379432239,0.993170255572444,0.973909652755621,NA,NA,NA,NA,0.717030393447227,0.878220990034113,NA,NA,NA,NA,0.747837813457327,0.983542694407566,0.951018853404812,NA,NA,NA,0.995159650969047,0.977862884064826,0.920555252485767,0.90969555540839,0.918646925095653,0.962301325293035,0.955224699695283,0.912279968000286,0.814057929519977,0.909476471298857,0.901720854117234,0.788349701541665,0.828676233630575,NA,NA,NA,NA,NA,NA,NA,NA,NA,NA,NA,NA,NA,NA,NA,NA,NA,NA,NA,NA
1963,NA,NA,NA,NA,0.94813057360582,0.88151384628751,0.959424196977457,0.958103881516809,1.03000421224649,0.895614956434167,0.82559755097211,0.914224745839429,0.947034052023601,0.946791736285993,0.796155459867164,0.998327729720368,0.925202784895354,0.968877638303461,0.924525684586006,0.959367169599535,0.992487333807258,0.935062965792449,NA,NA,NA,NA,0.853507651685722,0.951733109379362,NA,NA,NA,NA,0.890385443664161,0.994145592126456,0.997756428164264,NA,NA,NA,0.996917315765086,0.986894065196894,0.95316686640093,1.02607430771161,0.91101983709358,0.988522882470239,0.997948782030867,0.949438592460695,0.89272179848964,0.850702597857137,0.85228739748782,0.810349082547318,0.843431860532393,NA,NA,NA,NA,NA,NA,NA,NA,NA,NA,NA,NA,NA,NA,NA,NA,NA,NA,NA,NA
1964,NA,NA,NA,NA,1.00501514728013,0.944443912403057,0.970515068160358,1.0020091711154,0.974042054134204,0.862228273775366,0.871573156833714,0.816754503201056,0.988829443787497,0.955564735998995,0.98891004247832,0.999418463466399,0.936889260415351,0.989941581601404,0.938087283344048,0.959510366312395,0.995817638847091,0.979449038233213,NA,NA,NA,NA,0.935443461570145,0.988943404666645,NA,NA,NA,NA,1.14366085677842,1.00574168940868,0.916930880022958,NA,NA,NA,0.997511702869759,0.981462003636177,0.957393933469897,0.989103878992742,0.911471758594686,0.984243873817599,0.99428670878127,0.984689040617088,0.74095111942559,1.01419503290707,0.675812128739663,0.765975255808597,0.89296280519364,NA,NA,NA,NA,NA,NA,NA,NA,NA,NA,NA,NA,NA,NA,NA,NA,NA,NA,NA,NA
1965,NA,NA,NA,NA,0.905507012038144,0.893404563618955,0.936459086358742,0.900624061388262,0.917844738332069,0.75039691976763,0.8394514865416,0.855103523078545,0.897044398269057,0.901798585822876,0.720954115201573,0.989302346182118,0.914002093373225,0.934032105348096,0.923932628342706,0.944000993289376,0.991709481704277,0.88889763364203,NA,NA,NA,NA,0.608494273198863,0.825382594099379,NA,NA,NA,NA,0.840672486054441,0.986681099186768,0.935958509357898,NA,NA,NA,0.995806425912735,0.735588202454625,0.95614215728203,0.951232839575419,0.885619898982672,0.973537509067504,0.939932679599475,0.831183768021755,0.544421415150409,0.687187616397116,0.725038057626577,0.745355426911951,0.844106283750656,NA,NA,NA,NA,NA,NA,NA,NA,NA,NA,NA,NA,NA,NA,NA,NA,NA,NA,NA,NA
1966,NA,NA,NA,NA,0.936764297598148,0.904655487030731,0.91551682316881,0.884721445525068,0.952661435502533,0.892986434373975,0.883709500922389,0.873908330525331,0.994146533227775,0.921000236506611,0.752947156057353,0.987571246548983,0.958120053359003,0.952236915689911,0.893066541662548,0.956885778658361,0.999557604777376,0.953177082252156,NA,NA,NA,NA,0.663381370643312,0.936059488836192,NA,NA,NA,NA,0.910279124807371,0.988141984745744,0.97008296852766,NA,NA,NA,0.997569994855994,0.87197365338591,0.968676509037055,0.967361034216854,0.912376939637305,0.966502059620736,0.934439571447589,0.899695712014306,0.92723828552266,0.890504267036772,0.744778728390118,0.825447792247442,0.88564436284518,NA,NA,NA,NA,NA,NA,NA,NA,NA,NA,NA,NA,NA,NA,NA,NA,NA,NA,NA,NA
1967,NA,NA,NA,NA,0.872940349938965,0.961230301836242,0.833194242946243,0.857121624614268,0.841551878965225,0.72063312012489,0.816639960594403,0.822157474918087,0.944646492677797,0.937202742220088,0.650863938967017,0.981986606419305,0.906236035820629,0.931418376671866,0.88157771569233,0.947653516704421,0.99277339825417,0.91037549822076,NA,NA,NA,NA,0.745558403645091,0.86970327540716,NA,NA,NA,NA,0.807029039195895,0.9840229555621,0.899284348806696,NA,NA,NA,0.995986299460964,0.829708154111069,0.961481665128803,0.869562705761591,0.950607902574483,0.973542286348057,0.922662096593312,0.873274715116273,0.693912255480213,0.71362635812814,0.731175291248188,0.790581582157315,0.809004204426339,NA,NA,NA,NA,NA,NA,NA,NA,NA,NA,NA,NA,NA,NA,NA,NA,NA,NA,NA,NA
1968,NA,NA,NA,NA,0.924383981022158,0.976868681524647,0.920189121281516,0.867312836872529,0.918560979129887,0.830369501599444,0.81755038979875,0.90947238854099,0.886461156851802,0.946771497760867,0.719454531359045,0.986306278247571,0.923530920414967,0.947721917857997,0.881315088804514,0.960092973874102,0.999844206561041,0.985315684759919,NA,NA,NA,NA,0.991169020513475,0.901122542446986,NA,NA,NA,NA,0.945696538485861,0.994632219167272,0.971537635636781,NA,NA,NA,0.998238339698312,0.815038953684234,0.985195367254372,0.967339618175003,0.944024047859925,0.976565796085198,0.945600714634303,0.973445247861757,0.805244019844193,0.738834343424316,0.768705090721366,0.895591577883007,0.899775468332028,NA,NA,NA,NA,NA,NA,NA,NA,NA,NA,NA,NA,NA,NA,NA,NA,NA,NA,NA,NA
1969,NA,NA,NA,NA,1.00017730629734,1.09053245988368,1.01124657603453,0.923706490425551,0.958947707641002,0.959578593193993,0.965185286501404,1.06046105597502,1.01733060370942,0.974824641231499,0.925140604949743,0.992815597361378,0.968778945221021,0.979055304558932,0.973794303077782,1.00623562610307,1.00455050944948,1.02682690982373,NA,NA,NA,NA,1.20907681926748,1.05876963261257,NA,NA,NA,NA,1.19426585271794,1.00433606708398,1.02946223638333,NA,NA,NA,0.999804682592904,0.842869655138533,1.03517451027041,1.09509696733553,0.965037272077751,0.9702159485917,1.01612869201778,1.14878928547537,1.05986360349758,1.07687554572741,0.995316349868566,0.969181176766062,0.873878705891359,NA,NA,NA,NA,NA,NA,NA,NA,NA,NA,NA,NA,NA,NA,NA,NA,NA,NA,NA,NA
1970,NA,NA,NA,NA,1.04197843674482,1.11153341436337,1.07023098165797,0.943306115610471,1.02203261372286,0.967910034051763,1.06410851205592,1.11183313414852,0.998134334440491,1.00551584281373,1.12694876739642,1.00039742808536,0.963117792214263,0.995451913622564,0.995371307124612,1.008093136139,0.997371293101044,1.03126327869043,NA,NA,NA,NA,1.39955031771852,1.08118984479924,NA,NA,NA,NA,1.53476271192753,1.02280062439895,1.06699761046837,NA,NA,NA,0.999859293819934,0.99108659633768,1.00982142612503,1.06094035684674,0.978248636761329,0.99407806483974,0.998655567570215,1.04018950322554,0.990546965808524,1.13506363287555,1.01875946521182,1.02633625429149,0.995591482011195,NA,NA,NA,NA,NA,NA,NA,NA,NA,NA,NA,NA,NA,NA,NA,NA,NA,NA,NA,NA
1971,NA,NA,NA,NA,1.03084947356247,1.03537001771668,0.998909441002499,0.955396157646042,0.948221248664183,0.893842722311345,1.0296445247856,1.10492356943451,1.01002509041466,0.967532396342941,1.04136738215178,1.00090148542477,0.940062484422667,0.977582229992279,1.01190413396963,0.989614905481924,0.990602874432286,0.980927518375303,NA,NA,NA,NA,0.855816233589211,0.927073188372467,NA,NA,NA,NA,1.02993198483215,1.00915311925912,0.940177732933976,NA,NA,NA,0.99734128561168,1.01093722483364,1.00639298481036,0.970291403925917,0.972455582245063,0.994078814682031,0.978921507210341,0.925493697117518,0.840603026663671,0.946196630556318,1.0316806087203,0.901541493245381,1.06996206367239,NA,NA,NA,NA,NA,NA,NA,NA,NA,NA,NA,NA,NA,NA,NA,NA,NA,NA,NA,NA
1972,NA,NA,NA,NA,1.02386762174143,1.0235935365068,1.02981772483609,1.03664979259671,1.07485438127491,1.03558598048432,1.07758254950992,1.21670790579386,1.03311658681014,1.01078081949209,1.1475918124294,1.0017253827972,0.995191417175045,1.01096687157659,1.04502198711749,1.00497307883551,0.995186606424379,1.00533614436017,NA,NA,NA,NA,0.910686312701249,0.973776897904214,NA,NA,NA,NA,1.18370851158744,1.01584197187859,1.00450880390443,NA,NA,NA,0.999493211303744,1.06097669848952,1.03482580777815,1.12171510872871,0.938600814861353,0.994079267436712,1.03522579743015,1.08165000983361,1.23632932147553,1.27786447778647,1.01538366158902,0.993396391342858,1.02918690996131,NA,NA,NA,NA,NA,NA,NA,NA,NA,NA,NA,NA,NA,NA,NA,NA,NA,NA,NA,NA
1973,NA,NA,NA,NA,1.01658565315257,1.00465361752931,1.0241074898807,1.02188299462991,0.954277122853546,0.936928711121649,0.953733082635227,1.21943577031747,0.976736586146444,1.02294758062039,1.08686754006005,1.00006268953855,1.00808691455958,1.00721745156259,1.04756474739381,1.01967737011597,1.00664090359932,1.05208475652775,NA,NA,NA,NA,1.10181822506581,0.990264896735818,NA,NA,NA,NA,0.917569438004924,1.01594366488066,0.923139807072279,NA,NA,NA,0.99561098947067,0.979662305718285,1.02574120008277,1.08385303696605,1.03957599467724,1.00669250699187,1.043957587403,1.07161963442368,0.976273432439919,1.10652334903072,1.08198605381168,0.954414493430363,0.977608993210216,NA,NA,NA,NA,NA,NA,NA,NA,NA,NA,NA,NA,NA,NA,NA,NA,NA,NA,NA,NA
1974,NA,NA,NA,NA,0.949458054965669,0.960670561026693,0.972190581423901,0.944713931386099,0.907795371643985,0.870163681595803,0.9548045629636,1.13107918747165,0.969365537812245,1.02748573823739,0.913141197280579,0.996169263312063,0.9552661209623,0.981606028708603,0.997732780053432,0.996088189960101,0.998474046000795,1.02364000518542,NA,NA,NA,NA,0.692551053307802,0.951204175175454,NA,NA,NA,NA,0.849338804262669,0.998646280700094,0.991360313606064,NA,NA,NA,0.996189920185167,1.05215853349818,1.02510197064013,1.00861124812412,0.992283694147861,0.997319655731046,1.00983741468458,0.962174202313183,0.954393909456964,0.909645349506698,0.749127828134941,0.856982807047104,0.919483195714348,NA,NA,NA,NA,NA,NA,NA,NA,NA,NA,NA,NA,NA,NA,NA,NA,NA,NA,NA,NA
1975,NA,NA,NA,NA,0.925262432715448,0.976333141178609,0.912511438226557,0.93887399604885,0.87006948570168,0.794834246006162,0.871648247240753,0.816570764105489,0.954779761447436,1.0028545345948,0.748345504363614,0.986958673063938,0.955710852257117,0.980014419480678,0.997469880540213,0.974442365015906,0.99029333395137,0.911937533934826,NA,NA,NA,NA,0.720169542655193,0.85646229226661,NA,NA,NA,NA,0.93658814146818,0.996494106807993,0.904702872090087,NA,NA,NA,0.99249765504499,1.03418976831347,0.948021361002744,0.850265835593889,0.947318549568581,0.998829099049391,0.929461657239723,0.817160250173858,0.532659432148987,0.850856219746622,0.553883073836392,0.694626172855277,0.771195007402083,NA,NA,NA,NA,NA,NA,NA,NA,NA,NA,NA,NA,NA,NA,NA,NA,NA,NA,NA,NA
1976,NA,NA,NA,NA,0.891294783741103,0.821720672716928,0.912673871968094,0.926119552344304,0.960470146304959,0.948373153044223,0.893655785129161,0.876314561711616,0.87311800939021,0.971309378496998,0.726465584176591,0.984446344012681,0.971969844425925,0.994927873913333,0.925760469763343,0.952236943216747,0.989564026735455,0.801649951806018,NA,NA,NA,NA,0.555812309158095,0.831991932269596,NA,NA,NA,NA,1.00374046320717,0.991746842662854,0.627842533548988,NA,NA,NA,0.994562963958196,0.957749260747726,0.973663002026441,0.784621397580062,0.908472930601274,0.994078699141823,0.956569412452494,0.860217142160861,0.856096585909358,0.808513005856007,0.667827540810366,0.809457512262501,0.838616878809332,NA,NA,NA,NA,NA,NA,NA,NA,NA,NA,NA,NA,NA,NA,NA,NA,NA,NA,NA,NA
1977,NA,NA,NA,NA,0.971041063508624,0.960491670417668,1.03363456400796,0.951749886793567,1.04799735826405,0.947444257549325,1.00332242789838,0.91217866845522,0.960751996778352,1.01587449040106,0.884298340676572,0.992049355357988,0.972419456006499,0.978555735799839,0.982845198101794,0.979562214392551,0.990774691565343,0.931737715095898,NA,NA,NA,NA,0.912187797393268,1.00913973942988,NA,NA,NA,NA,1.26334756653489,0.994332420217145,0.884611170346074,NA,NA,NA,0.996295119005066,1.02333079721162,0.987299927680455,0.992053345594868,1.00527392581479,1.00165795056374,1.00662358398204,0.95047422690408,1.06645056912345,0.738925559490879,0.788543825005597,0.886844026630517,0.904023929094752,NA,NA,NA,NA,NA,NA,NA,NA,NA,NA,NA,NA,NA,NA,NA,NA,NA,NA,NA,NA
1978,NA,NA,NA,NA,0.93829427525018,0.990737796385237,1.00014935986518,0.974179770917128,0.960870716278909,0.902986958833581,1.12131173798375,0.945287090999858,0.993463542422573,0.994340086127252,0.996089441822241,0.990141471502492,0.978789136379247,0.988985633131847,1.01643911320834,0.998645300656429,0.987338659568785,0.949914207638439,NA,NA,NA,NA,0.775676542653772,0.96273919032644,NA,NA,NA,NA,1.08564734429796,0.994433414921375,0.926621207267227,NA,NA,NA,0.99637972926941,0.947034429017146,1.007720517491,1.07273180036573,0.90937958584601,0.995736674805368,1.00312809983313,0.913415438844425,1.35641031142186,1.03051808806626,0.767155725259405,0.987697761483151,0.957042112421008,NA,NA,NA,NA,NA,NA,NA,NA,NA,NA,NA,NA,NA,NA,NA,NA,NA,NA,NA,NA
1979,NA,NA,NA,NA,0.984083688460555,1.03483533138505,1.03110088110808,0.99877872304452,0.944175735757331,0.907092467804342,1.07493256567036,0.947439456117489,1.11933811410132,1.0183453549278,0.97051182837973,0.995448637093653,1.0084743066301,0.999891137996122,1.02851433824149,1.01285494510894,0.992430175429009,1.04149738122433,NA,NA,NA,NA,1.04940102634197,1.02227902092241,NA,NA,NA,NA,1.11789434638958,0.995730997506622,1.00981640264763,NA,NA,NA,0.997046437302169,1.04836617276657,1.02542305510947,1.0471594604743,0.941881473248748,1.0002711118281,1.01713715856212,1.0822771589696,1.40700315362313,1.18972033896258,1.11460839485238,1.02778988113302,1.16427749070629,NA,NA,NA,NA,NA,NA,NA,NA,NA,NA,NA,NA,NA,NA,NA,NA,NA,NA,NA,NA
1980,NA,NA,NA,NA,1.03903195462706,1.08070600182551,1.06957526160806,1.05716534428645,1.05812889996451,1.01926266283566,1.1658304409426,1.08704803582546,1.17272540118057,1.02760284836619,1.21937284689407,0.999506512092862,1.06637818003369,1.02090911220414,1.10106453007974,1.03471416149241,0.99292708737065,1.04575326891946,NA,NA,NA,NA,1.18619999157242,1.05293525199499,NA,NA,NA,NA,1.25337221552302,1.00735018937138,1.08649411851662,NA,NA,NA,0.998575395439347,1.0862186999266,1.05371485245954,1.12638044763228,1.03335198581242,1.01306380541237,1.04745898508801,1.10223070193489,1.52416046175576,1.1764130858855,1.33187976518238,1.19456337461849,1.24484475720065,NA,NA,NA,NA,NA,NA,NA,NA,NA,NA,NA,NA,NA,NA,NA,NA,NA,NA,NA,NA
1981,NA,NA,NA,NA,0.968266252515227,0.951930781208239,0.962446398903791,1.01683816915393,0.950243775562191,0.910252796678039,1.07162809701003,0.903839524423878,0.998035961033602,0.988307080135866,0.9088957336463,0.986959653262021,0.996736376710603,0.967711901690523,1.00271519536231,0.989106062228163,0.988511270717024,0.913097554738864,NA,NA,NA,NA,0.831242097954204,0.99296007131434,NA,NA,NA,NA,0.993245875023127,1.00151004843124,0.964688734266626,NA,NA,NA,0.995881941341663,0.975724533435373,1.03257625962893,1.0137946420048,0.970825798918603,0.997314481650172,1.00702099937528,0.986028318421439,1.00559974703505,1.04635277520458,0.912373293886269,0.892329721303695,1.06946985256462,NA,NA,NA,NA,NA,NA,NA,NA,NA,NA,NA,NA,NA,NA,NA,NA,NA,NA,NA,NA
1982,NA,NA,NA,NA,0.930538424144907,0.934016270312129,0.966324690973075,0.947525238184287,0.93317963825326,0.824802167624044,1.00188066169575,0.922636702376428,0.88808196545191,0.946971214307183,0.815594765589728,0.983072725551556,1.02613414934564,0.989664485972451,0.899861848838282,0.967803892219158,0.991613063942699,0.913290008321464,NA,NA,NA,NA,0.831511877107111,0.955529394327465,NA,NA,NA,NA,0.784095694193871,0.984014301035824,1.02615928302308,NA,NA,NA,0.995313933594789,1.01071038090561,0.992767600684504,0.886625374283835,0.977804326677453,0.994072950448086,1.00712028039361,1.00866176434927,0.929908988594082,0.89069679234099,0.8139478603406,0.80049063711437,1.03093439845596,NA,NA,NA,NA,NA,NA,NA,NA,NA,NA,NA,NA,NA,NA,NA,NA,NA,NA,NA,NA
1983,NA,NA,NA,NA,0.993649258265925,1.02293832191944,0.955230737974635,1.01759286037127,0.994195956221188,0.946508312966168,1.01016981992266,0.985135687240738,0.950433478231344,0.991446996243732,0.992799178848843,0.991193732048421,1.03734741748064,0.989835376833022,0.950429929814614,1.00675529711415,0.998677882262614,0.98342910194025,NA,NA,NA,NA,1.29649669952228,1.07034945283857,NA,NA,NA,NA,0.893714516796775,0.999560451588643,1.06560670092272,NA,NA,NA,0.996901284511189,1.11806848034855,1.03669095661789,1.0009095027298,1.05426696455387,1.0175893790814,1.05050155923225,0.913806972348894,1.01320856912051,0.981173644100543,1.12587236304954,0.869676156455005,1.22434497829275,NA,NA,NA,NA,NA,NA,NA,NA,NA,NA,NA,NA,NA,NA,NA,NA,NA,NA,NA,NA
1984,NA,NA,NA,NA,0.996689839361819,1.03457806136511,0.97750085814736,1.05873522882807,1.0955692488205,1.05143164542927,1.0448743163949,0.958355144504825,0.990099503050554,1.00577025854233,0.97564997022846,0.993852260780398,1.01078550005543,0.988368858895595,0.973789771233274,1.01529652374736,1.00030226019127,1.02580819340074,NA,NA,NA,NA,1.18774032736705,1.06068500561592,NA,NA,NA,NA,0.9967707474021,1.00682042339242,1.10085815745453,NA,NA,NA,0.997518699231003,1.09244508294818,1.03044459940848,1.12039210015195,1.01980265373694,1.01106333137522,1.0273242397164,1.13151244544926,1.21992047856704,0.963974635451826,1.29545741504348,1.15483282588115,1.22805298665011,NA,NA,NA,NA,NA,NA,NA,NA,NA,NA,NA,NA,NA,NA,NA,NA,NA,NA,NA,NA
1985,NA,NA,NA,NA,1.06489918636508,1.11053980769018,1.06796395521894,1.12398673792108,1.23572489107142,1.20774243626772,1.20630421629628,1.06608994622573,1.07326713665635,1.04033814486073,1.35904429641762,1.00095517036987,1.08552794103067,1.01320096512816,1.06070837286343,1.03810905902422,1.01070709537413,1.16084471061962,NA,NA,NA,NA,1.81478153513016,1.24142227953256,NA,NA,NA,NA,1.31827627023465,1.02695777646992,1.09060921400455,NA,NA,NA,0.999528329798923,1.20625072727915,1.07406962078024,1.07324155234732,1.14803665768921,1.03137612377224,1.08263441789597,1.29475731761252,1.50799742014327,1.44441123654121,1.52060894161474,1.22423444487519,1.31305230186932,NA,NA,NA,NA,NA,NA,NA,NA,NA,NA,NA,NA,NA,NA,NA,NA,NA,NA,NA,NA
1986,NA,NA,NA,NA,0.982012163545374,1.03448216126009,0.939947105017784,0.982204833909719,1.03041313956105,0.961840953390735,0.959543987718526,0.962793726081749,0.969524617107572,0.991523750540687,0.823097844390606,0.990504657181272,0.98527191699323,0.97056915387996,0.957874752049249,0.985567616365676,1.00562942761913,1.0174306801785,NA,NA,NA,NA,0.777693707727194,0.966336289947307,NA,NA,NA,NA,0.806552519159292,0.995246808993694,1.01517507901332,NA,NA,NA,0.996852631773271,1.05992916700615,1.00859479027816,0.920285281293349,1.082364665437,1.02306119428895,0.976070917419379,0.914046606725073,0.860717705283292,1.0464155465253,1.13446622506191,0.966659370053435,1.0301238785056,NA,NA,NA,NA,NA,NA,NA,NA,NA,NA,NA,NA,NA,NA,NA,NA,NA,NA,NA,NA
1987,NA,NA,NA,NA,0.991305851632833,0.990300569940501,0.963495097775834,1.01491522425451,1.08724047390389,1.05223105984145,1.04200372672536,1.02150813295552,0.975597795631486,0.975152832680461,0.957021231148356,0.989748569885327,1.03501738536894,0.995275708872683,0.980455975001304,1.00383662109265,1.00420793121043,1.04729437375371,NA,NA,NA,NA,0.969970878655219,1.06995923363602,NA,NA,NA,NA,1.00032786124018,1.00807207652293,1.0011404517191,NA,NA,NA,0.996969020636531,1.10422086147268,1.01288584367392,0.848050797986039,1.04686998790529,1.02447612400494,1.01113360679192,1.05222994757338,0.920180585892751,0.998046217896411,1.00762498724476,1.06758300109322,0.99501097167416,NA,NA,NA,NA,NA,NA,NA,NA,NA,NA,NA,NA,NA,NA,NA,NA,NA,NA,NA,NA
1988,NA,NA,NA,NA,0.994398463071692,0.975684592432012,1.01778538954919,1.06362106391321,1.13527415867631,1.18508685954533,1.00876850565724,1.08507662110004,0.893670519169906,0.967871750987706,1.02175732485076,0.995825385161367,1.03971614538346,0.99388882993433,0.976573048262641,0.994388547428138,1.00514509091918,1.09191228207617,NA,NA,NA,NA,1.18928111808056,0.980102890517351,NA,NA,NA,NA,1.01804033736755,0.997816829844875,0.969814842382401,NA,NA,NA,0.996406754497928,1.0757131487731,1.04117898150359,0.989218886085736,0.999249093471145,1.01584050150469,1.03979479646429,1.02021285645502,1.05930796847367,0.998058140201343,1.15683518901498,1.02022447913054,1.16047245338348,NA,NA,NA,NA,NA,NA,NA,NA,NA,NA,NA,NA,NA,NA,NA,NA,NA,NA,NA,NA
1989,NA,NA,NA,NA,0.955303290080674,0.86697137340709,0.936356937748657,1.01138013893763,1.01598192218014,1.07675429020623,0.926812949739124,0.937697575232176,0.954288439687164,0.982057245281317,0.84979943150313,0.993142406825485,0.98946602699858,0.973053025346426,0.936333592498186,0.979106105371865,0.992237699925507,0.999510632407823,NA,NA,NA,NA,0.778450424096759,0.855723009908492,NA,NA,NA,NA,0.67212276517353,0.976445674323349,1.00266123188446,NA,NA,NA,0.992106895205718,0.86951770183182,0.999318663287884,0.938551855739807,1.01690656855114,1.01206660501461,0.988922214298117,0.861183704705623,0.927305550344197,0.830174069809238,0.961993212186018,0.894220042439059,1.01655417303269,NA,NA,NA,NA,NA,NA,NA,NA,NA,NA,NA,NA,NA,NA,NA,NA,NA,NA,NA,NA
1990,NA,NA,NA,NA,1.03833691379825,1.05069963258647,1.02725178745882,1.11362662982376,1.20729981322506,1.1363310913293,1.08270504075486,1.07855089952409,1.0498742685402,1.01619947787118,1.05944361173287,1.0003955810461,1.05277072621523,1.00323686528609,1.00386547929689,1.00791053064495,0.994324224735068,1.0747130287294,NA,NA,NA,NA,1.35409634053978,1.00155353878749,NA,NA,NA,NA,1.13255865591443,1.01021422469794,1.13715173973424,NA,NA,NA,0.99474678696048,1.09901339223517,1.03131977317016,1.03489071296997,1.0282088032602,1.02003196728052,1.034079250341,1.02039324682421,1.19778265641118,1.07716137341223,1.24764979852225,1.12212024513563,1.04248275748464,NA,NA,NA,NA,NA,NA,NA,NA,NA,NA,NA,NA,NA,NA,NA,NA,NA,NA,NA,NA
1991,NA,NA,NA,NA,0.969726319207224,0.990120639862898,0.944846311288526,1.01642358488854,1.14426223512971,1.00832693731892,0.909058392706584,0.989116454974167,0.865783518865577,0.955980050020923,0.937597968702351,0.995885420369698,1.04527066606872,0.987899851729864,0.922403056867978,0.984118984548497,0.990924073197316,0.963844979114728,NA,NA,NA,NA,1.19043903940248,0.883109152295129,NA,NA,NA,NA,0.673731531287371,0.989276350580472,1.11748555975376,NA,NA,NA,0.994145502801868,1.05863843922056,1.00089758292427,0.95484831102427,0.994740020716325,1.01304560199129,0.98504266634526,0.901578376416946,0.906196835286679,1.07717422068843,1.17199546661308,1.13870430670154,1.14193673585816,NA,NA,NA,NA,NA,NA,NA,NA,NA,NA,NA,NA,NA,NA,NA,NA,NA,NA,NA,NA
1992,NA,NA,NA,NA,0.91386499923366,0.959795350881886,0.881777612495651,0.962878208710474,0.952257626199157,0.928991670059742,0.780344387193903,0.747054351681465,0.631971204273127,0.902220855948912,0.87560535988901,0.989128699216341,1.00950372975836,0.97549874493149,0.881628407248237,0.94809373546644,0.987671856837039,0.952715753959252,NA,NA,NA,NA,0.834212463535117,0.796092835969091,NA,NA,NA,NA,0.632294250747088,0.970984158332885,1.01981185828744,NA,NA,NA,0.992409271585184,1.02046607371658,0.998531223490016,0.919037230729482,0.932499010420812,1.00424557625838,0.976647948191412,0.833057869802992,0.699618973077847,0.909845019321451,0.969448240866622,0.967405516469464,1.00308897021695,NA,NA,NA,NA,NA,NA,NA,NA,NA,NA,NA,NA,NA,NA,NA,NA,NA,NA,NA,NA
1993,NA,NA,NA,NA,NA,NA,NA,NA,NA,NA,NA,NA,NA,NA,NA,NA,NA,NA,0.838315981167423,0.961046710147515,0.990168780444006,1.01892651968153,NA,NA,NA,NA,0.834483428115252,0.927237038962507,NA,NA,NA,NA,NA,NA,1.06127111028745,NA,NA,NA,NA,NA,NA,NA,0.907355921330245,0.998803530527247,NA,NA,NA,NA,NA,NA,0.943845967985971,NA,NA,NA,NA,NA,NA,NA,NA,NA,NA,NA,NA,NA,NA,NA,NA,NA,NA,NA,NA
1994,NA,NA,NA,NA,NA,NA,NA,NA,NA,NA,NA,NA,NA,NA,NA,NA,NA,NA,NA,NA,NA,NA,NA,NA,NA,NA,NA,NA,NA,NA,NA,NA,NA,NA,NA,NA,NA,NA,NA,NA,NA,NA,NA,NA,NA,NA,NA,NA,NA,NA,0.99711742148809,NA,NA,NA,NA,NA,NA,NA,NA,NA,NA,NA,NA,NA,NA,NA,NA,NA,NA,NA,NA
